Sale_ID,Customer_ID,Product_ID,Product_Name,Category,Quantity,Unit_Price,Discount,Sale_Date
SALE000001,CUST0001,P005,Blender,Home Appliance,3,294.3,0.24,2/19/2025
SALE000002,CUST0002,P004,T-shirt,Apparel,4,424.8,0,2/14/2025
SALE000003,CUST0003,P003,Notebook,Stationery,3,106.29,0.06,11/5/2024
SALE000004,CUST0004,P001,Smartphone,Electronics,4,108.4,0.2,11/16/2023
SALE000005,CUST0005,P005,Blender,Home Appliance,4,300.57,0.11,5/19/2023
SALE000006,CUST0006,P001,Smartphone,Electronics,3,475.87,0.29,6/8/2023
SALE000007,CUST0007,P003,Notebook,Stationery,2,236.75,0.2,3/10/2025
SALE000008,CUST0008,P002,Shoes,Footwear,4,197.12,0.29,9/12/2024
SALE000009,CUST0009,P001,Smartphone,Electronics,3,323.01,0.06,7/7/2023
SALE000010,CUST0010,P003,Notebook,Stationery,1,468.7,0.26,5/14/2023
SALE000011,CUST0011,P002,Shoes,Footwear,3,426.62,0.1,10/22/2023
SALE000012,CUST0012,P005,Blender,Home Appliance,1,497.97,0.3,5/7/2024
SALE000013,CUST0013,P003,Notebook,Stationery,4,60.16,0.05,12/23/2024
SALE000014,CUST0014,P003,Notebook,Stationery,3,100.79,0.15,5/24/2024
SALE000015,CUST0015,P001,Smartphone,Electronics,3,324.26,0.24,3/2/2024
SALE000016,CUST0016,P003,Notebook,Stationery,1,419.26,0.13,4/12/2025
SALE000017,CUST0017,P004,T-shirt,Apparel,3,178.36,0.14,10/15/2023
SALE000018,CUST0018,P002,Shoes,Footwear,3,157.64,0.3,9/14/2023
SALE000019,CUST0019,P001,Smartphone,Electronics,4,404.14,0.13,10/18/2023
SALE000020,CUST0020,P004,T-shirt,Apparel,3,75.37,0.18,2/2/2024
SALE000021,CUST0021,P004,T-shirt,Apparel,2,216.22,0.02,5/16/2023
SALE000022,CUST0022,P003,Notebook,Stationery,1,277.61,0.25,4/29/2024
SALE000023,CUST0023,P002,Shoes,Footwear,3,302.16,0.19,6/28/2023
SALE000024,CUST0024,P003,Notebook,Stationery,1,377.88,0.12,3/12/2024
SALE000025,CUST0025,P005,Blender,Home Appliance,1,209.68,0,6/14/2023
SALE000026,CUST0026,P002,Shoes,Footwear,1,325.71,0.18,6/27/2023
SALE000027,CUST0027,P005,Blender,Home Appliance,3,313.42,0,6/23/2023
SALE000028,CUST0028,P003,Notebook,Stationery,3,296.43,0,12/15/2023
SALE000029,CUST0029,P001,Smartphone,Electronics,1,338.22,0.18,9/21/2023
SALE000030,CUST0030,P004,T-shirt,Apparel,2,166.75,0.06,2/12/2024
SALE000031,CUST0031,P004,T-shirt,Apparel,1,88.09,0.06,7/21/2023
SALE000032,CUST0032,P004,T-shirt,Apparel,2,103.67,0.2,8/29/2024
SALE000033,CUST0033,P003,Notebook,Stationery,1,151.06,0.02,12/2/2024
SALE000034,CUST0034,P001,Smartphone,Electronics,4,275.09,0.09,12/1/2024
SALE000035,CUST0035,P004,T-shirt,Apparel,1,428.2,0.04,11/11/2024
SALE000036,CUST0036,P005,Blender,Home Appliance,1,365.58,0.17,3/31/2025
SALE000037,CUST0037,P005,Blender,Home Appliance,3,405.07,0.2,7/18/2023
SALE000038,CUST0038,P004,T-shirt,Apparel,2,207.94,0.22,1/9/2024
SALE000039,CUST0039,P005,Blender,Home Appliance,4,232.09,0.08,10/16/2023
SALE000040,CUST0040,P005,Blender,Home Appliance,2,227.16,0.03,8/22/2023
SALE000041,CUST0041,P003,Notebook,Stationery,4,136.34,0.02,6/4/2024
SALE000042,CUST0042,P005,Blender,Home Appliance,1,77.55,0.13,11/21/2024
SALE000043,CUST0043,P003,Notebook,Stationery,3,315.91,0.28,7/23/2024
SALE000044,CUST0044,P004,T-shirt,Apparel,3,495.15,0.07,8/16/2023
SALE000045,CUST0045,P003,Notebook,Stationery,2,125.07,0.08,7/5/2024
SALE000046,CUST0046,P005,Blender,Home Appliance,3,71.01,0.03,8/15/2023
SALE000047,CUST0047,P001,Smartphone,Electronics,2,400.79,0.18,9/8/2023
SALE000048,CUST0048,P001,Smartphone,Electronics,2,163.66,0.2,9/19/2023
SALE000049,CUST0049,P001,Smartphone,Electronics,4,423.34,0.19,7/5/2023
SALE000050,CUST0050,P004,T-shirt,Apparel,2,366.77,0.26,10/13/2024
SALE000051,CUST0051,P004,T-shirt,Apparel,4,475.55,0.15,6/4/2024
SALE000052,CUST0052,P004,T-shirt,Apparel,3,234.02,0.04,10/15/2024
SALE000053,CUST0053,P002,Shoes,Footwear,2,347.89,0.09,9/18/2023
SALE000054,CUST0054,P004,T-shirt,Apparel,2,259.18,0.2,2/10/2025
SALE000055,CUST0055,P003,Notebook,Stationery,1,333.76,0.18,5/24/2023
SALE000056,CUST0056,P001,Smartphone,Electronics,2,252.32,0.16,6/15/2023
SALE000057,CUST0057,P005,Blender,Home Appliance,2,134.88,0.2,7/31/2024
SALE000058,CUST0058,P004,T-shirt,Apparel,1,278.55,0.19,4/16/2025
SALE000059,CUST0059,P005,Blender,Home Appliance,1,287.86,0.26,1/8/2025
SALE000060,CUST0060,P002,Shoes,Footwear,3,414.77,0.18,1/30/2024
SALE000061,CUST0061,P005,Blender,Home Appliance,2,380.98,0.23,3/16/2025
SALE000062,CUST0062,P004,T-shirt,Apparel,3,348.71,0.07,5/25/2023
SALE000063,CUST0063,P005,Blender,Home Appliance,3,101.02,0.2,12/31/2024
SALE000064,CUST0064,P005,Blender,Home Appliance,1,374.28,0.27,3/22/2025
SALE000065,CUST0065,P003,Notebook,Stationery,4,275.14,0.12,6/25/2023
SALE000066,CUST0066,P002,Shoes,Footwear,3,452.34,0.23,3/22/2025
SALE000067,CUST0067,P004,T-shirt,Apparel,4,463.94,0.22,12/22/2024
SALE000068,CUST0068,P004,T-shirt,Apparel,2,74.82,0.02,4/23/2023
SALE000069,CUST0069,P001,Smartphone,Electronics,1,419.29,0.17,9/5/2023
SALE000070,CUST0070,P001,Smartphone,Electronics,2,66.96,0.04,4/17/2024
SALE000071,CUST0071,P002,Shoes,Footwear,2,215.23,0.29,7/19/2024
SALE000072,CUST0072,P003,Notebook,Stationery,1,294.03,0.24,12/9/2024
SALE000073,CUST0073,P005,Blender,Home Appliance,2,116.65,0.03,10/29/2023
SALE000074,CUST0074,P002,Shoes,Footwear,1,385.84,0.04,11/11/2024
SALE000075,CUST0075,P001,Smartphone,Electronics,4,53.76,0.18,5/27/2024
SALE000076,CUST0076,P004,T-shirt,Apparel,2,125.87,0.1,12/4/2024
SALE000077,CUST0077,P003,Notebook,Stationery,1,311.36,0.01,11/6/2023
SALE000078,CUST0078,P003,Notebook,Stationery,3,371.47,0.16,3/25/2025
SALE000079,CUST0079,P005,Blender,Home Appliance,2,462.49,0.12,1/4/2025
SALE000080,CUST0080,P005,Blender,Home Appliance,4,367.47,0.03,8/4/2023
SALE000081,CUST0081,P002,Shoes,Footwear,1,352.3,0.24,11/13/2024
SALE000082,CUST0082,P003,Notebook,Stationery,2,227.45,0.27,1/17/2024
SALE000083,CUST0083,P002,Shoes,Footwear,2,50.58,0.23,9/28/2023
SALE000084,CUST0084,P004,T-shirt,Apparel,2,104.07,0.25,1/8/2024
SALE000085,CUST0085,P005,Blender,Home Appliance,4,290.55,0.06,12/12/2023
SALE000086,CUST0086,P001,Smartphone,Electronics,1,353.81,0.08,12/13/2023
SALE000087,CUST0087,P003,Notebook,Stationery,3,237.85,0.06,7/17/2023
SALE000088,CUST0088,P004,T-shirt,Apparel,3,378.81,0.23,8/20/2023
SALE000089,CUST0089,P001,Smartphone,Electronics,3,284.84,0.28,8/6/2023
SALE000090,CUST0090,P003,Notebook,Stationery,1,83.38,0.22,11/24/2023
SALE000091,CUST0091,P001,Smartphone,Electronics,3,136.41,0.26,2/23/2025
SALE000092,CUST0092,P004,T-shirt,Apparel,4,428,0.19,11/23/2024
SALE000093,CUST0093,P005,Blender,Home Appliance,1,376.21,0.12,6/28/2023
SALE000094,CUST0094,P002,Shoes,Footwear,2,452.64,0.13,11/15/2024
SALE000095,CUST0095,P004,T-shirt,Apparel,4,102.9,0.02,7/10/2024
SALE000096,CUST0096,P003,Notebook,Stationery,2,495.6,0.01,11/28/2023
SALE000097,CUST0097,P001,Smartphone,Electronics,3,144.23,0.21,11/9/2024
SALE000098,CUST0098,P005,Blender,Home Appliance,4,55.3,0.13,8/13/2024
SALE000099,CUST0099,P004,T-shirt,Apparel,1,498.84,0.17,11/1/2023
SALE000100,CUST0100,P003,Notebook,Stationery,4,176.48,0.17,9/29/2024
SALE000101,CUST0101,P004,T-shirt,Apparel,2,350.61,0.08,11/7/2024
SALE000102,CUST0102,P005,Blender,Home Appliance,1,129.51,0.14,1/19/2025
SALE000103,CUST0103,P002,Shoes,Footwear,4,311.1,0.14,7/6/2023
SALE000104,CUST0104,P004,T-shirt,Apparel,4,456.82,0.12,9/5/2024
SALE000105,CUST0105,P005,Blender,Home Appliance,4,194.08,0.25,6/20/2023
SALE000106,CUST0106,P002,Shoes,Footwear,4,351.61,0.14,6/25/2023
SALE000107,CUST0107,P001,Smartphone,Electronics,1,134.56,0.18,8/19/2024
SALE000108,CUST0108,P002,Shoes,Footwear,2,331.16,0.27,4/3/2025
SALE000109,CUST0109,P002,Shoes,Footwear,4,201.4,0.26,8/28/2024
SALE000110,CUST0110,P004,T-shirt,Apparel,1,145.04,0.27,4/25/2023
SALE000111,CUST0111,P002,Shoes,Footwear,2,190.93,0.08,4/14/2024
SALE000112,CUST0112,P003,Notebook,Stationery,4,130.48,0.01,11/14/2024
SALE000113,CUST0113,P004,T-shirt,Apparel,2,455.86,0.08,4/12/2024
SALE000114,CUST0114,P001,Smartphone,Electronics,2,228.73,0.08,6/29/2024
SALE000115,CUST0115,P002,Shoes,Footwear,1,160.38,0.27,8/29/2023
SALE000116,CUST0116,P003,Notebook,Stationery,2,251.78,0.19,1/18/2024
SALE000117,CUST0117,P004,T-shirt,Apparel,1,194.24,0.02,4/16/2025
SALE000118,CUST0118,P004,T-shirt,Apparel,4,384.99,0.04,12/5/2023
SALE000119,CUST0119,P002,Shoes,Footwear,2,487.05,0.05,5/20/2023
SALE000120,CUST0120,P001,Smartphone,Electronics,2,247.12,0.19,2/25/2025
SALE000121,CUST0121,P002,Shoes,Footwear,3,437.47,0.22,4/20/2024
SALE000122,CUST0122,P002,Shoes,Footwear,4,304.64,0.26,1/5/2025
SALE000123,CUST0123,P001,Smartphone,Electronics,4,120.76,0.28,5/18/2023
SALE000124,CUST0124,P001,Smartphone,Electronics,3,360.78,0.06,10/4/2023
SALE000125,CUST0125,P005,Blender,Home Appliance,3,281.05,0.09,6/19/2024
SALE000126,CUST0126,P003,Notebook,Stationery,1,342.77,0.07,3/11/2025
SALE000127,CUST0127,P004,T-shirt,Apparel,1,450.36,0.11,2/10/2024
SALE000128,CUST0128,P005,Blender,Home Appliance,2,248.2,0.27,10/16/2023
SALE000129,CUST0129,P005,Blender,Home Appliance,2,455.53,0.17,8/28/2023
SALE000130,CUST0130,P003,Notebook,Stationery,2,387.8,0.22,2/15/2024
SALE000131,CUST0131,P005,Blender,Home Appliance,2,269.87,0.15,5/28/2024
SALE000132,CUST0132,P001,Smartphone,Electronics,1,321.45,0.01,11/12/2024
SALE000133,CUST0133,P003,Notebook,Stationery,4,196.51,0.02,6/12/2023
SALE000134,CUST0134,P002,Shoes,Footwear,2,492.62,0.16,10/30/2023
SALE000135,CUST0135,P002,Shoes,Footwear,4,350.31,0.22,6/25/2024
SALE000136,CUST0136,P003,Notebook,Stationery,2,69.73,0.06,7/5/2023
SALE000137,CUST0137,P002,Shoes,Footwear,3,196.98,0.22,5/22/2024
SALE000138,CUST0138,P003,Notebook,Stationery,2,330.49,0.24,5/1/2024
SALE000139,CUST0139,P004,T-shirt,Apparel,2,75.35,0.12,4/5/2024
SALE000140,CUST0140,P004,T-shirt,Apparel,2,60.75,0.22,3/2/2024
SALE000141,CUST0141,P001,Smartphone,Electronics,1,252.51,0.12,12/29/2023
SALE000142,CUST0142,P001,Smartphone,Electronics,3,199.71,0.2,8/5/2024
SALE000143,CUST0143,P005,Blender,Home Appliance,2,247.23,0.23,12/19/2024
SALE000144,CUST0144,P005,Blender,Home Appliance,2,168.21,0.3,1/8/2025
SALE000145,CUST0145,P001,Smartphone,Electronics,4,124.12,0.1,7/27/2023
SALE000146,CUST0146,P003,Notebook,Stationery,3,360.11,0.12,6/18/2023
SALE000147,CUST0147,P004,T-shirt,Apparel,2,281.56,0.05,9/17/2023
SALE000148,CUST0148,P005,Blender,Home Appliance,4,140.07,0.06,9/20/2024
SALE000149,CUST0149,P002,Shoes,Footwear,4,193.82,0.21,5/9/2024
SALE000150,CUST0150,P004,T-shirt,Apparel,1,316.31,0.28,1/26/2025
SALE000151,CUST0151,P005,Blender,Home Appliance,4,82.5,0.12,4/20/2023
SALE000152,CUST0152,P001,Smartphone,Electronics,2,116.35,0.05,2/3/2025
SALE000153,CUST0153,P002,Shoes,Footwear,1,82.96,0.09,8/10/2024
SALE000154,CUST0154,P001,Smartphone,Electronics,1,415.54,0.14,12/27/2023
SALE000155,CUST0155,P002,Shoes,Footwear,2,388.58,0.09,3/26/2025
SALE000156,CUST0156,P003,Notebook,Stationery,3,388.99,0.07,3/26/2024
SALE000157,CUST0157,P001,Smartphone,Electronics,4,372.35,0.22,6/20/2023
SALE000158,CUST0158,P002,Shoes,Footwear,1,351.22,0,3/9/2025
SALE000159,CUST0159,P004,T-shirt,Apparel,3,264.65,0.16,7/16/2024
SALE000160,CUST0160,P003,Notebook,Stationery,2,339.03,0.24,1/11/2024
SALE000161,CUST0161,P002,Shoes,Footwear,4,67.26,0.08,10/7/2024
SALE000162,CUST0162,P002,Shoes,Footwear,4,329.66,0.18,6/2/2023
SALE000163,CUST0163,P005,Blender,Home Appliance,1,400.04,0.2,11/8/2023
SALE000164,CUST0164,P005,Blender,Home Appliance,4,275.16,0.2,4/15/2025
SALE000165,CUST0165,P003,Notebook,Stationery,4,210.88,0.13,2/9/2024
SALE000166,CUST0166,P004,T-shirt,Apparel,4,174.84,0.1,1/9/2025
SALE000167,CUST0167,P005,Blender,Home Appliance,4,339.26,0.25,9/12/2024
SALE000168,CUST0168,P003,Notebook,Stationery,2,361.76,0.23,10/12/2024
SALE000169,CUST0169,P005,Blender,Home Appliance,3,441.94,0.1,10/27/2023
SALE000170,CUST0170,P005,Blender,Home Appliance,2,204.05,0.03,1/29/2025
SALE000171,CUST0171,P004,T-shirt,Apparel,2,396.4,0.02,9/1/2023
SALE000172,CUST0172,P004,T-shirt,Apparel,1,302.61,0.03,1/27/2024
SALE000173,CUST0173,P001,Smartphone,Electronics,4,447.28,0.17,12/17/2023
SALE000174,CUST0174,P004,T-shirt,Apparel,2,287.52,0.02,6/7/2023
SALE000175,CUST0175,P001,Smartphone,Electronics,4,282.93,0.1,2/23/2024
SALE000176,CUST0176,P004,T-shirt,Apparel,2,310.04,0.23,9/6/2024
SALE000177,CUST0177,P001,Smartphone,Electronics,2,387.19,0.09,11/17/2023
SALE000178,CUST0178,P001,Smartphone,Electronics,1,484.11,0.23,2/10/2025
SALE000179,CUST0179,P004,T-shirt,Apparel,3,83.1,0.22,2/28/2024
SALE000180,CUST0180,P003,Notebook,Stationery,3,74.05,0.07,3/3/2025
SALE000181,CUST0181,P004,T-shirt,Apparel,2,471.9,0.22,4/8/2025
SALE000182,CUST0182,P001,Smartphone,Electronics,1,288.44,0.22,10/14/2023
SALE000183,CUST0183,P003,Notebook,Stationery,4,326.71,0.12,12/29/2023
SALE000184,CUST0184,P002,Shoes,Footwear,4,267.09,0.06,2/23/2025
SALE000185,CUST0185,P002,Shoes,Footwear,2,92.15,0.16,12/9/2023
SALE000186,CUST0186,P004,T-shirt,Apparel,3,395.64,0.28,7/29/2024
SALE000187,CUST0187,P001,Smartphone,Electronics,1,386.25,0.19,1/11/2024
SALE000188,CUST0188,P001,Smartphone,Electronics,3,190.27,0.05,3/12/2025
SALE000189,CUST0189,P003,Notebook,Stationery,4,187.81,0.2,10/2/2024
SALE000190,CUST0190,P005,Blender,Home Appliance,3,427.03,0.13,11/20/2023
SALE000191,CUST0191,P001,Smartphone,Electronics,4,82.56,0.18,1/20/2025
SALE000192,CUST0192,P004,T-shirt,Apparel,1,446.5,0.22,11/23/2023
SALE000193,CUST0193,P003,Notebook,Stationery,1,165.5,0.15,3/10/2025
SALE000194,CUST0194,P003,Notebook,Stationery,2,316.84,0.24,5/10/2023
SALE000195,CUST0195,P002,Shoes,Footwear,2,471.2,0.22,10/1/2024
SALE000196,CUST0196,P004,T-shirt,Apparel,3,355.16,0.18,9/13/2024
SALE000197,CUST0197,P005,Blender,Home Appliance,1,236.49,0.05,5/31/2024
SALE000198,CUST0198,P004,T-shirt,Apparel,1,360.29,0.25,9/21/2023
SALE000199,CUST0199,P001,Smartphone,Electronics,2,204.79,0.28,9/10/2024
SALE000200,CUST0200,P004,T-shirt,Apparel,4,174.77,0.04,6/17/2024
SALE000201,CUST0201,P002,Shoes,Footwear,3,498.51,0.15,2/10/2024
SALE000202,CUST0202,P005,Blender,Home Appliance,3,387.86,0.08,1/6/2025
SALE000203,CUST0203,P004,T-shirt,Apparel,2,340.12,0.23,4/8/2024
SALE000204,CUST0204,P004,T-shirt,Apparel,1,209.88,0.22,8/27/2023
SALE000205,CUST0205,P002,Shoes,Footwear,2,72.12,0.04,1/3/2024
SALE000206,CUST0206,P001,Smartphone,Electronics,2,63.98,0.26,8/5/2024
SALE000207,CUST0207,P003,Notebook,Stationery,2,299.38,0.05,2/23/2024
SALE000208,CUST0208,P004,T-shirt,Apparel,2,392.91,0.24,12/4/2024
SALE000209,CUST0209,P004,T-shirt,Apparel,4,291.82,0.14,11/14/2023
SALE000210,CUST0210,P003,Notebook,Stationery,4,428.35,0.1,12/10/2024
SALE000211,CUST0211,P001,Smartphone,Electronics,1,65.04,0.05,9/7/2024
SALE000212,CUST0212,P003,Notebook,Stationery,2,215.04,0.05,5/3/2024
SALE000213,CUST0213,P003,Notebook,Stationery,4,156.68,0.2,6/3/2024
SALE000214,CUST0214,P003,Notebook,Stationery,1,251.27,0.17,3/8/2024
SALE000215,CUST0215,P005,Blender,Home Appliance,2,82.57,0.04,1/4/2025
SALE000216,CUST0216,P004,T-shirt,Apparel,3,479.36,0.03,1/4/2024
SALE000217,CUST0217,P004,T-shirt,Apparel,4,150.46,0.02,2/25/2024
SALE000218,CUST0218,P001,Smartphone,Electronics,1,465.04,0.22,1/10/2025
SALE000219,CUST0219,P005,Blender,Home Appliance,3,241.65,0.21,9/18/2024
SALE000220,CUST0220,P002,Shoes,Footwear,2,493.49,0.02,1/14/2024
SALE000221,CUST0221,P003,Notebook,Stationery,2,299.33,0.17,5/19/2023
SALE000222,CUST0222,P005,Blender,Home Appliance,2,468.87,0.03,5/15/2023
SALE000223,CUST0223,P004,T-shirt,Apparel,4,52.41,0.27,7/18/2024
SALE000224,CUST0224,P003,Notebook,Stationery,1,386.71,0.27,2/23/2025
SALE000225,CUST0225,P001,Smartphone,Electronics,3,456.37,0.21,8/24/2024
SALE000226,CUST0226,P003,Notebook,Stationery,1,112.87,0.28,2/10/2025
SALE000227,CUST0227,P002,Shoes,Footwear,4,93.26,0.24,9/16/2024
SALE000228,CUST0228,P004,T-shirt,Apparel,1,241.06,0.25,1/10/2025
SALE000229,CUST0229,P005,Blender,Home Appliance,4,470.16,0.17,10/8/2024
SALE000230,CUST0230,P003,Notebook,Stationery,2,294.07,0.09,2/10/2024
SALE000231,CUST0231,P002,Shoes,Footwear,3,287.36,0.07,10/7/2024
SALE000232,CUST0232,P001,Smartphone,Electronics,2,113.51,0.1,2/7/2024
SALE000233,CUST0233,P003,Notebook,Stationery,1,50.36,0.19,9/6/2023
SALE000234,CUST0234,P001,Smartphone,Electronics,2,414.56,0.05,11/29/2024
SALE000235,CUST0235,P005,Blender,Home Appliance,3,89.41,0.08,6/28/2024
SALE000236,CUST0236,P005,Blender,Home Appliance,2,335.23,0.14,12/7/2024
SALE000237,CUST0237,P005,Blender,Home Appliance,3,461.58,0.07,8/13/2024
SALE000238,CUST0238,P004,T-shirt,Apparel,3,143.89,0.18,11/21/2024
SALE000239,CUST0239,P002,Shoes,Footwear,2,349.37,0.28,3/12/2025
SALE000240,CUST0240,P004,T-shirt,Apparel,4,85.41,0.22,12/31/2023
SALE000241,CUST0241,P002,Shoes,Footwear,1,321.69,0.2,8/5/2023
SALE000242,CUST0242,P003,Notebook,Stationery,4,123.77,0.17,5/7/2024
SALE000243,CUST0243,P005,Blender,Home Appliance,4,381.18,0.15,12/22/2023
SALE000244,CUST0244,P002,Shoes,Footwear,2,185.55,0.06,11/15/2024
SALE000245,CUST0245,P001,Smartphone,Electronics,1,258.53,0.27,9/9/2024
SALE000246,CUST0246,P002,Shoes,Footwear,1,319.74,0.07,5/17/2024
SALE000247,CUST0247,P002,Shoes,Footwear,4,127.07,0.03,4/10/2024
SALE000248,CUST0248,P002,Shoes,Footwear,2,383.74,0.23,2/10/2024
SALE000249,CUST0249,P002,Shoes,Footwear,1,186.19,0.05,5/1/2024
SALE000250,CUST0250,P005,Blender,Home Appliance,4,348.07,0.11,1/2/2025
SALE000251,CUST0251,P005,Blender,Home Appliance,1,121.23,0.01,1/16/2025
SALE000252,CUST0252,P005,Blender,Home Appliance,2,359.65,0.04,8/24/2023
SALE000253,CUST0253,P002,Shoes,Footwear,2,107.68,0.05,4/28/2023
SALE000254,CUST0254,P001,Smartphone,Electronics,2,241.41,0.02,5/29/2023
SALE000255,CUST0255,P003,Notebook,Stationery,1,161.24,0.2,1/31/2025
SALE000256,CUST0256,P005,Blender,Home Appliance,3,386.77,0.25,2/27/2024
SALE000257,CUST0257,P001,Smartphone,Electronics,1,167.92,0.11,5/1/2024
SALE000258,CUST0258,P001,Smartphone,Electronics,3,446.77,0.26,7/27/2023
SALE000259,CUST0259,P004,T-shirt,Apparel,2,451.32,0.06,10/8/2023
SALE000260,CUST0260,P001,Smartphone,Electronics,4,138.4,0.1,10/4/2023
SALE000261,CUST0261,P002,Shoes,Footwear,3,326.23,0.05,9/26/2024
SALE000262,CUST0262,P002,Shoes,Footwear,2,89.47,0.19,5/13/2024
SALE000263,CUST0263,P001,Smartphone,Electronics,2,226.19,0.13,10/14/2023
SALE000264,CUST0264,P003,Notebook,Stationery,3,370.99,0.18,12/29/2023
SALE000265,CUST0265,P003,Notebook,Stationery,4,346.74,0.23,2/24/2024
SALE000266,CUST0266,P005,Blender,Home Appliance,2,331.12,0.16,6/4/2024
SALE000267,CUST0267,P003,Notebook,Stationery,3,177.14,0.19,7/4/2023
SALE000268,CUST0268,P003,Notebook,Stationery,4,220.11,0.28,7/4/2024
SALE000269,CUST0269,P004,T-shirt,Apparel,4,96.33,0.09,3/22/2025
SALE000270,CUST0270,P004,T-shirt,Apparel,2,373.56,0.11,12/22/2023
SALE000271,CUST0271,P004,T-shirt,Apparel,1,276.75,0.22,8/16/2023
SALE000272,CUST0272,P001,Smartphone,Electronics,1,368.94,0.18,11/9/2024
SALE000273,CUST0273,P003,Notebook,Stationery,2,162.02,0.05,9/20/2023
SALE000274,CUST0274,P003,Notebook,Stationery,4,196,0.11,4/17/2024
SALE000275,CUST0275,P001,Smartphone,Electronics,2,200.4,0.14,4/19/2024
SALE000276,CUST0276,P004,T-shirt,Apparel,3,61.58,0.13,3/1/2025
SALE000277,CUST0277,P004,T-shirt,Apparel,1,203.47,0.05,7/18/2024
SALE000278,CUST0278,P004,T-shirt,Apparel,3,411.49,0.28,3/5/2024
SALE000279,CUST0279,P001,Smartphone,Electronics,2,453.78,0.23,3/26/2024
SALE000280,CUST0280,P003,Notebook,Stationery,2,283.2,0.14,7/22/2024
SALE000281,CUST0281,P003,Notebook,Stationery,4,254.98,0.2,7/4/2023
SALE000282,CUST0282,P004,T-shirt,Apparel,4,63.87,0.27,5/9/2024
SALE000283,CUST0283,P005,Blender,Home Appliance,4,445.64,0.04,6/25/2024
SALE000284,CUST0284,P005,Blender,Home Appliance,3,55.85,0.08,10/4/2023
SALE000285,CUST0285,P002,Shoes,Footwear,4,475.14,0.16,4/16/2025
SALE000286,CUST0286,P005,Blender,Home Appliance,2,270.15,0.24,3/18/2024
SALE000287,CUST0287,P001,Smartphone,Electronics,4,203.87,0.01,6/5/2024
SALE000288,CUST0288,P001,Smartphone,Electronics,1,465.9,0.3,3/15/2025
SALE000289,CUST0289,P004,T-shirt,Apparel,4,60.98,0.14,10/7/2024
SALE000290,CUST0290,P003,Notebook,Stationery,3,311.64,0.11,5/31/2024
SALE000291,CUST0291,P003,Notebook,Stationery,1,297.02,0.09,9/28/2023
SALE000292,CUST0292,P004,T-shirt,Apparel,1,148.69,0.05,8/26/2024
SALE000293,CUST0293,P004,T-shirt,Apparel,1,243,0.24,7/15/2023
SALE000294,CUST0294,P004,T-shirt,Apparel,3,343.52,0.29,12/8/2024
SALE000295,CUST0295,P004,T-shirt,Apparel,2,377.21,0.12,3/24/2024
SALE000296,CUST0296,P004,T-shirt,Apparel,4,50.32,0.29,7/22/2024
SALE000297,CUST0297,P003,Notebook,Stationery,1,471.58,0.25,8/29/2024
SALE000298,CUST0298,P004,T-shirt,Apparel,1,124.04,0.14,7/14/2023
SALE000299,CUST0299,P004,T-shirt,Apparel,1,155.11,0.2,5/29/2023
SALE000300,CUST0300,P004,T-shirt,Apparel,2,168.56,0.13,12/10/2024
SALE000301,CUST0301,P004,T-shirt,Apparel,2,67.02,0.17,1/13/2024
SALE000302,CUST0302,P003,Notebook,Stationery,3,105.37,0.02,3/4/2024
SALE000303,CUST0303,P004,T-shirt,Apparel,2,493.86,0.21,11/29/2024
SALE000304,CUST0304,P004,T-shirt,Apparel,4,191.85,0.02,8/29/2023
SALE000305,CUST0305,P001,Smartphone,Electronics,3,101.89,0.25,7/8/2023
SALE000306,CUST0306,P005,Blender,Home Appliance,3,98.15,0.25,1/26/2024
SALE000307,CUST0307,P003,Notebook,Stationery,4,373.76,0.07,9/2/2024
SALE000308,CUST0308,P002,Shoes,Footwear,4,434.56,0.1,1/19/2024
SALE000309,CUST0309,P001,Smartphone,Electronics,4,165.63,0.14,5/28/2024
SALE000310,CUST0310,P005,Blender,Home Appliance,3,59.41,0.18,8/23/2024
SALE000311,CUST0311,P003,Notebook,Stationery,3,150.39,0.09,4/16/2024
SALE000312,CUST0312,P002,Shoes,Footwear,3,75.43,0.18,2/22/2024
SALE000313,CUST0313,P005,Blender,Home Appliance,4,96.53,0.09,11/19/2023
SALE000314,CUST0314,P004,T-shirt,Apparel,4,244.18,0.02,2/13/2024
SALE000315,CUST0315,P003,Notebook,Stationery,1,153.46,0,11/3/2023
SALE000316,CUST0316,P003,Notebook,Stationery,2,282.18,0.03,11/11/2024
SALE000317,CUST0317,P003,Notebook,Stationery,1,164.07,0.24,6/12/2023
SALE000318,CUST0318,P002,Shoes,Footwear,4,473.24,0.29,11/10/2024
SALE000319,CUST0319,P001,Smartphone,Electronics,3,457.67,0.13,3/3/2025
SALE000320,CUST0320,P004,T-shirt,Apparel,4,305.06,0.15,8/22/2024
SALE000321,CUST0321,P003,Notebook,Stationery,2,209.49,0.04,7/1/2024
SALE000322,CUST0322,P001,Smartphone,Electronics,1,221.52,0.17,9/6/2023
SALE000323,CUST0323,P003,Notebook,Stationery,1,235.33,0.04,8/10/2024
SALE000324,CUST0324,P005,Blender,Home Appliance,3,377.41,0.18,4/21/2024
SALE000325,CUST0325,P005,Blender,Home Appliance,1,253.24,0.28,9/23/2023
SALE000326,CUST0326,P005,Blender,Home Appliance,1,435.53,0.06,12/1/2023
SALE000327,CUST0327,P005,Blender,Home Appliance,4,474.84,0.23,7/23/2024
SALE000328,CUST0328,P004,T-shirt,Apparel,1,201.18,0.01,3/6/2025
SALE000329,CUST0329,P005,Blender,Home Appliance,1,302.31,0.11,9/1/2024
SALE000330,CUST0330,P002,Shoes,Footwear,1,92.78,0.03,5/7/2024
SALE000331,CUST0331,P005,Blender,Home Appliance,3,140.21,0.11,7/21/2023
SALE000332,CUST0332,P005,Blender,Home Appliance,3,236.06,0.05,10/5/2023
SALE000333,CUST0333,P005,Blender,Home Appliance,4,142.79,0.11,10/11/2023
SALE000334,CUST0334,P004,T-shirt,Apparel,1,444.45,0.13,4/4/2024
SALE000335,CUST0335,P002,Shoes,Footwear,3,121.23,0.09,12/3/2023
SALE000336,CUST0336,P004,T-shirt,Apparel,3,255.05,0.2,2/6/2025
SALE000337,CUST0337,P003,Notebook,Stationery,4,322.56,0.28,2/7/2025
SALE000338,CUST0338,P003,Notebook,Stationery,2,361.34,0.12,4/30/2023
SALE000339,CUST0339,P003,Notebook,Stationery,1,222.38,0.06,3/3/2024
SALE000340,CUST0340,P002,Shoes,Footwear,3,441.09,0.08,3/28/2025
SALE000341,CUST0341,P002,Shoes,Footwear,4,305.74,0.26,6/24/2023
SALE000342,CUST0342,P001,Smartphone,Electronics,4,247.78,0.17,3/8/2025
SALE000343,CUST0343,P004,T-shirt,Apparel,4,80.26,0.14,5/5/2024
SALE000344,CUST0344,P001,Smartphone,Electronics,3,259.11,0.04,11/16/2024
SALE000345,CUST0345,P005,Blender,Home Appliance,1,419.33,0.13,7/30/2023
SALE000346,CUST0346,P003,Notebook,Stationery,2,326.54,0.08,2/6/2025
SALE000347,CUST0347,P001,Smartphone,Electronics,1,424.47,0.28,5/11/2024
SALE000348,CUST0348,P004,T-shirt,Apparel,4,272.31,0.27,9/7/2023
SALE000349,CUST0349,P005,Blender,Home Appliance,4,103.31,0.03,11/19/2023
SALE000350,CUST0350,P002,Shoes,Footwear,2,56.14,0.15,2/10/2025
SALE000351,CUST0351,P005,Blender,Home Appliance,1,186.45,0.07,3/22/2024
SALE000352,CUST0352,P005,Blender,Home Appliance,4,364.1,0.12,3/29/2025
SALE000353,CUST0353,P004,T-shirt,Apparel,4,405.62,0.26,8/14/2023
SALE000354,CUST0354,P002,Shoes,Footwear,1,183.09,0.16,11/11/2023
SALE000355,CUST0355,P005,Blender,Home Appliance,4,273.04,0.1,6/6/2024
SALE000356,CUST0356,P004,T-shirt,Apparel,1,239.5,0.06,5/1/2023
SALE000357,CUST0357,P003,Notebook,Stationery,4,234.74,0.24,5/17/2023
SALE000358,CUST0358,P001,Smartphone,Electronics,1,154.11,0.19,5/28/2024
SALE000359,CUST0359,P001,Smartphone,Electronics,2,111.37,0.14,2/28/2025
SALE000360,CUST0360,P004,T-shirt,Apparel,4,138.51,0.07,10/17/2024
SALE000361,CUST0361,P004,T-shirt,Apparel,2,74.9,0.1,4/19/2023
SALE000362,CUST0362,P002,Shoes,Footwear,4,139.16,0.29,6/26/2024
SALE000363,CUST0363,P003,Notebook,Stationery,4,54.14,0.16,10/19/2024
SALE000364,CUST0364,P004,T-shirt,Apparel,3,332.27,0.12,12/12/2023
SALE000365,CUST0365,P004,T-shirt,Apparel,1,192.37,0.16,9/27/2023
SALE000366,CUST0366,P002,Shoes,Footwear,2,487.92,0.23,9/16/2023
SALE000367,CUST0367,P005,Blender,Home Appliance,2,137.17,0.1,5/18/2023
SALE000368,CUST0368,P001,Smartphone,Electronics,2,205.62,0.05,3/9/2025
SALE000369,CUST0369,P002,Shoes,Footwear,1,211.03,0.18,5/13/2024
SALE000370,CUST0370,P002,Shoes,Footwear,3,53.8,0.2,1/11/2024
SALE000371,CUST0371,P001,Smartphone,Electronics,2,427.64,0.21,10/11/2023
SALE000372,CUST0372,P003,Notebook,Stationery,1,64.4,0.26,11/29/2024
SALE000373,CUST0373,P002,Shoes,Footwear,4,473.08,0.11,5/11/2024
SALE000374,CUST0374,P001,Smartphone,Electronics,2,451.43,0.02,8/30/2024
SALE000375,CUST0375,P002,Shoes,Footwear,2,290.98,0.29,7/5/2023
SALE000376,CUST0376,P001,Smartphone,Electronics,3,294.62,0.13,4/23/2024
SALE000377,CUST0377,P005,Blender,Home Appliance,2,344.2,0.19,12/31/2024
SALE000378,CUST0378,P002,Shoes,Footwear,2,224.17,0.2,3/3/2024
SALE000379,CUST0379,P005,Blender,Home Appliance,4,341.25,0.16,1/6/2024
SALE000380,CUST0380,P002,Shoes,Footwear,1,70.15,0.06,4/22/2023
SALE000381,CUST0381,P002,Shoes,Footwear,1,74.32,0.23,10/28/2023
SALE000382,CUST0382,P001,Smartphone,Electronics,3,255.75,0.24,2/25/2024
SALE000383,CUST0383,P001,Smartphone,Electronics,4,297.33,0.17,4/18/2024
SALE000384,CUST0384,P001,Smartphone,Electronics,1,449.52,0.15,10/29/2024
SALE000385,CUST0385,P001,Smartphone,Electronics,4,97.1,0.03,6/18/2023
SALE000386,CUST0386,P005,Blender,Home Appliance,1,420.19,0.03,2/21/2025
SALE000387,CUST0387,P003,Notebook,Stationery,4,144.52,0.1,10/12/2023
SALE000388,CUST0388,P001,Smartphone,Electronics,3,227.34,0.09,5/8/2024
SALE000389,CUST0389,P004,T-shirt,Apparel,2,192.47,0.29,2/6/2024
SALE000390,CUST0390,P003,Notebook,Stationery,3,230.07,0.24,3/14/2025
SALE000391,CUST0391,P003,Notebook,Stationery,1,117.72,0.2,7/30/2024
SALE000392,CUST0392,P005,Blender,Home Appliance,3,276.61,0.16,12/17/2024
SALE000393,CUST0393,P005,Blender,Home Appliance,2,410.74,0.05,1/24/2025
SALE000394,CUST0394,P003,Notebook,Stationery,3,248.69,0.29,6/4/2024
SALE000395,CUST0395,P003,Notebook,Stationery,1,270.78,0.11,5/19/2023
SALE000396,CUST0396,P005,Blender,Home Appliance,1,431.95,0.03,10/30/2023
SALE000397,CUST0397,P004,T-shirt,Apparel,3,367.73,0.15,10/4/2023
SALE000398,CUST0398,P003,Notebook,Stationery,2,270.7,0.26,7/31/2024
SALE000399,CUST0399,P003,Notebook,Stationery,3,165.96,0.27,8/28/2024
SALE000400,CUST0400,P002,Shoes,Footwear,2,448.22,0,12/1/2023
SALE000401,CUST0401,P003,Notebook,Stationery,4,309.66,0.27,2/16/2025
SALE000402,CUST0402,P003,Notebook,Stationery,2,149.52,0.08,6/7/2023
SALE000403,CUST0403,P002,Shoes,Footwear,4,171.1,0.01,9/8/2023
SALE000404,CUST0404,P005,Blender,Home Appliance,3,411.41,0.25,5/8/2024
SALE000405,CUST0405,P004,T-shirt,Apparel,2,69.87,0.26,4/10/2025
SALE000406,CUST0406,P001,Smartphone,Electronics,4,496.44,0.18,9/24/2024
SALE000407,CUST0407,P003,Notebook,Stationery,4,108.66,0.17,10/27/2024
SALE000408,CUST0408,P001,Smartphone,Electronics,4,408.23,0.24,11/25/2023
SALE000409,CUST0409,P003,Notebook,Stationery,1,227.65,0.24,3/1/2024
SALE000410,CUST0410,P002,Shoes,Footwear,3,271.5,0.27,1/4/2025
SALE000411,CUST0411,P004,T-shirt,Apparel,4,446.29,0.17,7/13/2023
SALE000412,CUST0412,P005,Blender,Home Appliance,2,235.81,0.29,12/2/2023
SALE000413,CUST0413,P004,T-shirt,Apparel,4,291.87,0.3,5/8/2023
SALE000414,CUST0414,P003,Notebook,Stationery,1,72.18,0.03,2/12/2025
SALE000415,CUST0415,P003,Notebook,Stationery,3,51.06,0.25,11/22/2024
SALE000416,CUST0416,P004,T-shirt,Apparel,1,160.16,0.15,3/29/2024
SALE000417,CUST0417,P005,Blender,Home Appliance,1,356.26,0.12,9/21/2024
SALE000418,CUST0418,P002,Shoes,Footwear,1,104.57,0.18,4/21/2024
SALE000419,CUST0419,P003,Notebook,Stationery,2,101.19,0.02,5/18/2024
SALE000420,CUST0420,P001,Smartphone,Electronics,3,234.93,0.15,10/27/2023
SALE000421,CUST0421,P004,T-shirt,Apparel,3,341.53,0.26,9/24/2024
SALE000422,CUST0422,P005,Blender,Home Appliance,2,370.43,0.06,10/6/2024
SALE000423,CUST0423,P005,Blender,Home Appliance,3,130.3,0.13,8/4/2024
SALE000424,CUST0424,P002,Shoes,Footwear,1,85.81,0.28,2/4/2024
SALE000425,CUST0425,P005,Blender,Home Appliance,3,473.18,0.13,11/12/2024
SALE000426,CUST0426,P004,T-shirt,Apparel,2,167.3,0.11,3/22/2024
SALE000427,CUST0427,P001,Smartphone,Electronics,1,434.01,0.13,2/3/2025
SALE000428,CUST0428,P002,Shoes,Footwear,2,438.57,0.16,10/10/2023
SALE000429,CUST0429,P003,Notebook,Stationery,4,397.64,0.19,7/20/2023
SALE000430,CUST0430,P003,Notebook,Stationery,1,125.98,0.24,12/23/2024
SALE000431,CUST0431,P004,T-shirt,Apparel,1,419.81,0.14,4/11/2025
SALE000432,CUST0432,P004,T-shirt,Apparel,3,396.16,0.25,10/24/2024
SALE000433,CUST0433,P005,Blender,Home Appliance,1,318.53,0.16,5/31/2024
SALE000434,CUST0434,P004,T-shirt,Apparel,2,201.74,0.1,6/12/2024
SALE000435,CUST0435,P002,Shoes,Footwear,3,168.13,0.2,5/2/2023
SALE000436,CUST0436,P002,Shoes,Footwear,4,104.85,0.22,3/13/2025
SALE000437,CUST0437,P005,Blender,Home Appliance,2,279.39,0.17,10/29/2024
SALE000438,CUST0438,P005,Blender,Home Appliance,4,313.37,0.02,10/4/2024
SALE000439,CUST0439,P003,Notebook,Stationery,4,211.7,0.05,7/9/2023
SALE000440,CUST0440,P005,Blender,Home Appliance,4,263.91,0.09,7/3/2023
SALE000441,CUST0441,P004,T-shirt,Apparel,1,213.58,0.08,7/25/2024
SALE000442,CUST0442,P003,Notebook,Stationery,2,338.45,0.2,12/29/2024
SALE000443,CUST0443,P001,Smartphone,Electronics,2,455.57,0.01,5/7/2023
SALE000444,CUST0444,P004,T-shirt,Apparel,1,123.76,0.23,10/25/2024
SALE000445,CUST0445,P005,Blender,Home Appliance,3,221.63,0.08,10/18/2024
SALE000446,CUST0446,P002,Shoes,Footwear,4,113.39,0.09,6/21/2024
SALE000447,CUST0447,P003,Notebook,Stationery,2,331.22,0.16,3/14/2024
SALE000448,CUST0448,P004,T-shirt,Apparel,1,377.99,0.06,2/1/2024
SALE000449,CUST0449,P001,Smartphone,Electronics,4,469.36,0.27,10/27/2023
SALE000450,CUST0450,P001,Smartphone,Electronics,3,175.49,0.03,1/23/2025
SALE000451,CUST0451,P005,Blender,Home Appliance,3,477.6,0.13,3/1/2024
SALE000452,CUST0452,P005,Blender,Home Appliance,4,78.47,0.25,6/18/2023
SALE000453,CUST0453,P005,Blender,Home Appliance,3,321.36,0.18,10/6/2024
SALE000454,CUST0454,P001,Smartphone,Electronics,2,75.71,0.09,6/3/2024
SALE000455,CUST0455,P004,T-shirt,Apparel,2,452.2,0.13,12/16/2023
SALE000456,CUST0456,P002,Shoes,Footwear,2,288.41,0.21,10/16/2023
SALE000457,CUST0457,P003,Notebook,Stationery,3,351.21,0.29,11/15/2023
SALE000458,CUST0458,P004,T-shirt,Apparel,2,424.21,0.27,6/1/2024
SALE000459,CUST0459,P005,Blender,Home Appliance,1,117.64,0.1,10/13/2024
SALE000460,CUST0460,P003,Notebook,Stationery,2,67.37,0.3,11/30/2024
SALE000461,CUST0461,P004,T-shirt,Apparel,2,445.5,0,6/3/2023
SALE000462,CUST0462,P004,T-shirt,Apparel,3,191.72,0.01,1/14/2025
SALE000463,CUST0463,P002,Shoes,Footwear,2,108.04,0.25,8/9/2024
SALE000464,CUST0464,P005,Blender,Home Appliance,4,260.81,0.06,3/9/2024
SALE000465,CUST0465,P002,Shoes,Footwear,1,319.24,0.02,10/2/2023
SALE000466,CUST0466,P004,T-shirt,Apparel,3,63.94,0.07,11/21/2024
SALE000467,CUST0467,P005,Blender,Home Appliance,1,173.7,0.13,9/13/2023
SALE000468,CUST0468,P003,Notebook,Stationery,4,64.76,0.22,4/10/2025
SALE000469,CUST0469,P002,Shoes,Footwear,3,239.15,0.19,5/26/2024
SALE000470,CUST0470,P004,T-shirt,Apparel,3,452.8,0.07,10/20/2023
SALE000471,CUST0471,P005,Blender,Home Appliance,2,492.19,0.15,1/13/2025
SALE000472,CUST0472,P003,Notebook,Stationery,1,336.67,0.28,12/2/2024
SALE000473,CUST0473,P001,Smartphone,Electronics,4,122.74,0.24,8/8/2024
SALE000474,CUST0474,P004,T-shirt,Apparel,4,457.63,0.1,6/26/2024
SALE000475,CUST0475,P005,Blender,Home Appliance,3,282.31,0.29,12/8/2024
SALE000476,CUST0476,P004,T-shirt,Apparel,2,119.19,0.21,5/16/2023
SALE000477,CUST0477,P002,Shoes,Footwear,3,464.78,0.02,11/23/2023
SALE000478,CUST0478,P004,T-shirt,Apparel,3,390.86,0.01,4/23/2024
SALE000479,CUST0479,P004,T-shirt,Apparel,3,379.27,0.05,2/10/2024
SALE000480,CUST0480,P005,Blender,Home Appliance,3,369.13,0.22,2/29/2024
SALE000481,CUST0481,P005,Blender,Home Appliance,4,140.15,0.06,6/6/2024
SALE000482,CUST0482,P001,Smartphone,Electronics,4,144.95,0.15,11/16/2024
SALE000483,CUST0483,P001,Smartphone,Electronics,3,359.73,0.03,12/16/2024
SALE000484,CUST0484,P001,Smartphone,Electronics,3,148.88,0.28,9/5/2023
SALE000485,CUST0485,P002,Shoes,Footwear,2,247.4,0.1,2/3/2024
SALE000486,CUST0486,P004,T-shirt,Apparel,3,401.9,0.27,3/13/2024
SALE000487,CUST0487,P001,Smartphone,Electronics,4,402.78,0.28,11/9/2024
SALE000488,CUST0488,P005,Blender,Home Appliance,1,253.97,0,2/4/2024
SALE000489,CUST0489,P001,Smartphone,Electronics,4,406.49,0.14,5/1/2023
SALE000490,CUST0490,P005,Blender,Home Appliance,2,427.38,0.01,1/24/2024
SALE000491,CUST0491,P003,Notebook,Stationery,4,344.65,0.27,4/25/2023
SALE000492,CUST0492,P002,Shoes,Footwear,1,152.79,0.16,5/9/2023
SALE000493,CUST0493,P001,Smartphone,Electronics,3,173.31,0.02,1/5/2024
SALE000494,CUST0494,P002,Shoes,Footwear,1,191.68,0.03,2/20/2024
SALE000495,CUST0495,P005,Blender,Home Appliance,3,102.56,0.12,12/28/2023
SALE000496,CUST0496,P004,T-shirt,Apparel,3,172.92,0.28,3/31/2024
SALE000497,CUST0497,P002,Shoes,Footwear,4,144.28,0.21,1/12/2025
SALE000498,CUST0498,P001,Smartphone,Electronics,4,254.9,0.26,5/11/2023
SALE000499,CUST0499,P002,Shoes,Footwear,4,458.8,0.11,3/22/2024
SALE000500,CUST0500,P001,Smartphone,Electronics,2,97.02,0.01,2/19/2024
SALE000501,CUST0501,P003,Notebook,Stationery,4,374.12,0.29,8/22/2023
SALE000502,CUST0502,P001,Smartphone,Electronics,2,359.28,0.01,10/27/2024
SALE000503,CUST0503,P005,Blender,Home Appliance,4,93.09,0.28,4/20/2023
SALE000504,CUST0504,P001,Smartphone,Electronics,3,465.16,0.11,6/8/2023
SALE000505,CUST0505,P003,Notebook,Stationery,2,305.81,0,10/8/2024
SALE000506,CUST0506,P003,Notebook,Stationery,1,213.68,0.21,1/4/2025
SALE000507,CUST0507,P004,T-shirt,Apparel,2,390.44,0.29,4/2/2024
SALE000508,CUST0508,P002,Shoes,Footwear,2,165.81,0.29,3/2/2025
SALE000509,CUST0509,P003,Notebook,Stationery,1,362.08,0.05,12/11/2024
SALE000510,CUST0510,P003,Notebook,Stationery,2,67.87,0.05,11/3/2024
SALE000511,CUST0511,P004,T-shirt,Apparel,3,427.73,0.17,10/16/2024
SALE000512,CUST0512,P002,Shoes,Footwear,4,251.68,0.19,11/20/2024
SALE000513,CUST0513,P002,Shoes,Footwear,1,336.51,0.22,6/16/2023
SALE000514,CUST0514,P001,Smartphone,Electronics,4,149.56,0.05,2/5/2025
SALE000515,CUST0515,P001,Smartphone,Electronics,3,354.68,0.29,3/15/2024
SALE000516,CUST0516,P004,T-shirt,Apparel,1,397.51,0.19,6/8/2024
SALE000517,CUST0517,P003,Notebook,Stationery,4,262.95,0.25,1/28/2025
SALE000518,CUST0518,P004,T-shirt,Apparel,4,327.98,0.16,9/20/2024
SALE000519,CUST0519,P004,T-shirt,Apparel,3,255.35,0.12,12/18/2024
SALE000520,CUST0520,P002,Shoes,Footwear,4,452.34,0.29,2/19/2024
SALE000521,CUST0521,P002,Shoes,Footwear,3,274.04,0.17,12/1/2024
SALE000522,CUST0522,P005,Blender,Home Appliance,2,428.81,0.26,6/18/2023
SALE000523,CUST0523,P002,Shoes,Footwear,3,410.61,0.29,10/11/2024
SALE000524,CUST0524,P003,Notebook,Stationery,2,234.73,0.2,4/19/2024
SALE000525,CUST0525,P001,Smartphone,Electronics,1,153.54,0.16,3/4/2024
SALE000526,CUST0526,P005,Blender,Home Appliance,4,232.74,0,8/20/2024
SALE000527,CUST0527,P002,Shoes,Footwear,3,421.8,0.01,12/19/2023
SALE000528,CUST0528,P003,Notebook,Stationery,3,152.43,0.06,2/1/2024
SALE000529,CUST0529,P002,Shoes,Footwear,4,286,0.06,3/11/2025
SALE000530,CUST0530,P002,Shoes,Footwear,4,412.74,0.08,10/7/2024
SALE000531,CUST0531,P004,T-shirt,Apparel,1,209.06,0.09,7/30/2023
SALE000532,CUST0532,P002,Shoes,Footwear,1,338.99,0.11,12/10/2024
SALE000533,CUST0533,P003,Notebook,Stationery,3,160.53,0.13,1/27/2024
SALE000534,CUST0534,P002,Shoes,Footwear,1,99.18,0.03,6/25/2023
SALE000535,CUST0535,P005,Blender,Home Appliance,2,407.47,0.01,9/18/2024
SALE000536,CUST0536,P001,Smartphone,Electronics,1,94.54,0.2,1/24/2025
SALE000537,CUST0537,P003,Notebook,Stationery,1,172.12,0.16,3/20/2024
SALE000538,CUST0538,P001,Smartphone,Electronics,3,434.8,0.13,1/24/2024
SALE000539,CUST0539,P002,Shoes,Footwear,2,205.91,0.19,11/5/2023
SALE000540,CUST0540,P001,Smartphone,Electronics,1,487.87,0.25,10/6/2024
SALE000541,CUST0541,P004,T-shirt,Apparel,2,490.88,0.13,2/13/2024
SALE000542,CUST0542,P003,Notebook,Stationery,2,170.72,0.19,4/1/2024
SALE000543,CUST0543,P003,Notebook,Stationery,2,68.44,0.29,8/25/2024
SALE000544,CUST0544,P005,Blender,Home Appliance,4,367.28,0.25,5/2/2023
SALE000545,CUST0545,P005,Blender,Home Appliance,4,252.94,0.13,9/26/2023
SALE000546,CUST0546,P003,Notebook,Stationery,4,95.34,0.19,3/5/2024
SALE000547,CUST0547,P001,Smartphone,Electronics,4,368.39,0.05,11/16/2024
SALE000548,CUST0548,P003,Notebook,Stationery,3,64.03,0.17,12/20/2024
SALE000549,CUST0549,P002,Shoes,Footwear,1,441.59,0.29,4/21/2023
SALE000550,CUST0550,P001,Smartphone,Electronics,4,112.39,0.16,4/28/2024
SALE000551,CUST0551,P002,Shoes,Footwear,3,107.29,0.28,9/8/2024
SALE000552,CUST0552,P003,Notebook,Stationery,1,129.05,0.12,6/6/2023
SALE000553,CUST0553,P005,Blender,Home Appliance,4,482.12,0.3,3/28/2024
SALE000554,CUST0554,P003,Notebook,Stationery,1,361.93,0.17,7/16/2024
SALE000555,CUST0555,P002,Shoes,Footwear,4,410.62,0.01,6/13/2024
SALE000556,CUST0556,P003,Notebook,Stationery,3,228.94,0.18,2/16/2024
SALE000557,CUST0557,P001,Smartphone,Electronics,2,201.34,0.08,3/3/2025
SALE000558,CUST0558,P004,T-shirt,Apparel,2,155.52,0.01,3/19/2025
SALE000559,CUST0559,P003,Notebook,Stationery,1,266.29,0.25,7/4/2023
SALE000560,CUST0560,P003,Notebook,Stationery,3,298.32,0.08,8/26/2024
SALE000561,CUST0561,P001,Smartphone,Electronics,2,334.3,0.24,9/19/2023
SALE000562,CUST0562,P005,Blender,Home Appliance,4,165.7,0.09,5/5/2023
SALE000563,CUST0563,P002,Shoes,Footwear,2,476.89,0.06,7/10/2023
SALE000564,CUST0564,P002,Shoes,Footwear,1,126.39,0.29,4/22/2023
SALE000565,CUST0565,P002,Shoes,Footwear,1,484.54,0.11,12/10/2024
SALE000566,CUST0566,P005,Blender,Home Appliance,3,56.69,0.18,1/16/2024
SALE000567,CUST0567,P001,Smartphone,Electronics,1,266.51,0.18,4/24/2024
SALE000568,CUST0568,P005,Blender,Home Appliance,2,200.02,0.17,12/17/2023
SALE000569,CUST0569,P005,Blender,Home Appliance,2,252.11,0.27,8/8/2023
SALE000570,CUST0570,P005,Blender,Home Appliance,2,306.8,0.2,12/7/2023
SALE000571,CUST0571,P004,T-shirt,Apparel,2,246.02,0.12,2/26/2025
SALE000572,CUST0572,P001,Smartphone,Electronics,3,236.68,0.26,1/22/2024
SALE000573,CUST0573,P002,Shoes,Footwear,4,379.73,0.05,3/23/2024
SALE000574,CUST0574,P003,Notebook,Stationery,4,358.64,0.16,10/4/2023
SALE000575,CUST0575,P003,Notebook,Stationery,3,424.97,0.29,8/6/2024
SALE000576,CUST0576,P001,Smartphone,Electronics,1,162.48,0.19,11/17/2024
SALE000577,CUST0577,P003,Notebook,Stationery,4,324.29,0.25,4/14/2025
SALE000578,CUST0578,P002,Shoes,Footwear,1,313.34,0.2,11/25/2023
SALE000579,CUST0579,P001,Smartphone,Electronics,4,216.38,0.25,11/3/2023
SALE000580,CUST0580,P001,Smartphone,Electronics,1,268.73,0.28,5/26/2023
SALE000581,CUST0581,P005,Blender,Home Appliance,3,191.2,0.08,9/6/2023
SALE000582,CUST0582,P001,Smartphone,Electronics,2,113.83,0.05,1/4/2025
SALE000583,CUST0583,P004,T-shirt,Apparel,1,146.21,0.15,2/28/2024
SALE000584,CUST0584,P004,T-shirt,Apparel,2,97.48,0.21,11/9/2024
SALE000585,CUST0585,P001,Smartphone,Electronics,1,357.38,0.07,4/1/2025
SALE000586,CUST0586,P005,Blender,Home Appliance,1,347.33,0,2/6/2025
SALE000587,CUST0587,P002,Shoes,Footwear,1,477.77,0.1,6/7/2023
SALE000588,CUST0588,P002,Shoes,Footwear,1,378.36,0.29,1/21/2025
SALE000589,CUST0589,P003,Notebook,Stationery,1,73.42,0.21,6/28/2023
SALE000590,CUST0590,P002,Shoes,Footwear,2,447.91,0.12,1/15/2025
SALE000591,CUST0591,P002,Shoes,Footwear,1,438.2,0.06,4/5/2025
SALE000592,CUST0592,P004,T-shirt,Apparel,2,249.49,0.11,12/13/2023
SALE000593,CUST0593,P004,T-shirt,Apparel,3,313.64,0.05,8/11/2023
SALE000594,CUST0594,P002,Shoes,Footwear,4,489.24,0.03,4/23/2024
SALE000595,CUST0595,P004,T-shirt,Apparel,1,289.54,0.27,9/15/2023
SALE000596,CUST0596,P004,T-shirt,Apparel,4,457.39,0.3,2/23/2024
SALE000597,CUST0597,P003,Notebook,Stationery,2,87.37,0.05,7/23/2023
SALE000598,CUST0598,P003,Notebook,Stationery,3,135.97,0.02,9/14/2023
SALE000599,CUST0599,P003,Notebook,Stationery,3,248.34,0.1,11/29/2023
SALE000600,CUST0600,P004,T-shirt,Apparel,3,313.14,0.14,1/19/2024
SALE000601,CUST0601,P004,T-shirt,Apparel,4,417.3,0.06,9/22/2023
SALE000602,CUST0602,P001,Smartphone,Electronics,2,494.72,0.09,1/14/2024
SALE000603,CUST0603,P004,T-shirt,Apparel,1,224.98,0.06,7/26/2024
SALE000604,CUST0604,P002,Shoes,Footwear,1,71.34,0.23,11/15/2024
SALE000605,CUST0605,P004,T-shirt,Apparel,2,410.53,0.21,8/15/2024
SALE000606,CUST0606,P003,Notebook,Stationery,4,321.97,0.19,6/15/2024
SALE000607,CUST0607,P004,T-shirt,Apparel,1,139.34,0.12,10/6/2023
SALE000608,CUST0608,P002,Shoes,Footwear,2,272.67,0.27,1/24/2024
SALE000609,CUST0609,P003,Notebook,Stationery,1,384.04,0.29,11/18/2023
SALE000610,CUST0610,P003,Notebook,Stationery,3,396.69,0.05,12/11/2024
SALE000611,CUST0611,P003,Notebook,Stationery,1,274.83,0.07,1/12/2025
SALE000612,CUST0612,P005,Blender,Home Appliance,4,187.35,0.16,8/30/2023
SALE000613,CUST0613,P001,Smartphone,Electronics,2,488.18,0.03,9/13/2023
SALE000614,CUST0614,P003,Notebook,Stationery,4,348.51,0.13,6/6/2024
SALE000615,CUST0615,P004,T-shirt,Apparel,2,233.71,0.17,7/29/2024
SALE000616,CUST0616,P001,Smartphone,Electronics,3,176.21,0.16,7/12/2023
SALE000617,CUST0617,P002,Shoes,Footwear,2,379,0.1,3/15/2024
SALE000618,CUST0618,P004,T-shirt,Apparel,1,158.98,0.16,11/19/2024
SALE000619,CUST0619,P004,T-shirt,Apparel,1,127.27,0.29,4/26/2023
SALE000620,CUST0620,P004,T-shirt,Apparel,3,288.43,0.06,2/14/2024
SALE000621,CUST0621,P001,Smartphone,Electronics,2,180.49,0.2,3/25/2024
SALE000622,CUST0622,P003,Notebook,Stationery,3,333.01,0.01,10/20/2024
SALE000623,CUST0623,P002,Shoes,Footwear,1,103.07,0.02,2/14/2024
SALE000624,CUST0624,P005,Blender,Home Appliance,4,344.72,0.17,11/13/2024
SALE000625,CUST0625,P002,Shoes,Footwear,3,177.48,0.03,5/10/2023
SALE000626,CUST0626,P005,Blender,Home Appliance,4,50.11,0.01,3/28/2024
SALE000627,CUST0627,P002,Shoes,Footwear,4,107.12,0.05,11/1/2023
SALE000628,CUST0628,P005,Blender,Home Appliance,2,470.13,0.17,12/11/2024
SALE000629,CUST0629,P003,Notebook,Stationery,3,440.31,0.21,2/19/2025
SALE000630,CUST0630,P002,Shoes,Footwear,4,155.12,0.06,5/8/2024
SALE000631,CUST0631,P004,T-shirt,Apparel,4,400.27,0.2,5/18/2023
SALE000632,CUST0632,P001,Smartphone,Electronics,2,323.86,0.05,11/21/2024
SALE000633,CUST0633,P002,Shoes,Footwear,2,486.91,0.18,3/3/2024
SALE000634,CUST0634,P001,Smartphone,Electronics,1,218.12,0.12,6/2/2023
SALE000635,CUST0635,P003,Notebook,Stationery,4,356.66,0.2,9/4/2023
SALE000636,CUST0636,P001,Smartphone,Electronics,1,78.59,0.3,6/23/2023
SALE000637,CUST0637,P001,Smartphone,Electronics,4,228.31,0.28,9/3/2023
SALE000638,CUST0638,P002,Shoes,Footwear,1,483.72,0,10/8/2023
SALE000639,CUST0639,P003,Notebook,Stationery,2,292.54,0.27,5/26/2024
SALE000640,CUST0640,P002,Shoes,Footwear,3,179.55,0.02,1/30/2025
SALE000641,CUST0641,P002,Shoes,Footwear,2,104.12,0.29,8/7/2024
SALE000642,CUST0642,P005,Blender,Home Appliance,1,366.59,0.08,10/1/2023
SALE000643,CUST0643,P001,Smartphone,Electronics,1,340.19,0.11,3/4/2024
SALE000644,CUST0644,P004,T-shirt,Apparel,3,218.27,0.03,3/28/2025
SALE000645,CUST0645,P002,Shoes,Footwear,4,477.92,0.03,11/20/2023
SALE000646,CUST0646,P004,T-shirt,Apparel,1,59.99,0.22,6/25/2023
SALE000647,CUST0647,P005,Blender,Home Appliance,1,186.68,0.28,9/28/2023
SALE000648,CUST0648,P005,Blender,Home Appliance,1,464.48,0.18,6/16/2023
SALE000649,CUST0649,P005,Blender,Home Appliance,3,194.42,0.21,4/10/2024
SALE000650,CUST0650,P003,Notebook,Stationery,2,163.51,0.23,1/14/2024
SALE000651,CUST0651,P005,Blender,Home Appliance,1,290.4,0.08,11/6/2024
SALE000652,CUST0652,P002,Shoes,Footwear,3,420.71,0.01,6/3/2024
SALE000653,CUST0653,P003,Notebook,Stationery,1,96.42,0,1/2/2025
SALE000654,CUST0654,P004,T-shirt,Apparel,4,474.36,0.11,1/23/2024
SALE000655,CUST0655,P004,T-shirt,Apparel,3,407.78,0.07,5/25/2023
SALE000656,CUST0656,P002,Shoes,Footwear,1,131.56,0.02,11/19/2023
SALE000657,CUST0657,P002,Shoes,Footwear,3,370.4,0.05,6/17/2024
SALE000658,CUST0658,P005,Blender,Home Appliance,1,223.23,0.04,10/25/2023
SALE000659,CUST0659,P001,Smartphone,Electronics,2,231.03,0.27,7/24/2024
SALE000660,CUST0660,P002,Shoes,Footwear,1,402.48,0.04,2/19/2025
SALE000661,CUST0661,P005,Blender,Home Appliance,3,483.25,0.16,8/31/2023
SALE000662,CUST0662,P005,Blender,Home Appliance,4,107,0.18,7/25/2024
SALE000663,CUST0663,P001,Smartphone,Electronics,4,239.28,0.16,9/2/2023
SALE000664,CUST0664,P002,Shoes,Footwear,4,266.42,0.03,3/13/2024
SALE000665,CUST0665,P004,T-shirt,Apparel,1,219.34,0.1,11/25/2023
SALE000666,CUST0666,P001,Smartphone,Electronics,2,213.44,0.02,5/28/2023
SALE000667,CUST0667,P005,Blender,Home Appliance,1,73.52,0.12,2/7/2025
SALE000668,CUST0668,P001,Smartphone,Electronics,4,358.49,0.06,9/4/2023
SALE000669,CUST0669,P002,Shoes,Footwear,3,246.3,0.17,1/14/2024
SALE000670,CUST0670,P004,T-shirt,Apparel,4,137.66,0.21,1/4/2025
SALE000671,CUST0671,P003,Notebook,Stationery,3,417.22,0.16,3/31/2025
SALE000672,CUST0672,P005,Blender,Home Appliance,2,411.15,0.13,7/6/2023
SALE000673,CUST0673,P002,Shoes,Footwear,3,268.88,0.12,3/22/2024
SALE000674,CUST0674,P005,Blender,Home Appliance,1,184.3,0.25,2/8/2024
SALE000675,CUST0675,P003,Notebook,Stationery,1,337.14,0.07,12/6/2024
SALE000676,CUST0676,P003,Notebook,Stationery,1,179.67,0.22,12/11/2024
SALE000677,CUST0677,P004,T-shirt,Apparel,3,156.2,0.23,5/5/2024
SALE000678,CUST0678,P001,Smartphone,Electronics,1,378.73,0.13,6/27/2023
SALE000679,CUST0679,P003,Notebook,Stationery,1,68.15,0.09,4/24/2023
SALE000680,CUST0680,P002,Shoes,Footwear,1,92.65,0.14,9/23/2023
SALE000681,CUST0681,P001,Smartphone,Electronics,2,53.05,0.03,10/3/2023
SALE000682,CUST0682,P001,Smartphone,Electronics,3,118.82,0.01,4/20/2023
SALE000683,CUST0683,P004,T-shirt,Apparel,3,81.05,0.03,6/25/2024
SALE000684,CUST0684,P002,Shoes,Footwear,4,498.11,0.06,2/10/2024
SALE000685,CUST0685,P002,Shoes,Footwear,3,179.96,0.15,8/4/2023
SALE000686,CUST0686,P001,Smartphone,Electronics,2,117.17,0.25,7/13/2024
SALE000687,CUST0687,P004,T-shirt,Apparel,3,158.45,0.07,7/17/2023
SALE000688,CUST0688,P003,Notebook,Stationery,2,471.26,0.28,4/11/2025
SALE000689,CUST0689,P005,Blender,Home Appliance,2,284.07,0.29,1/15/2025
SALE000690,CUST0690,P001,Smartphone,Electronics,3,214.17,0.29,4/22/2024
SALE000691,CUST0691,P001,Smartphone,Electronics,4,443.03,0.25,12/9/2023
SALE000692,CUST0692,P001,Smartphone,Electronics,1,227.75,0.11,12/9/2024
SALE000693,CUST0693,P003,Notebook,Stationery,1,200.75,0.02,11/8/2023
SALE000694,CUST0694,P003,Notebook,Stationery,3,143.28,0.17,1/10/2024
SALE000695,CUST0695,P002,Shoes,Footwear,3,220.01,0.17,10/7/2023
SALE000696,CUST0696,P004,T-shirt,Apparel,2,192.51,0.25,10/22/2024
SALE000697,CUST0697,P003,Notebook,Stationery,3,354.79,0.3,4/17/2024
SALE000698,CUST0698,P002,Shoes,Footwear,2,180.31,0.15,8/10/2024
SALE000699,CUST0699,P004,T-shirt,Apparel,4,309.74,0.1,5/10/2023
SALE000700,CUST0700,P003,Notebook,Stationery,3,79.65,0.06,9/25/2024
SALE000701,CUST0701,P003,Notebook,Stationery,1,136.08,0,12/25/2023
SALE000702,CUST0702,P003,Notebook,Stationery,1,233.33,0.15,10/28/2024
SALE000703,CUST0703,P002,Shoes,Footwear,3,471.63,0.17,10/23/2023
SALE000704,CUST0704,P002,Shoes,Footwear,2,219.76,0.25,10/26/2024
SALE000705,CUST0705,P005,Blender,Home Appliance,1,348.83,0.15,6/23/2024
SALE000706,CUST0706,P004,T-shirt,Apparel,2,164.79,0.27,6/6/2024
SALE000707,CUST0707,P005,Blender,Home Appliance,3,107.17,0.19,8/12/2024
SALE000708,CUST0708,P001,Smartphone,Electronics,3,76.34,0.25,12/28/2024
SALE000709,CUST0709,P003,Notebook,Stationery,1,187.44,0.04,9/11/2023
SALE000710,CUST0710,P002,Shoes,Footwear,3,120.95,0.26,8/8/2024
SALE000711,CUST0711,P002,Shoes,Footwear,4,128.3,0.2,8/31/2023
SALE000712,CUST0712,P001,Smartphone,Electronics,4,392.34,0.05,7/30/2023
SALE000713,CUST0713,P001,Smartphone,Electronics,1,57.13,0.06,7/10/2024
SALE000714,CUST0714,P004,T-shirt,Apparel,4,301.01,0.28,6/19/2024
SALE000715,CUST0715,P002,Shoes,Footwear,2,220.76,0.01,4/14/2024
SALE000716,CUST0716,P002,Shoes,Footwear,1,277.95,0.14,1/8/2025
SALE000717,CUST0717,P004,T-shirt,Apparel,1,303.27,0.09,12/8/2023
SALE000718,CUST0718,P004,T-shirt,Apparel,2,191.02,0.2,12/9/2023
SALE000719,CUST0719,P005,Blender,Home Appliance,4,182.8,0.25,10/3/2023
SALE000720,CUST0720,P002,Shoes,Footwear,4,380.03,0.11,3/18/2024
SALE000721,CUST0721,P003,Notebook,Stationery,4,442.07,0.13,5/14/2024
SALE000722,CUST0722,P002,Shoes,Footwear,1,136.66,0.29,5/27/2024
SALE000723,CUST0723,P004,T-shirt,Apparel,1,93.93,0.24,12/4/2023
SALE000724,CUST0724,P005,Blender,Home Appliance,4,454.01,0.27,8/29/2024
SALE000725,CUST0725,P001,Smartphone,Electronics,3,207.45,0.13,8/22/2023
SALE000726,CUST0726,P005,Blender,Home Appliance,4,298.09,0.07,5/4/2024
SALE000727,CUST0727,P004,T-shirt,Apparel,2,211.79,0.12,6/23/2024
SALE000728,CUST0728,P005,Blender,Home Appliance,1,106.61,0.21,11/9/2023
SALE000729,CUST0729,P003,Notebook,Stationery,2,315.2,0.03,8/12/2024
SALE000730,CUST0730,P004,T-shirt,Apparel,2,286.31,0.08,1/29/2025
SALE000731,CUST0731,P001,Smartphone,Electronics,1,141.35,0.01,4/30/2024
SALE000732,CUST0732,P001,Smartphone,Electronics,3,253.34,0.13,1/30/2024
SALE000733,CUST0733,P005,Blender,Home Appliance,4,408.63,0.25,9/8/2024
SALE000734,CUST0734,P002,Shoes,Footwear,2,315.69,0.01,9/17/2023
SALE000735,CUST0735,P002,Shoes,Footwear,1,93.61,0.2,9/16/2024
SALE000736,CUST0736,P005,Blender,Home Appliance,2,296.61,0.28,2/15/2024
SALE000737,CUST0737,P003,Notebook,Stationery,4,366.23,0.07,11/30/2023
SALE000738,CUST0738,P002,Shoes,Footwear,3,406.72,0.21,8/9/2023
SALE000739,CUST0739,P001,Smartphone,Electronics,3,333.1,0.29,9/14/2023
SALE000740,CUST0740,P001,Smartphone,Electronics,3,118.7,0.29,10/29/2024
SALE000741,CUST0741,P001,Smartphone,Electronics,1,369.58,0.07,2/21/2024
SALE000742,CUST0742,P005,Blender,Home Appliance,1,354.8,0.03,1/28/2025
SALE000743,CUST0743,P001,Smartphone,Electronics,3,60.99,0.04,12/29/2024
SALE000744,CUST0744,P001,Smartphone,Electronics,4,235.29,0.21,2/28/2024
SALE000745,CUST0745,P004,T-shirt,Apparel,4,199.83,0.22,9/10/2024
SALE000746,CUST0746,P002,Shoes,Footwear,1,351.24,0.2,12/12/2024
SALE000747,CUST0747,P002,Shoes,Footwear,3,147.26,0.1,11/13/2023
SALE000748,CUST0748,P003,Notebook,Stationery,4,315.89,0.05,8/3/2024
SALE000749,CUST0749,P005,Blender,Home Appliance,4,460.94,0.17,5/24/2024
SALE000750,CUST0750,P004,T-shirt,Apparel,4,409.01,0.15,8/9/2023
SALE000751,CUST0751,P004,T-shirt,Apparel,1,464.66,0.22,12/31/2024
SALE000752,CUST0752,P004,T-shirt,Apparel,3,490.33,0.13,4/2/2025
SALE000753,CUST0753,P003,Notebook,Stationery,2,54.8,0.1,1/30/2024
SALE000754,CUST0754,P003,Notebook,Stationery,3,330.23,0.09,10/25/2023
SALE000755,CUST0755,P004,T-shirt,Apparel,3,235.78,0.06,12/17/2024
SALE000756,CUST0756,P003,Notebook,Stationery,1,436.93,0.08,8/28/2024
SALE000757,CUST0757,P005,Blender,Home Appliance,4,163.32,0.03,7/29/2023
SALE000758,CUST0758,P004,T-shirt,Apparel,4,491.46,0.1,8/25/2024
SALE000759,CUST0759,P001,Smartphone,Electronics,1,326.17,0.01,5/8/2024
SALE000760,CUST0760,P004,T-shirt,Apparel,1,407.09,0.06,4/19/2024
SALE000761,CUST0761,P002,Shoes,Footwear,1,88.52,0.22,6/18/2023
SALE000762,CUST0762,P005,Blender,Home Appliance,1,132.56,0.1,6/26/2023
SALE000763,CUST0763,P003,Notebook,Stationery,1,391.28,0.2,4/10/2025
SALE000764,CUST0764,P004,T-shirt,Apparel,2,59.89,0.22,4/6/2024
SALE000765,CUST0765,P001,Smartphone,Electronics,3,417.6,0.17,11/21/2024
SALE000766,CUST0766,P002,Shoes,Footwear,3,56.28,0.29,3/20/2024
SALE000767,CUST0767,P003,Notebook,Stationery,3,345.7,0.01,1/1/2025
SALE000768,CUST0768,P003,Notebook,Stationery,4,214.29,0.22,1/27/2024
SALE000769,CUST0769,P004,T-shirt,Apparel,2,325.17,0.29,1/14/2024
SALE000770,CUST0770,P002,Shoes,Footwear,3,363.21,0.26,12/30/2023
SALE000771,CUST0771,P002,Shoes,Footwear,4,204.11,0.05,6/22/2024
SALE000772,CUST0772,P002,Shoes,Footwear,2,98.58,0.1,1/16/2024
SALE000773,CUST0773,P003,Notebook,Stationery,2,81.34,0.05,3/20/2025
SALE000774,CUST0774,P004,T-shirt,Apparel,4,315.02,0.18,5/6/2024
SALE000775,CUST0775,P003,Notebook,Stationery,2,284.29,0.21,8/12/2024
SALE000776,CUST0776,P004,T-shirt,Apparel,4,383.99,0.1,7/17/2023
SALE000777,CUST0777,P005,Blender,Home Appliance,3,279.38,0.16,8/19/2023
SALE000778,CUST0778,P003,Notebook,Stationery,4,240.1,0.21,2/18/2024
SALE000779,CUST0779,P001,Smartphone,Electronics,2,229.14,0.13,7/7/2023
SALE000780,CUST0780,P003,Notebook,Stationery,3,61.9,0.26,5/11/2024
SALE000781,CUST0781,P003,Notebook,Stationery,3,201,0.23,7/17/2024
SALE000782,CUST0782,P004,T-shirt,Apparel,1,489.21,0.02,6/3/2023
SALE000783,CUST0783,P002,Shoes,Footwear,1,443.1,0.19,4/17/2024
SALE000784,CUST0784,P003,Notebook,Stationery,2,198.22,0.07,8/20/2023
SALE000785,CUST0785,P001,Smartphone,Electronics,4,314.51,0.17,8/7/2024
SALE000786,CUST0786,P004,T-shirt,Apparel,4,431.28,0.29,8/10/2024
SALE000787,CUST0787,P003,Notebook,Stationery,2,248.57,0.26,3/15/2025
SALE000788,CUST0788,P004,T-shirt,Apparel,3,58.08,0.12,11/13/2023
SALE000789,CUST0789,P002,Shoes,Footwear,2,83.53,0.09,8/18/2023
SALE000790,CUST0790,P003,Notebook,Stationery,2,279.68,0.07,4/4/2024
SALE000791,CUST0791,P001,Smartphone,Electronics,3,486.25,0.16,9/15/2023
SALE000792,CUST0792,P005,Blender,Home Appliance,4,361.94,0.03,1/16/2024
SALE000793,CUST0793,P003,Notebook,Stationery,2,81.91,0.16,4/14/2025
SALE000794,CUST0794,P001,Smartphone,Electronics,4,135.21,0,2/23/2025
SALE000795,CUST0795,P004,T-shirt,Apparel,2,397.1,0.1,4/14/2024
SALE000796,CUST0796,P004,T-shirt,Apparel,3,428.65,0.07,1/28/2025
SALE000797,CUST0797,P005,Blender,Home Appliance,3,327.96,0.29,7/26/2023
SALE000798,CUST0798,P004,T-shirt,Apparel,1,339.99,0.22,9/14/2023
SALE000799,CUST0799,P003,Notebook,Stationery,3,62.75,0.1,10/12/2023
SALE000800,CUST0800,P005,Blender,Home Appliance,1,422.84,0.03,3/7/2024
SALE000801,CUST0801,P003,Notebook,Stationery,2,404.72,0.16,1/16/2024
SALE000802,CUST0802,P005,Blender,Home Appliance,4,166.57,0.06,11/7/2023
SALE000803,CUST0803,P004,T-shirt,Apparel,3,368.9,0.16,7/15/2023
SALE000804,CUST0804,P003,Notebook,Stationery,3,146.68,0.25,6/25/2023
SALE000805,CUST0805,P004,T-shirt,Apparel,3,68.15,0.18,1/26/2024
SALE000806,CUST0806,P001,Smartphone,Electronics,2,140.51,0.19,5/18/2023
SALE000807,CUST0807,P001,Smartphone,Electronics,1,130.38,0.16,11/28/2023
SALE000808,CUST0808,P002,Shoes,Footwear,2,201.99,0.28,10/17/2024
SALE000809,CUST0809,P002,Shoes,Footwear,4,238.3,0.28,11/28/2024
SALE000810,CUST0810,P004,T-shirt,Apparel,2,278.84,0.15,10/30/2023
SALE000811,CUST0811,P003,Notebook,Stationery,4,264.54,0.09,12/10/2023
SALE000812,CUST0812,P002,Shoes,Footwear,3,171.8,0.14,1/14/2025
SALE000813,CUST0813,P002,Shoes,Footwear,4,63.13,0.06,2/8/2025
SALE000814,CUST0814,P005,Blender,Home Appliance,4,322.3,0.19,4/26/2024
SALE000815,CUST0815,P004,T-shirt,Apparel,1,228.09,0.15,5/16/2024
SALE000816,CUST0816,P003,Notebook,Stationery,4,184.4,0.03,11/14/2023
SALE000817,CUST0817,P005,Blender,Home Appliance,4,440.12,0.06,12/10/2024
SALE000818,CUST0818,P003,Notebook,Stationery,2,386.03,0.14,3/26/2025
SALE000819,CUST0819,P002,Shoes,Footwear,3,435.99,0.27,1/2/2025
SALE000820,CUST0820,P001,Smartphone,Electronics,2,272.74,0.17,6/21/2023
SALE000821,CUST0821,P001,Smartphone,Electronics,2,108.92,0.2,6/7/2024
SALE000822,CUST0822,P005,Blender,Home Appliance,3,363.3,0.1,8/7/2023
SALE000823,CUST0823,P002,Shoes,Footwear,3,142.73,0.17,12/10/2024
SALE000824,CUST0824,P002,Shoes,Footwear,4,248.55,0.13,3/16/2024
SALE000825,CUST0825,P002,Shoes,Footwear,4,79.25,0.2,8/10/2023
SALE000826,CUST0826,P003,Notebook,Stationery,1,421.39,0.02,2/6/2024
SALE000827,CUST0827,P001,Smartphone,Electronics,2,106.67,0.15,8/2/2024
SALE000828,CUST0828,P003,Notebook,Stationery,3,456.39,0.09,3/27/2024
SALE000829,CUST0829,P003,Notebook,Stationery,4,438.9,0.1,10/19/2023
SALE000830,CUST0830,P003,Notebook,Stationery,3,259.06,0.29,7/29/2024
SALE000831,CUST0831,P004,T-shirt,Apparel,4,384.97,0.05,9/27/2024
SALE000832,CUST0832,P005,Blender,Home Appliance,1,328.75,0.09,7/7/2023
SALE000833,CUST0833,P003,Notebook,Stationery,1,411.38,0.15,2/29/2024
SALE000834,CUST0834,P002,Shoes,Footwear,3,244.31,0.26,7/11/2023
SALE000835,CUST0835,P004,T-shirt,Apparel,1,403.61,0.13,7/27/2024
SALE000836,CUST0836,P002,Shoes,Footwear,3,258.11,0.22,11/1/2024
SALE000837,CUST0837,P002,Shoes,Footwear,4,473.43,0.26,1/2/2025
SALE000838,CUST0838,P004,T-shirt,Apparel,2,268.87,0.09,10/16/2024
SALE000839,CUST0839,P004,T-shirt,Apparel,1,258.18,0.12,6/10/2023
SALE000840,CUST0840,P004,T-shirt,Apparel,4,403.28,0.11,2/14/2024
SALE000841,CUST0841,P001,Smartphone,Electronics,2,419.71,0.25,12/25/2024
SALE000842,CUST0842,P003,Notebook,Stationery,2,299.52,0.01,6/3/2024
SALE000843,CUST0843,P001,Smartphone,Electronics,2,130.91,0.09,4/15/2025
SALE000844,CUST0844,P003,Notebook,Stationery,4,260.49,0.2,6/17/2023
SALE000845,CUST0845,P002,Shoes,Footwear,4,485.63,0.17,12/4/2023
SALE000846,CUST0846,P004,T-shirt,Apparel,3,388.84,0.13,12/8/2023
SALE000847,CUST0847,P003,Notebook,Stationery,2,415.02,0.16,2/14/2024
SALE000848,CUST0848,P002,Shoes,Footwear,2,64.77,0.06,7/29/2023
SALE000849,CUST0849,P001,Smartphone,Electronics,2,260.54,0.13,2/21/2025
SALE000850,CUST0850,P002,Shoes,Footwear,3,340.98,0.15,1/31/2024
SALE000851,CUST0851,P005,Blender,Home Appliance,2,423.51,0.27,12/7/2023
SALE000852,CUST0852,P004,T-shirt,Apparel,4,72.17,0.08,10/15/2024
SALE000853,CUST0853,P001,Smartphone,Electronics,2,433.6,0.26,6/10/2024
SALE000854,CUST0854,P005,Blender,Home Appliance,1,296.78,0.19,2/4/2024
SALE000855,CUST0855,P001,Smartphone,Electronics,4,138.79,0.01,3/12/2024
SALE000856,CUST0856,P002,Shoes,Footwear,3,192.76,0.22,6/5/2024
SALE000857,CUST0857,P004,T-shirt,Apparel,2,176.87,0.01,2/14/2025
SALE000858,CUST0858,P002,Shoes,Footwear,1,288.89,0.3,3/17/2024
SALE000859,CUST0859,P002,Shoes,Footwear,3,73.26,0.26,6/6/2023
SALE000860,CUST0860,P005,Blender,Home Appliance,3,121.34,0.09,1/28/2025
SALE000861,CUST0861,P005,Blender,Home Appliance,4,415.71,0.08,3/26/2024
SALE000862,CUST0862,P002,Shoes,Footwear,3,109.67,0.11,2/29/2024
SALE000863,CUST0863,P001,Smartphone,Electronics,3,155.03,0.11,4/19/2023
SALE000864,CUST0864,P001,Smartphone,Electronics,3,254.02,0.11,1/24/2025
SALE000865,CUST0865,P005,Blender,Home Appliance,3,282.7,0.1,2/17/2025
SALE000866,CUST0866,P002,Shoes,Footwear,2,393.62,0.19,3/26/2024
SALE000867,CUST0867,P003,Notebook,Stationery,2,251.3,0.05,8/2/2024
SALE000868,CUST0868,P002,Shoes,Footwear,2,405.44,0.25,4/15/2025
SALE000869,CUST0869,P003,Notebook,Stationery,2,328.26,0.24,12/11/2023
SALE000870,CUST0870,P002,Shoes,Footwear,1,100.89,0.14,11/1/2023
SALE000871,CUST0871,P005,Blender,Home Appliance,2,120.35,0.26,9/15/2024
SALE000872,CUST0872,P002,Shoes,Footwear,3,246.67,0.07,10/7/2023
SALE000873,CUST0873,P002,Shoes,Footwear,2,228.6,0.01,3/1/2025
SALE000874,CUST0874,P005,Blender,Home Appliance,2,384.59,0.19,1/5/2025
SALE000875,CUST0875,P003,Notebook,Stationery,4,311.33,0.14,3/7/2025
SALE000876,CUST0876,P001,Smartphone,Electronics,3,224.66,0.17,6/22/2023
SALE000877,CUST0877,P001,Smartphone,Electronics,2,126.84,0.27,2/28/2025
SALE000878,CUST0878,P003,Notebook,Stationery,2,152.08,0.29,8/1/2023
SALE000879,CUST0879,P005,Blender,Home Appliance,2,308.98,0.19,2/27/2025
SALE000880,CUST0880,P004,T-shirt,Apparel,1,240.55,0.23,2/2/2025
SALE000881,CUST0881,P002,Shoes,Footwear,2,281.72,0.03,12/8/2024
SALE000882,CUST0882,P005,Blender,Home Appliance,4,126.8,0.05,10/21/2023
SALE000883,CUST0883,P003,Notebook,Stationery,3,348.31,0.22,9/9/2023
SALE000884,CUST0884,P001,Smartphone,Electronics,3,433.64,0.13,10/12/2023
SALE000885,CUST0885,P004,T-shirt,Apparel,2,166.07,0.13,4/5/2024
SALE000886,CUST0886,P004,T-shirt,Apparel,2,271.18,0.09,1/1/2025
SALE000887,CUST0887,P005,Blender,Home Appliance,2,488.99,0.18,1/30/2025
SALE000888,CUST0888,P003,Notebook,Stationery,3,199.96,0.06,2/7/2025
SALE000889,CUST0889,P002,Shoes,Footwear,3,317.77,0.19,7/13/2023
SALE000890,CUST0890,P005,Blender,Home Appliance,1,90.59,0.05,1/23/2024
SALE000891,CUST0891,P001,Smartphone,Electronics,4,322.71,0.02,7/19/2024
SALE000892,CUST0892,P005,Blender,Home Appliance,1,90.33,0.1,11/17/2023
SALE000893,CUST0893,P004,T-shirt,Apparel,4,481.66,0.07,2/24/2025
SALE000894,CUST0894,P005,Blender,Home Appliance,1,372.05,0.27,4/29/2023
SALE000895,CUST0895,P002,Shoes,Footwear,3,404.67,0.02,7/7/2023
SALE000896,CUST0896,P003,Notebook,Stationery,1,366.85,0.05,12/2/2023
SALE000897,CUST0897,P004,T-shirt,Apparel,4,315.38,0.16,7/26/2023
SALE000898,CUST0898,P004,T-shirt,Apparel,2,252.46,0.14,8/19/2023
SALE000899,CUST0899,P004,T-shirt,Apparel,4,436.27,0.01,6/9/2023
SALE000900,CUST0900,P005,Blender,Home Appliance,2,480.58,0,3/16/2024
SALE000901,CUST0901,P001,Smartphone,Electronics,3,274.57,0.3,3/5/2025
SALE000902,CUST0902,P001,Smartphone,Electronics,4,469.19,0.2,7/27/2024
SALE000903,CUST0903,P004,T-shirt,Apparel,1,312.5,0.11,3/12/2024
SALE000904,CUST0904,P005,Blender,Home Appliance,4,292.27,0.14,8/17/2024
SALE000905,CUST0905,P002,Shoes,Footwear,2,254.52,0.08,10/25/2024
SALE000906,CUST0906,P003,Notebook,Stationery,3,144.18,0.1,7/26/2024
SALE000907,CUST0907,P003,Notebook,Stationery,1,51.67,0.19,5/6/2023
SALE000908,CUST0908,P004,T-shirt,Apparel,4,158.68,0.26,7/31/2023
SALE000909,CUST0909,P004,T-shirt,Apparel,2,279.38,0.06,8/1/2023
SALE000910,CUST0910,P004,T-shirt,Apparel,1,220.98,0.25,5/3/2024
SALE000911,CUST0911,P004,T-shirt,Apparel,3,251.82,0.04,1/15/2024
SALE000912,CUST0912,P005,Blender,Home Appliance,1,491.29,0.06,5/20/2024
SALE000913,CUST0913,P003,Notebook,Stationery,3,207.62,0.01,7/29/2023
SALE000914,CUST0914,P005,Blender,Home Appliance,1,253.48,0.04,9/30/2024
SALE000915,CUST0915,P002,Shoes,Footwear,4,110.08,0.28,11/26/2024
SALE000916,CUST0916,P004,T-shirt,Apparel,2,71.58,0.14,3/21/2025
SALE000917,CUST0917,P001,Smartphone,Electronics,4,398.93,0.02,1/17/2024
SALE000918,CUST0918,P005,Blender,Home Appliance,4,306.81,0.29,1/9/2024
SALE000919,CUST0919,P003,Notebook,Stationery,3,392.32,0.26,10/28/2023
SALE000920,CUST0920,P002,Shoes,Footwear,3,117.44,0.23,1/3/2024
SALE000921,CUST0921,P005,Blender,Home Appliance,3,307.32,0.28,8/23/2023
SALE000922,CUST0922,P004,T-shirt,Apparel,4,164.14,0.07,4/29/2023
SALE000923,CUST0923,P005,Blender,Home Appliance,1,152.63,0.25,5/13/2023
SALE000924,CUST0924,P002,Shoes,Footwear,1,55.19,0.21,9/20/2024
SALE000925,CUST0925,P003,Notebook,Stationery,4,108.65,0.26,2/23/2025
SALE000926,CUST0926,P001,Smartphone,Electronics,4,189.17,0.24,10/12/2024
SALE000927,CUST0927,P005,Blender,Home Appliance,2,102.6,0.1,9/15/2024
SALE000928,CUST0928,P003,Notebook,Stationery,3,493.64,0.23,10/31/2024
SALE000929,CUST0929,P003,Notebook,Stationery,3,188.88,0.08,3/11/2025
SALE000930,CUST0930,P005,Blender,Home Appliance,4,108.65,0.1,10/2/2023
SALE000931,CUST0931,P002,Shoes,Footwear,4,139.59,0.03,8/22/2023
SALE000932,CUST0932,P003,Notebook,Stationery,1,314.47,0.28,4/2/2024
SALE000933,CUST0933,P004,T-shirt,Apparel,4,78.82,0.09,9/30/2023
SALE000934,CUST0934,P002,Shoes,Footwear,1,438.1,0.16,3/2/2024
SALE000935,CUST0935,P005,Blender,Home Appliance,4,482.67,0.12,5/16/2023
SALE000936,CUST0936,P004,T-shirt,Apparel,2,161.04,0.29,6/23/2024
SALE000937,CUST0937,P002,Shoes,Footwear,2,252.54,0.1,12/8/2023
SALE000938,CUST0938,P004,T-shirt,Apparel,1,59.96,0.23,5/11/2024
SALE000939,CUST0939,P004,T-shirt,Apparel,3,338.32,0.26,1/31/2024
SALE000940,CUST0940,P005,Blender,Home Appliance,2,236.27,0.13,11/5/2024
SALE000941,CUST0941,P002,Shoes,Footwear,1,171.53,0.11,5/12/2023
SALE000942,CUST0942,P002,Shoes,Footwear,4,143.08,0.22,1/25/2025
SALE000943,CUST0943,P002,Shoes,Footwear,4,344.31,0.27,2/12/2025
SALE000944,CUST0944,P003,Notebook,Stationery,1,237.3,0.23,9/17/2023
SALE000945,CUST0945,P004,T-shirt,Apparel,3,130.85,0.07,7/11/2023
SALE000946,CUST0946,P002,Shoes,Footwear,1,360.1,0.27,10/3/2023
SALE000947,CUST0947,P004,T-shirt,Apparel,1,304.28,0.12,12/12/2024
SALE000948,CUST0948,P002,Shoes,Footwear,2,436.4,0.17,5/5/2024
SALE000949,CUST0949,P003,Notebook,Stationery,1,102.86,0.25,9/22/2023
SALE000950,CUST0950,P004,T-shirt,Apparel,1,403.55,0.06,3/7/2025
SALE000951,CUST0951,P005,Blender,Home Appliance,4,353.08,0.24,10/11/2024
SALE000952,CUST0952,P005,Blender,Home Appliance,2,101.75,0.18,12/21/2024
SALE000953,CUST0953,P002,Shoes,Footwear,4,362.67,0.27,6/10/2024
SALE000954,CUST0954,P004,T-shirt,Apparel,4,248.7,0.05,5/18/2023
SALE000955,CUST0955,P001,Smartphone,Electronics,3,475.24,0.13,10/18/2024
SALE000956,CUST0956,P003,Notebook,Stationery,3,113.73,0.25,1/4/2025
SALE000957,CUST0957,P004,T-shirt,Apparel,2,339.28,0.01,9/17/2023
SALE000958,CUST0958,P002,Shoes,Footwear,2,221.89,0.03,11/13/2023
SALE000959,CUST0959,P002,Shoes,Footwear,3,480.57,0.3,11/8/2024
SALE000960,CUST0960,P002,Shoes,Footwear,3,198.49,0.08,1/26/2024
SALE000961,CUST0961,P003,Notebook,Stationery,3,482.98,0.29,7/3/2024
SALE000962,CUST0962,P003,Notebook,Stationery,3,455.67,0.05,7/29/2023
SALE000963,CUST0963,P004,T-shirt,Apparel,3,171.67,0.11,11/20/2023
SALE000964,CUST0964,P004,T-shirt,Apparel,4,411.59,0.23,5/20/2024
SALE000965,CUST0965,P004,T-shirt,Apparel,2,498.02,0.2,3/9/2025
SALE000966,CUST0966,P001,Smartphone,Electronics,4,163.7,0.17,11/24/2023
SALE000967,CUST0967,P001,Smartphone,Electronics,4,246.55,0.16,6/20/2024
SALE000968,CUST0968,P003,Notebook,Stationery,1,284.08,0.25,6/25/2024
SALE000969,CUST0969,P001,Smartphone,Electronics,4,182.72,0.07,2/24/2025
SALE000970,CUST0970,P003,Notebook,Stationery,3,56.87,0.13,8/20/2024
SALE000971,CUST0971,P005,Blender,Home Appliance,3,149.06,0.05,5/17/2024
SALE000972,CUST0972,P004,T-shirt,Apparel,1,176.87,0.18,9/1/2023
SALE000973,CUST0973,P001,Smartphone,Electronics,1,249.62,0.08,7/19/2023
SALE000974,CUST0974,P005,Blender,Home Appliance,1,127,0.1,12/26/2024
SALE000975,CUST0975,P001,Smartphone,Electronics,1,442.96,0.14,8/14/2023
SALE000976,CUST0976,P004,T-shirt,Apparel,1,367.21,0.01,5/18/2023
SALE000977,CUST0977,P005,Blender,Home Appliance,4,88.34,0.03,5/1/2023
SALE000978,CUST0978,P004,T-shirt,Apparel,1,342.54,0.21,10/24/2023
SALE000979,CUST0979,P002,Shoes,Footwear,4,344.15,0.13,7/13/2023
SALE000980,CUST0980,P005,Blender,Home Appliance,2,480.3,0.26,2/19/2025
SALE000981,CUST0981,P005,Blender,Home Appliance,1,51.36,0.21,12/13/2023
SALE000982,CUST0982,P004,T-shirt,Apparel,1,161.57,0,10/31/2023
SALE000983,CUST0983,P005,Blender,Home Appliance,4,467.51,0.19,6/27/2024
SALE000984,CUST0984,P005,Blender,Home Appliance,2,469.46,0.03,3/12/2025
SALE000985,CUST0985,P004,T-shirt,Apparel,4,374.26,0.23,4/29/2023
SALE000986,CUST0986,P005,Blender,Home Appliance,4,394.59,0.3,10/10/2023
SALE000987,CUST0987,P002,Shoes,Footwear,1,91.17,0.16,12/2/2023
SALE000988,CUST0988,P003,Notebook,Stationery,3,281.24,0.2,12/29/2024
SALE000989,CUST0989,P003,Notebook,Stationery,3,154.21,0.07,6/7/2023
SALE000990,CUST0990,P005,Blender,Home Appliance,4,131.55,0.13,6/22/2023
SALE000991,CUST0991,P003,Notebook,Stationery,1,414.64,0.26,8/10/2024
SALE000992,CUST0992,P001,Smartphone,Electronics,2,110.77,0.05,3/20/2024
SALE000993,CUST0993,P002,Shoes,Footwear,3,260.89,0.08,11/3/2024
SALE000994,CUST0994,P005,Blender,Home Appliance,2,472.36,0.13,7/31/2023
SALE000995,CUST0995,P003,Notebook,Stationery,3,133.62,0.21,7/18/2023
SALE000996,CUST0996,P001,Smartphone,Electronics,1,490.1,0.11,11/24/2024
SALE000997,CUST0997,P005,Blender,Home Appliance,4,497.43,0.28,5/29/2023
SALE000998,CUST0998,P004,T-shirt,Apparel,2,300.03,0.03,8/12/2023
SALE000999,CUST0999,P005,Blender,Home Appliance,2,126.56,0.11,11/28/2024
SALE001000,CUST1000,P003,Notebook,Stationery,4,192.25,0.21,5/4/2024
SALE001001,CUST1001,P004,T-shirt,Apparel,2,241.02,0.07,5/22/2024
SALE001002,CUST1002,P001,Smartphone,Electronics,3,189.2,0.2,3/7/2025
SALE001003,CUST1003,P002,Shoes,Footwear,4,176.29,0.05,4/27/2024
SALE001004,CUST1004,P003,Notebook,Stationery,3,487.5,0.02,2/19/2024
SALE001005,CUST1005,P003,Notebook,Stationery,3,119.01,0.04,12/26/2023
SALE001006,CUST1006,P001,Smartphone,Electronics,1,380,0.28,10/14/2023
SALE001007,CUST1007,P005,Blender,Home Appliance,3,50.18,0.17,6/29/2024
SALE001008,CUST1008,P005,Blender,Home Appliance,1,318.28,0.24,7/11/2023
SALE001009,CUST1009,P002,Shoes,Footwear,2,462.17,0.1,3/18/2025
SALE001010,CUST1010,P002,Shoes,Footwear,2,179.57,0.18,11/11/2023
SALE001011,CUST1011,P001,Smartphone,Electronics,1,133.49,0.15,5/1/2023
SALE001012,CUST1012,P005,Blender,Home Appliance,3,343.26,0.28,12/17/2023
SALE001013,CUST1013,P002,Shoes,Footwear,4,370.67,0.22,11/14/2024
SALE001014,CUST1014,P005,Blender,Home Appliance,4,359.61,0.22,8/29/2023
SALE001015,CUST1015,P001,Smartphone,Electronics,1,193.69,0.01,11/16/2024
SALE001016,CUST1016,P001,Smartphone,Electronics,2,163.49,0.16,11/23/2024
SALE001017,CUST1017,P004,T-shirt,Apparel,2,480.16,0.14,4/3/2024
SALE001018,CUST1018,P005,Blender,Home Appliance,4,465.48,0.28,1/30/2025
SALE001019,CUST1019,P002,Shoes,Footwear,1,255.79,0.08,8/10/2023
SALE001020,CUST1020,P003,Notebook,Stationery,4,430.79,0.08,2/25/2025
SALE001021,CUST1021,P004,T-shirt,Apparel,3,253.55,0.12,3/13/2024
SALE001022,CUST1022,P004,T-shirt,Apparel,3,240.98,0.07,6/2/2024
SALE001023,CUST1023,P005,Blender,Home Appliance,1,120.54,0.04,10/16/2024
SALE001024,CUST1024,P001,Smartphone,Electronics,1,241.88,0.26,2/5/2024
SALE001025,CUST1025,P002,Shoes,Footwear,3,291.84,0.17,11/9/2023
SALE001026,CUST1026,P002,Shoes,Footwear,2,60.13,0.26,2/22/2024
SALE001027,CUST1027,P004,T-shirt,Apparel,1,249.85,0.25,1/27/2024
SALE001028,CUST1028,P004,T-shirt,Apparel,3,401.61,0.08,10/22/2023
SALE001029,CUST1029,P005,Blender,Home Appliance,3,356.02,0.16,12/17/2023
SALE001030,CUST1030,P002,Shoes,Footwear,2,335.82,0.02,9/10/2023
SALE001031,CUST1031,P005,Blender,Home Appliance,2,459.3,0.27,2/11/2024
SALE001032,CUST1032,P005,Blender,Home Appliance,2,58.11,0.12,5/4/2024
SALE001033,CUST1033,P001,Smartphone,Electronics,2,300.67,0.12,11/1/2023
SALE001034,CUST1034,P001,Smartphone,Electronics,4,404.31,0.09,7/18/2024
SALE001035,CUST1035,P002,Shoes,Footwear,2,293.6,0.14,9/22/2023
SALE001036,CUST1036,P002,Shoes,Footwear,4,195.75,0.08,3/13/2024
SALE001037,CUST1037,P001,Smartphone,Electronics,1,111.31,0.11,9/26/2023
SALE001038,CUST1038,P001,Smartphone,Electronics,3,449.4,0.24,5/3/2023
SALE001039,CUST1039,P004,T-shirt,Apparel,4,261.84,0.25,6/19/2024
SALE001040,CUST1040,P002,Shoes,Footwear,1,445.15,0.09,2/4/2024
SALE001041,CUST1041,P001,Smartphone,Electronics,1,313.63,0.14,9/9/2023
SALE001042,CUST1042,P005,Blender,Home Appliance,4,353.39,0.26,11/16/2024
SALE001043,CUST1043,P003,Notebook,Stationery,1,411.92,0.02,10/13/2023
SALE001044,CUST1044,P002,Shoes,Footwear,1,346.62,0.27,12/17/2023
SALE001045,CUST1045,P001,Smartphone,Electronics,4,229.12,0.07,2/3/2025
SALE001046,CUST1046,P001,Smartphone,Electronics,1,281.14,0.2,1/28/2024
SALE001047,CUST1047,P002,Shoes,Footwear,2,411.37,0.17,7/5/2024
SALE001048,CUST1048,P002,Shoes,Footwear,2,218.14,0.17,10/5/2023
SALE001049,CUST1049,P005,Blender,Home Appliance,3,224.65,0.26,8/18/2024
SALE001050,CUST1050,P001,Smartphone,Electronics,1,93.06,0.03,9/11/2024
SALE001051,CUST1051,P003,Notebook,Stationery,3,461.56,0.1,5/2/2023
SALE001052,CUST1052,P002,Shoes,Footwear,2,90.97,0.16,5/24/2023
SALE001053,CUST1053,P002,Shoes,Footwear,2,341.69,0.24,6/17/2024
SALE001054,CUST1054,P001,Smartphone,Electronics,2,235.94,0.06,1/29/2024
SALE001055,CUST1055,P002,Shoes,Footwear,1,232.53,0.24,10/30/2023
SALE001056,CUST1056,P002,Shoes,Footwear,1,355.8,0.12,3/14/2025
SALE001057,CUST1057,P004,T-shirt,Apparel,2,80.19,0.06,5/11/2024
SALE001058,CUST1058,P002,Shoes,Footwear,3,317.17,0.23,7/18/2024
SALE001059,CUST1059,P001,Smartphone,Electronics,3,397.41,0.03,4/11/2025
SALE001060,CUST1060,P003,Notebook,Stationery,4,422.7,0.15,10/9/2023
SALE001061,CUST1061,P001,Smartphone,Electronics,2,126.74,0.02,4/5/2024
SALE001062,CUST1062,P005,Blender,Home Appliance,3,453.84,0.11,10/26/2023
SALE001063,CUST1063,P005,Blender,Home Appliance,2,345.27,0.18,7/2/2023
SALE001064,CUST1064,P002,Shoes,Footwear,3,446.83,0.17,7/14/2023
SALE001065,CUST1065,P001,Smartphone,Electronics,4,268.38,0.12,2/18/2025
SALE001066,CUST1066,P002,Shoes,Footwear,4,293.92,0.13,7/24/2023
SALE001067,CUST1067,P004,T-shirt,Apparel,2,463.57,0.07,3/7/2024
SALE001068,CUST1068,P001,Smartphone,Electronics,3,454.96,0.14,3/11/2024
SALE001069,CUST1069,P002,Shoes,Footwear,1,251.67,0.29,3/29/2025
SALE001070,CUST1070,P002,Shoes,Footwear,4,173.49,0.26,10/19/2023
SALE001071,CUST1071,P001,Smartphone,Electronics,2,226.93,0.04,4/16/2025
SALE001072,CUST1072,P005,Blender,Home Appliance,2,224.49,0.01,8/10/2024
SALE001073,CUST1073,P005,Blender,Home Appliance,3,179.09,0.28,12/9/2024
SALE001074,CUST1074,P004,T-shirt,Apparel,2,170.86,0.16,8/6/2023
SALE001075,CUST1075,P004,T-shirt,Apparel,4,437.48,0.16,4/25/2024
SALE001076,CUST1076,P002,Shoes,Footwear,2,81.44,0.23,5/1/2023
SALE001077,CUST1077,P001,Smartphone,Electronics,2,354.93,0.09,10/11/2023
SALE001078,CUST1078,P001,Smartphone,Electronics,1,127.77,0.14,2/8/2025
SALE001079,CUST1079,P002,Shoes,Footwear,1,205.03,0.29,2/11/2025
SALE001080,CUST1080,P005,Blender,Home Appliance,4,77.69,0.2,1/19/2024
SALE001081,CUST1081,P003,Notebook,Stationery,3,171.49,0.05,9/8/2023
SALE001082,CUST1082,P005,Blender,Home Appliance,1,395.79,0.04,7/26/2024
SALE001083,CUST1083,P001,Smartphone,Electronics,3,448.26,0.06,2/21/2025
SALE001084,CUST1084,P002,Shoes,Footwear,4,149.69,0.23,6/20/2024
SALE001085,CUST1085,P001,Smartphone,Electronics,1,258.6,0.09,12/9/2024
SALE001086,CUST1086,P004,T-shirt,Apparel,3,261.65,0.01,3/7/2024
SALE001087,CUST1087,P004,T-shirt,Apparel,1,443.11,0.28,9/27/2023
SALE001088,CUST1088,P003,Notebook,Stationery,4,393.26,0.05,8/29/2024
SALE001089,CUST1089,P004,T-shirt,Apparel,4,280.88,0,11/26/2024
SALE001090,CUST1090,P005,Blender,Home Appliance,1,351.84,0.07,4/11/2025
SALE001091,CUST1091,P001,Smartphone,Electronics,3,431.31,0.07,7/29/2023
SALE001092,CUST1092,P001,Smartphone,Electronics,2,54.29,0.13,7/26/2024
SALE001093,CUST1093,P001,Smartphone,Electronics,2,231.3,0.28,2/9/2024
SALE001094,CUST1094,P001,Smartphone,Electronics,1,458.26,0.26,1/22/2024
SALE001095,CUST1095,P005,Blender,Home Appliance,3,383.14,0.14,4/30/2024
SALE001096,CUST1096,P001,Smartphone,Electronics,2,294.28,0.12,10/9/2024
SALE001097,CUST1097,P004,T-shirt,Apparel,4,288.34,0.17,7/8/2023
SALE001098,CUST1098,P004,T-shirt,Apparel,3,206.5,0.07,9/4/2023
SALE001099,CUST1099,P003,Notebook,Stationery,2,284.23,0.02,6/1/2023
SALE001100,CUST1100,P002,Shoes,Footwear,3,344.92,0.28,2/29/2024
SALE001101,CUST1101,P002,Shoes,Footwear,1,238.26,0.06,1/24/2024
SALE001102,CUST1102,P003,Notebook,Stationery,3,371.37,0.06,3/6/2024
SALE001103,CUST1103,P003,Notebook,Stationery,2,437.55,0.14,10/14/2023
SALE001104,CUST1104,P005,Blender,Home Appliance,1,119.61,0.15,11/8/2024
SALE001105,CUST1105,P002,Shoes,Footwear,3,253.2,0.01,10/9/2024
SALE001106,CUST1106,P003,Notebook,Stationery,4,233.61,0.04,12/1/2024
SALE001107,CUST1107,P002,Shoes,Footwear,2,359.36,0.11,6/15/2023
SALE001108,CUST1108,P005,Blender,Home Appliance,1,162.44,0.21,9/20/2024
SALE001109,CUST1109,P004,T-shirt,Apparel,3,338.11,0.07,1/9/2025
SALE001110,CUST1110,P001,Smartphone,Electronics,4,444.87,0.13,8/27/2023
SALE001111,CUST1111,P003,Notebook,Stationery,2,238.16,0.17,10/19/2023
SALE001112,CUST1112,P001,Smartphone,Electronics,4,459.96,0.27,11/13/2023
SALE001113,CUST1113,P003,Notebook,Stationery,3,496.92,0.1,2/9/2025
SALE001114,CUST1114,P003,Notebook,Stationery,3,97.74,0.04,5/18/2024
SALE001115,CUST1115,P004,T-shirt,Apparel,1,154.87,0.15,12/20/2023
SALE001116,CUST1116,P003,Notebook,Stationery,4,477.67,0.22,1/21/2025
SALE001117,CUST1117,P004,T-shirt,Apparel,1,481.25,0.03,1/24/2024
SALE001118,CUST1118,P005,Blender,Home Appliance,2,93.97,0.13,5/7/2024
SALE001119,CUST1119,P001,Smartphone,Electronics,1,56.75,0.01,12/8/2024
SALE001120,CUST1120,P001,Smartphone,Electronics,2,122.5,0.01,3/25/2025
SALE001121,CUST1121,P004,T-shirt,Apparel,3,498.21,0.14,2/26/2024
SALE001122,CUST1122,P001,Smartphone,Electronics,3,131,0.09,1/6/2024
SALE001123,CUST1123,P005,Blender,Home Appliance,4,276.15,0.25,9/9/2024
SALE001124,CUST1124,P004,T-shirt,Apparel,2,431.79,0.18,6/13/2023
SALE001125,CUST1125,P001,Smartphone,Electronics,3,59.18,0.14,9/25/2024
SALE001126,CUST1126,P002,Shoes,Footwear,4,322.02,0.12,8/4/2023
SALE001127,CUST1127,P004,T-shirt,Apparel,4,174.66,0.15,12/6/2023
SALE001128,CUST1128,P002,Shoes,Footwear,1,438.05,0.01,5/1/2023
SALE001129,CUST1129,P005,Blender,Home Appliance,4,177.56,0.27,4/28/2023
SALE001130,CUST1130,P002,Shoes,Footwear,3,359.04,0.3,6/3/2024
SALE001131,CUST1131,P001,Smartphone,Electronics,1,353.4,0.05,8/27/2024
SALE001132,CUST1132,P003,Notebook,Stationery,2,149.67,0.04,1/24/2025
SALE001133,CUST1133,P001,Smartphone,Electronics,2,65.66,0.04,9/27/2023
SALE001134,CUST1134,P001,Smartphone,Electronics,3,234.16,0.2,3/1/2024
SALE001135,CUST1135,P005,Blender,Home Appliance,3,180.14,0.2,10/18/2024
SALE001136,CUST1136,P002,Shoes,Footwear,1,414.04,0.25,1/25/2024
SALE001137,CUST1137,P005,Blender,Home Appliance,1,410.16,0.23,11/30/2023
SALE001138,CUST1138,P001,Smartphone,Electronics,3,255.66,0.13,12/11/2024
SALE001139,CUST1139,P005,Blender,Home Appliance,3,322.93,0.18,1/25/2024
SALE001140,CUST1140,P002,Shoes,Footwear,2,321.92,0.21,5/12/2024
SALE001141,CUST1141,P003,Notebook,Stationery,2,422.22,0.15,5/31/2024
SALE001142,CUST1142,P005,Blender,Home Appliance,2,241.25,0.14,7/7/2024
SALE001143,CUST1143,P001,Smartphone,Electronics,3,173.95,0.19,11/15/2024
SALE001144,CUST1144,P002,Shoes,Footwear,4,169.27,0.17,5/19/2023
SALE001145,CUST1145,P002,Shoes,Footwear,3,291.29,0.19,4/1/2025
SALE001146,CUST1146,P002,Shoes,Footwear,3,252.12,0.18,3/19/2025
SALE001147,CUST1147,P001,Smartphone,Electronics,2,248.05,0.22,1/7/2024
SALE001148,CUST1148,P004,T-shirt,Apparel,3,91.01,0.19,7/18/2024
SALE001149,CUST1149,P001,Smartphone,Electronics,1,373.37,0.16,10/19/2024
SALE001150,CUST1150,P001,Smartphone,Electronics,3,146.18,0.2,5/7/2023
SALE001151,CUST1151,P003,Notebook,Stationery,3,138.63,0.13,10/26/2024
SALE001152,CUST1152,P005,Blender,Home Appliance,3,235.74,0.07,11/23/2023
SALE001153,CUST1153,P002,Shoes,Footwear,3,152.5,0,1/2/2024
SALE001154,CUST1154,P002,Shoes,Footwear,4,312.74,0.17,8/20/2023
SALE001155,CUST1155,P003,Notebook,Stationery,3,217.16,0.18,10/6/2023
SALE001156,CUST1156,P001,Smartphone,Electronics,1,252.01,0.29,3/31/2025
SALE001157,CUST1157,P005,Blender,Home Appliance,1,291.73,0.11,9/16/2023
SALE001158,CUST1158,P002,Shoes,Footwear,3,141.59,0.12,10/5/2023
SALE001159,CUST1159,P002,Shoes,Footwear,2,120.09,0.06,8/1/2024
SALE001160,CUST1160,P003,Notebook,Stationery,4,446.19,0.02,12/4/2024
SALE001161,CUST1161,P002,Shoes,Footwear,3,245.18,0.23,12/9/2023
SALE001162,CUST1162,P004,T-shirt,Apparel,3,235.44,0.07,4/21/2023
SALE001163,CUST1163,P004,T-shirt,Apparel,3,66.03,0.18,5/8/2023
SALE001164,CUST1164,P002,Shoes,Footwear,2,274.09,0.21,8/3/2024
SALE001165,CUST1165,P003,Notebook,Stationery,2,299.38,0.14,10/9/2024
SALE001166,CUST1166,P002,Shoes,Footwear,2,301.48,0.26,3/3/2025
SALE001167,CUST1167,P001,Smartphone,Electronics,4,368.16,0.13,5/6/2023
SALE001168,CUST1168,P002,Shoes,Footwear,1,129.87,0.09,10/28/2023
SALE001169,CUST1169,P001,Smartphone,Electronics,4,163.5,0.27,7/10/2023
SALE001170,CUST1170,P002,Shoes,Footwear,2,414.83,0.26,12/18/2023
SALE001171,CUST1171,P001,Smartphone,Electronics,1,476.23,0.05,9/19/2024
SALE001172,CUST1172,P001,Smartphone,Electronics,1,111.17,0.01,4/2/2024
SALE001173,CUST1173,P004,T-shirt,Apparel,2,273.94,0.03,9/17/2023
SALE001174,CUST1174,P004,T-shirt,Apparel,2,146.38,0.09,2/17/2024
SALE001175,CUST1175,P005,Blender,Home Appliance,4,77.03,0.29,1/19/2024
SALE001176,CUST1176,P003,Notebook,Stationery,2,196.48,0.17,12/29/2024
SALE001177,CUST1177,P003,Notebook,Stationery,1,114.66,0.11,9/14/2023
SALE001178,CUST1178,P002,Shoes,Footwear,3,369.47,0.27,4/30/2023
SALE001179,CUST1179,P005,Blender,Home Appliance,2,290.18,0.14,4/2/2025
SALE001180,CUST1180,P002,Shoes,Footwear,2,114.73,0.09,8/2/2023
SALE001181,CUST1181,P002,Shoes,Footwear,4,54.16,0.28,8/6/2024
SALE001182,CUST1182,P004,T-shirt,Apparel,4,413.67,0.25,12/28/2023
SALE001183,CUST1183,P004,T-shirt,Apparel,2,129.29,0.25,11/8/2024
SALE001184,CUST1184,P001,Smartphone,Electronics,1,322.8,0.15,2/4/2024
SALE001185,CUST1185,P001,Smartphone,Electronics,1,201.61,0.24,4/5/2025
SALE001186,CUST1186,P001,Smartphone,Electronics,3,313.47,0.05,7/25/2024
SALE001187,CUST1187,P004,T-shirt,Apparel,2,192.04,0.17,7/12/2023
SALE001188,CUST1188,P004,T-shirt,Apparel,4,89.12,0.3,8/13/2024
SALE001189,CUST1189,P005,Blender,Home Appliance,1,150.33,0.09,9/29/2024
SALE001190,CUST1190,P001,Smartphone,Electronics,3,134.63,0.24,9/21/2024
SALE001191,CUST1191,P001,Smartphone,Electronics,2,242.61,0.15,12/15/2023
SALE001192,CUST1192,P004,T-shirt,Apparel,1,346.23,0.01,12/13/2023
SALE001193,CUST1193,P004,T-shirt,Apparel,2,168.71,0.23,10/8/2023
SALE001194,CUST1194,P005,Blender,Home Appliance,2,55.43,0.05,12/23/2023
SALE001195,CUST1195,P004,T-shirt,Apparel,1,283.52,0.19,3/6/2024
SALE001196,CUST1196,P002,Shoes,Footwear,1,322.59,0.03,11/26/2023
SALE001197,CUST1197,P005,Blender,Home Appliance,1,483.29,0.28,4/18/2023
SALE001198,CUST1198,P001,Smartphone,Electronics,2,315.26,0.09,6/15/2024
SALE001199,CUST1199,P002,Shoes,Footwear,2,262.03,0.07,2/9/2025
SALE001200,CUST1200,P003,Notebook,Stationery,3,308.03,0.04,7/11/2024
SALE001201,CUST1201,P001,Smartphone,Electronics,4,467.56,0.28,8/10/2023
SALE001202,CUST1202,P003,Notebook,Stationery,2,422.77,0.21,2/8/2024
SALE001203,CUST1203,P002,Shoes,Footwear,4,195.34,0.22,12/28/2023
SALE001204,CUST1204,P005,Blender,Home Appliance,1,156.76,0.15,9/20/2023
SALE001205,CUST1205,P004,T-shirt,Apparel,2,168.19,0.14,12/29/2024
SALE001206,CUST1206,P003,Notebook,Stationery,3,276.99,0.03,3/13/2024
SALE001207,CUST1207,P002,Shoes,Footwear,3,384.82,0.17,11/15/2024
SALE001208,CUST1208,P004,T-shirt,Apparel,4,276.45,0.07,6/29/2023
SALE001209,CUST1209,P004,T-shirt,Apparel,1,80.51,0.29,3/25/2024
SALE001210,CUST1210,P002,Shoes,Footwear,4,375.61,0.24,11/28/2023
SALE001211,CUST1211,P001,Smartphone,Electronics,1,412.69,0.12,4/15/2024
SALE001212,CUST1212,P002,Shoes,Footwear,3,180.27,0.05,4/25/2023
SALE001213,CUST1213,P002,Shoes,Footwear,4,348.86,0.24,11/9/2023
SALE001214,CUST1214,P001,Smartphone,Electronics,3,241.97,0.04,9/15/2024
SALE001215,CUST1215,P005,Blender,Home Appliance,3,450.1,0.06,11/7/2023
SALE001216,CUST1216,P005,Blender,Home Appliance,1,430.35,0.06,9/19/2023
SALE001217,CUST1217,P003,Notebook,Stationery,4,286.44,0.17,8/19/2024
SALE001218,CUST1218,P001,Smartphone,Electronics,4,361.18,0.24,5/6/2024
SALE001219,CUST1219,P004,T-shirt,Apparel,3,447.51,0.09,2/1/2024
SALE001220,CUST1220,P003,Notebook,Stationery,3,273.07,0.03,9/7/2024
SALE001221,CUST1221,P002,Shoes,Footwear,1,190.96,0.14,11/2/2024
SALE001222,CUST1222,P001,Smartphone,Electronics,2,389.15,0.22,7/22/2024
SALE001223,CUST1223,P003,Notebook,Stationery,2,149.03,0.07,9/23/2024
SALE001224,CUST1224,P001,Smartphone,Electronics,3,224.84,0.07,9/11/2023
SALE001225,CUST1225,P003,Notebook,Stationery,2,439.58,0.28,6/6/2024
SALE001226,CUST1226,P002,Shoes,Footwear,2,375.99,0.29,9/15/2024
SALE001227,CUST1227,P001,Smartphone,Electronics,2,231.71,0.3,10/21/2023
SALE001228,CUST1228,P005,Blender,Home Appliance,2,146.64,0.24,6/3/2024
SALE001229,CUST1229,P005,Blender,Home Appliance,3,210.19,0.06,6/28/2024
SALE001230,CUST1230,P003,Notebook,Stationery,2,177.85,0.06,11/1/2024
SALE001231,CUST1231,P001,Smartphone,Electronics,2,129.24,0.1,11/1/2023
SALE001232,CUST1232,P001,Smartphone,Electronics,1,384.5,0.1,1/22/2024
SALE001233,CUST1233,P003,Notebook,Stationery,3,163.43,0.29,1/19/2025
SALE001234,CUST1234,P001,Smartphone,Electronics,4,254.38,0.24,10/15/2023
SALE001235,CUST1235,P004,T-shirt,Apparel,4,223.64,0.22,1/15/2025
SALE001236,CUST1236,P003,Notebook,Stationery,1,491.93,0.06,2/10/2024
SALE001237,CUST1237,P003,Notebook,Stationery,1,225.99,0.27,4/10/2025
SALE001238,CUST1238,P001,Smartphone,Electronics,3,85.99,0.25,8/3/2023
SALE001239,CUST1239,P005,Blender,Home Appliance,4,90.42,0.05,9/1/2024
SALE001240,CUST1240,P003,Notebook,Stationery,2,315.84,0.26,12/12/2024
SALE001241,CUST1241,P005,Blender,Home Appliance,1,319.71,0.08,6/6/2024
SALE001242,CUST1242,P003,Notebook,Stationery,4,238.44,0.02,10/4/2024
SALE001243,CUST1243,P002,Shoes,Footwear,3,244.33,0.2,7/8/2024
SALE001244,CUST1244,P005,Blender,Home Appliance,2,74.27,0.2,8/19/2023
SALE001245,CUST1245,P003,Notebook,Stationery,3,282.45,0.03,2/24/2025
SALE001246,CUST1246,P004,T-shirt,Apparel,1,277.13,0.1,7/6/2023
SALE001247,CUST1247,P004,T-shirt,Apparel,4,117.3,0.3,4/21/2023
SALE001248,CUST1248,P004,T-shirt,Apparel,4,96.73,0.2,12/7/2024
SALE001249,CUST1249,P001,Smartphone,Electronics,4,105.61,0.22,1/1/2025
SALE001250,CUST1250,P002,Shoes,Footwear,4,95.46,0.06,10/1/2024
SALE001251,CUST1251,P004,T-shirt,Apparel,2,324.37,0.02,9/16/2024
SALE001252,CUST1252,P005,Blender,Home Appliance,2,138.42,0.08,5/25/2024
SALE001253,CUST1253,P003,Notebook,Stationery,3,163.14,0.07,6/22/2024
SALE001254,CUST1254,P004,T-shirt,Apparel,2,128.11,0.07,10/1/2023
SALE001255,CUST1255,P004,T-shirt,Apparel,1,481.03,0.06,1/12/2025
SALE001256,CUST1256,P005,Blender,Home Appliance,1,434.58,0.17,10/20/2024
SALE001257,CUST1257,P004,T-shirt,Apparel,4,153.72,0.1,11/14/2023
SALE001258,CUST1258,P001,Smartphone,Electronics,1,197.4,0.25,9/9/2023
SALE001259,CUST1259,P001,Smartphone,Electronics,3,144.45,0.06,7/1/2024
SALE001260,CUST1260,P005,Blender,Home Appliance,2,271.34,0.14,6/23/2024
SALE001261,CUST1261,P002,Shoes,Footwear,2,58.82,0,3/17/2024
SALE001262,CUST1262,P001,Smartphone,Electronics,2,352.12,0.14,5/19/2023
SALE001263,CUST1263,P004,T-shirt,Apparel,1,285.42,0.02,6/27/2024
SALE001264,CUST1264,P004,T-shirt,Apparel,2,454.39,0.29,12/4/2024
SALE001265,CUST1265,P003,Notebook,Stationery,4,123.98,0.24,1/10/2025
SALE001266,CUST1266,P003,Notebook,Stationery,4,411.85,0.15,2/21/2024
SALE001267,CUST1267,P001,Smartphone,Electronics,4,406.38,0.03,10/11/2023
SALE001268,CUST1268,P003,Notebook,Stationery,1,107.23,0.18,12/11/2023
SALE001269,CUST1269,P005,Blender,Home Appliance,2,229.35,0.23,9/26/2024
SALE001270,CUST1270,P002,Shoes,Footwear,1,126.57,0.06,12/12/2023
SALE001271,CUST1271,P003,Notebook,Stationery,2,164.62,0.17,7/25/2024
SALE001272,CUST1272,P003,Notebook,Stationery,3,168.46,0.24,5/6/2024
SALE001273,CUST1273,P001,Smartphone,Electronics,3,300.31,0.23,3/2/2024
SALE001274,CUST1274,P001,Smartphone,Electronics,1,235.13,0.24,5/8/2024
SALE001275,CUST1275,P004,T-shirt,Apparel,4,476.48,0.26,6/5/2024
SALE001276,CUST1276,P002,Shoes,Footwear,1,106.87,0.28,2/10/2024
SALE001277,CUST1277,P004,T-shirt,Apparel,4,488.16,0.12,1/19/2025
SALE001278,CUST1278,P002,Shoes,Footwear,2,153.79,0.17,7/24/2024
SALE001279,CUST1279,P004,T-shirt,Apparel,4,397.79,0.24,8/28/2023
SALE001280,CUST1280,P005,Blender,Home Appliance,4,202.54,0.21,8/28/2023
SALE001281,CUST1281,P004,T-shirt,Apparel,2,114.39,0.3,6/7/2023
SALE001282,CUST1282,P002,Shoes,Footwear,3,436.05,0,9/3/2024
SALE001283,CUST1283,P002,Shoes,Footwear,2,188.99,0.11,2/4/2025
SALE001284,CUST1284,P005,Blender,Home Appliance,1,346.48,0.08,3/11/2024
SALE001285,CUST1285,P002,Shoes,Footwear,1,304.9,0.08,5/8/2024
SALE001286,CUST1286,P005,Blender,Home Appliance,1,262.29,0.07,3/2/2025
SALE001287,CUST1287,P001,Smartphone,Electronics,1,273.12,0.21,12/13/2023
SALE001288,CUST1288,P001,Smartphone,Electronics,1,379.51,0.03,6/23/2023
SALE001289,CUST1289,P005,Blender,Home Appliance,3,89.5,0.22,5/16/2024
SALE001290,CUST1290,P002,Shoes,Footwear,3,350.68,0.21,6/14/2023
SALE001291,CUST1291,P002,Shoes,Footwear,4,453.12,0.08,8/25/2024
SALE001292,CUST1292,P001,Smartphone,Electronics,1,76,0.08,9/11/2024
SALE001293,CUST1293,P003,Notebook,Stationery,2,113.29,0.19,7/26/2023
SALE001294,CUST1294,P001,Smartphone,Electronics,1,372.48,0.23,12/17/2024
SALE001295,CUST1295,P001,Smartphone,Electronics,3,246.78,0.26,10/17/2024
SALE001296,CUST1296,P002,Shoes,Footwear,1,231.6,0.26,3/23/2025
SALE001297,CUST1297,P001,Smartphone,Electronics,3,111.63,0.29,7/1/2023
SALE001298,CUST1298,P002,Shoes,Footwear,4,278.05,0.17,8/14/2024
SALE001299,CUST1299,P003,Notebook,Stationery,4,106.95,0.27,8/10/2024
SALE001300,CUST1300,P001,Smartphone,Electronics,4,264.48,0.24,1/24/2024
SALE001301,CUST1301,P004,T-shirt,Apparel,3,393.63,0.27,4/5/2024
SALE001302,CUST1302,P002,Shoes,Footwear,1,166.22,0,1/11/2025
SALE001303,CUST1303,P004,T-shirt,Apparel,1,266.35,0.29,1/1/2025
SALE001304,CUST1304,P005,Blender,Home Appliance,2,496.41,0.14,5/12/2024
SALE001305,CUST1305,P001,Smartphone,Electronics,3,358.99,0.24,3/10/2025
SALE001306,CUST1306,P001,Smartphone,Electronics,2,428.61,0.04,4/16/2024
SALE001307,CUST1307,P005,Blender,Home Appliance,4,236.68,0.12,4/12/2025
SALE001308,CUST1308,P005,Blender,Home Appliance,1,395.54,0.08,5/3/2024
SALE001309,CUST1309,P001,Smartphone,Electronics,3,68.23,0.09,3/6/2025
SALE001310,CUST1310,P003,Notebook,Stationery,2,105.31,0.04,7/25/2024
SALE001311,CUST1311,P001,Smartphone,Electronics,2,141.38,0.24,3/23/2025
SALE001312,CUST1312,P002,Shoes,Footwear,2,230.88,0,8/25/2024
SALE001313,CUST1313,P003,Notebook,Stationery,1,430.59,0.09,10/8/2024
SALE001314,CUST1314,P001,Smartphone,Electronics,1,205.82,0.05,11/28/2023
SALE001315,CUST1315,P004,T-shirt,Apparel,1,344.58,0.18,6/30/2024
SALE001316,CUST1316,P003,Notebook,Stationery,3,369.19,0.08,12/22/2023
SALE001317,CUST1317,P001,Smartphone,Electronics,1,313.78,0.08,6/23/2023
SALE001318,CUST1318,P001,Smartphone,Electronics,3,210.76,0.15,1/5/2024
SALE001319,CUST1319,P004,T-shirt,Apparel,2,309.67,0.2,10/2/2023
SALE001320,CUST1320,P003,Notebook,Stationery,2,204.02,0.04,4/6/2024
SALE001321,CUST1321,P004,T-shirt,Apparel,4,87.74,0.05,8/2/2023
SALE001322,CUST1322,P001,Smartphone,Electronics,1,496.76,0.07,2/22/2025
SALE001323,CUST1323,P001,Smartphone,Electronics,2,107.23,0.29,12/1/2023
SALE001324,CUST1324,P004,T-shirt,Apparel,1,82.56,0.12,10/23/2023
SALE001325,CUST1325,P001,Smartphone,Electronics,3,445.34,0.18,7/11/2023
SALE001326,CUST1326,P004,T-shirt,Apparel,2,185.83,0.07,6/6/2023
SALE001327,CUST1327,P003,Notebook,Stationery,1,342.63,0.15,5/28/2023
SALE001328,CUST1328,P005,Blender,Home Appliance,2,198.05,0.02,11/12/2024
SALE001329,CUST1329,P003,Notebook,Stationery,2,226.15,0.01,8/24/2024
SALE001330,CUST1330,P004,T-shirt,Apparel,1,167.95,0.14,8/25/2024
SALE001331,CUST1331,P005,Blender,Home Appliance,2,204.37,0.12,3/3/2024
SALE001332,CUST1332,P004,T-shirt,Apparel,2,234.82,0.04,5/15/2024
SALE001333,CUST1333,P005,Blender,Home Appliance,2,374.19,0.21,6/23/2024
SALE001334,CUST1334,P005,Blender,Home Appliance,2,280.19,0.3,3/22/2024
SALE001335,CUST1335,P004,T-shirt,Apparel,3,474.6,0.12,9/16/2023
SALE001336,CUST1336,P002,Shoes,Footwear,2,68.85,0.19,11/10/2023
SALE001337,CUST1337,P001,Smartphone,Electronics,4,276.38,0.29,5/10/2024
SALE001338,CUST1338,P002,Shoes,Footwear,2,312.9,0.25,1/27/2025
SALE001339,CUST1339,P003,Notebook,Stationery,1,464.09,0.14,12/10/2024
SALE001340,CUST1340,P001,Smartphone,Electronics,4,72.12,0.22,12/25/2024
SALE001341,CUST1341,P004,T-shirt,Apparel,3,308.07,0.04,10/20/2024
SALE001342,CUST1342,P005,Blender,Home Appliance,4,434.13,0.15,7/31/2024
SALE001343,CUST1343,P001,Smartphone,Electronics,4,158.87,0.08,12/15/2023
SALE001344,CUST1344,P003,Notebook,Stationery,4,444.33,0.05,10/4/2024
SALE001345,CUST1345,P003,Notebook,Stationery,1,58.57,0.13,11/19/2024
SALE001346,CUST1346,P005,Blender,Home Appliance,1,379.6,0.04,11/2/2024
SALE001347,CUST1347,P001,Smartphone,Electronics,1,469.9,0.21,5/24/2024
SALE001348,CUST1348,P002,Shoes,Footwear,3,345.74,0.14,11/15/2023
SALE001349,CUST1349,P005,Blender,Home Appliance,1,247.56,0.16,3/5/2025
SALE001350,CUST1350,P005,Blender,Home Appliance,1,70.2,0.04,3/10/2024
SALE001351,CUST1351,P001,Smartphone,Electronics,4,464.05,0.04,2/20/2024
SALE001352,CUST1352,P005,Blender,Home Appliance,1,261.63,0.18,12/2/2024
SALE001353,CUST1353,P001,Smartphone,Electronics,2,63.05,0.3,12/23/2023
SALE001354,CUST1354,P001,Smartphone,Electronics,1,360.42,0.03,6/28/2024
SALE001355,CUST1355,P001,Smartphone,Electronics,3,266.83,0.09,10/29/2024
SALE001356,CUST1356,P003,Notebook,Stationery,3,105.96,0.26,3/20/2024
SALE001357,CUST1357,P003,Notebook,Stationery,2,146.42,0.02,10/13/2024
SALE001358,CUST1358,P004,T-shirt,Apparel,3,79.02,0.26,6/9/2024
SALE001359,CUST1359,P004,T-shirt,Apparel,3,308.43,0.16,5/8/2024
SALE001360,CUST1360,P004,T-shirt,Apparel,4,329.91,0.12,4/29/2024
SALE001361,CUST1361,P004,T-shirt,Apparel,2,277.58,0.09,2/9/2024
SALE001362,CUST1362,P004,T-shirt,Apparel,4,417.7,0.09,7/20/2024
SALE001363,CUST1363,P004,T-shirt,Apparel,4,437.45,0.09,8/27/2023
SALE001364,CUST1364,P001,Smartphone,Electronics,1,327.03,0.27,1/19/2024
SALE001365,CUST1365,P005,Blender,Home Appliance,2,55.74,0.22,10/26/2024
SALE001366,CUST1366,P003,Notebook,Stationery,1,362.85,0.2,1/23/2025
SALE001367,CUST1367,P002,Shoes,Footwear,1,238.1,0.24,1/24/2024
SALE001368,CUST1368,P003,Notebook,Stationery,4,304.5,0.08,11/2/2023
SALE001369,CUST1369,P005,Blender,Home Appliance,3,342.09,0.19,2/11/2024
SALE001370,CUST1370,P004,T-shirt,Apparel,2,207.61,0.14,8/14/2024
SALE001371,CUST1371,P001,Smartphone,Electronics,3,462.69,0.23,3/30/2025
SALE001372,CUST1372,P001,Smartphone,Electronics,4,110.29,0.09,12/17/2024
SALE001373,CUST1373,P004,T-shirt,Apparel,4,352.18,0.19,3/23/2024
SALE001374,CUST1374,P001,Smartphone,Electronics,4,51.96,0.26,5/27/2024
SALE001375,CUST1375,P005,Blender,Home Appliance,4,466.09,0.12,5/19/2024
SALE001376,CUST1376,P002,Shoes,Footwear,4,100.63,0.02,6/11/2023
SALE001377,CUST1377,P001,Smartphone,Electronics,4,92.7,0.15,2/8/2025
SALE001378,CUST1378,P004,T-shirt,Apparel,3,199.85,0.1,12/4/2023
SALE001379,CUST1379,P004,T-shirt,Apparel,1,218.1,0.2,1/24/2025
SALE001380,CUST1380,P003,Notebook,Stationery,3,146.44,0.29,12/6/2023
SALE001381,CUST1381,P003,Notebook,Stationery,2,313.3,0.15,4/6/2024
SALE001382,CUST1382,P001,Smartphone,Electronics,3,249.31,0.14,9/20/2023
SALE001383,CUST1383,P004,T-shirt,Apparel,4,65.38,0.2,9/9/2023
SALE001384,CUST1384,P004,T-shirt,Apparel,3,193.84,0.03,12/12/2024
SALE001385,CUST1385,P001,Smartphone,Electronics,1,414.69,0.08,2/16/2024
SALE001386,CUST1386,P002,Shoes,Footwear,2,360.37,0.28,6/9/2023
SALE001387,CUST1387,P002,Shoes,Footwear,3,376.19,0.2,12/25/2023
SALE001388,CUST1388,P002,Shoes,Footwear,1,364.15,0,5/21/2023
SALE001389,CUST1389,P005,Blender,Home Appliance,3,189.94,0.06,9/17/2023
SALE001390,CUST1390,P001,Smartphone,Electronics,2,94.85,0.2,9/13/2023
SALE001391,CUST1391,P003,Notebook,Stationery,3,172.61,0.23,8/3/2024
SALE001392,CUST1392,P003,Notebook,Stationery,4,424.3,0.25,1/18/2024
SALE001393,CUST1393,P002,Shoes,Footwear,3,491.21,0.09,10/30/2023
SALE001394,CUST1394,P003,Notebook,Stationery,1,272.23,0.28,8/18/2024
SALE001395,CUST1395,P004,T-shirt,Apparel,3,54.37,0.17,12/5/2024
SALE001396,CUST1396,P005,Blender,Home Appliance,1,113.02,0.21,9/24/2024
SALE001397,CUST1397,P002,Shoes,Footwear,2,194.94,0.18,10/28/2023
SALE001398,CUST1398,P004,T-shirt,Apparel,3,310.36,0.04,7/8/2023
SALE001399,CUST1399,P004,T-shirt,Apparel,2,83.79,0.29,9/23/2024
SALE001400,CUST1400,P002,Shoes,Footwear,2,474.51,0.04,4/24/2023
SALE001401,CUST1401,P003,Notebook,Stationery,3,214.29,0.08,5/8/2023
SALE001402,CUST1402,P002,Shoes,Footwear,1,460.66,0.24,11/25/2024
SALE001403,CUST1403,P002,Shoes,Footwear,2,401.23,0.19,6/16/2024
SALE001404,CUST1404,P001,Smartphone,Electronics,2,389.95,0.25,8/11/2023
SALE001405,CUST1405,P005,Blender,Home Appliance,3,323.02,0.15,1/9/2024
SALE001406,CUST1406,P003,Notebook,Stationery,3,332.05,0.11,5/31/2024
SALE001407,CUST1407,P005,Blender,Home Appliance,3,337.1,0.28,6/29/2024
SALE001408,CUST1408,P002,Shoes,Footwear,3,332.92,0.01,3/17/2024
SALE001409,CUST1409,P005,Blender,Home Appliance,3,299.18,0.26,7/29/2023
SALE001410,CUST1410,P003,Notebook,Stationery,4,493.89,0.07,2/8/2024
SALE001411,CUST1411,P005,Blender,Home Appliance,3,379.53,0.25,11/3/2024
SALE001412,CUST1412,P005,Blender,Home Appliance,1,399.63,0.04,4/20/2023
SALE001413,CUST1413,P005,Blender,Home Appliance,2,442.61,0.17,5/9/2024
SALE001414,CUST1414,P004,T-shirt,Apparel,1,147.04,0.27,8/23/2024
SALE001415,CUST1415,P002,Shoes,Footwear,1,87.71,0.14,7/14/2023
SALE001416,CUST1416,P003,Notebook,Stationery,4,267.3,0.22,5/28/2023
SALE001417,CUST1417,P005,Blender,Home Appliance,3,281.34,0.24,9/17/2024
SALE001418,CUST1418,P004,T-shirt,Apparel,2,423.13,0.22,9/14/2023
SALE001419,CUST1419,P002,Shoes,Footwear,1,249.7,0.28,6/17/2024
SALE001420,CUST1420,P004,T-shirt,Apparel,3,306.88,0.13,10/17/2023
SALE001421,CUST1421,P002,Shoes,Footwear,3,287.18,0.05,11/24/2023
SALE001422,CUST1422,P005,Blender,Home Appliance,4,67.19,0.01,4/30/2023
SALE001423,CUST1423,P005,Blender,Home Appliance,4,326.85,0.07,6/12/2024
SALE001424,CUST1424,P002,Shoes,Footwear,4,422.62,0.04,3/5/2024
SALE001425,CUST1425,P002,Shoes,Footwear,2,120.88,0.17,9/24/2024
SALE001426,CUST1426,P003,Notebook,Stationery,1,317.45,0.06,12/26/2023
SALE001427,CUST1427,P004,T-shirt,Apparel,4,317.12,0.01,11/24/2024
SALE001428,CUST1428,P001,Smartphone,Electronics,4,123.88,0.01,7/29/2024
SALE001429,CUST1429,P002,Shoes,Footwear,4,105.56,0.25,8/6/2023
SALE001430,CUST1430,P003,Notebook,Stationery,1,491.02,0.18,3/17/2024
SALE001431,CUST1431,P001,Smartphone,Electronics,1,227.17,0.11,6/29/2023
SALE001432,CUST1432,P005,Blender,Home Appliance,4,152.34,0.27,10/6/2024
SALE001433,CUST1433,P002,Shoes,Footwear,4,127.1,0.02,10/19/2023
SALE001434,CUST1434,P005,Blender,Home Appliance,3,350.42,0.29,5/22/2023
SALE001435,CUST1435,P005,Blender,Home Appliance,4,324.25,0.18,7/31/2023
SALE001436,CUST1436,P004,T-shirt,Apparel,2,339.6,0.06,10/29/2024
SALE001437,CUST1437,P004,T-shirt,Apparel,2,89.6,0.2,12/31/2023
SALE001438,CUST1438,P002,Shoes,Footwear,4,452.09,0.23,10/4/2023
SALE001439,CUST1439,P005,Blender,Home Appliance,1,225.17,0.13,10/10/2024
SALE001440,CUST1440,P005,Blender,Home Appliance,3,191.02,0.26,6/15/2024
SALE001441,CUST1441,P003,Notebook,Stationery,1,258.06,0.05,2/20/2025
SALE001442,CUST1442,P004,T-shirt,Apparel,4,225.53,0.08,12/15/2023
SALE001443,CUST1443,P003,Notebook,Stationery,2,438.61,0.03,2/10/2025
SALE001444,CUST1444,P005,Blender,Home Appliance,3,468.17,0.06,3/14/2024
SALE001445,CUST1445,P003,Notebook,Stationery,1,186.55,0.07,7/9/2023
SALE001446,CUST1446,P003,Notebook,Stationery,1,438.77,0.28,12/13/2023
SALE001447,CUST1447,P002,Shoes,Footwear,4,401.69,0.02,6/28/2024
SALE001448,CUST1448,P004,T-shirt,Apparel,3,468.86,0.13,6/7/2024
SALE001449,CUST1449,P002,Shoes,Footwear,2,160.59,0.16,2/15/2025
SALE001450,CUST1450,P005,Blender,Home Appliance,4,309.63,0.27,1/8/2025
SALE001451,CUST1451,P005,Blender,Home Appliance,3,173.55,0.3,1/6/2024
SALE001452,CUST1452,P002,Shoes,Footwear,1,420.84,0.23,7/16/2024
SALE001453,CUST1453,P003,Notebook,Stationery,4,52.4,0.29,5/25/2023
SALE001454,CUST1454,P004,T-shirt,Apparel,1,304.17,0.24,2/5/2025
SALE001455,CUST1455,P003,Notebook,Stationery,1,202.64,0.29,12/9/2024
SALE001456,CUST1456,P002,Shoes,Footwear,4,195.21,0.21,4/2/2024
SALE001457,CUST1457,P002,Shoes,Footwear,4,340.21,0.02,10/16/2023
SALE001458,CUST1458,P005,Blender,Home Appliance,4,433.17,0.12,2/13/2025
SALE001459,CUST1459,P001,Smartphone,Electronics,4,324.14,0.19,6/21/2024
SALE001460,CUST1460,P005,Blender,Home Appliance,4,433.93,0.11,11/8/2023
SALE001461,CUST1461,P005,Blender,Home Appliance,1,169.07,0.08,7/1/2024
SALE001462,CUST1462,P004,T-shirt,Apparel,2,283.78,0.17,8/29/2023
SALE001463,CUST1463,P004,T-shirt,Apparel,2,252.74,0.28,11/9/2024
SALE001464,CUST1464,P004,T-shirt,Apparel,4,55.24,0.01,11/2/2024
SALE001465,CUST1465,P002,Shoes,Footwear,1,300.57,0.23,6/5/2024
SALE001466,CUST1466,P002,Shoes,Footwear,2,347.69,0.22,3/13/2024
SALE001467,CUST1467,P004,T-shirt,Apparel,2,316.36,0.29,1/12/2024
SALE001468,CUST1468,P002,Shoes,Footwear,2,381.33,0.28,9/18/2024
SALE001469,CUST1469,P003,Notebook,Stationery,1,307.1,0.23,9/20/2023
SALE001470,CUST1470,P002,Shoes,Footwear,4,80.04,0.16,11/24/2023
SALE001471,CUST1471,P002,Shoes,Footwear,4,102.4,0.06,10/24/2024
SALE001472,CUST1472,P003,Notebook,Stationery,4,318.41,0.16,2/17/2025
SALE001473,CUST1473,P001,Smartphone,Electronics,3,173.74,0.23,2/5/2025
SALE001474,CUST1474,P004,T-shirt,Apparel,3,85.84,0.27,10/23/2023
SALE001475,CUST1475,P002,Shoes,Footwear,3,243.32,0.24,2/22/2024
SALE001476,CUST1476,P001,Smartphone,Electronics,1,299.45,0.06,2/17/2024
SALE001477,CUST1477,P001,Smartphone,Electronics,2,197.94,0.18,5/16/2024
SALE001478,CUST1478,P004,T-shirt,Apparel,2,374.2,0.1,12/28/2024
SALE001479,CUST1479,P004,T-shirt,Apparel,1,339.7,0,11/4/2024
SALE001480,CUST1480,P002,Shoes,Footwear,1,199.77,0.06,6/11/2023
SALE001481,CUST1481,P002,Shoes,Footwear,4,389.69,0.03,12/2/2023
SALE001482,CUST1482,P003,Notebook,Stationery,4,341.91,0.25,9/12/2023
SALE001483,CUST1483,P001,Smartphone,Electronics,3,336.85,0.08,3/24/2024
SALE001484,CUST1484,P001,Smartphone,Electronics,3,299.04,0.09,10/26/2024
SALE001485,CUST1485,P003,Notebook,Stationery,1,55.13,0.29,7/30/2024
SALE001486,CUST1486,P002,Shoes,Footwear,3,363.43,0.11,3/6/2024
SALE001487,CUST1487,P001,Smartphone,Electronics,2,219.22,0,8/7/2024
SALE001488,CUST1488,P003,Notebook,Stationery,1,474.17,0.09,3/5/2025
SALE001489,CUST1489,P004,T-shirt,Apparel,1,418.09,0.04,2/11/2024
SALE001490,CUST1490,P002,Shoes,Footwear,2,314.46,0.03,10/27/2023
SALE001491,CUST1491,P003,Notebook,Stationery,4,163.48,0.02,6/25/2023
SALE001492,CUST1492,P003,Notebook,Stationery,4,141.67,0.18,11/6/2024
SALE001493,CUST1493,P002,Shoes,Footwear,2,203.17,0.06,5/22/2023
SALE001494,CUST1494,P004,T-shirt,Apparel,2,264.46,0.11,2/4/2025
SALE001495,CUST1495,P002,Shoes,Footwear,3,183.23,0.26,4/14/2025
SALE001496,CUST1496,P004,T-shirt,Apparel,1,281.72,0.13,10/29/2023
SALE001497,CUST1497,P002,Shoes,Footwear,3,124.42,0.27,5/15/2024
SALE001498,CUST1498,P005,Blender,Home Appliance,2,489.97,0.15,4/12/2024
SALE001499,CUST1499,P005,Blender,Home Appliance,3,98.57,0.12,12/4/2023
SALE001500,CUST1500,P004,T-shirt,Apparel,2,469.37,0.23,3/16/2025
SALE001501,CUST1501,P002,Shoes,Footwear,3,461.11,0.02,2/15/2025
SALE001502,CUST1502,P002,Shoes,Footwear,3,286.41,0.03,2/1/2024
SALE001503,CUST1503,P002,Shoes,Footwear,4,376.21,0.2,4/25/2023
SALE001504,CUST1504,P003,Notebook,Stationery,2,246.22,0.15,3/23/2025
SALE001505,CUST1505,P004,T-shirt,Apparel,3,333.52,0.24,3/8/2024
SALE001506,CUST1506,P001,Smartphone,Electronics,1,203.26,0.27,7/9/2024
SALE001507,CUST1507,P003,Notebook,Stationery,3,185.52,0.12,8/18/2024
SALE001508,CUST1508,P003,Notebook,Stationery,3,310.2,0.18,1/2/2024
SALE001509,CUST1509,P003,Notebook,Stationery,1,274.16,0.15,10/5/2023
SALE001510,CUST1510,P003,Notebook,Stationery,2,310.79,0.29,8/27/2024
SALE001511,CUST1511,P003,Notebook,Stationery,4,179,0.25,1/13/2025
SALE001512,CUST1512,P001,Smartphone,Electronics,4,215.13,0.27,6/12/2024
SALE001513,CUST1513,P003,Notebook,Stationery,4,87.75,0.08,3/28/2024
SALE001514,CUST1514,P002,Shoes,Footwear,1,73.52,0.23,7/30/2023
SALE001515,CUST1515,P003,Notebook,Stationery,3,164.06,0.08,12/26/2024
SALE001516,CUST1516,P003,Notebook,Stationery,2,83.41,0.06,9/21/2023
SALE001517,CUST1517,P002,Shoes,Footwear,3,96.7,0.28,5/23/2024
SALE001518,CUST1518,P001,Smartphone,Electronics,4,415.82,0.01,5/31/2024
SALE001519,CUST1519,P001,Smartphone,Electronics,3,67.49,0.29,6/23/2023
SALE001520,CUST1520,P001,Smartphone,Electronics,1,346.52,0.04,9/27/2024
SALE001521,CUST1521,P004,T-shirt,Apparel,1,172.65,0.25,1/27/2024
SALE001522,CUST1522,P003,Notebook,Stationery,2,442.2,0.08,4/19/2023
SALE001523,CUST1523,P003,Notebook,Stationery,2,268.25,0.11,1/3/2024
SALE001524,CUST1524,P005,Blender,Home Appliance,4,187.51,0.07,10/17/2023
SALE001525,CUST1525,P003,Notebook,Stationery,2,282.94,0.18,2/21/2024
SALE001526,CUST1526,P003,Notebook,Stationery,3,221.88,0.1,11/4/2024
SALE001527,CUST1527,P005,Blender,Home Appliance,1,303.94,0.2,2/9/2024
SALE001528,CUST1528,P003,Notebook,Stationery,1,101.54,0,4/4/2024
SALE001529,CUST1529,P004,T-shirt,Apparel,1,498.65,0.02,7/5/2024
SALE001530,CUST1530,P003,Notebook,Stationery,2,241.5,0.03,5/17/2023
SALE001531,CUST1531,P002,Shoes,Footwear,1,206.7,0.13,7/18/2023
SALE001532,CUST1532,P001,Smartphone,Electronics,1,369.59,0.24,7/2/2024
SALE001533,CUST1533,P005,Blender,Home Appliance,1,213.75,0.27,5/29/2024
SALE001534,CUST1534,P005,Blender,Home Appliance,4,424.97,0.07,6/29/2024
SALE001535,CUST1535,P003,Notebook,Stationery,4,254.42,0.17,1/22/2025
SALE001536,CUST1536,P002,Shoes,Footwear,2,373.8,0.23,2/15/2025
SALE001537,CUST1537,P003,Notebook,Stationery,1,98.35,0.09,7/28/2024
SALE001538,CUST1538,P004,T-shirt,Apparel,2,430.75,0.12,1/18/2024
SALE001539,CUST1539,P002,Shoes,Footwear,1,381.07,0.16,6/19/2023
SALE001540,CUST1540,P005,Blender,Home Appliance,1,145.27,0.04,8/19/2023
SALE001541,CUST1541,P001,Smartphone,Electronics,1,115.38,0.01,6/21/2024
SALE001542,CUST1542,P003,Notebook,Stationery,2,192.33,0.05,10/7/2024
SALE001543,CUST1543,P001,Smartphone,Electronics,2,489.23,0.19,8/2/2023
SALE001544,CUST1544,P002,Shoes,Footwear,1,165.57,0.02,10/30/2024
SALE001545,CUST1545,P005,Blender,Home Appliance,3,255.26,0.06,10/7/2024
SALE001546,CUST1546,P001,Smartphone,Electronics,2,63.51,0.1,12/31/2024
SALE001547,CUST1547,P001,Smartphone,Electronics,4,228.75,0.02,2/12/2025
SALE001548,CUST1548,P004,T-shirt,Apparel,2,307.09,0.06,11/24/2023
SALE001549,CUST1549,P003,Notebook,Stationery,1,478.91,0.27,7/3/2023
SALE001550,CUST1550,P004,T-shirt,Apparel,3,282.53,0.01,9/9/2024
SALE001551,CUST1551,P005,Blender,Home Appliance,1,418.6,0.2,10/13/2024
SALE001552,CUST1552,P002,Shoes,Footwear,4,296.21,0.12,12/11/2024
SALE001553,CUST1553,P003,Notebook,Stationery,2,68.35,0.2,1/24/2025
SALE001554,CUST1554,P004,T-shirt,Apparel,2,191.75,0.18,10/20/2024
SALE001555,CUST1555,P003,Notebook,Stationery,1,309,0.07,9/16/2024
SALE001556,CUST1556,P002,Shoes,Footwear,1,477.77,0.25,10/6/2023
SALE001557,CUST1557,P005,Blender,Home Appliance,4,436.61,0.15,10/31/2024
SALE001558,CUST1558,P005,Blender,Home Appliance,3,152.76,0.25,5/25/2024
SALE001559,CUST1559,P005,Blender,Home Appliance,4,149.05,0.12,1/27/2024
SALE001560,CUST1560,P004,T-shirt,Apparel,3,140.53,0.3,5/5/2023
SALE001561,CUST1561,P002,Shoes,Footwear,2,465.12,0.23,12/30/2023
SALE001562,CUST1562,P003,Notebook,Stationery,3,433.7,0.29,6/14/2023
SALE001563,CUST1563,P004,T-shirt,Apparel,3,398.7,0.15,11/21/2023
SALE001564,CUST1564,P002,Shoes,Footwear,2,226.73,0.14,4/26/2024
SALE001565,CUST1565,P003,Notebook,Stationery,2,276.97,0.23,5/30/2023
SALE001566,CUST1566,P002,Shoes,Footwear,2,258.95,0.26,2/18/2025
SALE001567,CUST1567,P005,Blender,Home Appliance,4,164.03,0.29,6/8/2024
SALE001568,CUST1568,P005,Blender,Home Appliance,2,277.26,0.1,4/13/2024
SALE001569,CUST1569,P005,Blender,Home Appliance,1,63.72,0.24,1/26/2024
SALE001570,CUST1570,P004,T-shirt,Apparel,2,109.31,0.06,5/5/2023
SALE001571,CUST1571,P003,Notebook,Stationery,2,448.97,0.16,2/3/2025
SALE001572,CUST1572,P005,Blender,Home Appliance,2,388.26,0.05,9/8/2024
SALE001573,CUST1573,P001,Smartphone,Electronics,3,240.29,0.1,7/15/2023
SALE001574,CUST1574,P003,Notebook,Stationery,4,282.72,0.28,12/10/2023
SALE001575,CUST1575,P002,Shoes,Footwear,2,216.5,0.04,2/22/2024
SALE001576,CUST1576,P001,Smartphone,Electronics,4,383.35,0.19,3/5/2025
SALE001577,CUST1577,P001,Smartphone,Electronics,1,402.88,0.18,3/12/2025
SALE001578,CUST1578,P004,T-shirt,Apparel,1,393.48,0.04,1/15/2025
SALE001579,CUST1579,P003,Notebook,Stationery,2,375.18,0.1,5/25/2024
SALE001580,CUST1580,P001,Smartphone,Electronics,1,142.03,0.17,12/23/2023
SALE001581,CUST1581,P003,Notebook,Stationery,4,202.09,0.06,3/17/2024
SALE001582,CUST1582,P003,Notebook,Stationery,3,261.43,0.24,3/12/2024
SALE001583,CUST1583,P001,Smartphone,Electronics,2,198.86,0.29,1/6/2025
SALE001584,CUST1584,P005,Blender,Home Appliance,1,389.72,0.06,9/21/2024
SALE001585,CUST1585,P002,Shoes,Footwear,4,198.21,0.06,6/30/2024
SALE001586,CUST1586,P003,Notebook,Stationery,4,112.2,0.14,12/14/2023
SALE001587,CUST1587,P004,T-shirt,Apparel,1,229.57,0.22,3/8/2025
SALE001588,CUST1588,P005,Blender,Home Appliance,4,490.96,0.08,10/22/2024
SALE001589,CUST1589,P002,Shoes,Footwear,4,151.65,0.01,1/18/2024
SALE001590,CUST1590,P002,Shoes,Footwear,2,325.47,0.16,3/31/2024
SALE001591,CUST1591,P001,Smartphone,Electronics,4,244.84,0.29,2/18/2025
SALE001592,CUST1592,P003,Notebook,Stationery,1,81.96,0.12,12/1/2023
SALE001593,CUST1593,P004,T-shirt,Apparel,2,269.54,0.13,2/10/2025
SALE001594,CUST1594,P005,Blender,Home Appliance,1,365.97,0.29,3/11/2024
SALE001595,CUST1595,P002,Shoes,Footwear,3,280.95,0.21,7/24/2023
SALE001596,CUST1596,P003,Notebook,Stationery,1,442.45,0.22,12/25/2024
SALE001597,CUST1597,P003,Notebook,Stationery,1,180.02,0.17,10/28/2023
SALE001598,CUST1598,P002,Shoes,Footwear,2,88.81,0.29,7/1/2024
SALE001599,CUST1599,P001,Smartphone,Electronics,4,471.45,0.21,10/18/2023
SALE001600,CUST1600,P001,Smartphone,Electronics,1,220.19,0.27,3/3/2024
SALE001601,CUST1601,P005,Blender,Home Appliance,2,309.38,0.21,11/16/2023
SALE001602,CUST1602,P001,Smartphone,Electronics,3,406.4,0.22,3/27/2024
SALE001603,CUST1603,P002,Shoes,Footwear,2,195.94,0.09,1/9/2024
SALE001604,CUST1604,P003,Notebook,Stationery,2,372.27,0.09,3/9/2025
SALE001605,CUST1605,P004,T-shirt,Apparel,4,110.94,0.23,8/24/2024
SALE001606,CUST1606,P003,Notebook,Stationery,1,181.08,0.09,1/15/2025
SALE001607,CUST1607,P002,Shoes,Footwear,3,115.12,0.17,2/1/2025
SALE001608,CUST1608,P004,T-shirt,Apparel,2,415.05,0.07,12/23/2023
SALE001609,CUST1609,P005,Blender,Home Appliance,1,150.19,0.25,5/9/2024
SALE001610,CUST1610,P004,T-shirt,Apparel,1,372.83,0.03,7/14/2023
SALE001611,CUST1611,P002,Shoes,Footwear,2,474.48,0.25,5/14/2023
SALE001612,CUST1612,P003,Notebook,Stationery,1,287.5,0.18,2/18/2024
SALE001613,CUST1613,P002,Shoes,Footwear,2,293.01,0.06,1/13/2024
SALE001614,CUST1614,P001,Smartphone,Electronics,2,257.47,0.16,4/23/2024
SALE001615,CUST1615,P001,Smartphone,Electronics,2,196.65,0.08,10/28/2023
SALE001616,CUST1616,P003,Notebook,Stationery,3,264.04,0.1,5/28/2023
SALE001617,CUST1617,P004,T-shirt,Apparel,2,321.26,0.11,4/2/2024
SALE001618,CUST1618,P001,Smartphone,Electronics,4,493.7,0.02,9/14/2024
SALE001619,CUST1619,P004,T-shirt,Apparel,1,471.99,0.3,5/23/2023
SALE001620,CUST1620,P004,T-shirt,Apparel,3,437.97,0.01,8/14/2024
SALE001621,CUST1621,P005,Blender,Home Appliance,1,450.11,0.2,10/12/2024
SALE001622,CUST1622,P004,T-shirt,Apparel,3,260.53,0.11,6/25/2023
SALE001623,CUST1623,P001,Smartphone,Electronics,4,345.85,0.19,4/8/2024
SALE001624,CUST1624,P001,Smartphone,Electronics,3,452.78,0.11,7/10/2023
SALE001625,CUST1625,P004,T-shirt,Apparel,3,226.83,0.2,6/18/2024
SALE001626,CUST1626,P005,Blender,Home Appliance,3,482.79,0.22,11/29/2023
SALE001627,CUST1627,P004,T-shirt,Apparel,1,237.1,0.21,9/21/2023
SALE001628,CUST1628,P002,Shoes,Footwear,2,320.49,0.03,1/8/2025
SALE001629,CUST1629,P004,T-shirt,Apparel,1,369.41,0.2,10/17/2023
SALE001630,CUST1630,P003,Notebook,Stationery,2,477.77,0.08,7/16/2023
SALE001631,CUST1631,P005,Blender,Home Appliance,1,160.08,0.01,7/29/2024
SALE001632,CUST1632,P001,Smartphone,Electronics,4,385.76,0.12,7/15/2023
SALE001633,CUST1633,P002,Shoes,Footwear,4,284.37,0.13,3/7/2024
SALE001634,CUST1634,P001,Smartphone,Electronics,3,170.85,0.14,12/18/2023
SALE001635,CUST1635,P005,Blender,Home Appliance,4,399.47,0.21,6/14/2024
SALE001636,CUST1636,P004,T-shirt,Apparel,3,298.5,0.09,4/8/2025
SALE001637,CUST1637,P005,Blender,Home Appliance,2,347.44,0.09,5/5/2023
SALE001638,CUST1638,P001,Smartphone,Electronics,4,195.31,0.02,2/17/2024
SALE001639,CUST1639,P004,T-shirt,Apparel,2,266.57,0.21,7/14/2024
SALE001640,CUST1640,P003,Notebook,Stationery,1,327.81,0.17,2/8/2025
SALE001641,CUST1641,P001,Smartphone,Electronics,2,232.21,0.1,7/12/2024
SALE001642,CUST1642,P004,T-shirt,Apparel,1,139.27,0.21,5/16/2024
SALE001643,CUST1643,P001,Smartphone,Electronics,2,482.74,0.16,1/16/2025
SALE001644,CUST1644,P003,Notebook,Stationery,2,280.16,0.14,2/15/2025
SALE001645,CUST1645,P004,T-shirt,Apparel,4,380.26,0.15,12/25/2023
SALE001646,CUST1646,P001,Smartphone,Electronics,2,234.97,0.19,2/26/2024
SALE001647,CUST1647,P003,Notebook,Stationery,4,209.81,0.2,1/17/2025
SALE001648,CUST1648,P005,Blender,Home Appliance,4,233.22,0.09,4/19/2023
SALE001649,CUST1649,P001,Smartphone,Electronics,3,234.14,0.04,8/14/2024
SALE001650,CUST1650,P001,Smartphone,Electronics,3,294.88,0.05,7/20/2023
SALE001651,CUST1651,P001,Smartphone,Electronics,1,294.56,0.19,7/1/2023
SALE001652,CUST1652,P002,Shoes,Footwear,2,273.72,0.26,1/17/2024
SALE001653,CUST1653,P003,Notebook,Stationery,1,110.65,0.12,10/27/2023
SALE001654,CUST1654,P001,Smartphone,Electronics,2,273.23,0.05,2/11/2025
SALE001655,CUST1655,P002,Shoes,Footwear,3,126.1,0.23,12/13/2024
SALE001656,CUST1656,P002,Shoes,Footwear,3,106.76,0.25,8/20/2024
SALE001657,CUST1657,P001,Smartphone,Electronics,2,469.69,0.26,11/13/2023
SALE001658,CUST1658,P004,T-shirt,Apparel,2,322.23,0.18,10/4/2024
SALE001659,CUST1659,P001,Smartphone,Electronics,3,346.77,0.26,4/2/2025
SALE001660,CUST1660,P001,Smartphone,Electronics,3,230.81,0,9/20/2024
SALE001661,CUST1661,P003,Notebook,Stationery,1,459.04,0.03,9/9/2024
SALE001662,CUST1662,P001,Smartphone,Electronics,3,337.07,0.03,3/28/2024
SALE001663,CUST1663,P002,Shoes,Footwear,2,396.13,0.21,7/9/2023
SALE001664,CUST1664,P004,T-shirt,Apparel,1,215.85,0.02,9/25/2023
SALE001665,CUST1665,P002,Shoes,Footwear,2,482.01,0.15,7/2/2023
SALE001666,CUST1666,P005,Blender,Home Appliance,4,419.21,0.14,6/1/2023
SALE001667,CUST1667,P005,Blender,Home Appliance,1,434.28,0.09,2/29/2024
SALE001668,CUST1668,P005,Blender,Home Appliance,2,127.49,0.26,4/25/2023
SALE001669,CUST1669,P004,T-shirt,Apparel,3,171.93,0.05,10/24/2024
SALE001670,CUST1670,P005,Blender,Home Appliance,4,178.53,0.11,8/8/2024
SALE001671,CUST1671,P002,Shoes,Footwear,2,171.91,0.23,10/23/2023
SALE001672,CUST1672,P002,Shoes,Footwear,1,434.93,0.01,9/28/2023
SALE001673,CUST1673,P001,Smartphone,Electronics,2,64.35,0.2,7/23/2024
SALE001674,CUST1674,P002,Shoes,Footwear,4,84.24,0.24,3/5/2025
SALE001675,CUST1675,P001,Smartphone,Electronics,1,173.26,0.28,3/12/2024
SALE001676,CUST1676,P005,Blender,Home Appliance,4,139.94,0.26,2/28/2024
SALE001677,CUST1677,P004,T-shirt,Apparel,2,154.34,0.1,11/26/2024
SALE001678,CUST1678,P001,Smartphone,Electronics,3,409.07,0.18,7/5/2023
SALE001679,CUST1679,P003,Notebook,Stationery,3,303.41,0.02,2/12/2024
SALE001680,CUST1680,P005,Blender,Home Appliance,2,52.6,0.08,3/12/2024
SALE001681,CUST1681,P005,Blender,Home Appliance,2,243.2,0.03,2/11/2025
SALE001682,CUST1682,P003,Notebook,Stationery,2,233.55,0.09,8/21/2023
SALE001683,CUST1683,P002,Shoes,Footwear,1,101.28,0.26,3/13/2024
SALE001684,CUST1684,P003,Notebook,Stationery,4,354.26,0.1,11/20/2023
SALE001685,CUST1685,P001,Smartphone,Electronics,4,365.94,0.17,10/19/2024
SALE001686,CUST1686,P004,T-shirt,Apparel,4,374.4,0.13,7/30/2024
SALE001687,CUST1687,P005,Blender,Home Appliance,2,377.81,0.14,2/10/2025
SALE001688,CUST1688,P004,T-shirt,Apparel,4,50.02,0.29,8/1/2023
SALE001689,CUST1689,P004,T-shirt,Apparel,2,479.26,0.09,8/3/2023
SALE001690,CUST1690,P005,Blender,Home Appliance,1,416.39,0.19,10/26/2024
SALE001691,CUST1691,P005,Blender,Home Appliance,3,456.79,0.13,4/8/2024
SALE001692,CUST1692,P004,T-shirt,Apparel,2,57.04,0.02,12/3/2024
SALE001693,CUST1693,P005,Blender,Home Appliance,2,470.24,0.15,5/14/2023
SALE001694,CUST1694,P003,Notebook,Stationery,3,414.4,0.24,11/24/2023
SALE001695,CUST1695,P002,Shoes,Footwear,3,426.75,0.03,10/25/2024
SALE001696,CUST1696,P001,Smartphone,Electronics,1,91.98,0.02,4/24/2023
SALE001697,CUST1697,P001,Smartphone,Electronics,4,382.45,0.05,5/13/2023
SALE001698,CUST1698,P001,Smartphone,Electronics,2,481.96,0.23,5/13/2023
SALE001699,CUST1699,P003,Notebook,Stationery,4,355.35,0.22,7/17/2024
SALE001700,CUST1700,P001,Smartphone,Electronics,2,306.75,0.17,6/27/2023
SALE001701,CUST1701,P003,Notebook,Stationery,1,475.53,0.14,10/22/2023
SALE001702,CUST1702,P003,Notebook,Stationery,3,249.32,0.27,4/8/2025
SALE001703,CUST1703,P002,Shoes,Footwear,1,319.68,0.23,1/30/2024
SALE001704,CUST1704,P003,Notebook,Stationery,3,264.35,0.24,7/9/2024
SALE001705,CUST1705,P004,T-shirt,Apparel,4,469.78,0.24,4/18/2023
SALE001706,CUST1706,P001,Smartphone,Electronics,4,84.24,0.19,8/18/2023
SALE001707,CUST1707,P004,T-shirt,Apparel,1,275.5,0.14,11/23/2023
SALE001708,CUST1708,P002,Shoes,Footwear,3,359.13,0.26,3/31/2025
SALE001709,CUST1709,P004,T-shirt,Apparel,1,406.36,0.28,12/25/2024
SALE001710,CUST1710,P002,Shoes,Footwear,3,312.36,0.01,10/11/2024
SALE001711,CUST1711,P002,Shoes,Footwear,3,459.01,0.02,10/7/2023
SALE001712,CUST1712,P005,Blender,Home Appliance,4,473.9,0.29,3/7/2024
SALE001713,CUST1713,P004,T-shirt,Apparel,4,78.94,0.08,7/30/2023
SALE001714,CUST1714,P001,Smartphone,Electronics,3,231.07,0.26,6/3/2023
SALE001715,CUST1715,P003,Notebook,Stationery,3,60.56,0.12,2/10/2025
SALE001716,CUST1716,P005,Blender,Home Appliance,3,198.24,0.04,11/11/2024
SALE001717,CUST1717,P003,Notebook,Stationery,4,291.59,0.02,1/31/2024
SALE001718,CUST1718,P002,Shoes,Footwear,4,459.86,0.05,7/25/2023
SALE001719,CUST1719,P005,Blender,Home Appliance,2,430.95,0.07,6/11/2023
SALE001720,CUST1720,P003,Notebook,Stationery,3,107.37,0.15,4/27/2024
SALE001721,CUST1721,P005,Blender,Home Appliance,2,91.86,0.21,2/9/2024
SALE001722,CUST1722,P005,Blender,Home Appliance,3,315.17,0.3,1/18/2024
SALE001723,CUST1723,P003,Notebook,Stationery,4,289.45,0.13,10/20/2023
SALE001724,CUST1724,P004,T-shirt,Apparel,2,169.87,0.16,8/7/2023
SALE001725,CUST1725,P003,Notebook,Stationery,2,454.75,0.16,1/3/2025
SALE001726,CUST1726,P004,T-shirt,Apparel,1,467.31,0.16,9/21/2024
SALE001727,CUST1727,P004,T-shirt,Apparel,3,231.18,0.16,8/7/2024
SALE001728,CUST1728,P002,Shoes,Footwear,4,450.64,0,2/10/2025
SALE001729,CUST1729,P004,T-shirt,Apparel,1,222.78,0,10/13/2024
SALE001730,CUST1730,P005,Blender,Home Appliance,1,381.57,0.03,4/2/2025
SALE001731,CUST1731,P005,Blender,Home Appliance,3,264.17,0.03,3/14/2024
SALE001732,CUST1732,P002,Shoes,Footwear,1,105.16,0.21,6/3/2023
SALE001733,CUST1733,P005,Blender,Home Appliance,3,467.57,0.06,3/28/2024
SALE001734,CUST1734,P002,Shoes,Footwear,1,254.34,0.27,7/12/2023
SALE001735,CUST1735,P001,Smartphone,Electronics,3,380.52,0.28,4/3/2024
SALE001736,CUST1736,P003,Notebook,Stationery,4,215.23,0.29,5/24/2024
SALE001737,CUST1737,P003,Notebook,Stationery,3,58.5,0.28,12/14/2023
SALE001738,CUST1738,P004,T-shirt,Apparel,3,95.24,0.08,8/9/2023
SALE001739,CUST1739,P004,T-shirt,Apparel,2,273.3,0.15,10/16/2023
SALE001740,CUST1740,P005,Blender,Home Appliance,4,360.48,0.05,3/26/2025
SALE001741,CUST1741,P004,T-shirt,Apparel,4,200.63,0.24,5/26/2023
SALE001742,CUST1742,P005,Blender,Home Appliance,4,362.97,0.27,8/21/2024
SALE001743,CUST1743,P005,Blender,Home Appliance,1,364.39,0.26,8/22/2024
SALE001744,CUST1744,P002,Shoes,Footwear,2,366.77,0.13,12/24/2024
SALE001745,CUST1745,P004,T-shirt,Apparel,4,271.63,0.23,3/27/2025
SALE001746,CUST1746,P004,T-shirt,Apparel,1,461.7,0.03,9/16/2024
SALE001747,CUST1747,P004,T-shirt,Apparel,1,270.14,0.01,9/5/2024
SALE001748,CUST1748,P001,Smartphone,Electronics,1,252.62,0.23,3/1/2025
SALE001749,CUST1749,P004,T-shirt,Apparel,2,139.72,0.13,2/28/2025
SALE001750,CUST1750,P003,Notebook,Stationery,1,188.44,0.3,7/9/2023
SALE001751,CUST1751,P001,Smartphone,Electronics,2,69.05,0.03,8/29/2023
SALE001752,CUST1752,P001,Smartphone,Electronics,3,335.09,0.26,8/11/2023
SALE001753,CUST1753,P003,Notebook,Stationery,1,161.84,0.14,1/29/2024
SALE001754,CUST1754,P005,Blender,Home Appliance,4,186.87,0.25,12/24/2024
SALE001755,CUST1755,P002,Shoes,Footwear,1,396.87,0.25,1/24/2025
SALE001756,CUST1756,P005,Blender,Home Appliance,3,197.25,0.27,2/3/2024
SALE001757,CUST1757,P003,Notebook,Stationery,3,158.99,0.09,2/27/2024
SALE001758,CUST1758,P005,Blender,Home Appliance,1,126.08,0.28,9/25/2023
SALE001759,CUST1759,P001,Smartphone,Electronics,3,398.69,0.05,12/17/2023
SALE001760,CUST1760,P003,Notebook,Stationery,2,108.37,0.02,7/8/2023
SALE001761,CUST1761,P001,Smartphone,Electronics,2,254.19,0.13,11/16/2023
SALE001762,CUST1762,P003,Notebook,Stationery,1,278.12,0.25,5/23/2024
SALE001763,CUST1763,P002,Shoes,Footwear,2,359.33,0.14,10/11/2024
SALE001764,CUST1764,P005,Blender,Home Appliance,2,334.98,0.25,2/1/2025
SALE001765,CUST1765,P001,Smartphone,Electronics,4,414.82,0.22,10/24/2024
SALE001766,CUST1766,P002,Shoes,Footwear,1,70.14,0.06,9/14/2023
SALE001767,CUST1767,P003,Notebook,Stationery,3,183.4,0.28,5/25/2023
SALE001768,CUST1768,P004,T-shirt,Apparel,1,176.06,0.02,11/18/2023
SALE001769,CUST1769,P001,Smartphone,Electronics,2,115.71,0.27,11/30/2024
SALE001770,CUST1770,P002,Shoes,Footwear,4,180.13,0.09,2/23/2024
SALE001771,CUST1771,P005,Blender,Home Appliance,1,189.39,0.15,12/24/2024
SALE001772,CUST1772,P003,Notebook,Stationery,1,284.85,0.13,5/26/2023
SALE001773,CUST1773,P005,Blender,Home Appliance,2,348.67,0.05,4/5/2025
SALE001774,CUST1774,P004,T-shirt,Apparel,2,221.5,0.11,2/11/2025
SALE001775,CUST1775,P005,Blender,Home Appliance,1,373.76,0.06,5/31/2024
SALE001776,CUST1776,P004,T-shirt,Apparel,2,201.27,0.06,8/3/2024
SALE001777,CUST1777,P004,T-shirt,Apparel,2,180.63,0.06,3/17/2024
SALE001778,CUST1778,P001,Smartphone,Electronics,2,293.53,0.15,12/9/2024
SALE001779,CUST1779,P005,Blender,Home Appliance,2,60.67,0.24,1/9/2024
SALE001780,CUST1780,P004,T-shirt,Apparel,2,85.91,0.17,5/19/2024
SALE001781,CUST1781,P002,Shoes,Footwear,4,238.09,0.27,3/12/2024
SALE001782,CUST1782,P003,Notebook,Stationery,2,474.31,0.19,12/26/2023
SALE001783,CUST1783,P003,Notebook,Stationery,3,374.68,0.21,1/9/2025
SALE001784,CUST1784,P004,T-shirt,Apparel,1,89.66,0.2,8/2/2023
SALE001785,CUST1785,P004,T-shirt,Apparel,4,430.84,0.13,11/21/2023
SALE001786,CUST1786,P001,Smartphone,Electronics,4,379.54,0.21,6/3/2023
SALE001787,CUST1787,P004,T-shirt,Apparel,2,324.93,0.02,2/13/2024
SALE001788,CUST1788,P003,Notebook,Stationery,1,419.13,0.26,8/5/2023
SALE001789,CUST1789,P001,Smartphone,Electronics,3,231.85,0.23,7/26/2023
SALE001790,CUST1790,P002,Shoes,Footwear,2,149.68,0.07,3/16/2024
SALE001791,CUST1791,P001,Smartphone,Electronics,1,280.41,0.23,3/20/2024
SALE001792,CUST1792,P001,Smartphone,Electronics,2,296.98,0,10/12/2023
SALE001793,CUST1793,P001,Smartphone,Electronics,2,292.25,0.07,8/31/2023
SALE001794,CUST1794,P005,Blender,Home Appliance,2,304.28,0.02,1/17/2024
SALE001795,CUST1795,P003,Notebook,Stationery,2,476.92,0.23,3/30/2025
SALE001796,CUST1796,P002,Shoes,Footwear,2,456.01,0.23,12/22/2023
SALE001797,CUST1797,P004,T-shirt,Apparel,2,444.07,0.24,11/15/2023
SALE001798,CUST1798,P002,Shoes,Footwear,2,410.64,0,1/7/2025
SALE001799,CUST1799,P002,Shoes,Footwear,3,474.54,0.15,4/9/2025
SALE001800,CUST1800,P004,T-shirt,Apparel,4,94.32,0.21,1/5/2025
SALE001801,CUST1801,P003,Notebook,Stationery,3,169.31,0.05,9/15/2023
SALE001802,CUST1802,P003,Notebook,Stationery,2,272.78,0.19,4/15/2024
SALE001803,CUST1803,P001,Smartphone,Electronics,2,430.94,0.03,10/24/2024
SALE001804,CUST1804,P005,Blender,Home Appliance,3,277.32,0.05,4/8/2024
SALE001805,CUST1805,P001,Smartphone,Electronics,3,386.62,0.14,9/23/2024
SALE001806,CUST1806,P002,Shoes,Footwear,4,112.53,0.2,1/20/2025
SALE001807,CUST1807,P003,Notebook,Stationery,3,163.59,0.04,10/17/2023
SALE001808,CUST1808,P003,Notebook,Stationery,4,379.3,0.06,3/19/2024
SALE001809,CUST1809,P005,Blender,Home Appliance,2,124.13,0.06,4/5/2024
SALE001810,CUST1810,P003,Notebook,Stationery,1,208.11,0.07,12/31/2023
SALE001811,CUST1811,P001,Smartphone,Electronics,1,169.19,0.07,12/4/2023
SALE001812,CUST1812,P005,Blender,Home Appliance,1,207.44,0.12,8/31/2024
SALE001813,CUST1813,P003,Notebook,Stationery,1,368.75,0.2,7/31/2024
SALE001814,CUST1814,P005,Blender,Home Appliance,2,215.53,0.13,9/13/2024
SALE001815,CUST1815,P002,Shoes,Footwear,1,299.87,0.23,7/8/2024
SALE001816,CUST1816,P003,Notebook,Stationery,3,94.97,0.22,1/13/2024
SALE001817,CUST1817,P004,T-shirt,Apparel,3,412.26,0.04,11/12/2023
SALE001818,CUST1818,P003,Notebook,Stationery,1,216.45,0.01,3/30/2025
SALE001819,CUST1819,P002,Shoes,Footwear,3,341.84,0.26,12/27/2023
SALE001820,CUST1820,P003,Notebook,Stationery,4,376.43,0.02,9/6/2023
SALE001821,CUST1821,P002,Shoes,Footwear,2,144.35,0.04,10/19/2024
SALE001822,CUST1822,P003,Notebook,Stationery,1,448.1,0.01,8/16/2024
SALE001823,CUST1823,P002,Shoes,Footwear,1,327.3,0.19,11/27/2024
SALE001824,CUST1824,P004,T-shirt,Apparel,2,242.93,0.17,3/31/2024
SALE001825,CUST1825,P004,T-shirt,Apparel,3,132.05,0.3,10/30/2024
SALE001826,CUST1826,P005,Blender,Home Appliance,2,474.04,0.27,11/24/2023
SALE001827,CUST1827,P003,Notebook,Stationery,2,389.78,0.12,7/31/2024
SALE001828,CUST1828,P001,Smartphone,Electronics,3,143.61,0.11,2/23/2025
SALE001829,CUST1829,P004,T-shirt,Apparel,2,201.97,0.09,6/28/2023
SALE001830,CUST1830,P004,T-shirt,Apparel,3,414.35,0.05,8/18/2024
SALE001831,CUST1831,P003,Notebook,Stationery,3,363.05,0.04,5/15/2024
SALE001832,CUST1832,P003,Notebook,Stationery,2,394.6,0.04,11/19/2024
SALE001833,CUST1833,P004,T-shirt,Apparel,4,248.54,0.03,3/8/2024
SALE001834,CUST1834,P002,Shoes,Footwear,3,372.41,0.07,8/11/2024
SALE001835,CUST1835,P004,T-shirt,Apparel,2,223.92,0.09,4/21/2023
SALE001836,CUST1836,P003,Notebook,Stationery,3,145.07,0.29,2/4/2024
SALE001837,CUST1837,P005,Blender,Home Appliance,4,334.7,0.17,3/3/2024
SALE001838,CUST1838,P003,Notebook,Stationery,4,489.21,0.3,7/13/2024
SALE001839,CUST1839,P002,Shoes,Footwear,1,189.77,0.11,1/16/2025
SALE001840,CUST1840,P003,Notebook,Stationery,3,257.44,0.14,8/13/2023
SALE001841,CUST1841,P001,Smartphone,Electronics,3,353.3,0.1,1/22/2024
SALE001842,CUST1842,P002,Shoes,Footwear,2,293.68,0.05,1/19/2024
SALE001843,CUST1843,P002,Shoes,Footwear,3,429.54,0.04,9/7/2024
SALE001844,CUST1844,P003,Notebook,Stationery,1,392.78,0.28,4/10/2024
SALE001845,CUST1845,P005,Blender,Home Appliance,4,76.23,0.3,2/26/2024
SALE001846,CUST1846,P003,Notebook,Stationery,4,499.29,0.01,1/6/2024
SALE001847,CUST1847,P004,T-shirt,Apparel,1,388.58,0.05,4/25/2023
SALE001848,CUST1848,P004,T-shirt,Apparel,3,438.76,0.13,1/19/2025
SALE001849,CUST1849,P005,Blender,Home Appliance,3,343.04,0.06,10/14/2024
SALE001850,CUST1850,P001,Smartphone,Electronics,1,435.33,0.11,8/12/2023
SALE001851,CUST1851,P001,Smartphone,Electronics,2,100.57,0.04,7/7/2023
SALE001852,CUST1852,P004,T-shirt,Apparel,4,206.48,0.14,8/23/2024
SALE001853,CUST1853,P003,Notebook,Stationery,1,444.39,0.08,2/26/2024
SALE001854,CUST1854,P002,Shoes,Footwear,1,140.74,0.11,2/8/2025
SALE001855,CUST1855,P002,Shoes,Footwear,3,85.21,0.03,1/18/2025
SALE001856,CUST1856,P004,T-shirt,Apparel,4,404.65,0.13,12/28/2024
SALE001857,CUST1857,P005,Blender,Home Appliance,3,425.97,0.29,5/18/2023
SALE001858,CUST1858,P002,Shoes,Footwear,1,123.19,0.1,7/22/2023
SALE001859,CUST1859,P005,Blender,Home Appliance,2,434.46,0.26,7/14/2024
SALE001860,CUST1860,P003,Notebook,Stationery,4,359.05,0.25,10/15/2023
SALE001861,CUST1861,P005,Blender,Home Appliance,1,284.04,0.29,8/7/2024
SALE001862,CUST1862,P004,T-shirt,Apparel,1,423.61,0.24,3/25/2024
SALE001863,CUST1863,P003,Notebook,Stationery,2,238.66,0.2,11/20/2024
SALE001864,CUST1864,P002,Shoes,Footwear,1,137.3,0.26,5/14/2023
SALE001865,CUST1865,P002,Shoes,Footwear,1,178.18,0.02,3/12/2024
SALE001866,CUST1866,P005,Blender,Home Appliance,4,277.32,0.14,8/2/2023
SALE001867,CUST1867,P004,T-shirt,Apparel,4,289.1,0.3,8/13/2023
SALE001868,CUST1868,P004,T-shirt,Apparel,4,412.51,0.23,4/26/2024
SALE001869,CUST1869,P003,Notebook,Stationery,3,406.11,0.29,11/20/2024
SALE001870,CUST1870,P005,Blender,Home Appliance,2,311.61,0.23,4/20/2023
SALE001871,CUST1871,P005,Blender,Home Appliance,4,401.35,0.26,11/1/2024
SALE001872,CUST1872,P005,Blender,Home Appliance,3,136.3,0.21,8/13/2024
SALE001873,CUST1873,P001,Smartphone,Electronics,3,72.53,0.23,10/5/2024
SALE001874,CUST1874,P002,Shoes,Footwear,2,443.14,0.16,11/10/2023
SALE001875,CUST1875,P001,Smartphone,Electronics,2,84,0.28,3/19/2024
SALE001876,CUST1876,P002,Shoes,Footwear,1,161.01,0.25,12/13/2023
SALE001877,CUST1877,P005,Blender,Home Appliance,3,362.89,0.25,11/5/2024
SALE001878,CUST1878,P003,Notebook,Stationery,4,234.25,0.2,1/15/2025
SALE001879,CUST1879,P003,Notebook,Stationery,2,444.34,0.09,12/22/2023
SALE001880,CUST1880,P001,Smartphone,Electronics,3,184.09,0.01,8/18/2023
SALE001881,CUST1881,P004,T-shirt,Apparel,4,55.34,0.28,5/12/2023
SALE001882,CUST1882,P001,Smartphone,Electronics,3,185.3,0.18,12/26/2024
SALE001883,CUST1883,P001,Smartphone,Electronics,2,310.13,0.09,6/30/2023
SALE001884,CUST1884,P005,Blender,Home Appliance,1,219.17,0.04,10/19/2023
SALE001885,CUST1885,P003,Notebook,Stationery,3,290.69,0.25,8/7/2024
SALE001886,CUST1886,P001,Smartphone,Electronics,4,444.47,0.25,9/6/2024
SALE001887,CUST1887,P003,Notebook,Stationery,2,460.62,0.24,12/11/2023
SALE001888,CUST1888,P005,Blender,Home Appliance,1,169.69,0.19,7/19/2023
SALE001889,CUST1889,P001,Smartphone,Electronics,4,257.96,0.11,3/13/2025
SALE001890,CUST1890,P002,Shoes,Footwear,4,297.11,0.09,3/29/2025
SALE001891,CUST1891,P003,Notebook,Stationery,4,477.1,0,10/12/2023
SALE001892,CUST1892,P002,Shoes,Footwear,3,499.38,0.25,1/13/2025
SALE001893,CUST1893,P004,T-shirt,Apparel,2,155.93,0.03,8/7/2024
SALE001894,CUST1894,P005,Blender,Home Appliance,4,377.14,0.19,4/19/2024
SALE001895,CUST1895,P003,Notebook,Stationery,3,220.11,0.15,2/24/2025
SALE001896,CUST1896,P004,T-shirt,Apparel,2,53.65,0.16,8/29/2023
SALE001897,CUST1897,P003,Notebook,Stationery,2,54.16,0.28,8/18/2024
SALE001898,CUST1898,P002,Shoes,Footwear,3,257.25,0.01,10/29/2023
SALE001899,CUST1899,P005,Blender,Home Appliance,3,269.75,0.23,11/14/2024
SALE001900,CUST1900,P003,Notebook,Stationery,4,60.16,0.02,1/8/2025
SALE001901,CUST1901,P001,Smartphone,Electronics,2,359.12,0.01,8/16/2024
SALE001902,CUST1902,P002,Shoes,Footwear,1,182.3,0.13,7/6/2023
SALE001903,CUST1903,P005,Blender,Home Appliance,3,301.95,0.02,8/11/2024
SALE001904,CUST1904,P004,T-shirt,Apparel,2,185.41,0.24,7/21/2024
SALE001905,CUST1905,P004,T-shirt,Apparel,2,125.21,0.16,7/8/2023
SALE001906,CUST1906,P002,Shoes,Footwear,4,233.23,0.01,1/27/2024
SALE001907,CUST1907,P003,Notebook,Stationery,1,154.52,0.01,3/7/2025
SALE001908,CUST1908,P002,Shoes,Footwear,4,290.66,0.18,2/15/2025
SALE001909,CUST1909,P005,Blender,Home Appliance,1,139.47,0.24,10/8/2024
SALE001910,CUST1910,P003,Notebook,Stationery,1,278.78,0.13,1/30/2025
SALE001911,CUST1911,P004,T-shirt,Apparel,3,120.82,0.17,8/24/2024
SALE001912,CUST1912,P001,Smartphone,Electronics,2,351.94,0.24,1/30/2024
SALE001913,CUST1913,P003,Notebook,Stationery,2,389.27,0.18,12/9/2024
SALE001914,CUST1914,P002,Shoes,Footwear,2,99.68,0.07,12/7/2023
SALE001915,CUST1915,P004,T-shirt,Apparel,1,260.51,0.18,12/31/2024
SALE001916,CUST1916,P002,Shoes,Footwear,2,81.89,0.19,3/5/2025
SALE001917,CUST1917,P001,Smartphone,Electronics,3,319.18,0.22,2/22/2024
SALE001918,CUST1918,P003,Notebook,Stationery,1,168.98,0.19,6/30/2024
SALE001919,CUST1919,P001,Smartphone,Electronics,1,287.43,0.29,9/10/2024
SALE001920,CUST1920,P005,Blender,Home Appliance,1,282.86,0.06,8/7/2023
SALE001921,CUST1921,P003,Notebook,Stationery,1,465.96,0.29,3/24/2025
SALE001922,CUST1922,P002,Shoes,Footwear,3,297.09,0.16,7/23/2023
SALE001923,CUST1923,P001,Smartphone,Electronics,2,312.35,0.2,4/13/2025
SALE001924,CUST1924,P004,T-shirt,Apparel,3,230.74,0.03,9/10/2023
SALE001925,CUST1925,P002,Shoes,Footwear,2,477.09,0.11,1/25/2025
SALE001926,CUST1926,P002,Shoes,Footwear,3,399.73,0.23,9/3/2023
SALE001927,CUST1927,P003,Notebook,Stationery,4,178.43,0.21,9/29/2024
SALE001928,CUST1928,P004,T-shirt,Apparel,4,429.89,0.01,11/4/2023
SALE001929,CUST1929,P001,Smartphone,Electronics,4,244.58,0.16,12/27/2024
SALE001930,CUST1930,P001,Smartphone,Electronics,4,422.9,0.03,11/18/2024
SALE001931,CUST1931,P005,Blender,Home Appliance,1,420.3,0.3,1/5/2025
SALE001932,CUST1932,P005,Blender,Home Appliance,1,134.99,0.27,1/9/2025
SALE001933,CUST1933,P004,T-shirt,Apparel,3,365.51,0.01,4/7/2024
SALE001934,CUST1934,P005,Blender,Home Appliance,3,180.79,0.26,2/19/2025
SALE001935,CUST1935,P004,T-shirt,Apparel,4,183.87,0.28,4/9/2025
SALE001936,CUST1936,P002,Shoes,Footwear,2,183.36,0.11,4/15/2025
SALE001937,CUST1937,P004,T-shirt,Apparel,4,376.51,0.22,10/8/2023
SALE001938,CUST1938,P002,Shoes,Footwear,3,153.42,0.13,2/27/2024
SALE001939,CUST1939,P005,Blender,Home Appliance,4,50.41,0.2,12/22/2023
SALE001940,CUST1940,P002,Shoes,Footwear,3,371.86,0.1,7/18/2024
SALE001941,CUST1941,P004,T-shirt,Apparel,4,127.03,0.1,8/25/2024
SALE001942,CUST1942,P003,Notebook,Stationery,2,97.02,0.13,2/12/2025
SALE001943,CUST1943,P005,Blender,Home Appliance,4,156.88,0.04,10/16/2023
SALE001944,CUST1944,P002,Shoes,Footwear,2,220.96,0.25,1/21/2025
SALE001945,CUST1945,P002,Shoes,Footwear,2,264.16,0.1,6/17/2023
SALE001946,CUST1946,P005,Blender,Home Appliance,3,70.06,0.12,2/25/2025
SALE001947,CUST1947,P001,Smartphone,Electronics,2,486.76,0.27,4/4/2024
SALE001948,CUST1948,P003,Notebook,Stationery,1,372.23,0.15,11/13/2023
SALE001949,CUST1949,P001,Smartphone,Electronics,1,195.44,0.16,7/25/2023
SALE001950,CUST1950,P005,Blender,Home Appliance,1,193.41,0.29,11/26/2023
SALE001951,CUST1951,P001,Smartphone,Electronics,3,251.84,0.27,1/19/2024
SALE001952,CUST1952,P004,T-shirt,Apparel,1,331.81,0.05,11/14/2024
SALE001953,CUST1953,P001,Smartphone,Electronics,3,115.87,0.14,1/13/2025
SALE001954,CUST1954,P004,T-shirt,Apparel,3,135.02,0.29,2/15/2025
SALE001955,CUST1955,P001,Smartphone,Electronics,1,436.75,0.11,12/23/2024
SALE001956,CUST1956,P002,Shoes,Footwear,2,165.31,0.11,9/27/2023
SALE001957,CUST1957,P002,Shoes,Footwear,4,221.09,0.06,2/25/2025
SALE001958,CUST1958,P002,Shoes,Footwear,3,442.07,0.03,3/14/2025
SALE001959,CUST1959,P001,Smartphone,Electronics,1,348.42,0.22,9/9/2023
SALE001960,CUST1960,P005,Blender,Home Appliance,3,203.77,0.23,10/24/2024
SALE001961,CUST1961,P003,Notebook,Stationery,2,357.66,0.29,7/29/2024
SALE001962,CUST1962,P003,Notebook,Stationery,2,58.86,0.23,2/3/2025
SALE001963,CUST1963,P003,Notebook,Stationery,1,381.04,0.07,12/31/2024
SALE001964,CUST1964,P001,Smartphone,Electronics,3,269.16,0.01,2/6/2025
SALE001965,CUST1965,P005,Blender,Home Appliance,4,415.93,0.3,7/11/2024
SALE001966,CUST1966,P003,Notebook,Stationery,4,479.59,0.1,5/13/2023
SALE001967,CUST1967,P002,Shoes,Footwear,3,466.6,0.09,9/12/2024
SALE001968,CUST1968,P004,T-shirt,Apparel,3,459.17,0.27,3/31/2024
SALE001969,CUST1969,P004,T-shirt,Apparel,3,280.48,0.18,12/25/2023
SALE001970,CUST1970,P001,Smartphone,Electronics,1,212.06,0.06,11/17/2024
SALE001971,CUST1971,P002,Shoes,Footwear,2,259.27,0.27,9/28/2023
SALE001972,CUST1972,P001,Smartphone,Electronics,4,360.45,0.3,3/27/2025
SALE001973,CUST1973,P005,Blender,Home Appliance,1,447.8,0.03,12/5/2024
SALE001974,CUST1974,P002,Shoes,Footwear,3,143.14,0.26,8/14/2023
SALE001975,CUST1975,P001,Smartphone,Electronics,3,463.19,0.12,6/28/2023
SALE001976,CUST1976,P002,Shoes,Footwear,2,416.83,0.16,7/26/2023
SALE001977,CUST1977,P004,T-shirt,Apparel,3,490.49,0.27,1/5/2025
SALE001978,CUST1978,P005,Blender,Home Appliance,1,446.11,0.29,10/28/2023
SALE001979,CUST1979,P005,Blender,Home Appliance,1,175.97,0.08,10/30/2024
SALE001980,CUST1980,P001,Smartphone,Electronics,2,97.68,0.06,1/11/2025
SALE001981,CUST1981,P002,Shoes,Footwear,1,100.51,0.02,10/9/2023
SALE001982,CUST1982,P001,Smartphone,Electronics,4,181.05,0.17,10/13/2024
SALE001983,CUST1983,P001,Smartphone,Electronics,1,326.38,0,9/30/2023
SALE001984,CUST1984,P005,Blender,Home Appliance,1,411.94,0.12,12/12/2023
SALE001985,CUST1985,P002,Shoes,Footwear,1,454.66,0.02,5/21/2023
SALE001986,CUST1986,P004,T-shirt,Apparel,4,330.69,0.12,10/28/2023
SALE001987,CUST1987,P004,T-shirt,Apparel,3,52.53,0.01,11/12/2023
SALE001988,CUST1988,P004,T-shirt,Apparel,1,133.84,0.25,1/8/2025
SALE001989,CUST1989,P004,T-shirt,Apparel,2,94.88,0.06,3/11/2024
SALE001990,CUST1990,P004,T-shirt,Apparel,4,213.5,0.1,7/13/2024
SALE001991,CUST1991,P004,T-shirt,Apparel,2,275.61,0.26,9/6/2023
SALE001992,CUST1992,P004,T-shirt,Apparel,1,69.53,0.22,9/28/2024
SALE001993,CUST1993,P002,Shoes,Footwear,2,206.82,0.07,1/4/2024
SALE001994,CUST1994,P004,T-shirt,Apparel,1,130.63,0.02,8/22/2024
SALE001995,CUST1995,P003,Notebook,Stationery,4,341.18,0.21,11/27/2024
SALE001996,CUST1996,P004,T-shirt,Apparel,2,258.92,0.12,5/7/2023
SALE001997,CUST1997,P004,T-shirt,Apparel,2,272.89,0.23,9/24/2023
SALE001998,CUST1998,P003,Notebook,Stationery,1,242.46,0.13,9/23/2024
SALE001999,CUST1999,P003,Notebook,Stationery,1,480.21,0.1,3/9/2025
SALE002000,CUST2000,P003,Notebook,Stationery,3,146.63,0.14,6/23/2024
SALE002001,CUST2001,P003,Notebook,Stationery,1,282.5,0.22,9/26/2023
SALE002002,CUST2002,P003,Notebook,Stationery,1,381.21,0.27,7/5/2024
SALE002003,CUST2003,P005,Blender,Home Appliance,3,300.58,0.01,7/16/2023
SALE002004,CUST2004,P001,Smartphone,Electronics,1,468.06,0.16,5/16/2023
SALE002005,CUST2005,P002,Shoes,Footwear,1,220.09,0.01,12/4/2024
SALE002006,CUST2006,P003,Notebook,Stationery,3,258.65,0.14,4/26/2024
SALE002007,CUST2007,P005,Blender,Home Appliance,4,89.84,0.27,4/18/2024
SALE002008,CUST2008,P001,Smartphone,Electronics,4,324.05,0.11,2/20/2024
SALE002009,CUST2009,P005,Blender,Home Appliance,1,179.7,0.28,9/17/2024
SALE002010,CUST2010,P003,Notebook,Stationery,1,122.14,0.19,9/22/2023
SALE002011,CUST2011,P003,Notebook,Stationery,3,295.04,0.28,3/27/2025
SALE002012,CUST2012,P002,Shoes,Footwear,3,289.54,0.23,6/11/2023
SALE002013,CUST2013,P003,Notebook,Stationery,4,84.14,0.03,3/1/2025
SALE002014,CUST2014,P001,Smartphone,Electronics,2,364.2,0.07,7/11/2024
SALE002015,CUST2015,P001,Smartphone,Electronics,1,330.7,0.12,11/5/2023
SALE002016,CUST2016,P001,Smartphone,Electronics,2,135.06,0.05,7/31/2023
SALE002017,CUST2017,P002,Shoes,Footwear,2,261.25,0.15,8/5/2023
SALE002018,CUST2018,P004,T-shirt,Apparel,3,374.15,0.14,7/27/2023
SALE002019,CUST2019,P005,Blender,Home Appliance,1,288.25,0.29,1/18/2024
SALE002020,CUST2020,P002,Shoes,Footwear,1,227.97,0.13,6/17/2023
SALE002021,CUST2021,P005,Blender,Home Appliance,3,195.05,0.24,10/26/2023
SALE002022,CUST2022,P003,Notebook,Stationery,2,324.68,0.28,7/19/2024
SALE002023,CUST2023,P003,Notebook,Stationery,3,472.6,0.26,5/14/2024
SALE002024,CUST2024,P002,Shoes,Footwear,4,352.29,0.06,1/15/2025
SALE002025,CUST2025,P002,Shoes,Footwear,1,83.64,0.15,2/2/2024
SALE002026,CUST2026,P001,Smartphone,Electronics,4,257.31,0.1,7/21/2024
SALE002027,CUST2027,P005,Blender,Home Appliance,3,450.87,0.12,5/9/2024
SALE002028,CUST2028,P005,Blender,Home Appliance,1,92.51,0.11,3/17/2025
SALE002029,CUST2029,P002,Shoes,Footwear,4,494.99,0.25,11/23/2023
SALE002030,CUST2030,P002,Shoes,Footwear,4,477.08,0.14,3/14/2024
SALE002031,CUST2031,P002,Shoes,Footwear,2,85.22,0.16,9/9/2024
SALE002032,CUST2032,P002,Shoes,Footwear,1,470.04,0.29,7/18/2023
SALE002033,CUST2033,P001,Smartphone,Electronics,4,213.41,0.02,7/5/2024
SALE002034,CUST2034,P002,Shoes,Footwear,4,430.12,0.15,5/1/2024
SALE002035,CUST2035,P003,Notebook,Stationery,2,238.27,0.23,2/2/2024
SALE002036,CUST2036,P001,Smartphone,Electronics,4,248.38,0.05,5/6/2024
SALE002037,CUST2037,P003,Notebook,Stationery,4,335.41,0.18,10/1/2024
SALE002038,CUST2038,P005,Blender,Home Appliance,4,398.51,0.07,5/9/2023
SALE002039,CUST2039,P003,Notebook,Stationery,2,65.21,0.26,4/23/2024
SALE002040,CUST2040,P003,Notebook,Stationery,4,316.92,0.1,11/28/2023
SALE002041,CUST2041,P001,Smartphone,Electronics,4,134.03,0.1,4/7/2024
SALE002042,CUST2042,P004,T-shirt,Apparel,1,205.68,0.18,3/22/2024
SALE002043,CUST2043,P001,Smartphone,Electronics,1,206.59,0.06,3/5/2025
SALE002044,CUST2044,P002,Shoes,Footwear,2,261.08,0.09,11/11/2024
SALE002045,CUST2045,P004,T-shirt,Apparel,3,200.36,0.12,1/26/2024
SALE002046,CUST2046,P003,Notebook,Stationery,1,98.31,0.11,6/15/2024
SALE002047,CUST2047,P001,Smartphone,Electronics,2,115.53,0.16,5/27/2023
SALE002048,CUST2048,P004,T-shirt,Apparel,4,65.05,0.18,3/14/2025
SALE002049,CUST2049,P002,Shoes,Footwear,4,261.61,0.17,8/26/2024
SALE002050,CUST2050,P004,T-shirt,Apparel,2,479.5,0.2,5/18/2023
SALE002051,CUST2051,P001,Smartphone,Electronics,4,102.05,0.09,9/6/2023
SALE002052,CUST2052,P004,T-shirt,Apparel,4,475.82,0.04,9/6/2023
SALE002053,CUST2053,P004,T-shirt,Apparel,3,380.01,0.23,10/14/2023
SALE002054,CUST2054,P003,Notebook,Stationery,4,336.87,0.26,8/29/2023
SALE002055,CUST2055,P001,Smartphone,Electronics,1,340.37,0.08,4/26/2024
SALE002056,CUST2056,P003,Notebook,Stationery,4,422.03,0.12,4/20/2024
SALE002057,CUST2057,P001,Smartphone,Electronics,2,98.11,0.15,9/18/2023
SALE002058,CUST2058,P003,Notebook,Stationery,3,277.14,0.16,2/26/2024
SALE002059,CUST2059,P003,Notebook,Stationery,4,363.69,0.2,4/28/2023
SALE002060,CUST2060,P005,Blender,Home Appliance,2,314.07,0.01,12/1/2023
SALE002061,CUST2061,P004,T-shirt,Apparel,1,424.75,0.22,7/12/2024
SALE002062,CUST2062,P004,T-shirt,Apparel,4,82.52,0.02,1/6/2025
SALE002063,CUST2063,P002,Shoes,Footwear,3,360.82,0.14,7/30/2024
SALE002064,CUST2064,P001,Smartphone,Electronics,4,290.31,0.25,12/26/2024
SALE002065,CUST2065,P004,T-shirt,Apparel,2,220.62,0.14,12/21/2024
SALE002066,CUST2066,P003,Notebook,Stationery,3,203.12,0.04,12/9/2024
SALE002067,CUST2067,P005,Blender,Home Appliance,4,329.37,0.3,5/29/2023
SALE002068,CUST2068,P002,Shoes,Footwear,1,450.95,0.27,5/23/2023
SALE002069,CUST2069,P003,Notebook,Stationery,3,273.28,0.23,10/12/2023
SALE002070,CUST2070,P002,Shoes,Footwear,1,421.13,0.12,12/10/2023
SALE002071,CUST2071,P004,T-shirt,Apparel,2,230.97,0.06,1/16/2025
SALE002072,CUST2072,P005,Blender,Home Appliance,4,96.08,0.28,4/10/2024
SALE002073,CUST2073,P004,T-shirt,Apparel,1,77.68,0.16,2/23/2025
SALE002074,CUST2074,P002,Shoes,Footwear,2,73.1,0.26,5/25/2024
SALE002075,CUST2075,P001,Smartphone,Electronics,4,221.07,0.1,9/9/2023
SALE002076,CUST2076,P002,Shoes,Footwear,2,201.76,0.1,10/4/2023
SALE002077,CUST2077,P005,Blender,Home Appliance,1,373.07,0.3,3/24/2024
SALE002078,CUST2078,P003,Notebook,Stationery,2,384.27,0.16,11/29/2023
SALE002079,CUST2079,P001,Smartphone,Electronics,3,72.88,0.04,11/18/2023
SALE002080,CUST2080,P004,T-shirt,Apparel,4,149.51,0.07,11/19/2023
SALE002081,CUST2081,P005,Blender,Home Appliance,2,173.42,0.14,2/25/2025
SALE002082,CUST2082,P003,Notebook,Stationery,1,296.43,0.01,11/1/2023
SALE002083,CUST2083,P004,T-shirt,Apparel,4,115.03,0.14,6/19/2023
SALE002084,CUST2084,P002,Shoes,Footwear,3,110.27,0.13,1/12/2024
SALE002085,CUST2085,P003,Notebook,Stationery,4,474.71,0.23,5/13/2024
SALE002086,CUST2086,P002,Shoes,Footwear,3,411.89,0.11,2/21/2024
SALE002087,CUST2087,P001,Smartphone,Electronics,4,131.29,0.29,12/11/2023
SALE002088,CUST2088,P002,Shoes,Footwear,2,232.96,0.05,12/18/2023
SALE002089,CUST2089,P002,Shoes,Footwear,2,210.03,0.18,2/19/2024
SALE002090,CUST2090,P003,Notebook,Stationery,1,405.95,0.03,8/1/2024
SALE002091,CUST2091,P005,Blender,Home Appliance,3,279.6,0.22,3/6/2025
SALE002092,CUST2092,P005,Blender,Home Appliance,1,107.53,0.3,6/27/2024
SALE002093,CUST2093,P002,Shoes,Footwear,2,382.55,0.25,3/6/2024
SALE002094,CUST2094,P004,T-shirt,Apparel,3,228.6,0.17,9/13/2023
SALE002095,CUST2095,P004,T-shirt,Apparel,1,168.32,0.15,3/12/2024
SALE002096,CUST2096,P001,Smartphone,Electronics,1,218.97,0.25,7/19/2023
SALE002097,CUST2097,P002,Shoes,Footwear,1,273.99,0.28,9/27/2024
SALE002098,CUST2098,P003,Notebook,Stationery,1,204.4,0.3,6/27/2023
SALE002099,CUST2099,P005,Blender,Home Appliance,1,158.86,0.12,7/20/2023
SALE002100,CUST2100,P002,Shoes,Footwear,3,229.33,0.3,3/11/2024
SALE002101,CUST2101,P005,Blender,Home Appliance,1,58.63,0.05,2/28/2025
SALE002102,CUST2102,P003,Notebook,Stationery,3,397.62,0.08,3/26/2024
SALE002103,CUST2103,P005,Blender,Home Appliance,1,126.93,0.03,3/4/2024
SALE002104,CUST2104,P005,Blender,Home Appliance,2,69.76,0.08,6/5/2024
SALE002105,CUST2105,P005,Blender,Home Appliance,2,344.16,0.23,4/13/2024
SALE002106,CUST2106,P001,Smartphone,Electronics,1,398.27,0.26,11/14/2024
SALE002107,CUST2107,P005,Blender,Home Appliance,4,416.22,0.23,11/25/2024
SALE002108,CUST2108,P005,Blender,Home Appliance,2,272.08,0.19,9/6/2023
SALE002109,CUST2109,P003,Notebook,Stationery,3,142.42,0.15,1/9/2024
SALE002110,CUST2110,P005,Blender,Home Appliance,1,381.75,0.21,10/6/2023
SALE002111,CUST2111,P003,Notebook,Stationery,3,364.87,0.12,8/31/2023
SALE002112,CUST2112,P001,Smartphone,Electronics,4,160.82,0.25,7/12/2024
SALE002113,CUST2113,P004,T-shirt,Apparel,1,456.53,0.2,10/26/2023
SALE002114,CUST2114,P003,Notebook,Stationery,2,96.97,0.21,7/25/2023
SALE002115,CUST2115,P005,Blender,Home Appliance,3,492.21,0.16,8/26/2024
SALE002116,CUST2116,P005,Blender,Home Appliance,2,437.11,0.27,4/28/2024
SALE002117,CUST2117,P001,Smartphone,Electronics,2,359.55,0.08,8/26/2024
SALE002118,CUST2118,P005,Blender,Home Appliance,1,472.44,0.11,5/23/2024
SALE002119,CUST2119,P003,Notebook,Stationery,3,375.04,0.23,5/13/2024
SALE002120,CUST2120,P003,Notebook,Stationery,4,135.71,0.15,8/16/2023
SALE002121,CUST2121,P004,T-shirt,Apparel,2,248.97,0.27,3/2/2025
SALE002122,CUST2122,P003,Notebook,Stationery,1,82.18,0.1,1/13/2025
SALE002123,CUST2123,P003,Notebook,Stationery,1,225.35,0.11,3/22/2024
SALE002124,CUST2124,P004,T-shirt,Apparel,4,383.72,0.27,5/22/2024
SALE002125,CUST2125,P003,Notebook,Stationery,1,223.9,0.14,7/26/2023
SALE002126,CUST2126,P003,Notebook,Stationery,2,198.63,0.15,2/24/2025
SALE002127,CUST2127,P002,Shoes,Footwear,1,317.91,0.1,5/9/2023
SALE002128,CUST2128,P002,Shoes,Footwear,3,442.49,0.08,1/28/2024
SALE002129,CUST2129,P005,Blender,Home Appliance,3,71.41,0.2,9/27/2023
SALE002130,CUST2130,P001,Smartphone,Electronics,2,223.46,0.04,2/3/2025
SALE002131,CUST2131,P001,Smartphone,Electronics,3,121.21,0.26,11/17/2023
SALE002132,CUST2132,P003,Notebook,Stationery,4,362.91,0.23,8/3/2023
SALE002133,CUST2133,P001,Smartphone,Electronics,1,97.58,0.06,3/13/2024
SALE002134,CUST2134,P003,Notebook,Stationery,2,349.16,0.21,9/19/2024
SALE002135,CUST2135,P002,Shoes,Footwear,4,178.78,0.18,5/13/2024
SALE002136,CUST2136,P003,Notebook,Stationery,1,139.51,0.06,2/14/2024
SALE002137,CUST2137,P002,Shoes,Footwear,4,471.36,0.08,9/30/2024
SALE002138,CUST2138,P005,Blender,Home Appliance,2,58.34,0.12,10/21/2024
SALE002139,CUST2139,P004,T-shirt,Apparel,2,247,0.21,4/23/2023
SALE002140,CUST2140,P004,T-shirt,Apparel,4,59.73,0.19,11/22/2023
SALE002141,CUST2141,P005,Blender,Home Appliance,1,267.62,0.16,4/16/2024
SALE002142,CUST2142,P003,Notebook,Stationery,3,275.47,0.23,3/21/2024
SALE002143,CUST2143,P003,Notebook,Stationery,3,194.75,0.23,8/11/2024
SALE002144,CUST2144,P003,Notebook,Stationery,4,109.47,0.19,10/7/2023
SALE002145,CUST2145,P004,T-shirt,Apparel,2,219.37,0.24,6/3/2023
SALE002146,CUST2146,P001,Smartphone,Electronics,1,352.52,0.1,8/12/2024
SALE002147,CUST2147,P001,Smartphone,Electronics,1,402.08,0.26,3/3/2025
SALE002148,CUST2148,P005,Blender,Home Appliance,2,288.84,0.18,1/7/2025
SALE002149,CUST2149,P005,Blender,Home Appliance,3,315.43,0.25,8/23/2023
SALE002150,CUST2150,P004,T-shirt,Apparel,1,140.28,0.16,1/30/2025
SALE002151,CUST2151,P004,T-shirt,Apparel,4,179.3,0.07,6/10/2024
SALE002152,CUST2152,P005,Blender,Home Appliance,3,122.85,0.16,4/30/2023
SALE002153,CUST2153,P003,Notebook,Stationery,4,162.18,0.11,4/28/2024
SALE002154,CUST2154,P001,Smartphone,Electronics,3,151.2,0.21,1/29/2025
SALE002155,CUST2155,P001,Smartphone,Electronics,2,283.75,0.14,5/10/2023
SALE002156,CUST2156,P003,Notebook,Stationery,4,303.21,0.25,2/10/2024
SALE002157,CUST2157,P004,T-shirt,Apparel,4,475.23,0.2,6/12/2024
SALE002158,CUST2158,P004,T-shirt,Apparel,2,138.01,0.21,2/26/2025
SALE002159,CUST2159,P001,Smartphone,Electronics,4,338.75,0.07,9/16/2024
SALE002160,CUST2160,P005,Blender,Home Appliance,3,417.77,0.3,12/8/2023
SALE002161,CUST2161,P002,Shoes,Footwear,1,302.11,0.25,3/27/2025
SALE002162,CUST2162,P004,T-shirt,Apparel,1,164.75,0.24,4/22/2023
SALE002163,CUST2163,P004,T-shirt,Apparel,2,168.15,0.1,6/19/2023
SALE002164,CUST2164,P002,Shoes,Footwear,3,67.66,0.16,7/11/2024
SALE002165,CUST2165,P003,Notebook,Stationery,4,187.45,0.04,5/20/2023
SALE002166,CUST2166,P001,Smartphone,Electronics,4,385.07,0.16,4/5/2025
SALE002167,CUST2167,P002,Shoes,Footwear,1,71.38,0.04,12/23/2024
SALE002168,CUST2168,P005,Blender,Home Appliance,4,148.68,0.17,8/25/2023
SALE002169,CUST2169,P001,Smartphone,Electronics,1,367.8,0.19,7/9/2024
SALE002170,CUST2170,P001,Smartphone,Electronics,2,402.19,0.12,3/19/2025
SALE002171,CUST2171,P003,Notebook,Stationery,4,254.89,0.15,3/4/2025
SALE002172,CUST2172,P001,Smartphone,Electronics,3,364.13,0.26,10/29/2023
SALE002173,CUST2173,P004,T-shirt,Apparel,4,224.58,0.03,6/16/2023
SALE002174,CUST2174,P004,T-shirt,Apparel,1,121.96,0.24,10/17/2023
SALE002175,CUST2175,P001,Smartphone,Electronics,2,229.17,0.05,5/28/2023
SALE002176,CUST2176,P004,T-shirt,Apparel,1,310.99,0.01,10/25/2023
SALE002177,CUST2177,P002,Shoes,Footwear,4,476.62,0.06,8/20/2024
SALE002178,CUST2178,P003,Notebook,Stationery,1,80.94,0.23,3/17/2024
SALE002179,CUST2179,P004,T-shirt,Apparel,1,278.33,0.12,6/18/2023
SALE002180,CUST2180,P001,Smartphone,Electronics,2,198.01,0.26,5/12/2023
SALE002181,CUST2181,P002,Shoes,Footwear,3,278.74,0.16,8/16/2024
SALE002182,CUST2182,P001,Smartphone,Electronics,4,60.79,0.01,8/8/2024
SALE002183,CUST2183,P004,T-shirt,Apparel,2,190.86,0.22,6/13/2024
SALE002184,CUST2184,P001,Smartphone,Electronics,3,418.94,0.03,10/31/2023
SALE002185,CUST2185,P002,Shoes,Footwear,1,299.27,0.24,7/4/2024
SALE002186,CUST2186,P003,Notebook,Stationery,3,252.76,0.05,11/21/2024
SALE002187,CUST2187,P001,Smartphone,Electronics,1,178.49,0.1,9/19/2024
SALE002188,CUST2188,P004,T-shirt,Apparel,1,184.12,0.23,7/14/2023
SALE002189,CUST2189,P005,Blender,Home Appliance,2,222.4,0.29,1/25/2024
SALE002190,CUST2190,P005,Blender,Home Appliance,1,426.01,0.11,7/21/2024
SALE002191,CUST2191,P002,Shoes,Footwear,2,485.25,0.25,4/9/2025
SALE002192,CUST2192,P001,Smartphone,Electronics,3,247.39,0.06,10/16/2023
SALE002193,CUST2193,P004,T-shirt,Apparel,3,227.01,0.24,5/30/2023
SALE002194,CUST2194,P003,Notebook,Stationery,1,430.95,0.2,10/12/2024
SALE002195,CUST2195,P003,Notebook,Stationery,2,242.11,0.06,11/26/2024
SALE002196,CUST2196,P004,T-shirt,Apparel,1,298.41,0.09,10/2/2024
SALE002197,CUST2197,P003,Notebook,Stationery,2,153.92,0.04,2/13/2024
SALE002198,CUST2198,P002,Shoes,Footwear,2,384.58,0.11,6/20/2023
SALE002199,CUST2199,P004,T-shirt,Apparel,2,289.39,0.06,11/17/2024
SALE002200,CUST2200,P003,Notebook,Stationery,3,414.07,0.19,10/23/2024
SALE002201,CUST2201,P003,Notebook,Stationery,2,401.33,0.3,5/16/2023
SALE002202,CUST2202,P002,Shoes,Footwear,3,146.75,0,8/25/2024
SALE002203,CUST2203,P005,Blender,Home Appliance,2,372.04,0.16,12/22/2023
SALE002204,CUST2204,P002,Shoes,Footwear,3,410.02,0.17,6/17/2023
SALE002205,CUST2205,P002,Shoes,Footwear,4,205.75,0.27,3/14/2024
SALE002206,CUST2206,P005,Blender,Home Appliance,3,127.67,0.15,8/5/2023
SALE002207,CUST2207,P004,T-shirt,Apparel,3,51.18,0.16,7/30/2024
SALE002208,CUST2208,P004,T-shirt,Apparel,1,252.91,0.14,10/2/2023
SALE002209,CUST2209,P005,Blender,Home Appliance,2,208.59,0.08,10/5/2023
SALE002210,CUST2210,P003,Notebook,Stationery,4,299.71,0.02,11/5/2024
SALE002211,CUST2211,P001,Smartphone,Electronics,1,134.62,0.12,8/23/2024
SALE002212,CUST2212,P003,Notebook,Stationery,2,436.85,0.02,7/9/2024
SALE002213,CUST2213,P001,Smartphone,Electronics,4,165.99,0.17,6/17/2024
SALE002214,CUST2214,P004,T-shirt,Apparel,4,151.89,0.09,3/18/2024
SALE002215,CUST2215,P004,T-shirt,Apparel,4,266.32,0.16,10/23/2023
SALE002216,CUST2216,P005,Blender,Home Appliance,2,274.48,0.04,5/4/2023
SALE002217,CUST2217,P005,Blender,Home Appliance,4,146.79,0.28,5/11/2024
SALE002218,CUST2218,P001,Smartphone,Electronics,4,172.34,0.27,5/9/2023
SALE002219,CUST2219,P003,Notebook,Stationery,1,126.37,0.06,11/12/2024
SALE002220,CUST2220,P003,Notebook,Stationery,3,373.31,0.1,3/9/2024
SALE002221,CUST2221,P004,T-shirt,Apparel,2,396.54,0.18,11/21/2024
SALE002222,CUST2222,P001,Smartphone,Electronics,3,258.05,0.03,8/12/2023
SALE002223,CUST2223,P003,Notebook,Stationery,1,371.34,0.11,12/7/2023
SALE002224,CUST2224,P003,Notebook,Stationery,3,381.17,0.08,8/21/2024
SALE002225,CUST2225,P004,T-shirt,Apparel,4,112.22,0.27,2/14/2025
SALE002226,CUST2226,P004,T-shirt,Apparel,4,484.78,0.26,7/28/2023
SALE002227,CUST2227,P001,Smartphone,Electronics,2,419.46,0.17,8/18/2023
SALE002228,CUST2228,P004,T-shirt,Apparel,2,142.02,0.16,3/10/2025
SALE002229,CUST2229,P004,T-shirt,Apparel,2,133.77,0.28,11/10/2023
SALE002230,CUST2230,P005,Blender,Home Appliance,1,106.55,0.28,1/16/2024
SALE002231,CUST2231,P005,Blender,Home Appliance,2,112.27,0.29,9/7/2024
SALE002232,CUST2232,P003,Notebook,Stationery,1,386.67,0.04,5/16/2023
SALE002233,CUST2233,P001,Smartphone,Electronics,4,261.34,0.05,9/18/2024
SALE002234,CUST2234,P005,Blender,Home Appliance,3,402.32,0.2,1/8/2025
SALE002235,CUST2235,P002,Shoes,Footwear,4,385.81,0.16,8/29/2024
SALE002236,CUST2236,P004,T-shirt,Apparel,4,322.08,0.01,9/23/2024
SALE002237,CUST2237,P002,Shoes,Footwear,4,358.86,0.02,4/23/2024
SALE002238,CUST2238,P004,T-shirt,Apparel,2,58.26,0.27,10/24/2024
SALE002239,CUST2239,P003,Notebook,Stationery,2,190.3,0.26,10/21/2023
SALE002240,CUST2240,P004,T-shirt,Apparel,2,337.02,0.11,10/4/2024
SALE002241,CUST2241,P001,Smartphone,Electronics,3,54.21,0.27,5/20/2024
SALE002242,CUST2242,P003,Notebook,Stationery,2,64.84,0.18,8/6/2024
SALE002243,CUST2243,P005,Blender,Home Appliance,1,433.35,0.24,3/12/2024
SALE002244,CUST2244,P003,Notebook,Stationery,4,357.81,0.13,2/10/2024
SALE002245,CUST2245,P003,Notebook,Stationery,3,169.42,0.03,7/30/2024
SALE002246,CUST2246,P001,Smartphone,Electronics,3,359.58,0.13,6/26/2023
SALE002247,CUST2247,P004,T-shirt,Apparel,3,406.61,0.14,4/27/2024
SALE002248,CUST2248,P001,Smartphone,Electronics,3,188.06,0.17,7/8/2024
SALE002249,CUST2249,P001,Smartphone,Electronics,3,66.22,0.03,10/16/2024
SALE002250,CUST2250,P002,Shoes,Footwear,1,469.75,0.3,7/26/2023
SALE002251,CUST2251,P002,Shoes,Footwear,4,205.33,0.07,11/16/2024
SALE002252,CUST2252,P005,Blender,Home Appliance,3,97.92,0.06,1/30/2024
SALE002253,CUST2253,P003,Notebook,Stationery,4,271.34,0.16,6/10/2024
SALE002254,CUST2254,P004,T-shirt,Apparel,2,395.81,0.16,5/10/2024
SALE002255,CUST2255,P002,Shoes,Footwear,3,149.74,0.13,9/10/2023
SALE002256,CUST2256,P002,Shoes,Footwear,3,171.27,0.23,6/5/2024
SALE002257,CUST2257,P002,Shoes,Footwear,4,159.22,0.15,10/30/2024
SALE002258,CUST2258,P003,Notebook,Stationery,3,496.25,0.18,8/30/2024
SALE002259,CUST2259,P003,Notebook,Stationery,3,138.83,0.22,2/15/2025
SALE002260,CUST2260,P001,Smartphone,Electronics,3,308.98,0.01,9/22/2024
SALE002261,CUST2261,P005,Blender,Home Appliance,1,466.37,0.17,6/7/2023
SALE002262,CUST2262,P002,Shoes,Footwear,1,116.1,0.27,9/4/2023
SALE002263,CUST2263,P003,Notebook,Stationery,3,486.88,0.01,6/14/2023
SALE002264,CUST2264,P004,T-shirt,Apparel,1,476.36,0.12,9/27/2024
SALE002265,CUST2265,P005,Blender,Home Appliance,2,448.06,0.28,8/4/2023
SALE002266,CUST2266,P004,T-shirt,Apparel,3,146.55,0.11,7/16/2023
SALE002267,CUST2267,P001,Smartphone,Electronics,2,335.32,0.14,4/26/2023
SALE002268,CUST2268,P005,Blender,Home Appliance,4,392.4,0.29,10/10/2023
SALE002269,CUST2269,P002,Shoes,Footwear,2,493.71,0.06,2/16/2025
SALE002270,CUST2270,P001,Smartphone,Electronics,4,131.19,0.02,1/1/2025
SALE002271,CUST2271,P002,Shoes,Footwear,3,394.71,0.26,1/8/2024
SALE002272,CUST2272,P004,T-shirt,Apparel,4,202.46,0.26,5/9/2024
SALE002273,CUST2273,P005,Blender,Home Appliance,4,129.03,0.14,10/16/2023
SALE002274,CUST2274,P004,T-shirt,Apparel,2,239.62,0.15,5/5/2023
SALE002275,CUST2275,P003,Notebook,Stationery,2,407.23,0.25,8/14/2024
SALE002276,CUST2276,P005,Blender,Home Appliance,2,259.18,0.22,1/12/2024
SALE002277,CUST2277,P004,T-shirt,Apparel,3,291.89,0.08,7/21/2024
SALE002278,CUST2278,P005,Blender,Home Appliance,3,497.82,0.01,8/11/2024
SALE002279,CUST2279,P004,T-shirt,Apparel,2,229.6,0.14,1/6/2024
SALE002280,CUST2280,P005,Blender,Home Appliance,3,326.93,0.26,7/30/2023
SALE002281,CUST2281,P003,Notebook,Stationery,3,214.36,0.27,7/4/2023
SALE002282,CUST2282,P005,Blender,Home Appliance,4,226.75,0.29,12/5/2023
SALE002283,CUST2283,P004,T-shirt,Apparel,4,363.04,0.26,3/24/2024
SALE002284,CUST2284,P005,Blender,Home Appliance,2,472.05,0.17,8/23/2023
SALE002285,CUST2285,P005,Blender,Home Appliance,3,294.06,0.13,11/29/2023
SALE002286,CUST2286,P005,Blender,Home Appliance,4,395.78,0.23,5/5/2024
SALE002287,CUST2287,P004,T-shirt,Apparel,1,90.14,0.22,7/26/2024
SALE002288,CUST2288,P002,Shoes,Footwear,3,145.02,0.16,4/1/2024
SALE002289,CUST2289,P001,Smartphone,Electronics,1,275.96,0.03,4/6/2024
SALE002290,CUST2290,P005,Blender,Home Appliance,2,59.01,0.28,3/7/2024
SALE002291,CUST2291,P004,T-shirt,Apparel,3,163.78,0.14,8/22/2023
SALE002292,CUST2292,P002,Shoes,Footwear,2,282.83,0.11,2/1/2025
SALE002293,CUST2293,P001,Smartphone,Electronics,2,56.73,0.19,5/2/2023
SALE002294,CUST2294,P003,Notebook,Stationery,2,169.05,0.2,9/17/2024
SALE002295,CUST2295,P002,Shoes,Footwear,2,281.31,0.06,4/1/2024
SALE002296,CUST2296,P004,T-shirt,Apparel,2,307.92,0.25,5/5/2023
SALE002297,CUST2297,P001,Smartphone,Electronics,3,466.59,0.09,10/27/2023
SALE002298,CUST2298,P003,Notebook,Stationery,1,340.41,0.06,11/9/2023
SALE002299,CUST2299,P002,Shoes,Footwear,3,236.63,0.12,3/9/2024
SALE002300,CUST2300,P004,T-shirt,Apparel,3,468.66,0.22,8/31/2024
SALE002301,CUST2301,P005,Blender,Home Appliance,3,403.2,0.29,4/2/2025
SALE002302,CUST2302,P002,Shoes,Footwear,4,140,0.24,9/28/2023
SALE002303,CUST2303,P002,Shoes,Footwear,4,108.88,0.28,12/12/2023
SALE002304,CUST2304,P003,Notebook,Stationery,3,354.12,0.04,2/1/2025
SALE002305,CUST2305,P005,Blender,Home Appliance,1,301.95,0.02,4/28/2024
SALE002306,CUST2306,P001,Smartphone,Electronics,3,405.35,0.17,6/26/2024
SALE002307,CUST2307,P004,T-shirt,Apparel,2,382.46,0.09,1/3/2024
SALE002308,CUST2308,P003,Notebook,Stationery,4,331.35,0.25,4/2/2024
SALE002309,CUST2309,P002,Shoes,Footwear,4,493.87,0.2,4/24/2024
SALE002310,CUST2310,P002,Shoes,Footwear,3,290.12,0.29,1/6/2024
SALE002311,CUST2311,P001,Smartphone,Electronics,3,100.9,0.08,7/20/2023
SALE002312,CUST2312,P001,Smartphone,Electronics,1,422.72,0.15,9/22/2023
SALE002313,CUST2313,P002,Shoes,Footwear,1,163.33,0.15,9/22/2023
SALE002314,CUST2314,P004,T-shirt,Apparel,2,399.79,0.07,12/2/2024
SALE002315,CUST2315,P003,Notebook,Stationery,3,480.7,0.18,4/30/2024
SALE002316,CUST2316,P004,T-shirt,Apparel,3,363.56,0.13,3/22/2024
SALE002317,CUST2317,P005,Blender,Home Appliance,3,318.21,0.13,7/11/2023
SALE002318,CUST2318,P001,Smartphone,Electronics,4,257.17,0.11,4/24/2023
SALE002319,CUST2319,P001,Smartphone,Electronics,2,213.98,0.01,4/3/2024
SALE002320,CUST2320,P004,T-shirt,Apparel,1,208.85,0.16,6/15/2024
SALE002321,CUST2321,P004,T-shirt,Apparel,4,336.37,0.1,3/17/2024
SALE002322,CUST2322,P002,Shoes,Footwear,4,388.07,0,9/13/2023
SALE002323,CUST2323,P001,Smartphone,Electronics,4,355.33,0.09,1/25/2025
SALE002324,CUST2324,P005,Blender,Home Appliance,4,139.28,0.08,10/24/2024
SALE002325,CUST2325,P001,Smartphone,Electronics,2,272.29,0.12,1/22/2024
SALE002326,CUST2326,P005,Blender,Home Appliance,3,406.24,0.04,2/26/2024
SALE002327,CUST2327,P005,Blender,Home Appliance,1,264.07,0.15,5/23/2023
SALE002328,CUST2328,P004,T-shirt,Apparel,1,291.48,0.21,3/4/2024
SALE002329,CUST2329,P002,Shoes,Footwear,4,397.01,0.19,7/13/2024
SALE002330,CUST2330,P004,T-shirt,Apparel,4,347.57,0.24,12/16/2024
SALE002331,CUST2331,P001,Smartphone,Electronics,2,234.21,0.14,8/3/2024
SALE002332,CUST2332,P005,Blender,Home Appliance,4,452.94,0.16,8/13/2023
SALE002333,CUST2333,P003,Notebook,Stationery,1,123.16,0.24,3/19/2024
SALE002334,CUST2334,P003,Notebook,Stationery,1,497.98,0.13,10/13/2023
SALE002335,CUST2335,P002,Shoes,Footwear,3,103.48,0.21,11/14/2023
SALE002336,CUST2336,P004,T-shirt,Apparel,3,56.73,0.13,8/5/2024
SALE002337,CUST2337,P001,Smartphone,Electronics,1,450.51,0.13,6/12/2023
SALE002338,CUST2338,P004,T-shirt,Apparel,1,160.23,0.23,9/25/2023
SALE002339,CUST2339,P002,Shoes,Footwear,2,378.36,0.05,12/25/2023
SALE002340,CUST2340,P002,Shoes,Footwear,2,414.96,0.1,11/2/2024
SALE002341,CUST2341,P002,Shoes,Footwear,1,436.54,0.07,3/24/2024
SALE002342,CUST2342,P001,Smartphone,Electronics,4,496.22,0.11,6/1/2023
SALE002343,CUST2343,P004,T-shirt,Apparel,3,182.32,0.07,11/18/2024
SALE002344,CUST2344,P002,Shoes,Footwear,1,369.61,0.17,2/12/2025
SALE002345,CUST2345,P003,Notebook,Stationery,4,101.93,0.24,2/12/2024
SALE002346,CUST2346,P004,T-shirt,Apparel,1,233.06,0.24,10/8/2023
SALE002347,CUST2347,P004,T-shirt,Apparel,3,431.59,0.11,6/24/2024
SALE002348,CUST2348,P002,Shoes,Footwear,3,215.45,0.3,1/16/2024
SALE002349,CUST2349,P003,Notebook,Stationery,2,315.99,0.18,3/14/2024
SALE002350,CUST2350,P004,T-shirt,Apparel,2,276.7,0.12,5/18/2024
SALE002351,CUST2351,P004,T-shirt,Apparel,2,340.68,0.25,7/27/2024
SALE002352,CUST2352,P003,Notebook,Stationery,2,487.8,0.22,2/7/2025
SALE002353,CUST2353,P004,T-shirt,Apparel,3,75.08,0.22,12/19/2024
SALE002354,CUST2354,P005,Blender,Home Appliance,4,308.28,0.06,9/10/2023
SALE002355,CUST2355,P003,Notebook,Stationery,4,438.36,0.14,11/16/2023
SALE002356,CUST2356,P002,Shoes,Footwear,4,266.62,0.26,2/16/2025
SALE002357,CUST2357,P005,Blender,Home Appliance,1,85.34,0.15,7/18/2024
SALE002358,CUST2358,P005,Blender,Home Appliance,2,302.24,0.21,11/1/2024
SALE002359,CUST2359,P003,Notebook,Stationery,2,199.43,0.18,11/25/2023
SALE002360,CUST2360,P001,Smartphone,Electronics,3,119.72,0.25,10/10/2024
SALE002361,CUST2361,P001,Smartphone,Electronics,3,432.07,0.09,3/16/2024
SALE002362,CUST2362,P003,Notebook,Stationery,1,284.72,0.17,3/5/2024
SALE002363,CUST2363,P001,Smartphone,Electronics,1,469.97,0.04,4/8/2024
SALE002364,CUST2364,P001,Smartphone,Electronics,4,412.71,0.21,5/11/2023
SALE002365,CUST2365,P002,Shoes,Footwear,3,361.84,0.22,10/7/2024
SALE002366,CUST2366,P002,Shoes,Footwear,2,52.26,0.01,6/14/2023
SALE002367,CUST2367,P004,T-shirt,Apparel,4,242.52,0.2,12/31/2024
SALE002368,CUST2368,P002,Shoes,Footwear,2,138.87,0.12,3/1/2024
SALE002369,CUST2369,P001,Smartphone,Electronics,4,459.86,0.04,7/9/2024
SALE002370,CUST2370,P002,Shoes,Footwear,2,128.56,0.13,3/4/2024
SALE002371,CUST2371,P002,Shoes,Footwear,1,178.73,0.06,4/16/2025
SALE002372,CUST2372,P003,Notebook,Stationery,4,282.58,0.12,1/25/2025
SALE002373,CUST2373,P005,Blender,Home Appliance,2,168.51,0.12,4/25/2023
SALE002374,CUST2374,P002,Shoes,Footwear,2,144.44,0.22,4/28/2023
SALE002375,CUST2375,P004,T-shirt,Apparel,3,319.59,0.23,11/29/2024
SALE002376,CUST2376,P003,Notebook,Stationery,4,90.02,0.18,2/5/2025
SALE002377,CUST2377,P004,T-shirt,Apparel,2,76.18,0.01,11/15/2024
SALE002378,CUST2378,P002,Shoes,Footwear,3,217.51,0.28,10/26/2023
SALE002379,CUST2379,P003,Notebook,Stationery,2,374.3,0.21,9/26/2023
SALE002380,CUST2380,P002,Shoes,Footwear,4,299.66,0.01,8/30/2024
SALE002381,CUST2381,P002,Shoes,Footwear,1,240.29,0.25,1/6/2024
SALE002382,CUST2382,P003,Notebook,Stationery,4,304.59,0.06,11/1/2024
SALE002383,CUST2383,P004,T-shirt,Apparel,4,214.45,0.17,8/9/2023
SALE002384,CUST2384,P001,Smartphone,Electronics,2,471.27,0.14,6/25/2023
SALE002385,CUST2385,P001,Smartphone,Electronics,2,74.71,0.13,9/12/2023
SALE002386,CUST2386,P005,Blender,Home Appliance,4,353.03,0.27,2/28/2024
SALE002387,CUST2387,P005,Blender,Home Appliance,3,451.08,0.13,2/23/2024
SALE002388,CUST2388,P002,Shoes,Footwear,3,411.75,0.02,9/1/2024
SALE002389,CUST2389,P001,Smartphone,Electronics,3,132.82,0.28,10/31/2023
SALE002390,CUST2390,P002,Shoes,Footwear,2,183.17,0.28,8/5/2023
SALE002391,CUST2391,P005,Blender,Home Appliance,2,372.67,0.21,10/5/2023
SALE002392,CUST2392,P001,Smartphone,Electronics,4,87.92,0.14,2/19/2024
SALE002393,CUST2393,P004,T-shirt,Apparel,1,415.34,0.03,8/8/2023
SALE002394,CUST2394,P005,Blender,Home Appliance,2,373.51,0.24,8/9/2024
SALE002395,CUST2395,P003,Notebook,Stationery,4,378.32,0.02,5/6/2023
SALE002396,CUST2396,P005,Blender,Home Appliance,4,95.11,0.02,10/4/2023
SALE002397,CUST2397,P004,T-shirt,Apparel,1,372.99,0.16,10/9/2024
SALE002398,CUST2398,P002,Shoes,Footwear,3,355.92,0.05,4/28/2023
SALE002399,CUST2399,P001,Smartphone,Electronics,4,423.92,0,12/10/2023
SALE002400,CUST2400,P005,Blender,Home Appliance,4,68.72,0.13,1/23/2024
SALE002401,CUST2401,P003,Notebook,Stationery,4,60.4,0.04,11/4/2024
SALE002402,CUST2402,P002,Shoes,Footwear,3,217.85,0.05,4/5/2024
SALE002403,CUST2403,P001,Smartphone,Electronics,3,116.95,0.02,12/3/2024
SALE002404,CUST2404,P001,Smartphone,Electronics,1,301.27,0.06,8/22/2024
SALE002405,CUST2405,P001,Smartphone,Electronics,2,462.81,0.21,5/28/2023
SALE002406,CUST2406,P002,Shoes,Footwear,3,226.17,0.24,10/5/2023
SALE002407,CUST2407,P005,Blender,Home Appliance,2,430.23,0.14,10/9/2024
SALE002408,CUST2408,P001,Smartphone,Electronics,2,50.11,0.15,5/25/2024
SALE002409,CUST2409,P004,T-shirt,Apparel,3,125.83,0.01,2/24/2024
SALE002410,CUST2410,P004,T-shirt,Apparel,4,63.69,0.02,9/26/2023
SALE002411,CUST2411,P005,Blender,Home Appliance,1,197.67,0.08,4/3/2025
SALE002412,CUST2412,P001,Smartphone,Electronics,2,458.69,0.16,12/3/2023
SALE002413,CUST2413,P002,Shoes,Footwear,4,93.63,0.22,4/6/2024
SALE002414,CUST2414,P004,T-shirt,Apparel,3,322.88,0.18,10/10/2024
SALE002415,CUST2415,P004,T-shirt,Apparel,2,253.17,0.12,4/8/2024
SALE002416,CUST2416,P004,T-shirt,Apparel,2,472.31,0.04,11/9/2023
SALE002417,CUST2417,P004,T-shirt,Apparel,2,105.13,0.23,9/1/2023
SALE002418,CUST2418,P002,Shoes,Footwear,4,145.41,0.11,2/18/2025
SALE002419,CUST2419,P004,T-shirt,Apparel,4,63.29,0.22,2/27/2025
SALE002420,CUST2420,P005,Blender,Home Appliance,4,245.27,0.15,7/30/2024
SALE002421,CUST2421,P003,Notebook,Stationery,2,175.02,0.22,9/9/2023
SALE002422,CUST2422,P004,T-shirt,Apparel,2,441.46,0.27,9/21/2023
SALE002423,CUST2423,P002,Shoes,Footwear,1,322.22,0.28,4/9/2025
SALE002424,CUST2424,P005,Blender,Home Appliance,1,326.34,0.16,10/16/2023
SALE002425,CUST2425,P001,Smartphone,Electronics,4,289.36,0.15,12/11/2023
SALE002426,CUST2426,P002,Shoes,Footwear,4,91.33,0.08,10/12/2023
SALE002427,CUST2427,P002,Shoes,Footwear,3,250.26,0.28,5/20/2023
SALE002428,CUST2428,P004,T-shirt,Apparel,4,499.78,0.14,2/12/2025
SALE002429,CUST2429,P003,Notebook,Stationery,1,425.85,0.04,3/3/2025
SALE002430,CUST2430,P005,Blender,Home Appliance,1,452.06,0.13,6/30/2023
SALE002431,CUST2431,P005,Blender,Home Appliance,1,420.45,0.04,5/20/2024
SALE002432,CUST2432,P003,Notebook,Stationery,2,96.37,0.15,4/8/2024
SALE002433,CUST2433,P003,Notebook,Stationery,2,152.35,0.17,3/5/2024
SALE002434,CUST2434,P001,Smartphone,Electronics,4,51.4,0.1,1/13/2024
SALE002435,CUST2435,P002,Shoes,Footwear,3,186.58,0.02,12/22/2023
SALE002436,CUST2436,P002,Shoes,Footwear,3,98.87,0.28,10/18/2023
SALE002437,CUST2437,P004,T-shirt,Apparel,3,262.76,0.23,10/19/2024
SALE002438,CUST2438,P005,Blender,Home Appliance,2,354.71,0.25,5/11/2023
SALE002439,CUST2439,P001,Smartphone,Electronics,1,443.53,0.11,12/13/2023
SALE002440,CUST2440,P002,Shoes,Footwear,1,387.15,0.23,2/28/2024
SALE002441,CUST2441,P005,Blender,Home Appliance,2,472.36,0.15,9/27/2024
SALE002442,CUST2442,P003,Notebook,Stationery,3,74.25,0.06,2/20/2024
SALE002443,CUST2443,P001,Smartphone,Electronics,3,55.48,0.04,10/21/2023
SALE002444,CUST2444,P002,Shoes,Footwear,4,347.6,0.1,4/21/2023
SALE002445,CUST2445,P004,T-shirt,Apparel,4,180.21,0.04,4/25/2024
SALE002446,CUST2446,P003,Notebook,Stationery,3,164.08,0.3,3/21/2024
SALE002447,CUST2447,P002,Shoes,Footwear,2,198.9,0.01,5/15/2024
SALE002448,CUST2448,P003,Notebook,Stationery,3,171.41,0.13,11/27/2024
SALE002449,CUST2449,P002,Shoes,Footwear,4,280.15,0.14,9/30/2024
SALE002450,CUST2450,P001,Smartphone,Electronics,3,248.07,0.09,8/15/2023
SALE002451,CUST2451,P002,Shoes,Footwear,2,280.59,0.17,6/16/2023
SALE002452,CUST2452,P002,Shoes,Footwear,1,352.72,0.04,6/3/2024
SALE002453,CUST2453,P003,Notebook,Stationery,2,224.21,0.24,7/3/2024
SALE002454,CUST2454,P003,Notebook,Stationery,2,163.09,0.1,8/18/2023
SALE002455,CUST2455,P002,Shoes,Footwear,4,124.79,0.18,7/30/2023
SALE002456,CUST2456,P004,T-shirt,Apparel,2,207.26,0.21,12/20/2024
SALE002457,CUST2457,P003,Notebook,Stationery,2,383.81,0.27,6/5/2024
SALE002458,CUST2458,P004,T-shirt,Apparel,4,390.52,0.25,5/27/2023
SALE002459,CUST2459,P004,T-shirt,Apparel,4,350.11,0.18,1/15/2024
SALE002460,CUST2460,P001,Smartphone,Electronics,1,155.31,0.12,8/24/2023
SALE002461,CUST2461,P005,Blender,Home Appliance,3,314.64,0.15,9/25/2024
SALE002462,CUST2462,P003,Notebook,Stationery,2,306.81,0.23,8/8/2023
SALE002463,CUST2463,P001,Smartphone,Electronics,4,267.92,0.26,6/9/2023
SALE002464,CUST2464,P002,Shoes,Footwear,1,297.49,0.03,8/1/2024
SALE002465,CUST2465,P001,Smartphone,Electronics,3,271.31,0.12,1/31/2025
SALE002466,CUST2466,P003,Notebook,Stationery,4,304.46,0.23,11/6/2023
SALE002467,CUST2467,P004,T-shirt,Apparel,3,371.98,0.13,6/4/2023
SALE002468,CUST2468,P005,Blender,Home Appliance,3,99.33,0.1,3/11/2025
SALE002469,CUST2469,P004,T-shirt,Apparel,2,387.33,0.12,3/10/2025
SALE002470,CUST2470,P005,Blender,Home Appliance,2,111.15,0.18,9/1/2023
SALE002471,CUST2471,P001,Smartphone,Electronics,4,79.98,0.3,8/23/2024
SALE002472,CUST2472,P004,T-shirt,Apparel,3,489.24,0.15,12/16/2023
SALE002473,CUST2473,P001,Smartphone,Electronics,4,480.65,0.06,5/10/2024
SALE002474,CUST2474,P002,Shoes,Footwear,4,77.2,0.05,11/1/2023
SALE002475,CUST2475,P004,T-shirt,Apparel,3,249.46,0.01,3/20/2024
SALE002476,CUST2476,P003,Notebook,Stationery,4,133.81,0.17,3/1/2025
SALE002477,CUST2477,P002,Shoes,Footwear,3,268.41,0.16,12/23/2023
SALE002478,CUST2478,P003,Notebook,Stationery,3,423.58,0.06,1/15/2025
SALE002479,CUST2479,P005,Blender,Home Appliance,3,477.78,0.21,6/13/2024
SALE002480,CUST2480,P003,Notebook,Stationery,3,335.41,0.22,9/29/2024
SALE002481,CUST2481,P005,Blender,Home Appliance,1,209.26,0.08,3/14/2025
SALE002482,CUST2482,P005,Blender,Home Appliance,3,321.5,0.1,8/27/2023
SALE002483,CUST2483,P001,Smartphone,Electronics,2,190.4,0.3,4/28/2023
SALE002484,CUST2484,P005,Blender,Home Appliance,2,459.42,0.11,5/11/2024
SALE002485,CUST2485,P003,Notebook,Stationery,2,441.68,0.23,12/12/2024
SALE002486,CUST2486,P002,Shoes,Footwear,3,301.2,0.14,5/11/2024
SALE002487,CUST2487,P005,Blender,Home Appliance,2,196.16,0.24,1/15/2025
SALE002488,CUST2488,P005,Blender,Home Appliance,1,182.03,0.23,1/3/2025
SALE002489,CUST2489,P002,Shoes,Footwear,4,65.04,0.2,6/20/2024
SALE002490,CUST2490,P005,Blender,Home Appliance,3,417.12,0.26,10/6/2023
SALE002491,CUST2491,P005,Blender,Home Appliance,2,252.67,0.28,2/2/2024
SALE002492,CUST2492,P002,Shoes,Footwear,1,196.31,0.17,1/7/2024
SALE002493,CUST2493,P001,Smartphone,Electronics,4,262,0.07,12/9/2024
SALE002494,CUST2494,P001,Smartphone,Electronics,1,418.43,0.12,8/18/2023
SALE002495,CUST2495,P003,Notebook,Stationery,2,106.08,0.23,8/17/2024
SALE002496,CUST2496,P001,Smartphone,Electronics,1,435.95,0.2,1/12/2024
SALE002497,CUST2497,P003,Notebook,Stationery,4,453.88,0.05,2/4/2024
SALE002498,CUST2498,P005,Blender,Home Appliance,2,476.02,0.02,11/29/2024
SALE002499,CUST2499,P004,T-shirt,Apparel,4,228.87,0.2,5/31/2024
SALE002500,CUST2500,P004,T-shirt,Apparel,1,147.71,0.08,11/25/2024
SALE002501,CUST2501,P004,T-shirt,Apparel,3,218.14,0.15,12/2/2023
SALE002502,CUST2502,P004,T-shirt,Apparel,3,199.81,0.22,6/20/2024
SALE002503,CUST2503,P003,Notebook,Stationery,3,129.27,0.17,2/1/2024
SALE002504,CUST2504,P005,Blender,Home Appliance,3,323.27,0.02,11/20/2023
SALE002505,CUST2505,P001,Smartphone,Electronics,4,264.48,0.06,5/8/2024
SALE002506,CUST2506,P002,Shoes,Footwear,3,439.57,0.07,4/21/2023
SALE002507,CUST2507,P004,T-shirt,Apparel,4,64.45,0.08,11/23/2024
SALE002508,CUST2508,P001,Smartphone,Electronics,2,339.74,0.17,2/8/2025
SALE002509,CUST2509,P004,T-shirt,Apparel,3,393.33,0.15,6/3/2024
SALE002510,CUST2510,P003,Notebook,Stationery,4,391.77,0.06,10/18/2024
SALE002511,CUST2511,P004,T-shirt,Apparel,3,448.73,0.02,11/30/2024
SALE002512,CUST2512,P004,T-shirt,Apparel,3,378.07,0.05,11/16/2023
SALE002513,CUST2513,P003,Notebook,Stationery,3,467.51,0.3,11/26/2023
SALE002514,CUST2514,P002,Shoes,Footwear,4,199.7,0.14,5/16/2023
SALE002515,CUST2515,P005,Blender,Home Appliance,1,276.44,0.26,6/30/2024
SALE002516,CUST2516,P002,Shoes,Footwear,3,56.34,0.25,3/20/2024
SALE002517,CUST2517,P002,Shoes,Footwear,3,53.13,0.15,4/12/2025
SALE002518,CUST2518,P004,T-shirt,Apparel,2,158.06,0.21,7/11/2024
SALE002519,CUST2519,P001,Smartphone,Electronics,1,95.36,0.06,12/21/2023
SALE002520,CUST2520,P005,Blender,Home Appliance,4,167.1,0.21,3/22/2025
SALE002521,CUST2521,P003,Notebook,Stationery,2,129.67,0.08,2/19/2025
SALE002522,CUST2522,P003,Notebook,Stationery,3,62.83,0.25,8/8/2024
SALE002523,CUST2523,P005,Blender,Home Appliance,2,459.19,0.03,4/22/2023
SALE002524,CUST2524,P001,Smartphone,Electronics,2,53.7,0.23,1/23/2025
SALE002525,CUST2525,P002,Shoes,Footwear,3,381.24,0.03,6/16/2024
SALE002526,CUST2526,P005,Blender,Home Appliance,1,118.47,0.26,6/30/2024
SALE002527,CUST2527,P003,Notebook,Stationery,1,460.5,0.09,11/20/2024
SALE002528,CUST2528,P005,Blender,Home Appliance,2,451.76,0.2,6/7/2023
SALE002529,CUST2529,P003,Notebook,Stationery,3,344.26,0.15,4/8/2024
SALE002530,CUST2530,P005,Blender,Home Appliance,4,352.51,0.11,2/16/2024
SALE002531,CUST2531,P003,Notebook,Stationery,2,52.4,0.19,2/19/2025
SALE002532,CUST2532,P002,Shoes,Footwear,4,493.19,0.28,5/14/2023
SALE002533,CUST2533,P003,Notebook,Stationery,2,445.02,0.01,12/25/2023
SALE002534,CUST2534,P003,Notebook,Stationery,2,452.8,0.28,12/6/2023
SALE002535,CUST2535,P004,T-shirt,Apparel,3,346.66,0.18,8/30/2023
SALE002536,CUST2536,P004,T-shirt,Apparel,3,205.15,0.24,2/2/2024
SALE002537,CUST2537,P004,T-shirt,Apparel,4,452.14,0.12,10/22/2024
SALE002538,CUST2538,P004,T-shirt,Apparel,4,181.18,0.14,4/4/2025
SALE002539,CUST2539,P001,Smartphone,Electronics,1,303.22,0.26,9/15/2024
SALE002540,CUST2540,P002,Shoes,Footwear,3,94.88,0.12,2/6/2025
SALE002541,CUST2541,P005,Blender,Home Appliance,2,464.88,0.16,10/22/2024
SALE002542,CUST2542,P005,Blender,Home Appliance,2,113.35,0.01,12/28/2024
SALE002543,CUST2543,P004,T-shirt,Apparel,1,151.2,0.05,8/4/2024
SALE002544,CUST2544,P003,Notebook,Stationery,3,301.16,0.19,3/5/2025
SALE002545,CUST2545,P003,Notebook,Stationery,2,393.84,0.22,7/14/2023
SALE002546,CUST2546,P001,Smartphone,Electronics,1,328.71,0.17,6/11/2024
SALE002547,CUST2547,P001,Smartphone,Electronics,1,154.46,0.04,2/26/2024
SALE002548,CUST2548,P005,Blender,Home Appliance,2,50.42,0.13,7/7/2024
SALE002549,CUST2549,P001,Smartphone,Electronics,2,390.72,0.11,2/2/2025
SALE002550,CUST2550,P003,Notebook,Stationery,4,493.34,0.15,2/19/2025
SALE002551,CUST2551,P005,Blender,Home Appliance,3,414.46,0.26,6/19/2024
SALE002552,CUST2552,P003,Notebook,Stationery,4,257.09,0.23,11/9/2024
SALE002553,CUST2553,P004,T-shirt,Apparel,1,456.7,0.03,7/12/2024
SALE002554,CUST2554,P004,T-shirt,Apparel,2,234.43,0.27,6/28/2023
SALE002555,CUST2555,P005,Blender,Home Appliance,4,286.22,0.14,9/28/2024
SALE002556,CUST2556,P002,Shoes,Footwear,1,264.71,0.22,4/30/2023
SALE002557,CUST2557,P002,Shoes,Footwear,3,251.43,0.04,2/17/2024
SALE002558,CUST2558,P002,Shoes,Footwear,2,398.84,0.2,4/13/2025
SALE002559,CUST2559,P005,Blender,Home Appliance,4,287.05,0.07,10/17/2023
SALE002560,CUST2560,P003,Notebook,Stationery,3,192.52,0.13,4/8/2025
SALE002561,CUST2561,P005,Blender,Home Appliance,4,166.17,0.01,9/11/2024
SALE002562,CUST2562,P002,Shoes,Footwear,1,66.99,0.05,2/3/2024
SALE002563,CUST2563,P004,T-shirt,Apparel,3,312.44,0.03,1/22/2025
SALE002564,CUST2564,P001,Smartphone,Electronics,4,153.48,0.07,9/21/2023
SALE002565,CUST2565,P001,Smartphone,Electronics,3,116.66,0.03,8/13/2024
SALE002566,CUST2566,P005,Blender,Home Appliance,1,344.22,0.21,1/25/2025
SALE002567,CUST2567,P003,Notebook,Stationery,3,356.54,0.01,10/5/2023
SALE002568,CUST2568,P001,Smartphone,Electronics,4,388.47,0.19,6/30/2024
SALE002569,CUST2569,P002,Shoes,Footwear,1,276.61,0.04,10/30/2023
SALE002570,CUST2570,P004,T-shirt,Apparel,2,452.32,0.28,8/11/2024
SALE002571,CUST2571,P001,Smartphone,Electronics,4,471.35,0.28,2/12/2024
SALE002572,CUST2572,P004,T-shirt,Apparel,4,413.32,0.07,3/17/2025
SALE002573,CUST2573,P004,T-shirt,Apparel,1,336.02,0.18,11/11/2024
SALE002574,CUST2574,P001,Smartphone,Electronics,1,186.67,0.01,9/29/2024
SALE002575,CUST2575,P005,Blender,Home Appliance,2,492.33,0.28,10/7/2024
SALE002576,CUST2576,P003,Notebook,Stationery,4,173.36,0.16,3/3/2025
SALE002577,CUST2577,P002,Shoes,Footwear,1,141.2,0.01,8/16/2024
SALE002578,CUST2578,P004,T-shirt,Apparel,2,248.97,0.1,11/14/2023
SALE002579,CUST2579,P001,Smartphone,Electronics,2,75.58,0.02,3/5/2025
SALE002580,CUST2580,P005,Blender,Home Appliance,1,490.32,0.12,7/5/2023
SALE002581,CUST2581,P004,T-shirt,Apparel,4,314.8,0.2,6/6/2023
SALE002582,CUST2582,P005,Blender,Home Appliance,3,300.63,0.14,11/2/2023
SALE002583,CUST2583,P001,Smartphone,Electronics,3,345.11,0.12,12/6/2023
SALE002584,CUST2584,P004,T-shirt,Apparel,2,273.66,0.04,4/8/2025
SALE002585,CUST2585,P002,Shoes,Footwear,3,64.43,0.07,10/16/2023
SALE002586,CUST2586,P001,Smartphone,Electronics,3,325.54,0.03,10/11/2024
SALE002587,CUST2587,P002,Shoes,Footwear,1,372.28,0.24,10/16/2023
SALE002588,CUST2588,P001,Smartphone,Electronics,2,237.54,0.04,5/24/2023
SALE002589,CUST2589,P002,Shoes,Footwear,4,390.78,0.18,5/9/2023
SALE002590,CUST2590,P002,Shoes,Footwear,2,152.15,0.1,1/4/2025
SALE002591,CUST2591,P005,Blender,Home Appliance,1,149.57,0.07,5/30/2023
SALE002592,CUST2592,P005,Blender,Home Appliance,3,122.64,0.19,5/4/2024
SALE002593,CUST2593,P001,Smartphone,Electronics,4,217.4,0.14,6/30/2023
SALE002594,CUST2594,P001,Smartphone,Electronics,2,431.16,0.12,9/8/2023
SALE002595,CUST2595,P002,Shoes,Footwear,3,422.56,0.18,10/16/2023
SALE002596,CUST2596,P001,Smartphone,Electronics,2,222.27,0.15,10/3/2024
SALE002597,CUST2597,P005,Blender,Home Appliance,4,315.1,0.09,4/16/2024
SALE002598,CUST2598,P005,Blender,Home Appliance,2,374.37,0.17,7/6/2023
SALE002599,CUST2599,P004,T-shirt,Apparel,2,158.54,0.2,8/20/2023
SALE002600,CUST2600,P004,T-shirt,Apparel,2,125.66,0.01,7/30/2024
SALE002601,CUST2601,P004,T-shirt,Apparel,3,487.44,0.14,7/28/2023
SALE002602,CUST2602,P004,T-shirt,Apparel,4,327.9,0.02,2/16/2025
SALE002603,CUST2603,P002,Shoes,Footwear,4,491.64,0.06,10/8/2024
SALE002604,CUST2604,P004,T-shirt,Apparel,3,201.99,0.17,4/7/2024
SALE002605,CUST2605,P002,Shoes,Footwear,3,366.36,0.26,6/25/2023
SALE002606,CUST2606,P001,Smartphone,Electronics,3,150.17,0.26,7/11/2023
SALE002607,CUST2607,P002,Shoes,Footwear,1,167.54,0.02,10/25/2024
SALE002608,CUST2608,P004,T-shirt,Apparel,2,280.36,0.13,7/15/2024
SALE002609,CUST2609,P002,Shoes,Footwear,2,193.83,0.17,12/21/2024
SALE002610,CUST2610,P003,Notebook,Stationery,4,125.43,0.04,6/15/2024
SALE002611,CUST2611,P003,Notebook,Stationery,2,168.3,0.23,2/2/2025
SALE002612,CUST2612,P005,Blender,Home Appliance,1,66.09,0.22,5/12/2024
SALE002613,CUST2613,P002,Shoes,Footwear,3,366.99,0.27,5/11/2024
SALE002614,CUST2614,P004,T-shirt,Apparel,4,271.45,0,1/7/2025
SALE002615,CUST2615,P003,Notebook,Stationery,4,92.41,0.07,2/27/2025
SALE002616,CUST2616,P004,T-shirt,Apparel,2,127.26,0.25,12/6/2024
SALE002617,CUST2617,P004,T-shirt,Apparel,4,96.14,0.2,5/13/2024
SALE002618,CUST2618,P001,Smartphone,Electronics,3,325.67,0.27,10/31/2024
SALE002619,CUST2619,P004,T-shirt,Apparel,4,92.39,0.02,4/17/2023
SALE002620,CUST2620,P001,Smartphone,Electronics,3,389.43,0.18,7/20/2023
SALE002621,CUST2621,P005,Blender,Home Appliance,1,59.23,0.17,10/7/2024
SALE002622,CUST2622,P001,Smartphone,Electronics,1,162.22,0.01,10/17/2024
SALE002623,CUST2623,P003,Notebook,Stationery,3,450.8,0.15,12/27/2024
SALE002624,CUST2624,P004,T-shirt,Apparel,2,373.34,0.18,1/29/2024
SALE002625,CUST2625,P003,Notebook,Stationery,4,82.84,0.06,1/10/2025
SALE002626,CUST2626,P004,T-shirt,Apparel,2,419.51,0.08,7/20/2023
SALE002627,CUST2627,P003,Notebook,Stationery,4,271.87,0.19,8/9/2023
SALE002628,CUST2628,P002,Shoes,Footwear,1,431.05,0.14,7/27/2023
SALE002629,CUST2629,P005,Blender,Home Appliance,1,320.33,0.26,6/18/2024
SALE002630,CUST2630,P004,T-shirt,Apparel,1,356.82,0.1,9/23/2024
SALE002631,CUST2631,P004,T-shirt,Apparel,4,497.08,0.08,3/13/2025
SALE002632,CUST2632,P004,T-shirt,Apparel,1,154.55,0.3,6/24/2023
SALE002633,CUST2633,P001,Smartphone,Electronics,1,330.78,0.27,7/9/2023
SALE002634,CUST2634,P003,Notebook,Stationery,1,257.14,0.01,1/8/2024
SALE002635,CUST2635,P003,Notebook,Stationery,1,67.75,0.23,8/13/2024
SALE002636,CUST2636,P004,T-shirt,Apparel,2,56.51,0.03,8/13/2023
SALE002637,CUST2637,P004,T-shirt,Apparel,1,103.65,0.01,6/30/2023
SALE002638,CUST2638,P002,Shoes,Footwear,1,342.09,0.08,5/10/2024
SALE002639,CUST2639,P005,Blender,Home Appliance,2,305.22,0.08,3/18/2025
SALE002640,CUST2640,P002,Shoes,Footwear,2,299.04,0.25,12/6/2023
SALE002641,CUST2641,P001,Smartphone,Electronics,4,64.34,0.21,5/24/2024
SALE002642,CUST2642,P004,T-shirt,Apparel,3,261.19,0.29,12/7/2023
SALE002643,CUST2643,P003,Notebook,Stationery,1,466.08,0.21,10/20/2024
SALE002644,CUST2644,P005,Blender,Home Appliance,1,228.92,0.13,9/1/2023
SALE002645,CUST2645,P001,Smartphone,Electronics,1,331.22,0.21,10/12/2023
SALE002646,CUST2646,P005,Blender,Home Appliance,4,400.92,0.3,1/1/2024
SALE002647,CUST2647,P003,Notebook,Stationery,1,402.77,0.21,7/27/2024
SALE002648,CUST2648,P003,Notebook,Stationery,3,283.68,0.23,10/11/2023
SALE002649,CUST2649,P004,T-shirt,Apparel,2,436.08,0.28,2/18/2024
SALE002650,CUST2650,P005,Blender,Home Appliance,4,226.12,0.03,3/18/2025
SALE002651,CUST2651,P005,Blender,Home Appliance,2,449.91,0.21,10/11/2024
SALE002652,CUST2652,P004,T-shirt,Apparel,1,158.1,0.26,3/31/2024
SALE002653,CUST2653,P002,Shoes,Footwear,1,176.1,0.29,9/27/2024
SALE002654,CUST2654,P001,Smartphone,Electronics,1,73.9,0.06,12/7/2024
SALE002655,CUST2655,P003,Notebook,Stationery,3,408.01,0.15,8/17/2024
SALE002656,CUST2656,P005,Blender,Home Appliance,3,237.67,0.2,2/21/2024
SALE002657,CUST2657,P005,Blender,Home Appliance,4,153.1,0.07,5/21/2023
SALE002658,CUST2658,P004,T-shirt,Apparel,2,154.31,0.18,6/18/2023
SALE002659,CUST2659,P005,Blender,Home Appliance,1,455.63,0.08,6/3/2023
SALE002660,CUST2660,P001,Smartphone,Electronics,1,425.26,0.1,5/11/2024
SALE002661,CUST2661,P001,Smartphone,Electronics,1,299.09,0.13,1/9/2024
SALE002662,CUST2662,P002,Shoes,Footwear,1,327.25,0.16,6/12/2024
SALE002663,CUST2663,P003,Notebook,Stationery,3,263.45,0.13,6/21/2023
SALE002664,CUST2664,P002,Shoes,Footwear,2,226.25,0.15,4/21/2024
SALE002665,CUST2665,P001,Smartphone,Electronics,2,461.96,0.09,4/28/2024
SALE002666,CUST2666,P002,Shoes,Footwear,4,106.53,0.05,8/17/2023
SALE002667,CUST2667,P005,Blender,Home Appliance,3,238.3,0.01,10/24/2023
SALE002668,CUST2668,P002,Shoes,Footwear,1,205.05,0.06,6/30/2023
SALE002669,CUST2669,P004,T-shirt,Apparel,2,274.17,0.17,7/27/2024
SALE002670,CUST2670,P004,T-shirt,Apparel,2,255.93,0.24,2/11/2024
SALE002671,CUST2671,P002,Shoes,Footwear,3,283.5,0.05,1/6/2024
SALE002672,CUST2672,P003,Notebook,Stationery,4,112.96,0.03,11/13/2024
SALE002673,CUST2673,P003,Notebook,Stationery,4,280.91,0.22,12/1/2023
SALE002674,CUST2674,P004,T-shirt,Apparel,1,159.09,0.09,10/11/2024
SALE002675,CUST2675,P005,Blender,Home Appliance,4,132.95,0.29,12/3/2024
SALE002676,CUST2676,P001,Smartphone,Electronics,2,79.18,0.21,9/16/2023
SALE002677,CUST2677,P001,Smartphone,Electronics,4,393.19,0.1,5/11/2024
SALE002678,CUST2678,P005,Blender,Home Appliance,1,242.35,0.09,10/15/2023
SALE002679,CUST2679,P003,Notebook,Stationery,2,331.99,0.16,6/26/2023
SALE002680,CUST2680,P005,Blender,Home Appliance,4,377.42,0.02,3/13/2024
SALE002681,CUST2681,P001,Smartphone,Electronics,4,355.69,0.04,3/14/2025
SALE002682,CUST2682,P003,Notebook,Stationery,3,261.73,0.05,10/4/2024
SALE002683,CUST2683,P001,Smartphone,Electronics,1,224.55,0.23,7/6/2024
SALE002684,CUST2684,P001,Smartphone,Electronics,4,219.18,0.15,7/9/2023
SALE002685,CUST2685,P003,Notebook,Stationery,3,338.02,0,6/21/2023
SALE002686,CUST2686,P004,T-shirt,Apparel,2,272.66,0.2,2/14/2025
SALE002687,CUST2687,P001,Smartphone,Electronics,3,432.11,0.13,12/19/2023
SALE002688,CUST2688,P003,Notebook,Stationery,3,443.62,0.15,5/18/2024
SALE002689,CUST2689,P005,Blender,Home Appliance,4,126.75,0.06,3/10/2024
SALE002690,CUST2690,P004,T-shirt,Apparel,4,111.31,0.17,10/8/2024
SALE002691,CUST2691,P001,Smartphone,Electronics,4,333.68,0.29,12/30/2024
SALE002692,CUST2692,P001,Smartphone,Electronics,3,185.55,0.02,9/9/2024
SALE002693,CUST2693,P001,Smartphone,Electronics,2,58.36,0.09,6/16/2024
SALE002694,CUST2694,P001,Smartphone,Electronics,1,449.89,0.07,1/10/2025
SALE002695,CUST2695,P005,Blender,Home Appliance,3,152.11,0.07,1/5/2025
SALE002696,CUST2696,P001,Smartphone,Electronics,4,468.18,0.11,4/27/2023
SALE002697,CUST2697,P001,Smartphone,Electronics,1,372.85,0.25,11/14/2023
SALE002698,CUST2698,P004,T-shirt,Apparel,2,393.19,0.27,12/16/2024
SALE002699,CUST2699,P002,Shoes,Footwear,1,140.66,0.06,3/30/2025
SALE002700,CUST2700,P005,Blender,Home Appliance,4,155.39,0.16,6/8/2024
SALE002701,CUST2701,P005,Blender,Home Appliance,3,284.57,0.19,11/18/2024
SALE002702,CUST2702,P003,Notebook,Stationery,3,127.44,0.16,4/7/2024
SALE002703,CUST2703,P003,Notebook,Stationery,4,187.44,0.13,1/25/2024
SALE002704,CUST2704,P004,T-shirt,Apparel,3,194.66,0.06,1/1/2025
SALE002705,CUST2705,P004,T-shirt,Apparel,4,121.83,0.15,12/2/2023
SALE002706,CUST2706,P002,Shoes,Footwear,3,142.33,0.12,7/3/2023
SALE002707,CUST2707,P003,Notebook,Stationery,3,404.85,0.24,9/13/2023
SALE002708,CUST2708,P004,T-shirt,Apparel,3,125.24,0.23,10/12/2024
SALE002709,CUST2709,P003,Notebook,Stationery,2,62.81,0.04,1/6/2024
SALE002710,CUST2710,P002,Shoes,Footwear,2,333.21,0.03,6/17/2023
SALE002711,CUST2711,P004,T-shirt,Apparel,4,489.19,0.27,11/15/2024
SALE002712,CUST2712,P005,Blender,Home Appliance,2,199.05,0.16,11/2/2023
SALE002713,CUST2713,P002,Shoes,Footwear,4,103.4,0.26,12/27/2024
SALE002714,CUST2714,P005,Blender,Home Appliance,1,306.67,0.02,9/8/2024
SALE002715,CUST2715,P001,Smartphone,Electronics,1,457.86,0.16,10/11/2024
SALE002716,CUST2716,P005,Blender,Home Appliance,2,402.83,0.16,10/26/2024
SALE002717,CUST2717,P005,Blender,Home Appliance,1,330.13,0.26,1/29/2024
SALE002718,CUST2718,P003,Notebook,Stationery,1,191.78,0.03,5/1/2024
SALE002719,CUST2719,P001,Smartphone,Electronics,3,293.85,0.07,4/7/2024
SALE002720,CUST2720,P002,Shoes,Footwear,3,91.06,0.12,5/24/2024
SALE002721,CUST2721,P001,Smartphone,Electronics,4,355.53,0.26,9/24/2024
SALE002722,CUST2722,P005,Blender,Home Appliance,1,376.29,0.28,7/3/2024
SALE002723,CUST2723,P005,Blender,Home Appliance,4,484.26,0.3,10/10/2024
SALE002724,CUST2724,P003,Notebook,Stationery,4,167.18,0.29,3/15/2025
SALE002725,CUST2725,P005,Blender,Home Appliance,1,58.31,0,6/7/2023
SALE002726,CUST2726,P004,T-shirt,Apparel,2,295.52,0.01,2/6/2025
SALE002727,CUST2727,P004,T-shirt,Apparel,1,368.06,0.04,4/19/2024
SALE002728,CUST2728,P001,Smartphone,Electronics,3,405.68,0.1,12/6/2024
SALE002729,CUST2729,P005,Blender,Home Appliance,1,137.18,0.25,3/28/2025
SALE002730,CUST2730,P002,Shoes,Footwear,2,167.79,0.27,10/9/2023
SALE002731,CUST2731,P002,Shoes,Footwear,4,280.67,0.06,2/26/2025
SALE002732,CUST2732,P001,Smartphone,Electronics,4,198.77,0.19,2/15/2024
SALE002733,CUST2733,P002,Shoes,Footwear,3,437.23,0.28,12/20/2023
SALE002734,CUST2734,P001,Smartphone,Electronics,3,263.19,0.14,5/29/2024
SALE002735,CUST2735,P003,Notebook,Stationery,3,409.81,0.03,10/27/2023
SALE002736,CUST2736,P003,Notebook,Stationery,4,311.28,0.14,3/30/2024
SALE002737,CUST2737,P002,Shoes,Footwear,3,397.89,0.11,7/25/2023
SALE002738,CUST2738,P005,Blender,Home Appliance,1,199.7,0.17,9/23/2023
SALE002739,CUST2739,P003,Notebook,Stationery,4,424.14,0.13,3/23/2024
SALE002740,CUST2740,P002,Shoes,Footwear,2,173.56,0.01,3/17/2024
SALE002741,CUST2741,P003,Notebook,Stationery,4,295.74,0.3,6/4/2024
SALE002742,CUST2742,P001,Smartphone,Electronics,1,146.3,0.16,2/8/2024
SALE002743,CUST2743,P001,Smartphone,Electronics,1,263.99,0.14,6/16/2023
SALE002744,CUST2744,P001,Smartphone,Electronics,3,193.18,0.29,8/2/2024
SALE002745,CUST2745,P005,Blender,Home Appliance,4,170.02,0.05,10/8/2024
SALE002746,CUST2746,P001,Smartphone,Electronics,4,485.14,0.06,5/25/2024
SALE002747,CUST2747,P002,Shoes,Footwear,4,122.03,0.24,5/13/2024
SALE002748,CUST2748,P003,Notebook,Stationery,2,404.3,0.08,11/20/2024
SALE002749,CUST2749,P005,Blender,Home Appliance,3,492.87,0.24,5/4/2024
SALE002750,CUST2750,P003,Notebook,Stationery,1,58.96,0.08,3/28/2024
SALE002751,CUST2751,P001,Smartphone,Electronics,1,364.56,0.01,3/23/2025
SALE002752,CUST2752,P005,Blender,Home Appliance,3,163.81,0.16,3/21/2025
SALE002753,CUST2753,P003,Notebook,Stationery,1,68.22,0.06,12/11/2023
SALE002754,CUST2754,P002,Shoes,Footwear,1,231.3,0.23,5/23/2024
SALE002755,CUST2755,P005,Blender,Home Appliance,3,470.85,0.19,1/10/2024
SALE002756,CUST2756,P003,Notebook,Stationery,1,55.29,0.28,2/21/2024
SALE002757,CUST2757,P001,Smartphone,Electronics,4,314.55,0.23,9/2/2023
SALE002758,CUST2758,P002,Shoes,Footwear,2,275.63,0.05,2/12/2024
SALE002759,CUST2759,P003,Notebook,Stationery,3,443.02,0.24,12/15/2024
SALE002760,CUST2760,P005,Blender,Home Appliance,2,87.8,0.19,10/13/2024
SALE002761,CUST2761,P004,T-shirt,Apparel,1,356.69,0.2,6/24/2023
SALE002762,CUST2762,P005,Blender,Home Appliance,1,356.05,0.25,11/11/2024
SALE002763,CUST2763,P005,Blender,Home Appliance,4,351.09,0.17,8/16/2024
SALE002764,CUST2764,P005,Blender,Home Appliance,3,474.05,0.14,1/23/2025
SALE002765,CUST2765,P001,Smartphone,Electronics,1,420.39,0.19,4/15/2024
SALE002766,CUST2766,P002,Shoes,Footwear,3,68.89,0.09,8/24/2024
SALE002767,CUST2767,P002,Shoes,Footwear,3,261.99,0.05,11/8/2024
SALE002768,CUST2768,P002,Shoes,Footwear,3,229.08,0.18,10/2/2023
SALE002769,CUST2769,P005,Blender,Home Appliance,3,189.57,0.07,2/25/2024
SALE002770,CUST2770,P005,Blender,Home Appliance,3,253.1,0.02,8/21/2024
SALE002771,CUST2771,P004,T-shirt,Apparel,2,222.89,0,3/23/2025
SALE002772,CUST2772,P004,T-shirt,Apparel,4,244.55,0.18,6/11/2023
SALE002773,CUST2773,P004,T-shirt,Apparel,3,490.67,0.11,10/21/2024
SALE002774,CUST2774,P004,T-shirt,Apparel,2,89.88,0.23,3/7/2024
SALE002775,CUST2775,P004,T-shirt,Apparel,1,465,0.11,3/17/2025
SALE002776,CUST2776,P001,Smartphone,Electronics,3,266.11,0.15,6/22/2023
SALE002777,CUST2777,P004,T-shirt,Apparel,1,330.68,0.12,4/16/2025
SALE002778,CUST2778,P002,Shoes,Footwear,3,423.58,0.2,11/11/2024
SALE002779,CUST2779,P005,Blender,Home Appliance,2,212.21,0.11,5/26/2024
SALE002780,CUST2780,P005,Blender,Home Appliance,2,243.69,0.29,4/24/2023
SALE002781,CUST2781,P003,Notebook,Stationery,2,234.28,0.28,12/2/2024
SALE002782,CUST2782,P001,Smartphone,Electronics,4,218.63,0.25,6/15/2023
SALE002783,CUST2783,P002,Shoes,Footwear,1,466.49,0.28,9/24/2023
SALE002784,CUST2784,P003,Notebook,Stationery,4,423.02,0.13,12/31/2023
SALE002785,CUST2785,P001,Smartphone,Electronics,3,99.05,0.16,9/17/2023
SALE002786,CUST2786,P002,Shoes,Footwear,1,98.66,0.22,10/12/2024
SALE002787,CUST2787,P005,Blender,Home Appliance,2,242.54,0.21,7/31/2023
SALE002788,CUST2788,P005,Blender,Home Appliance,1,94.4,0.27,10/17/2024
SALE002789,CUST2789,P004,T-shirt,Apparel,2,328.59,0.21,11/16/2024
SALE002790,CUST2790,P005,Blender,Home Appliance,4,114.66,0.3,4/28/2023
SALE002791,CUST2791,P002,Shoes,Footwear,4,285.07,0.1,10/17/2024
SALE002792,CUST2792,P005,Blender,Home Appliance,2,53.25,0.25,7/5/2023
SALE002793,CUST2793,P004,T-shirt,Apparel,2,192.47,0.21,1/25/2024
SALE002794,CUST2794,P003,Notebook,Stationery,3,354.74,0.21,4/9/2025
SALE002795,CUST2795,P003,Notebook,Stationery,4,267.82,0.1,12/2/2024
SALE002796,CUST2796,P002,Shoes,Footwear,4,490.22,0.24,7/12/2024
SALE002797,CUST2797,P001,Smartphone,Electronics,3,443.35,0.27,8/8/2024
SALE002798,CUST2798,P005,Blender,Home Appliance,4,211.58,0.07,4/22/2024
SALE002799,CUST2799,P001,Smartphone,Electronics,2,70.47,0.19,6/4/2023
SALE002800,CUST2800,P005,Blender,Home Appliance,1,430.53,0.12,11/15/2023
SALE002801,CUST2801,P002,Shoes,Footwear,1,460.06,0.3,6/29/2024
SALE002802,CUST2802,P004,T-shirt,Apparel,4,419.28,0.14,5/19/2024
SALE002803,CUST2803,P002,Shoes,Footwear,3,107.58,0.07,1/30/2024
SALE002804,CUST2804,P002,Shoes,Footwear,2,499.06,0.11,6/19/2024
SALE002805,CUST2805,P005,Blender,Home Appliance,1,166.36,0.2,5/31/2024
SALE002806,CUST2806,P002,Shoes,Footwear,2,375.89,0.02,1/2/2025
SALE002807,CUST2807,P005,Blender,Home Appliance,4,458.62,0.18,7/7/2024
SALE002808,CUST2808,P004,T-shirt,Apparel,4,156.06,0.28,11/29/2023
SALE002809,CUST2809,P001,Smartphone,Electronics,1,458.72,0.26,6/11/2023
SALE002810,CUST2810,P002,Shoes,Footwear,4,189.27,0.02,12/31/2024
SALE002811,CUST2811,P004,T-shirt,Apparel,3,489.39,0.3,5/18/2024
SALE002812,CUST2812,P004,T-shirt,Apparel,4,176.57,0.21,9/21/2024
SALE002813,CUST2813,P002,Shoes,Footwear,4,479.05,0.05,2/4/2024
SALE002814,CUST2814,P005,Blender,Home Appliance,4,74.1,0,2/22/2024
SALE002815,CUST2815,P002,Shoes,Footwear,2,369.17,0.05,6/30/2024
SALE002816,CUST2816,P001,Smartphone,Electronics,2,289.45,0.25,4/22/2024
SALE002817,CUST2817,P004,T-shirt,Apparel,1,265.04,0.01,6/2/2023
SALE002818,CUST2818,P001,Smartphone,Electronics,1,150.57,0.07,4/9/2024
SALE002819,CUST2819,P003,Notebook,Stationery,1,367.52,0.23,4/17/2023
SALE002820,CUST2820,P003,Notebook,Stationery,4,135.86,0.18,5/21/2024
SALE002821,CUST2821,P005,Blender,Home Appliance,2,298.78,0.23,1/16/2025
SALE002822,CUST2822,P001,Smartphone,Electronics,3,163.96,0.22,2/7/2024
SALE002823,CUST2823,P005,Blender,Home Appliance,4,480.03,0.02,12/16/2024
SALE002824,CUST2824,P003,Notebook,Stationery,4,62.88,0.27,8/20/2023
SALE002825,CUST2825,P001,Smartphone,Electronics,4,139.88,0.07,11/26/2023
SALE002826,CUST2826,P002,Shoes,Footwear,3,159.04,0.17,7/3/2023
SALE002827,CUST2827,P002,Shoes,Footwear,1,236.33,0.19,11/14/2024
SALE002828,CUST2828,P001,Smartphone,Electronics,3,154.73,0.05,10/3/2023
SALE002829,CUST2829,P001,Smartphone,Electronics,1,271.11,0.29,7/5/2024
SALE002830,CUST2830,P004,T-shirt,Apparel,3,442.61,0.15,6/10/2024
SALE002831,CUST2831,P005,Blender,Home Appliance,2,370.43,0.02,10/25/2024
SALE002832,CUST2832,P004,T-shirt,Apparel,4,310.98,0.28,4/22/2023
SALE002833,CUST2833,P001,Smartphone,Electronics,4,90.05,0.18,6/22/2024
SALE002834,CUST2834,P003,Notebook,Stationery,4,362.3,0.21,8/3/2023
SALE002835,CUST2835,P004,T-shirt,Apparel,1,124.89,0.16,3/17/2025
SALE002836,CUST2836,P004,T-shirt,Apparel,3,403.87,0.25,3/29/2025
SALE002837,CUST2837,P004,T-shirt,Apparel,2,162.53,0.01,8/1/2023
SALE002838,CUST2838,P004,T-shirt,Apparel,3,237.67,0.08,3/15/2025
SALE002839,CUST2839,P004,T-shirt,Apparel,4,207.71,0.14,9/9/2024
SALE002840,CUST2840,P001,Smartphone,Electronics,2,436.47,0.02,7/4/2024
SALE002841,CUST2841,P005,Blender,Home Appliance,2,106.95,0.21,11/4/2024
SALE002842,CUST2842,P002,Shoes,Footwear,4,304.54,0.12,5/8/2024
SALE002843,CUST2843,P005,Blender,Home Appliance,3,113.93,0.08,5/11/2023
SALE002844,CUST2844,P005,Blender,Home Appliance,4,367.16,0,3/29/2024
SALE002845,CUST2845,P005,Blender,Home Appliance,3,457.29,0.22,8/1/2023
SALE002846,CUST2846,P002,Shoes,Footwear,2,245.57,0.25,5/29/2024
SALE002847,CUST2847,P001,Smartphone,Electronics,2,269.64,0.12,1/20/2025
SALE002848,CUST2848,P002,Shoes,Footwear,4,467.34,0.17,5/31/2023
SALE002849,CUST2849,P001,Smartphone,Electronics,2,284.45,0.07,7/16/2023
SALE002850,CUST2850,P002,Shoes,Footwear,1,269.42,0.19,6/17/2023
SALE002851,CUST2851,P005,Blender,Home Appliance,2,310.25,0,12/16/2024
SALE002852,CUST2852,P004,T-shirt,Apparel,1,360.15,0.15,1/4/2024
SALE002853,CUST2853,P003,Notebook,Stationery,2,98.1,0.19,6/20/2023
SALE002854,CUST2854,P004,T-shirt,Apparel,4,419.5,0.28,4/11/2025
SALE002855,CUST2855,P003,Notebook,Stationery,4,245.98,0.11,6/12/2023
SALE002856,CUST2856,P001,Smartphone,Electronics,1,82.56,0.23,9/11/2023
SALE002857,CUST2857,P003,Notebook,Stationery,4,403.78,0.18,11/25/2024
SALE002858,CUST2858,P005,Blender,Home Appliance,2,219.63,0.28,2/23/2024
SALE002859,CUST2859,P005,Blender,Home Appliance,2,95.17,0.12,11/29/2023
SALE002860,CUST2860,P002,Shoes,Footwear,4,335.2,0.1,10/28/2023
SALE002861,CUST2861,P002,Shoes,Footwear,2,446.06,0.27,12/10/2023
SALE002862,CUST2862,P001,Smartphone,Electronics,3,449.49,0.01,5/27/2024
SALE002863,CUST2863,P002,Shoes,Footwear,3,480.95,0.04,3/24/2024
SALE002864,CUST2864,P004,T-shirt,Apparel,2,440.47,0.02,5/19/2024
SALE002865,CUST2865,P001,Smartphone,Electronics,4,50.96,0.25,4/17/2024
SALE002866,CUST2866,P004,T-shirt,Apparel,1,221.11,0,10/5/2023
SALE002867,CUST2867,P004,T-shirt,Apparel,4,418.34,0.26,12/27/2023
SALE002868,CUST2868,P004,T-shirt,Apparel,1,214.81,0.14,6/15/2023
SALE002869,CUST2869,P005,Blender,Home Appliance,4,320.7,0,7/23/2024
SALE002870,CUST2870,P004,T-shirt,Apparel,2,322.84,0.12,4/6/2024
SALE002871,CUST2871,P001,Smartphone,Electronics,3,214.26,0.06,4/20/2024
SALE002872,CUST2872,P005,Blender,Home Appliance,4,457.01,0.19,4/3/2025
SALE002873,CUST2873,P002,Shoes,Footwear,1,276.45,0.2,12/31/2024
SALE002874,CUST2874,P003,Notebook,Stationery,3,259.15,0.15,7/29/2023
SALE002875,CUST2875,P005,Blender,Home Appliance,1,498.88,0.01,10/16/2023
SALE002876,CUST2876,P004,T-shirt,Apparel,2,272.08,0.2,3/6/2024
SALE002877,CUST2877,P002,Shoes,Footwear,3,130.28,0.25,4/14/2024
SALE002878,CUST2878,P004,T-shirt,Apparel,1,280.88,0.22,7/15/2023
SALE002879,CUST2879,P003,Notebook,Stationery,4,416.31,0.25,6/21/2024
SALE002880,CUST2880,P003,Notebook,Stationery,2,399.59,0.06,12/3/2023
SALE002881,CUST2881,P004,T-shirt,Apparel,2,404.86,0.27,2/16/2025
SALE002882,CUST2882,P001,Smartphone,Electronics,2,368.61,0.1,10/19/2023
SALE002883,CUST2883,P002,Shoes,Footwear,4,164.4,0,12/29/2024
SALE002884,CUST2884,P004,T-shirt,Apparel,4,437.94,0.25,10/19/2023
SALE002885,CUST2885,P003,Notebook,Stationery,3,452.05,0.28,6/15/2023
SALE002886,CUST2886,P005,Blender,Home Appliance,4,137.37,0.2,4/21/2024
SALE002887,CUST2887,P004,T-shirt,Apparel,3,108.71,0.07,1/2/2024
SALE002888,CUST2888,P004,T-shirt,Apparel,2,489.02,0.08,7/30/2024
SALE002889,CUST2889,P003,Notebook,Stationery,3,440.75,0.14,11/18/2024
SALE002890,CUST2890,P003,Notebook,Stationery,1,451.96,0.27,1/10/2024
SALE002891,CUST2891,P001,Smartphone,Electronics,2,448.87,0.04,1/18/2025
SALE002892,CUST2892,P003,Notebook,Stationery,2,293.76,0.25,2/14/2024
SALE002893,CUST2893,P003,Notebook,Stationery,3,340.88,0.09,5/31/2023
SALE002894,CUST2894,P002,Shoes,Footwear,2,295.41,0.24,2/7/2024
SALE002895,CUST2895,P004,T-shirt,Apparel,4,73.04,0.28,6/12/2024
SALE002896,CUST2896,P003,Notebook,Stationery,1,385.48,0.13,12/4/2024
SALE002897,CUST2897,P002,Shoes,Footwear,3,277.4,0.11,5/5/2024
SALE002898,CUST2898,P003,Notebook,Stationery,3,341.47,0.24,6/19/2024
SALE002899,CUST2899,P004,T-shirt,Apparel,2,276.19,0.16,1/5/2024
SALE002900,CUST2900,P003,Notebook,Stationery,4,271.32,0.21,10/8/2023
SALE002901,CUST2901,P003,Notebook,Stationery,2,127.31,0.19,12/7/2024
SALE002902,CUST2902,P005,Blender,Home Appliance,2,175.42,0.05,7/21/2024
SALE002903,CUST2903,P005,Blender,Home Appliance,3,121.48,0.25,6/16/2024
SALE002904,CUST2904,P002,Shoes,Footwear,2,138.05,0.06,3/4/2024
SALE002905,CUST2905,P003,Notebook,Stationery,1,487.84,0.28,6/14/2024
SALE002906,CUST2906,P002,Shoes,Footwear,2,118.9,0.08,6/5/2024
SALE002907,CUST2907,P004,T-shirt,Apparel,2,171.17,0.22,8/1/2024
SALE002908,CUST2908,P005,Blender,Home Appliance,3,315.77,0.09,1/21/2024
SALE002909,CUST2909,P005,Blender,Home Appliance,2,324.58,0.1,8/25/2024
SALE002910,CUST2910,P001,Smartphone,Electronics,4,119.29,0.09,4/1/2024
SALE002911,CUST2911,P001,Smartphone,Electronics,3,407.17,0.22,11/17/2024
SALE002912,CUST2912,P005,Blender,Home Appliance,2,403.34,0.17,10/19/2024
SALE002913,CUST2913,P003,Notebook,Stationery,1,156.79,0.26,11/21/2023
SALE002914,CUST2914,P001,Smartphone,Electronics,1,179.9,0.09,12/4/2023
SALE002915,CUST2915,P001,Smartphone,Electronics,3,472.09,0.21,4/25/2023
SALE002916,CUST2916,P001,Smartphone,Electronics,3,421.55,0.23,2/5/2024
SALE002917,CUST2917,P003,Notebook,Stationery,2,364.01,0.05,5/23/2024
SALE002918,CUST2918,P004,T-shirt,Apparel,4,87,0.12,5/21/2023
SALE002919,CUST2919,P004,T-shirt,Apparel,2,238.22,0.14,5/6/2023
SALE002920,CUST2920,P002,Shoes,Footwear,1,301.69,0.11,7/10/2023
SALE002921,CUST2921,P002,Shoes,Footwear,4,134.34,0.1,3/26/2025
SALE002922,CUST2922,P005,Blender,Home Appliance,4,251.7,0.21,8/8/2024
SALE002923,CUST2923,P003,Notebook,Stationery,4,320.46,0.06,9/24/2024
SALE002924,CUST2924,P001,Smartphone,Electronics,2,197.32,0.21,6/9/2024
SALE002925,CUST2925,P003,Notebook,Stationery,1,401.43,0.28,8/26/2023
SALE002926,CUST2926,P004,T-shirt,Apparel,3,428.2,0.17,1/9/2025
SALE002927,CUST2927,P004,T-shirt,Apparel,2,195.62,0.18,10/22/2024
SALE002928,CUST2928,P003,Notebook,Stationery,3,427.4,0.02,1/31/2024
SALE002929,CUST2929,P004,T-shirt,Apparel,4,96.61,0.26,6/19/2023
SALE002930,CUST2930,P004,T-shirt,Apparel,4,426.98,0.09,9/26/2023
SALE002931,CUST2931,P001,Smartphone,Electronics,2,118.74,0.18,6/14/2024
SALE002932,CUST2932,P003,Notebook,Stationery,1,87.32,0.29,9/17/2023
SALE002933,CUST2933,P001,Smartphone,Electronics,4,338.8,0.18,9/11/2023
SALE002934,CUST2934,P004,T-shirt,Apparel,3,262.37,0.22,7/13/2024
SALE002935,CUST2935,P005,Blender,Home Appliance,3,458.55,0.13,11/6/2023
SALE002936,CUST2936,P001,Smartphone,Electronics,2,213.44,0.02,8/15/2023
SALE002937,CUST2937,P005,Blender,Home Appliance,3,179.22,0.24,5/25/2024
SALE002938,CUST2938,P005,Blender,Home Appliance,1,275.33,0.01,12/15/2023
SALE002939,CUST2939,P002,Shoes,Footwear,4,255.18,0.21,11/5/2023
SALE002940,CUST2940,P005,Blender,Home Appliance,3,204.99,0.01,1/31/2025
SALE002941,CUST2941,P002,Shoes,Footwear,3,362.18,0.26,9/1/2023
SALE002942,CUST2942,P001,Smartphone,Electronics,4,391.8,0.05,6/16/2023
SALE002943,CUST2943,P005,Blender,Home Appliance,2,433.84,0.15,9/6/2023
SALE002944,CUST2944,P002,Shoes,Footwear,3,487.79,0.18,4/20/2023
SALE002945,CUST2945,P003,Notebook,Stationery,2,170,0.14,6/22/2023
SALE002946,CUST2946,P004,T-shirt,Apparel,2,372.24,0.1,10/15/2024
SALE002947,CUST2947,P003,Notebook,Stationery,3,227.42,0.14,5/24/2023
SALE002948,CUST2948,P001,Smartphone,Electronics,1,354.69,0.09,4/1/2025
SALE002949,CUST2949,P002,Shoes,Footwear,2,264.19,0.13,1/16/2025
SALE002950,CUST2950,P004,T-shirt,Apparel,3,497.2,0.11,10/4/2023
SALE002951,CUST2951,P003,Notebook,Stationery,2,378.01,0.17,5/25/2024
SALE002952,CUST2952,P005,Blender,Home Appliance,4,478.62,0.07,8/24/2024
SALE002953,CUST2953,P004,T-shirt,Apparel,1,425.74,0.3,8/4/2023
SALE002954,CUST2954,P001,Smartphone,Electronics,1,456.31,0.15,1/1/2024
SALE002955,CUST2955,P002,Shoes,Footwear,4,416.49,0.06,9/17/2023
SALE002956,CUST2956,P003,Notebook,Stationery,4,256.62,0.14,11/11/2023
SALE002957,CUST2957,P003,Notebook,Stationery,2,163.3,0.26,4/1/2024
SALE002958,CUST2958,P004,T-shirt,Apparel,4,216.64,0.01,6/18/2024
SALE002959,CUST2959,P002,Shoes,Footwear,1,59.11,0.2,11/18/2024
SALE002960,CUST2960,P002,Shoes,Footwear,4,285.8,0.16,4/22/2024
SALE002961,CUST2961,P002,Shoes,Footwear,3,277.28,0.05,2/25/2024
SALE002962,CUST2962,P005,Blender,Home Appliance,3,286.36,0.25,3/18/2025
SALE002963,CUST2963,P005,Blender,Home Appliance,2,488.31,0.11,2/17/2025
SALE002964,CUST2964,P002,Shoes,Footwear,1,460.15,0.09,12/18/2024
SALE002965,CUST2965,P002,Shoes,Footwear,3,122.77,0.25,12/18/2024
SALE002966,CUST2966,P003,Notebook,Stationery,4,216,0.19,7/23/2023
SALE002967,CUST2967,P005,Blender,Home Appliance,3,240.78,0.27,5/25/2024
SALE002968,CUST2968,P003,Notebook,Stationery,3,212.24,0.19,8/21/2024
SALE002969,CUST2969,P002,Shoes,Footwear,2,409.32,0.22,7/29/2024
SALE002970,CUST2970,P003,Notebook,Stationery,4,285.82,0.25,9/13/2023
SALE002971,CUST2971,P003,Notebook,Stationery,4,307.44,0.02,2/26/2024
SALE002972,CUST2972,P004,T-shirt,Apparel,4,433.86,0.23,1/7/2025
SALE002973,CUST2973,P001,Smartphone,Electronics,2,412.67,0.18,2/23/2024
SALE002974,CUST2974,P003,Notebook,Stationery,4,109.5,0.02,2/6/2025
SALE002975,CUST2975,P001,Smartphone,Electronics,4,371.26,0.15,3/5/2024
SALE002976,CUST2976,P003,Notebook,Stationery,3,245.95,0.02,6/6/2024
SALE002977,CUST2977,P003,Notebook,Stationery,3,182.59,0.22,8/20/2024
SALE002978,CUST2978,P004,T-shirt,Apparel,4,72.51,0.16,12/9/2023
SALE002979,CUST2979,P005,Blender,Home Appliance,1,269.26,0.29,11/20/2024
SALE002980,CUST2980,P002,Shoes,Footwear,1,209.95,0.05,9/19/2024
SALE002981,CUST2981,P004,T-shirt,Apparel,4,163.18,0.18,4/21/2023
SALE002982,CUST2982,P002,Shoes,Footwear,1,362.6,0.06,7/20/2024
SALE002983,CUST2983,P005,Blender,Home Appliance,2,396.27,0.18,8/24/2023
SALE002984,CUST2984,P005,Blender,Home Appliance,3,160.16,0.22,7/6/2023
SALE002985,CUST2985,P001,Smartphone,Electronics,2,72.25,0.22,9/28/2023
SALE002986,CUST2986,P002,Shoes,Footwear,3,431.94,0.24,10/29/2023
SALE002987,CUST2987,P002,Shoes,Footwear,1,54.48,0.26,7/1/2023
SALE002988,CUST2988,P003,Notebook,Stationery,1,471.7,0.02,4/14/2024
SALE002989,CUST2989,P002,Shoes,Footwear,4,332.43,0.1,4/15/2025
SALE002990,CUST2990,P004,T-shirt,Apparel,1,194.83,0.21,9/1/2024
SALE002991,CUST2991,P001,Smartphone,Electronics,1,160.92,0.15,5/2/2024
SALE002992,CUST2992,P004,T-shirt,Apparel,4,54.05,0.06,6/5/2023
SALE002993,CUST2993,P001,Smartphone,Electronics,4,155.96,0.17,7/18/2024
SALE002994,CUST2994,P005,Blender,Home Appliance,3,111.98,0.12,8/8/2024
SALE002995,CUST2995,P004,T-shirt,Apparel,1,325.47,0.12,1/12/2024
SALE002996,CUST2996,P002,Shoes,Footwear,3,124.95,0.24,7/4/2023
SALE002997,CUST2997,P005,Blender,Home Appliance,3,287.88,0.12,7/2/2024
SALE002998,CUST2998,P004,T-shirt,Apparel,2,315.55,0.01,2/23/2024
SALE002999,CUST2999,P005,Blender,Home Appliance,1,184.12,0.02,8/24/2023
SALE003000,CUST3000,P004,T-shirt,Apparel,1,65.78,0.26,2/8/2025
SALE003001,CUST3001,P003,Notebook,Stationery,2,66.76,0.29,1/10/2024
SALE003002,CUST3002,P004,T-shirt,Apparel,3,61.86,0.21,4/27/2024
SALE003003,CUST3003,P004,T-shirt,Apparel,1,382.61,0.11,3/21/2025
SALE003004,CUST3004,P002,Shoes,Footwear,3,193.1,0.28,3/29/2025
SALE003005,CUST3005,P002,Shoes,Footwear,2,408.34,0.2,5/29/2023
SALE003006,CUST3006,P004,T-shirt,Apparel,4,244.28,0.25,11/22/2023
SALE003007,CUST3007,P001,Smartphone,Electronics,3,253.85,0.23,8/12/2024
SALE003008,CUST3008,P002,Shoes,Footwear,1,280.8,0.11,8/15/2023
SALE003009,CUST3009,P005,Blender,Home Appliance,4,370.86,0.14,5/21/2024
SALE003010,CUST3010,P003,Notebook,Stationery,3,173.08,0.06,11/2/2023
SALE003011,CUST3011,P003,Notebook,Stationery,3,104.71,0.09,7/7/2023
SALE003012,CUST3012,P004,T-shirt,Apparel,4,300.23,0.23,11/9/2024
SALE003013,CUST3013,P005,Blender,Home Appliance,4,197.14,0.27,7/26/2023
SALE003014,CUST3014,P004,T-shirt,Apparel,4,249.12,0.22,12/28/2024
SALE003015,CUST3015,P002,Shoes,Footwear,1,341.13,0.14,6/23/2024
SALE003016,CUST3016,P004,T-shirt,Apparel,1,272.36,0.03,7/16/2024
SALE003017,CUST3017,P005,Blender,Home Appliance,3,329.13,0.02,5/4/2023
SALE003018,CUST3018,P001,Smartphone,Electronics,3,294.89,0.11,9/27/2024
SALE003019,CUST3019,P005,Blender,Home Appliance,2,382.91,0.14,1/25/2024
SALE003020,CUST3020,P002,Shoes,Footwear,1,367.67,0.18,8/30/2023
SALE003021,CUST3021,P001,Smartphone,Electronics,3,290.39,0,4/29/2024
SALE003022,CUST3022,P005,Blender,Home Appliance,4,355.51,0.3,2/1/2025
SALE003023,CUST3023,P002,Shoes,Footwear,4,443.1,0.11,3/14/2024
SALE003024,CUST3024,P002,Shoes,Footwear,1,244.52,0.25,10/17/2024
SALE003025,CUST3025,P005,Blender,Home Appliance,4,235.74,0.16,7/3/2024
SALE003026,CUST3026,P003,Notebook,Stationery,2,393.91,0.04,6/12/2024
SALE003027,CUST3027,P001,Smartphone,Electronics,3,312.15,0.24,7/6/2024
SALE003028,CUST3028,P002,Shoes,Footwear,3,81.95,0.21,10/22/2023
SALE003029,CUST3029,P002,Shoes,Footwear,3,451.45,0.16,8/23/2024
SALE003030,CUST3030,P002,Shoes,Footwear,1,63.85,0.15,12/5/2024
SALE003031,CUST3031,P005,Blender,Home Appliance,4,386.78,0.03,10/5/2023
SALE003032,CUST3032,P001,Smartphone,Electronics,2,391.46,0.2,5/5/2024
SALE003033,CUST3033,P004,T-shirt,Apparel,1,478.9,0.27,2/2/2025
SALE003034,CUST3034,P002,Shoes,Footwear,3,74.36,0.03,7/3/2024
SALE003035,CUST3035,P003,Notebook,Stationery,2,318.59,0.08,4/26/2023
SALE003036,CUST3036,P002,Shoes,Footwear,3,242.53,0.27,9/28/2024
SALE003037,CUST3037,P005,Blender,Home Appliance,3,198.78,0.09,10/25/2024
SALE003038,CUST3038,P003,Notebook,Stationery,1,90.64,0.2,11/2/2024
SALE003039,CUST3039,P001,Smartphone,Electronics,3,303.19,0.16,3/14/2024
SALE003040,CUST3040,P005,Blender,Home Appliance,2,265.57,0.18,8/17/2023
SALE003041,CUST3041,P003,Notebook,Stationery,3,97.05,0.12,2/21/2025
SALE003042,CUST3042,P003,Notebook,Stationery,4,325.62,0.09,11/1/2024
SALE003043,CUST3043,P003,Notebook,Stationery,3,382.08,0.01,1/1/2025
SALE003044,CUST3044,P003,Notebook,Stationery,1,395.28,0.22,2/26/2025
SALE003045,CUST3045,P003,Notebook,Stationery,2,457.42,0.22,1/27/2024
SALE003046,CUST3046,P001,Smartphone,Electronics,1,234.26,0.2,9/5/2024
SALE003047,CUST3047,P005,Blender,Home Appliance,4,478.88,0.19,2/5/2024
SALE003048,CUST3048,P005,Blender,Home Appliance,3,439.44,0.07,7/28/2024
SALE003049,CUST3049,P002,Shoes,Footwear,1,183.43,0.01,11/18/2023
SALE003050,CUST3050,P003,Notebook,Stationery,1,121.68,0.24,2/24/2024
SALE003051,CUST3051,P005,Blender,Home Appliance,1,245.93,0.15,1/10/2024
SALE003052,CUST3052,P005,Blender,Home Appliance,1,230.85,0.09,8/12/2024
SALE003053,CUST3053,P002,Shoes,Footwear,4,309.07,0.03,1/1/2025
SALE003054,CUST3054,P001,Smartphone,Electronics,4,312.52,0.02,5/15/2023
SALE003055,CUST3055,P003,Notebook,Stationery,3,387.49,0.1,10/25/2024
SALE003056,CUST3056,P001,Smartphone,Electronics,3,279.45,0.24,11/12/2023
SALE003057,CUST3057,P001,Smartphone,Electronics,2,97.17,0.28,2/23/2024
SALE003058,CUST3058,P002,Shoes,Footwear,4,436.23,0.27,5/10/2024
SALE003059,CUST3059,P003,Notebook,Stationery,1,189.39,0.28,2/2/2025
SALE003060,CUST3060,P004,T-shirt,Apparel,1,487.08,0.27,10/1/2024
SALE003061,CUST3061,P002,Shoes,Footwear,2,103.04,0.16,2/12/2024
SALE003062,CUST3062,P001,Smartphone,Electronics,1,481.21,0.07,11/21/2024
SALE003063,CUST3063,P002,Shoes,Footwear,2,90.96,0.24,2/7/2025
SALE003064,CUST3064,P002,Shoes,Footwear,3,153.97,0.06,6/5/2024
SALE003065,CUST3065,P005,Blender,Home Appliance,4,70.96,0.08,4/30/2024
SALE003066,CUST3066,P002,Shoes,Footwear,2,367.3,0.07,6/8/2023
SALE003067,CUST3067,P004,T-shirt,Apparel,1,432.63,0.15,4/14/2025
SALE003068,CUST3068,P004,T-shirt,Apparel,2,245.33,0.1,6/10/2024
SALE003069,CUST3069,P002,Shoes,Footwear,3,467.83,0.05,3/27/2024
SALE003070,CUST3070,P003,Notebook,Stationery,1,315.63,0.14,12/19/2023
SALE003071,CUST3071,P003,Notebook,Stationery,3,333.5,0.26,2/28/2024
SALE003072,CUST3072,P005,Blender,Home Appliance,3,430.44,0.17,7/29/2024
SALE003073,CUST3073,P001,Smartphone,Electronics,2,183.56,0.26,7/14/2023
SALE003074,CUST3074,P003,Notebook,Stationery,3,209.42,0.06,4/26/2023
SALE003075,CUST3075,P004,T-shirt,Apparel,1,457.68,0.05,6/16/2024
SALE003076,CUST3076,P005,Blender,Home Appliance,3,455.43,0.17,4/1/2024
SALE003077,CUST3077,P005,Blender,Home Appliance,3,489.42,0.14,1/5/2025
SALE003078,CUST3078,P004,T-shirt,Apparel,2,455.83,0.2,7/3/2023
SALE003079,CUST3079,P003,Notebook,Stationery,3,107.32,0.24,3/13/2025
SALE003080,CUST3080,P004,T-shirt,Apparel,4,420.68,0.23,5/26/2024
SALE003081,CUST3081,P001,Smartphone,Electronics,2,234.43,0.28,6/4/2023
SALE003082,CUST3082,P004,T-shirt,Apparel,2,495.86,0.12,10/23/2024
SALE003083,CUST3083,P005,Blender,Home Appliance,1,262.53,0.06,6/9/2023
SALE003084,CUST3084,P005,Blender,Home Appliance,1,299.23,0.17,9/23/2024
SALE003085,CUST3085,P004,T-shirt,Apparel,1,288.4,0.03,10/7/2024
SALE003086,CUST3086,P002,Shoes,Footwear,1,194.78,0.09,12/22/2024
SALE003087,CUST3087,P001,Smartphone,Electronics,4,83.76,0.06,8/29/2024
SALE003088,CUST3088,P002,Shoes,Footwear,2,453.04,0.12,3/14/2024
SALE003089,CUST3089,P002,Shoes,Footwear,3,411.2,0.03,11/12/2024
SALE003090,CUST3090,P003,Notebook,Stationery,1,112.79,0.01,9/11/2023
SALE003091,CUST3091,P001,Smartphone,Electronics,1,399.55,0.2,2/15/2025
SALE003092,CUST3092,P005,Blender,Home Appliance,1,331.63,0.18,2/8/2025
SALE003093,CUST3093,P004,T-shirt,Apparel,3,234.11,0.21,1/3/2025
SALE003094,CUST3094,P002,Shoes,Footwear,1,164.31,0.2,2/15/2025
SALE003095,CUST3095,P005,Blender,Home Appliance,3,436.88,0.03,12/16/2023
SALE003096,CUST3096,P004,T-shirt,Apparel,2,365.08,0.09,8/12/2023
SALE003097,CUST3097,P005,Blender,Home Appliance,2,296.48,0.04,7/1/2023
SALE003098,CUST3098,P003,Notebook,Stationery,2,324.31,0.25,3/8/2024
SALE003099,CUST3099,P004,T-shirt,Apparel,4,90.98,0.22,9/14/2023
SALE003100,CUST3100,P003,Notebook,Stationery,3,263.26,0.06,8/1/2024
SALE003101,CUST3101,P002,Shoes,Footwear,1,137.17,0.1,2/16/2024
SALE003102,CUST3102,P003,Notebook,Stationery,1,143.77,0.29,12/15/2023
SALE003103,CUST3103,P004,T-shirt,Apparel,1,347.59,0.18,2/1/2025
SALE003104,CUST3104,P004,T-shirt,Apparel,1,460.07,0.24,5/5/2024
SALE003105,CUST3105,P001,Smartphone,Electronics,4,231.69,0.08,9/1/2024
SALE003106,CUST3106,P005,Blender,Home Appliance,1,143.49,0.06,7/14/2024
SALE003107,CUST3107,P005,Blender,Home Appliance,4,341.94,0.24,4/19/2023
SALE003108,CUST3108,P002,Shoes,Footwear,3,442.03,0.21,8/6/2023
SALE003109,CUST3109,P002,Shoes,Footwear,2,386.74,0.2,12/9/2023
SALE003110,CUST3110,P001,Smartphone,Electronics,1,440.94,0.17,4/19/2023
SALE003111,CUST3111,P005,Blender,Home Appliance,2,291.45,0.17,9/28/2023
SALE003112,CUST3112,P002,Shoes,Footwear,3,388.34,0.22,8/28/2024
SALE003113,CUST3113,P003,Notebook,Stationery,3,113.03,0.08,4/12/2025
SALE003114,CUST3114,P005,Blender,Home Appliance,1,206.72,0.11,2/13/2024
SALE003115,CUST3115,P004,T-shirt,Apparel,3,225.3,0.26,12/30/2023
SALE003116,CUST3116,P002,Shoes,Footwear,2,280.08,0.09,10/25/2024
SALE003117,CUST3117,P005,Blender,Home Appliance,1,468.08,0.16,9/13/2024
SALE003118,CUST3118,P005,Blender,Home Appliance,4,443.43,0.21,3/4/2025
SALE003119,CUST3119,P003,Notebook,Stationery,1,110.54,0.3,8/6/2024
SALE003120,CUST3120,P004,T-shirt,Apparel,2,127.76,0.13,6/10/2023
SALE003121,CUST3121,P004,T-shirt,Apparel,1,210.94,0.13,1/25/2025
SALE003122,CUST3122,P002,Shoes,Footwear,1,180.83,0.25,8/12/2023
SALE003123,CUST3123,P004,T-shirt,Apparel,2,326.65,0.24,4/20/2024
SALE003124,CUST3124,P002,Shoes,Footwear,1,456.25,0.22,9/17/2024
SALE003125,CUST3125,P001,Smartphone,Electronics,1,483.03,0.14,4/7/2025
SALE003126,CUST3126,P004,T-shirt,Apparel,2,344.12,0.1,12/17/2023
SALE003127,CUST3127,P002,Shoes,Footwear,3,427.17,0.18,1/28/2025
SALE003128,CUST3128,P002,Shoes,Footwear,2,286.34,0.26,10/3/2023
SALE003129,CUST3129,P001,Smartphone,Electronics,1,143.75,0.27,4/16/2025
SALE003130,CUST3130,P005,Blender,Home Appliance,4,286.11,0.03,4/22/2024
SALE003131,CUST3131,P003,Notebook,Stationery,4,299.79,0.13,3/17/2025
SALE003132,CUST3132,P004,T-shirt,Apparel,2,384.11,0.14,7/27/2024
SALE003133,CUST3133,P001,Smartphone,Electronics,4,148.95,0.29,3/29/2024
SALE003134,CUST3134,P001,Smartphone,Electronics,1,215.74,0.2,12/6/2024
SALE003135,CUST3135,P004,T-shirt,Apparel,1,213.81,0.12,6/2/2023
SALE003136,CUST3136,P002,Shoes,Footwear,2,481.75,0.01,5/13/2024
SALE003137,CUST3137,P004,T-shirt,Apparel,1,249.78,0.17,3/22/2024
SALE003138,CUST3138,P002,Shoes,Footwear,3,389.79,0.03,1/28/2025
SALE003139,CUST3139,P005,Blender,Home Appliance,1,387.87,0.25,12/28/2024
SALE003140,CUST3140,P001,Smartphone,Electronics,2,169.49,0.23,11/16/2024
SALE003141,CUST3141,P002,Shoes,Footwear,3,307.34,0.14,9/24/2024
SALE003142,CUST3142,P002,Shoes,Footwear,3,452.44,0.13,8/4/2023
SALE003143,CUST3143,P004,T-shirt,Apparel,4,263.84,0.27,8/26/2024
SALE003144,CUST3144,P003,Notebook,Stationery,1,475.3,0.09,5/29/2024
SALE003145,CUST3145,P005,Blender,Home Appliance,2,146.51,0.07,10/19/2024
SALE003146,CUST3146,P001,Smartphone,Electronics,4,83.37,0.28,12/17/2023
SALE003147,CUST3147,P005,Blender,Home Appliance,4,451.15,0.24,2/3/2024
SALE003148,CUST3148,P003,Notebook,Stationery,1,431.46,0.25,8/19/2023
SALE003149,CUST3149,P004,T-shirt,Apparel,1,496.67,0.06,4/8/2025
SALE003150,CUST3150,P003,Notebook,Stationery,2,355.73,0.04,12/23/2023
SALE003151,CUST3151,P005,Blender,Home Appliance,4,471.51,0.01,5/14/2024
SALE003152,CUST3152,P001,Smartphone,Electronics,2,422.13,0.07,1/9/2024
SALE003153,CUST3153,P001,Smartphone,Electronics,4,429.99,0.23,8/30/2023
SALE003154,CUST3154,P004,T-shirt,Apparel,4,306.11,0.07,4/26/2023
SALE003155,CUST3155,P002,Shoes,Footwear,4,222.06,0.22,5/2/2024
SALE003156,CUST3156,P003,Notebook,Stationery,1,470.55,0.08,12/16/2024
SALE003157,CUST3157,P002,Shoes,Footwear,4,244.45,0.12,8/31/2024
SALE003158,CUST3158,P001,Smartphone,Electronics,4,292.47,0.29,12/3/2024
SALE003159,CUST3159,P002,Shoes,Footwear,4,250.75,0.07,9/10/2023
SALE003160,CUST3160,P001,Smartphone,Electronics,3,304.17,0.11,6/14/2024
SALE003161,CUST3161,P001,Smartphone,Electronics,1,261.73,0.09,12/28/2023
SALE003162,CUST3162,P001,Smartphone,Electronics,3,71.59,0.03,2/24/2024
SALE003163,CUST3163,P004,T-shirt,Apparel,1,446.92,0.15,8/25/2023
SALE003164,CUST3164,P004,T-shirt,Apparel,2,249.98,0.11,9/2/2023
SALE003165,CUST3165,P002,Shoes,Footwear,3,315.02,0.21,9/26/2023
SALE003166,CUST3166,P004,T-shirt,Apparel,2,112.63,0.25,6/7/2024
SALE003167,CUST3167,P004,T-shirt,Apparel,4,51.52,0.16,9/23/2023
SALE003168,CUST3168,P002,Shoes,Footwear,2,160.38,0.01,1/28/2025
SALE003169,CUST3169,P002,Shoes,Footwear,2,367.06,0.19,8/29/2024
SALE003170,CUST3170,P005,Blender,Home Appliance,2,94.64,0.02,9/17/2023
SALE003171,CUST3171,P003,Notebook,Stationery,2,459,0.18,2/7/2024
SALE003172,CUST3172,P003,Notebook,Stationery,1,146.76,0.21,9/11/2024
SALE003173,CUST3173,P003,Notebook,Stationery,3,142.07,0.06,2/1/2025
SALE003174,CUST3174,P003,Notebook,Stationery,1,131.68,0.25,11/15/2023
SALE003175,CUST3175,P001,Smartphone,Electronics,1,56.29,0.27,7/31/2024
SALE003176,CUST3176,P003,Notebook,Stationery,1,397.31,0.24,10/22/2023
SALE003177,CUST3177,P001,Smartphone,Electronics,2,443.77,0.09,1/4/2025
SALE003178,CUST3178,P005,Blender,Home Appliance,1,326.37,0.18,6/2/2024
SALE003179,CUST3179,P003,Notebook,Stationery,3,134.69,0.27,1/16/2025
SALE003180,CUST3180,P004,T-shirt,Apparel,1,178.38,0.1,12/2/2024
SALE003181,CUST3181,P005,Blender,Home Appliance,4,264.17,0.25,11/28/2023
SALE003182,CUST3182,P004,T-shirt,Apparel,2,479.46,0,2/23/2024
SALE003183,CUST3183,P002,Shoes,Footwear,4,161.31,0,3/22/2024
SALE003184,CUST3184,P002,Shoes,Footwear,3,379.24,0.23,11/7/2024
SALE003185,CUST3185,P005,Blender,Home Appliance,3,247.75,0.23,11/13/2024
SALE003186,CUST3186,P003,Notebook,Stationery,3,184.03,0.24,1/30/2025
SALE003187,CUST3187,P001,Smartphone,Electronics,3,255.16,0.28,5/29/2024
SALE003188,CUST3188,P001,Smartphone,Electronics,1,82.04,0.04,12/13/2023
SALE003189,CUST3189,P001,Smartphone,Electronics,2,409.41,0.07,6/24/2023
SALE003190,CUST3190,P005,Blender,Home Appliance,3,159.49,0.27,8/24/2024
SALE003191,CUST3191,P003,Notebook,Stationery,4,376.44,0.05,12/9/2023
SALE003192,CUST3192,P005,Blender,Home Appliance,3,80.76,0.2,10/16/2024
SALE003193,CUST3193,P004,T-shirt,Apparel,2,479.79,0.16,1/30/2024
SALE003194,CUST3194,P001,Smartphone,Electronics,4,136.86,0.02,11/29/2024
SALE003195,CUST3195,P001,Smartphone,Electronics,4,447.23,0.09,7/12/2024
SALE003196,CUST3196,P004,T-shirt,Apparel,4,414.26,0.16,3/25/2024
SALE003197,CUST3197,P004,T-shirt,Apparel,1,485.54,0.26,7/15/2024
SALE003198,CUST3198,P001,Smartphone,Electronics,3,265.05,0.21,8/2/2024
SALE003199,CUST3199,P001,Smartphone,Electronics,1,377.33,0.19,12/6/2023
SALE003200,CUST3200,P002,Shoes,Footwear,4,216.82,0.15,5/11/2024
SALE003201,CUST3201,P004,T-shirt,Apparel,1,132.97,0.09,7/16/2024
SALE003202,CUST3202,P001,Smartphone,Electronics,1,249.38,0.04,1/7/2025
SALE003203,CUST3203,P003,Notebook,Stationery,1,124.59,0.12,9/24/2023
SALE003204,CUST3204,P004,T-shirt,Apparel,3,491.92,0.01,4/15/2024
SALE003205,CUST3205,P005,Blender,Home Appliance,4,93.31,0.06,11/15/2024
SALE003206,CUST3206,P001,Smartphone,Electronics,4,315.15,0.13,12/1/2024
SALE003207,CUST3207,P001,Smartphone,Electronics,3,331.91,0.13,9/8/2023
SALE003208,CUST3208,P004,T-shirt,Apparel,1,292.14,0.01,7/15/2024
SALE003209,CUST3209,P003,Notebook,Stationery,1,347.98,0.18,11/27/2024
SALE003210,CUST3210,P005,Blender,Home Appliance,2,102.28,0.16,2/27/2025
SALE003211,CUST3211,P003,Notebook,Stationery,2,299.76,0.02,8/1/2024
SALE003212,CUST3212,P002,Shoes,Footwear,2,179.25,0.28,10/1/2023
SALE003213,CUST3213,P005,Blender,Home Appliance,3,473.08,0.03,6/6/2024
SALE003214,CUST3214,P005,Blender,Home Appliance,4,392.93,0.26,7/15/2024
SALE003215,CUST3215,P001,Smartphone,Electronics,2,487.63,0,1/6/2025
SALE003216,CUST3216,P004,T-shirt,Apparel,4,66.9,0.26,10/11/2024
SALE003217,CUST3217,P002,Shoes,Footwear,4,178.31,0.01,8/17/2024
SALE003218,CUST3218,P003,Notebook,Stationery,4,137.94,0.23,11/7/2024
SALE003219,CUST3219,P003,Notebook,Stationery,3,55.02,0.11,12/20/2023
SALE003220,CUST3220,P001,Smartphone,Electronics,3,159.05,0.22,6/15/2023
SALE003221,CUST3221,P001,Smartphone,Electronics,3,355.45,0.12,3/29/2025
SALE003222,CUST3222,P004,T-shirt,Apparel,3,153.99,0.02,11/15/2024
SALE003223,CUST3223,P004,T-shirt,Apparel,2,279.05,0.23,11/22/2024
SALE003224,CUST3224,P004,T-shirt,Apparel,1,449.52,0.02,10/28/2024
SALE003225,CUST3225,P005,Blender,Home Appliance,1,362.19,0.28,12/13/2024
SALE003226,CUST3226,P005,Blender,Home Appliance,1,227.58,0.02,11/26/2023
SALE003227,CUST3227,P003,Notebook,Stationery,2,217.61,0.14,2/10/2024
SALE003228,CUST3228,P003,Notebook,Stationery,1,255.08,0.22,8/2/2023
SALE003229,CUST3229,P004,T-shirt,Apparel,2,129.67,0.12,10/20/2024
SALE003230,CUST3230,P002,Shoes,Footwear,2,335.3,0.07,2/3/2024
SALE003231,CUST3231,P002,Shoes,Footwear,2,213.87,0.23,6/7/2024
SALE003232,CUST3232,P001,Smartphone,Electronics,1,433.56,0.24,7/29/2024
SALE003233,CUST3233,P004,T-shirt,Apparel,4,390.45,0.28,5/4/2024
SALE003234,CUST3234,P003,Notebook,Stationery,1,324.73,0.11,2/4/2025
SALE003235,CUST3235,P001,Smartphone,Electronics,1,213.89,0.15,10/1/2024
SALE003236,CUST3236,P002,Shoes,Footwear,3,144.47,0.11,10/20/2024
SALE003237,CUST3237,P003,Notebook,Stationery,2,399.27,0.08,6/18/2024
SALE003238,CUST3238,P002,Shoes,Footwear,4,268.88,0.23,9/19/2024
SALE003239,CUST3239,P002,Shoes,Footwear,3,151.14,0.1,10/7/2024
SALE003240,CUST3240,P005,Blender,Home Appliance,4,137.83,0.13,12/2/2024
SALE003241,CUST3241,P005,Blender,Home Appliance,4,124.43,0.12,9/6/2024
SALE003242,CUST3242,P002,Shoes,Footwear,2,399.72,0.21,9/24/2023
SALE003243,CUST3243,P003,Notebook,Stationery,1,153.04,0.28,7/4/2024
SALE003244,CUST3244,P003,Notebook,Stationery,2,286.99,0.2,2/22/2024
SALE003245,CUST3245,P003,Notebook,Stationery,2,253.2,0.14,7/16/2023
SALE003246,CUST3246,P001,Smartphone,Electronics,3,310.82,0.23,6/4/2023
SALE003247,CUST3247,P004,T-shirt,Apparel,2,444.72,0.19,8/12/2023
SALE003248,CUST3248,P001,Smartphone,Electronics,1,440.49,0.02,1/9/2024
SALE003249,CUST3249,P001,Smartphone,Electronics,4,252.98,0.03,2/11/2024
SALE003250,CUST3250,P001,Smartphone,Electronics,2,56.91,0.01,6/5/2023
SALE003251,CUST3251,P004,T-shirt,Apparel,4,241.9,0.14,12/14/2024
SALE003252,CUST3252,P002,Shoes,Footwear,2,322.79,0.25,1/8/2025
SALE003253,CUST3253,P005,Blender,Home Appliance,4,300.99,0.09,12/23/2023
SALE003254,CUST3254,P005,Blender,Home Appliance,2,343.1,0.12,1/5/2025
SALE003255,CUST3255,P003,Notebook,Stationery,3,119.33,0.27,6/22/2023
SALE003256,CUST3256,P001,Smartphone,Electronics,4,340.94,0.25,6/26/2023
SALE003257,CUST3257,P002,Shoes,Footwear,2,132.19,0.2,7/10/2023
SALE003258,CUST3258,P002,Shoes,Footwear,2,387.74,0.08,1/31/2025
SALE003259,CUST3259,P001,Smartphone,Electronics,3,202.59,0.04,4/13/2024
SALE003260,CUST3260,P003,Notebook,Stationery,3,369.45,0,2/11/2025
SALE003261,CUST3261,P001,Smartphone,Electronics,3,71.54,0.03,8/10/2024
SALE003262,CUST3262,P004,T-shirt,Apparel,4,233.54,0.09,2/7/2024
SALE003263,CUST3263,P004,T-shirt,Apparel,4,367.27,0.17,11/1/2023
SALE003264,CUST3264,P004,T-shirt,Apparel,3,152.09,0.02,11/4/2023
SALE003265,CUST3265,P001,Smartphone,Electronics,1,407.88,0.04,7/9/2024
SALE003266,CUST3266,P003,Notebook,Stationery,1,333.85,0.05,10/27/2024
SALE003267,CUST3267,P005,Blender,Home Appliance,2,314.4,0.19,4/1/2024
SALE003268,CUST3268,P003,Notebook,Stationery,1,209.1,0.18,6/5/2023
SALE003269,CUST3269,P002,Shoes,Footwear,2,267.1,0.17,5/11/2023
SALE003270,CUST3270,P002,Shoes,Footwear,4,318.81,0.08,1/19/2024
SALE003271,CUST3271,P002,Shoes,Footwear,4,262.61,0.11,10/13/2023
SALE003272,CUST3272,P001,Smartphone,Electronics,1,364.24,0.03,6/7/2024
SALE003273,CUST3273,P004,T-shirt,Apparel,4,245.16,0.07,11/26/2024
SALE003274,CUST3274,P001,Smartphone,Electronics,3,141.02,0.27,12/21/2024
SALE003275,CUST3275,P003,Notebook,Stationery,3,146.27,0.29,6/5/2023
SALE003276,CUST3276,P004,T-shirt,Apparel,1,52.61,0.19,9/12/2024
SALE003277,CUST3277,P005,Blender,Home Appliance,1,185.43,0.28,7/21/2023
SALE003278,CUST3278,P003,Notebook,Stationery,2,387.01,0.19,7/26/2023
SALE003279,CUST3279,P003,Notebook,Stationery,4,407.37,0.01,7/6/2023
SALE003280,CUST3280,P003,Notebook,Stationery,2,141.11,0.3,11/20/2024
SALE003281,CUST3281,P001,Smartphone,Electronics,2,481.57,0.03,11/26/2024
SALE003282,CUST3282,P002,Shoes,Footwear,3,276.08,0.2,7/17/2023
SALE003283,CUST3283,P005,Blender,Home Appliance,3,462.64,0.08,4/15/2025
SALE003284,CUST3284,P005,Blender,Home Appliance,3,368.04,0.12,9/13/2024
SALE003285,CUST3285,P002,Shoes,Footwear,3,375.1,0.19,3/21/2024
SALE003286,CUST3286,P003,Notebook,Stationery,2,88.27,0.13,9/23/2023
SALE003287,CUST3287,P005,Blender,Home Appliance,3,149,0.08,1/25/2025
SALE003288,CUST3288,P002,Shoes,Footwear,4,53.97,0.1,2/18/2024
SALE003289,CUST3289,P002,Shoes,Footwear,3,372.26,0.1,11/11/2023
SALE003290,CUST3290,P001,Smartphone,Electronics,3,205,0.29,12/21/2024
SALE003291,CUST3291,P002,Shoes,Footwear,3,403.99,0.24,7/17/2023
SALE003292,CUST3292,P005,Blender,Home Appliance,1,202.52,0.14,2/19/2025
SALE003293,CUST3293,P005,Blender,Home Appliance,4,418.7,0.06,12/9/2024
SALE003294,CUST3294,P001,Smartphone,Electronics,4,108.81,0.24,6/27/2023
SALE003295,CUST3295,P003,Notebook,Stationery,2,128.02,0.05,10/14/2024
SALE003296,CUST3296,P002,Shoes,Footwear,2,203.39,0.06,7/2/2024
SALE003297,CUST3297,P001,Smartphone,Electronics,3,233.82,0.11,7/4/2023
SALE003298,CUST3298,P005,Blender,Home Appliance,1,206.92,0.26,11/22/2024
SALE003299,CUST3299,P005,Blender,Home Appliance,2,393.64,0.04,5/29/2024
SALE003300,CUST3300,P003,Notebook,Stationery,2,93.63,0.04,8/16/2024
SALE003301,CUST3301,P002,Shoes,Footwear,3,208.05,0.15,4/12/2024
SALE003302,CUST3302,P001,Smartphone,Electronics,3,426.76,0.08,11/6/2024
SALE003303,CUST3303,P004,T-shirt,Apparel,2,80.06,0.17,10/20/2024
SALE003304,CUST3304,P004,T-shirt,Apparel,2,474.05,0.14,11/28/2024
SALE003305,CUST3305,P005,Blender,Home Appliance,4,493.84,0.13,1/15/2024
SALE003306,CUST3306,P001,Smartphone,Electronics,1,89.86,0.03,3/19/2025
SALE003307,CUST3307,P001,Smartphone,Electronics,4,181.07,0.04,9/16/2024
SALE003308,CUST3308,P002,Shoes,Footwear,2,217.58,0.25,9/11/2024
SALE003309,CUST3309,P004,T-shirt,Apparel,4,399.38,0.27,8/21/2023
SALE003310,CUST3310,P005,Blender,Home Appliance,4,318.17,0.07,6/22/2024
SALE003311,CUST3311,P004,T-shirt,Apparel,2,339.96,0.03,2/27/2025
SALE003312,CUST3312,P002,Shoes,Footwear,3,390.88,0.02,9/11/2023
SALE003313,CUST3313,P003,Notebook,Stationery,2,103.09,0.18,4/13/2025
SALE003314,CUST3314,P001,Smartphone,Electronics,3,424.94,0.21,2/24/2024
SALE003315,CUST3315,P003,Notebook,Stationery,2,367.53,0.11,2/18/2025
SALE003316,CUST3316,P001,Smartphone,Electronics,2,309.8,0.2,9/13/2024
SALE003317,CUST3317,P004,T-shirt,Apparel,2,450.38,0.21,10/22/2024
SALE003318,CUST3318,P002,Shoes,Footwear,1,365.14,0.28,4/24/2023
SALE003319,CUST3319,P002,Shoes,Footwear,3,140.76,0.02,8/26/2023
SALE003320,CUST3320,P003,Notebook,Stationery,1,243.39,0.06,2/4/2025
SALE003321,CUST3321,P005,Blender,Home Appliance,2,272.32,0.02,8/6/2024
SALE003322,CUST3322,P001,Smartphone,Electronics,4,74.85,0.26,5/22/2023
SALE003323,CUST3323,P002,Shoes,Footwear,1,479.59,0.24,6/27/2023
SALE003324,CUST3324,P005,Blender,Home Appliance,3,107.86,0.17,9/23/2023
SALE003325,CUST3325,P003,Notebook,Stationery,2,363.86,0.03,10/19/2023
SALE003326,CUST3326,P002,Shoes,Footwear,1,277.8,0.08,4/9/2025
SALE003327,CUST3327,P001,Smartphone,Electronics,4,61.53,0.09,6/29/2024
SALE003328,CUST3328,P002,Shoes,Footwear,1,466.14,0.17,5/13/2023
SALE003329,CUST3329,P002,Shoes,Footwear,3,433.33,0.08,6/24/2024
SALE003330,CUST3330,P003,Notebook,Stationery,1,285.92,0.02,2/24/2025
SALE003331,CUST3331,P001,Smartphone,Electronics,4,153.02,0.22,11/24/2024
SALE003332,CUST3332,P002,Shoes,Footwear,4,104.73,0.09,2/25/2024
SALE003333,CUST3333,P004,T-shirt,Apparel,3,213.53,0.14,10/28/2024
SALE003334,CUST3334,P003,Notebook,Stationery,4,164.94,0.04,11/27/2024
SALE003335,CUST3335,P005,Blender,Home Appliance,2,278.01,0.24,4/2/2024
SALE003336,CUST3336,P004,T-shirt,Apparel,4,484.88,0.17,5/25/2024
SALE003337,CUST3337,P002,Shoes,Footwear,2,308.73,0.27,2/15/2025
SALE003338,CUST3338,P002,Shoes,Footwear,1,450.47,0.15,3/2/2025
SALE003339,CUST3339,P005,Blender,Home Appliance,2,342.9,0.28,5/13/2023
SALE003340,CUST3340,P002,Shoes,Footwear,2,263.86,0.27,8/30/2023
SALE003341,CUST3341,P005,Blender,Home Appliance,1,434.57,0.17,6/21/2024
SALE003342,CUST3342,P003,Notebook,Stationery,4,262.12,0.28,6/29/2023
SALE003343,CUST3343,P003,Notebook,Stationery,2,440.88,0.1,10/4/2024
SALE003344,CUST3344,P001,Smartphone,Electronics,4,181.21,0.11,1/17/2024
SALE003345,CUST3345,P002,Shoes,Footwear,1,107.97,0.01,4/10/2024
SALE003346,CUST3346,P004,T-shirt,Apparel,3,434.89,0.18,11/12/2024
SALE003347,CUST3347,P004,T-shirt,Apparel,4,314.34,0.22,3/6/2024
SALE003348,CUST3348,P003,Notebook,Stationery,4,450.09,0.23,8/1/2023
SALE003349,CUST3349,P003,Notebook,Stationery,3,472.02,0.04,6/17/2023
SALE003350,CUST3350,P002,Shoes,Footwear,3,74.13,0.13,10/16/2023
SALE003351,CUST3351,P005,Blender,Home Appliance,1,275.44,0.05,7/19/2024
SALE003352,CUST3352,P005,Blender,Home Appliance,4,218.73,0.2,1/13/2024
SALE003353,CUST3353,P005,Blender,Home Appliance,4,331.64,0.05,12/24/2024
SALE003354,CUST3354,P003,Notebook,Stationery,1,407.12,0.27,1/22/2024
SALE003355,CUST3355,P002,Shoes,Footwear,4,176.27,0.07,12/3/2023
SALE003356,CUST3356,P005,Blender,Home Appliance,2,300.56,0.09,6/6/2023
SALE003357,CUST3357,P003,Notebook,Stationery,2,368.93,0.26,9/7/2024
SALE003358,CUST3358,P005,Blender,Home Appliance,2,110.49,0.14,4/14/2024
SALE003359,CUST3359,P001,Smartphone,Electronics,4,416.33,0.01,4/1/2024
SALE003360,CUST3360,P002,Shoes,Footwear,2,322.75,0.15,9/7/2024
SALE003361,CUST3361,P002,Shoes,Footwear,2,477.29,0.03,10/17/2023
SALE003362,CUST3362,P001,Smartphone,Electronics,1,202.79,0.3,9/2/2023
SALE003363,CUST3363,P005,Blender,Home Appliance,1,98.67,0.18,9/7/2023
SALE003364,CUST3364,P004,T-shirt,Apparel,3,277.93,0.08,5/14/2023
SALE003365,CUST3365,P003,Notebook,Stationery,3,88.61,0.17,9/29/2023
SALE003366,CUST3366,P001,Smartphone,Electronics,3,486.29,0.02,12/18/2024
SALE003367,CUST3367,P003,Notebook,Stationery,3,67.41,0.24,2/14/2024
SALE003368,CUST3368,P005,Blender,Home Appliance,1,389.08,0.28,1/26/2024
SALE003369,CUST3369,P004,T-shirt,Apparel,1,286.3,0.26,9/17/2023
SALE003370,CUST3370,P002,Shoes,Footwear,1,215.88,0.1,11/8/2024
SALE003371,CUST3371,P002,Shoes,Footwear,2,79.63,0.1,6/5/2024
SALE003372,CUST3372,P005,Blender,Home Appliance,2,329.98,0.01,2/12/2025
SALE003373,CUST3373,P001,Smartphone,Electronics,3,313.35,0.2,7/1/2023
SALE003374,CUST3374,P005,Blender,Home Appliance,2,176.4,0.16,10/9/2024
SALE003375,CUST3375,P003,Notebook,Stationery,4,459.6,0.14,3/19/2025
SALE003376,CUST3376,P001,Smartphone,Electronics,1,186.85,0.27,8/17/2024
SALE003377,CUST3377,P003,Notebook,Stationery,3,252.38,0.05,3/15/2025
SALE003378,CUST3378,P001,Smartphone,Electronics,3,294.69,0,5/7/2024
SALE003379,CUST3379,P003,Notebook,Stationery,4,95.1,0.02,1/10/2024
SALE003380,CUST3380,P005,Blender,Home Appliance,2,469.47,0.07,8/23/2023
SALE003381,CUST3381,P004,T-shirt,Apparel,3,218.54,0.01,9/18/2023
SALE003382,CUST3382,P001,Smartphone,Electronics,2,86.35,0.15,2/1/2025
SALE003383,CUST3383,P003,Notebook,Stationery,2,224.28,0.09,10/17/2023
SALE003384,CUST3384,P005,Blender,Home Appliance,4,320.09,0.05,11/7/2024
SALE003385,CUST3385,P001,Smartphone,Electronics,3,281.14,0.23,5/8/2023
SALE003386,CUST3386,P003,Notebook,Stationery,2,362.54,0.06,5/8/2024
SALE003387,CUST3387,P001,Smartphone,Electronics,2,74.97,0.21,11/2/2024
SALE003388,CUST3388,P005,Blender,Home Appliance,4,178.04,0.1,3/15/2024
SALE003389,CUST3389,P002,Shoes,Footwear,4,418.65,0.15,12/10/2023
SALE003390,CUST3390,P002,Shoes,Footwear,2,85.95,0.28,3/23/2025
SALE003391,CUST3391,P004,T-shirt,Apparel,4,434.97,0.01,12/21/2023
SALE003392,CUST3392,P004,T-shirt,Apparel,2,91.35,0.15,5/19/2024
SALE003393,CUST3393,P002,Shoes,Footwear,3,425.5,0.26,8/11/2023
SALE003394,CUST3394,P001,Smartphone,Electronics,1,212.35,0.18,11/15/2024
SALE003395,CUST3395,P001,Smartphone,Electronics,4,325.49,0.08,11/9/2024
SALE003396,CUST3396,P005,Blender,Home Appliance,1,118.8,0.12,4/30/2024
SALE003397,CUST3397,P001,Smartphone,Electronics,2,79.78,0.2,12/11/2023
SALE003398,CUST3398,P004,T-shirt,Apparel,2,147.17,0.27,12/17/2023
SALE003399,CUST3399,P003,Notebook,Stationery,2,107.53,0.01,1/14/2025
SALE003400,CUST3400,P003,Notebook,Stationery,1,190.58,0.02,6/14/2023
SALE003401,CUST3401,P003,Notebook,Stationery,2,281.47,0.1,2/9/2025
SALE003402,CUST3402,P004,T-shirt,Apparel,4,314.94,0.07,5/15/2023
SALE003403,CUST3403,P005,Blender,Home Appliance,3,405.44,0.08,10/22/2024
SALE003404,CUST3404,P002,Shoes,Footwear,3,345.31,0.07,4/3/2025
SALE003405,CUST3405,P005,Blender,Home Appliance,4,323.94,0.06,5/2/2023
SALE003406,CUST3406,P001,Smartphone,Electronics,3,235.3,0.04,5/27/2024
SALE003407,CUST3407,P001,Smartphone,Electronics,1,263.21,0.28,8/9/2024
SALE003408,CUST3408,P004,T-shirt,Apparel,2,236.53,0.04,9/9/2023
SALE003409,CUST3409,P001,Smartphone,Electronics,2,428.97,0.06,11/13/2023
SALE003410,CUST3410,P004,T-shirt,Apparel,2,153.5,0.07,10/31/2023
SALE003411,CUST3411,P003,Notebook,Stationery,1,52.57,0.28,8/31/2023
SALE003412,CUST3412,P001,Smartphone,Electronics,1,343.09,0.23,5/29/2023
SALE003413,CUST3413,P001,Smartphone,Electronics,1,141.11,0.24,4/4/2024
SALE003414,CUST3414,P002,Shoes,Footwear,4,450.55,0.03,1/22/2025
SALE003415,CUST3415,P003,Notebook,Stationery,1,436.57,0.25,1/14/2024
SALE003416,CUST3416,P003,Notebook,Stationery,3,84.53,0.12,8/17/2023
SALE003417,CUST3417,P004,T-shirt,Apparel,4,97.87,0.08,10/29/2023
SALE003418,CUST3418,P005,Blender,Home Appliance,4,272.83,0.17,9/2/2023
SALE003419,CUST3419,P005,Blender,Home Appliance,4,324.15,0.25,7/5/2023
SALE003420,CUST3420,P003,Notebook,Stationery,1,173.71,0.23,11/17/2023
SALE003421,CUST3421,P005,Blender,Home Appliance,4,372.56,0.27,5/13/2023
SALE003422,CUST3422,P004,T-shirt,Apparel,1,317.71,0.28,1/16/2024
SALE003423,CUST3423,P003,Notebook,Stationery,1,196.17,0.07,10/25/2024
SALE003424,CUST3424,P004,T-shirt,Apparel,4,61.42,0.13,1/21/2024
SALE003425,CUST3425,P002,Shoes,Footwear,2,387.57,0,6/23/2024
SALE003426,CUST3426,P004,T-shirt,Apparel,2,146.64,0.26,3/9/2025
SALE003427,CUST3427,P003,Notebook,Stationery,4,425.51,0.05,11/23/2024
SALE003428,CUST3428,P003,Notebook,Stationery,2,239.13,0.26,1/13/2025
SALE003429,CUST3429,P005,Blender,Home Appliance,3,309.68,0.1,2/4/2025
SALE003430,CUST3430,P004,T-shirt,Apparel,3,442.83,0.11,4/21/2024
SALE003431,CUST3431,P004,T-shirt,Apparel,1,438.63,0.01,9/25/2024
SALE003432,CUST3432,P004,T-shirt,Apparel,2,217.18,0.1,2/29/2024
SALE003433,CUST3433,P001,Smartphone,Electronics,3,144,0.27,7/15/2023
SALE003434,CUST3434,P004,T-shirt,Apparel,4,398.82,0.01,7/20/2023
SALE003435,CUST3435,P002,Shoes,Footwear,2,244.89,0.12,10/23/2024
SALE003436,CUST3436,P002,Shoes,Footwear,3,136.42,0.01,10/14/2024
SALE003437,CUST3437,P004,T-shirt,Apparel,3,456.99,0.11,10/25/2024
SALE003438,CUST3438,P004,T-shirt,Apparel,4,139.15,0.05,1/18/2024
SALE003439,CUST3439,P001,Smartphone,Electronics,1,61.61,0.08,3/28/2024
SALE003440,CUST3440,P003,Notebook,Stationery,4,59.13,0.26,4/12/2024
SALE003441,CUST3441,P004,T-shirt,Apparel,1,330.04,0.13,10/31/2023
SALE003442,CUST3442,P003,Notebook,Stationery,3,347.75,0.08,11/12/2023
SALE003443,CUST3443,P001,Smartphone,Electronics,1,189.97,0.18,2/3/2024
SALE003444,CUST3444,P002,Shoes,Footwear,3,194,0.04,8/8/2024
SALE003445,CUST3445,P001,Smartphone,Electronics,3,202.77,0.08,2/29/2024
SALE003446,CUST3446,P005,Blender,Home Appliance,2,356.07,0.16,12/9/2023
SALE003447,CUST3447,P001,Smartphone,Electronics,1,76.16,0.07,4/15/2025
SALE003448,CUST3448,P005,Blender,Home Appliance,1,468.1,0.2,11/17/2023
SALE003449,CUST3449,P001,Smartphone,Electronics,1,150.13,0.15,4/29/2024
SALE003450,CUST3450,P002,Shoes,Footwear,4,499.85,0.23,2/16/2025
SALE003451,CUST3451,P004,T-shirt,Apparel,2,127.19,0.28,1/5/2025
SALE003452,CUST3452,P005,Blender,Home Appliance,2,397.2,0.03,11/14/2023
SALE003453,CUST3453,P005,Blender,Home Appliance,2,150.54,0.1,12/5/2024
SALE003454,CUST3454,P002,Shoes,Footwear,4,86.38,0.1,5/11/2023
SALE003455,CUST3455,P005,Blender,Home Appliance,1,443.72,0.05,10/4/2023
SALE003456,CUST3456,P002,Shoes,Footwear,1,436.44,0.24,10/6/2023
SALE003457,CUST3457,P003,Notebook,Stationery,1,231.61,0.23,11/23/2023
SALE003458,CUST3458,P002,Shoes,Footwear,2,366.08,0.15,4/29/2024
SALE003459,CUST3459,P005,Blender,Home Appliance,2,300.68,0.16,4/13/2025
SALE003460,CUST3460,P005,Blender,Home Appliance,3,433.83,0.02,5/9/2023
SALE003461,CUST3461,P003,Notebook,Stationery,4,191.78,0.17,5/26/2024
SALE003462,CUST3462,P001,Smartphone,Electronics,4,285.65,0.24,3/30/2024
SALE003463,CUST3463,P003,Notebook,Stationery,2,268.42,0.17,12/21/2024
SALE003464,CUST3464,P002,Shoes,Footwear,3,209.26,0.08,12/16/2024
SALE003465,CUST3465,P005,Blender,Home Appliance,1,451.15,0.2,10/17/2023
SALE003466,CUST3466,P002,Shoes,Footwear,2,124.65,0.11,2/15/2025
SALE003467,CUST3467,P003,Notebook,Stationery,4,117.28,0.16,9/27/2023
SALE003468,CUST3468,P001,Smartphone,Electronics,4,309.61,0.15,10/1/2024
SALE003469,CUST3469,P004,T-shirt,Apparel,4,345.87,0.11,10/22/2023
SALE003470,CUST3470,P001,Smartphone,Electronics,1,137.58,0.22,9/30/2023
SALE003471,CUST3471,P002,Shoes,Footwear,4,225.82,0.27,6/3/2023
SALE003472,CUST3472,P004,T-shirt,Apparel,1,475.95,0,3/7/2024
SALE003473,CUST3473,P005,Blender,Home Appliance,1,160.98,0.28,10/31/2023
SALE003474,CUST3474,P003,Notebook,Stationery,1,350.76,0.15,6/4/2023
SALE003475,CUST3475,P004,T-shirt,Apparel,2,383.07,0.21,8/10/2024
SALE003476,CUST3476,P004,T-shirt,Apparel,1,251.66,0.26,1/3/2024
SALE003477,CUST3477,P003,Notebook,Stationery,3,471.89,0.14,4/22/2023
SALE003478,CUST3478,P002,Shoes,Footwear,4,381.5,0.25,7/30/2024
SALE003479,CUST3479,P004,T-shirt,Apparel,2,256.07,0.05,4/10/2025
SALE003480,CUST3480,P004,T-shirt,Apparel,4,306.2,0.05,2/24/2024
SALE003481,CUST3481,P005,Blender,Home Appliance,1,361.68,0.2,5/5/2024
SALE003482,CUST3482,P003,Notebook,Stationery,2,316.49,0.26,2/14/2024
SALE003483,CUST3483,P005,Blender,Home Appliance,3,445.41,0.27,9/17/2023
SALE003484,CUST3484,P001,Smartphone,Electronics,1,210.6,0.19,2/16/2025
SALE003485,CUST3485,P002,Shoes,Footwear,4,184.95,0.16,11/26/2024
SALE003486,CUST3486,P001,Smartphone,Electronics,3,146.23,0.1,5/26/2023
SALE003487,CUST3487,P004,T-shirt,Apparel,1,67,0.29,1/6/2024
SALE003488,CUST3488,P002,Shoes,Footwear,3,69.36,0.1,1/6/2025
SALE003489,CUST3489,P004,T-shirt,Apparel,1,441.52,0.22,2/1/2025
SALE003490,CUST3490,P004,T-shirt,Apparel,2,355.28,0.16,9/27/2024
SALE003491,CUST3491,P005,Blender,Home Appliance,1,347.24,0.18,5/12/2023
SALE003492,CUST3492,P001,Smartphone,Electronics,2,326.59,0.12,5/28/2023
SALE003493,CUST3493,P004,T-shirt,Apparel,1,432.15,0.29,9/28/2024
SALE003494,CUST3494,P003,Notebook,Stationery,1,266.12,0.17,11/1/2024
SALE003495,CUST3495,P002,Shoes,Footwear,4,441.68,0.28,5/12/2023
SALE003496,CUST3496,P003,Notebook,Stationery,3,211.75,0,2/11/2025
SALE003497,CUST3497,P005,Blender,Home Appliance,3,467.02,0.17,5/26/2024
SALE003498,CUST3498,P001,Smartphone,Electronics,3,364.4,0.22,4/11/2025
SALE003499,CUST3499,P002,Shoes,Footwear,1,165.73,0.22,6/2/2024
SALE003500,CUST3500,P003,Notebook,Stationery,1,303.84,0.27,12/10/2024
SALE003501,CUST3501,P002,Shoes,Footwear,1,289.86,0,2/19/2024
SALE003502,CUST3502,P004,T-shirt,Apparel,2,112.05,0,9/16/2023
SALE003503,CUST3503,P004,T-shirt,Apparel,2,316.06,0.14,6/1/2024
SALE003504,CUST3504,P003,Notebook,Stationery,4,191.65,0.01,6/14/2023
SALE003505,CUST3505,P002,Shoes,Footwear,1,73.56,0.29,8/1/2023
SALE003506,CUST3506,P005,Blender,Home Appliance,3,476.9,0.07,9/8/2024
SALE003507,CUST3507,P005,Blender,Home Appliance,3,338.67,0.14,4/23/2023
SALE003508,CUST3508,P002,Shoes,Footwear,4,444.61,0.02,5/28/2023
SALE003509,CUST3509,P005,Blender,Home Appliance,3,354.23,0.16,11/19/2024
SALE003510,CUST3510,P002,Shoes,Footwear,4,210.64,0.11,8/24/2024
SALE003511,CUST3511,P001,Smartphone,Electronics,1,280.71,0.01,10/7/2024
SALE003512,CUST3512,P002,Shoes,Footwear,3,354.09,0.1,11/26/2024
SALE003513,CUST3513,P005,Blender,Home Appliance,1,482.11,0.12,7/28/2023
SALE003514,CUST3514,P003,Notebook,Stationery,2,164.15,0.3,5/1/2023
SALE003515,CUST3515,P002,Shoes,Footwear,3,443.74,0.06,11/3/2024
SALE003516,CUST3516,P005,Blender,Home Appliance,2,465.84,0.16,9/28/2024
SALE003517,CUST3517,P003,Notebook,Stationery,3,351.69,0.3,6/23/2024
SALE003518,CUST3518,P002,Shoes,Footwear,1,469.07,0.24,5/31/2024
SALE003519,CUST3519,P004,T-shirt,Apparel,4,229.05,0.3,6/5/2024
SALE003520,CUST3520,P001,Smartphone,Electronics,1,478.86,0.29,8/1/2023
SALE003521,CUST3521,P005,Blender,Home Appliance,1,366.25,0.15,4/5/2024
SALE003522,CUST3522,P005,Blender,Home Appliance,1,68.9,0.21,8/8/2024
SALE003523,CUST3523,P003,Notebook,Stationery,3,458.09,0.03,5/14/2023
SALE003524,CUST3524,P002,Shoes,Footwear,4,268.01,0.13,12/27/2023
SALE003525,CUST3525,P002,Shoes,Footwear,2,257.15,0.24,6/14/2023
SALE003526,CUST3526,P005,Blender,Home Appliance,1,304.91,0.15,4/4/2025
SALE003527,CUST3527,P005,Blender,Home Appliance,3,117.22,0.21,12/7/2024
SALE003528,CUST3528,P004,T-shirt,Apparel,2,261.12,0.22,7/4/2024
SALE003529,CUST3529,P002,Shoes,Footwear,1,424.01,0.08,1/10/2024
SALE003530,CUST3530,P003,Notebook,Stationery,2,56.97,0.26,10/7/2024
SALE003531,CUST3531,P001,Smartphone,Electronics,1,172.81,0.14,5/8/2023
SALE003532,CUST3532,P001,Smartphone,Electronics,2,51.1,0.06,10/1/2023
SALE003533,CUST3533,P001,Smartphone,Electronics,2,237.07,0.26,9/3/2023
SALE003534,CUST3534,P003,Notebook,Stationery,4,377.74,0.13,10/31/2023
SALE003535,CUST3535,P005,Blender,Home Appliance,4,409.45,0.23,11/11/2024
SALE003536,CUST3536,P005,Blender,Home Appliance,1,475.34,0.16,1/14/2025
SALE003537,CUST3537,P004,T-shirt,Apparel,3,323.83,0.11,9/23/2024
SALE003538,CUST3538,P003,Notebook,Stationery,4,164.58,0.24,12/4/2023
SALE003539,CUST3539,P004,T-shirt,Apparel,2,465.87,0.18,11/26/2024
SALE003540,CUST3540,P003,Notebook,Stationery,4,398.89,0.12,12/15/2023
SALE003541,CUST3541,P003,Notebook,Stationery,4,308.49,0.03,7/19/2024
SALE003542,CUST3542,P004,T-shirt,Apparel,1,363.04,0.27,7/6/2023
SALE003543,CUST3543,P002,Shoes,Footwear,4,465.94,0.01,8/4/2023
SALE003544,CUST3544,P004,T-shirt,Apparel,4,370.58,0.26,5/25/2023
SALE003545,CUST3545,P004,T-shirt,Apparel,2,215.77,0.11,7/17/2023
SALE003546,CUST3546,P001,Smartphone,Electronics,4,370.86,0.19,8/2/2024
SALE003547,CUST3547,P003,Notebook,Stationery,2,68.13,0.28,2/22/2024
SALE003548,CUST3548,P005,Blender,Home Appliance,4,223.89,0.05,10/1/2024
SALE003549,CUST3549,P005,Blender,Home Appliance,4,232.85,0.17,10/1/2024
SALE003550,CUST3550,P001,Smartphone,Electronics,3,125.08,0.23,7/6/2024
SALE003551,CUST3551,P005,Blender,Home Appliance,4,60.39,0.23,4/28/2023
SALE003552,CUST3552,P004,T-shirt,Apparel,2,110.02,0.16,7/8/2023
SALE003553,CUST3553,P004,T-shirt,Apparel,2,344.58,0.19,8/15/2024
SALE003554,CUST3554,P005,Blender,Home Appliance,1,411.03,0.23,11/10/2023
SALE003555,CUST3555,P001,Smartphone,Electronics,1,494.69,0.25,3/23/2024
SALE003556,CUST3556,P005,Blender,Home Appliance,3,205.86,0.23,9/15/2023
SALE003557,CUST3557,P003,Notebook,Stationery,2,319.72,0.11,5/24/2023
SALE003558,CUST3558,P003,Notebook,Stationery,2,471.72,0.3,5/21/2024
SALE003559,CUST3559,P004,T-shirt,Apparel,2,125.17,0.13,7/10/2023
SALE003560,CUST3560,P003,Notebook,Stationery,3,372.94,0.01,2/1/2024
SALE003561,CUST3561,P005,Blender,Home Appliance,2,389.74,0.11,8/9/2023
SALE003562,CUST3562,P004,T-shirt,Apparel,1,90.04,0.04,9/6/2024
SALE003563,CUST3563,P004,T-shirt,Apparel,3,437.56,0.04,6/19/2023
SALE003564,CUST3564,P002,Shoes,Footwear,1,415.9,0.08,6/26/2024
SALE003565,CUST3565,P005,Blender,Home Appliance,1,65.03,0.02,8/14/2023
SALE003566,CUST3566,P004,T-shirt,Apparel,3,90.99,0.21,8/24/2024
SALE003567,CUST3567,P001,Smartphone,Electronics,4,72.11,0.02,9/3/2024
SALE003568,CUST3568,P001,Smartphone,Electronics,4,200.63,0.06,3/27/2024
SALE003569,CUST3569,P002,Shoes,Footwear,1,279.18,0.03,7/25/2024
SALE003570,CUST3570,P003,Notebook,Stationery,4,289.56,0.02,10/5/2023
SALE003571,CUST3571,P001,Smartphone,Electronics,2,170.45,0.08,10/9/2023
SALE003572,CUST3572,P003,Notebook,Stationery,3,460.22,0.17,6/2/2024
SALE003573,CUST3573,P004,T-shirt,Apparel,1,215.72,0.29,2/24/2024
SALE003574,CUST3574,P002,Shoes,Footwear,2,70.5,0.26,10/12/2024
SALE003575,CUST3575,P004,T-shirt,Apparel,4,185.1,0.26,5/26/2024
SALE003576,CUST3576,P005,Blender,Home Appliance,2,289,0.05,11/18/2024
SALE003577,CUST3577,P005,Blender,Home Appliance,4,233.7,0.08,10/21/2024
SALE003578,CUST3578,P001,Smartphone,Electronics,1,173.23,0.02,2/29/2024
SALE003579,CUST3579,P001,Smartphone,Electronics,2,109.1,0.23,9/15/2023
SALE003580,CUST3580,P005,Blender,Home Appliance,3,418.62,0.02,1/10/2025
SALE003581,CUST3581,P001,Smartphone,Electronics,1,498.27,0.17,10/1/2024
SALE003582,CUST3582,P003,Notebook,Stationery,2,198.29,0.07,2/6/2024
SALE003583,CUST3583,P001,Smartphone,Electronics,2,221.73,0.07,7/4/2024
SALE003584,CUST3584,P004,T-shirt,Apparel,4,328.12,0.3,6/11/2023
SALE003585,CUST3585,P003,Notebook,Stationery,1,373.3,0.23,6/5/2023
SALE003586,CUST3586,P004,T-shirt,Apparel,1,226.41,0.25,5/23/2024
SALE003587,CUST3587,P005,Blender,Home Appliance,1,457.22,0.17,7/1/2023
SALE003588,CUST3588,P003,Notebook,Stationery,1,302,0.26,1/2/2025
SALE003589,CUST3589,P002,Shoes,Footwear,4,252.68,0.19,12/29/2023
SALE003590,CUST3590,P001,Smartphone,Electronics,3,341,0.28,1/26/2025
SALE003591,CUST3591,P004,T-shirt,Apparel,1,478.76,0.08,2/2/2025
SALE003592,CUST3592,P002,Shoes,Footwear,4,407.55,0.18,3/21/2025
SALE003593,CUST3593,P001,Smartphone,Electronics,3,68.01,0.21,8/30/2024
SALE003594,CUST3594,P005,Blender,Home Appliance,3,199.54,0.12,6/7/2023
SALE003595,CUST3595,P005,Blender,Home Appliance,4,261.75,0.26,9/24/2024
SALE003596,CUST3596,P004,T-shirt,Apparel,1,191.53,0.29,9/16/2024
SALE003597,CUST3597,P004,T-shirt,Apparel,3,365.08,0.15,1/30/2025
SALE003598,CUST3598,P001,Smartphone,Electronics,1,421.82,0.12,1/28/2024
SALE003599,CUST3599,P004,T-shirt,Apparel,1,379.11,0.14,6/19/2024
SALE003600,CUST3600,P005,Blender,Home Appliance,2,495.2,0.26,8/31/2023
SALE003601,CUST3601,P005,Blender,Home Appliance,1,172.65,0.19,10/19/2024
SALE003602,CUST3602,P001,Smartphone,Electronics,2,443.75,0.01,11/14/2024
SALE003603,CUST3603,P004,T-shirt,Apparel,3,394.98,0.16,7/30/2024
SALE003604,CUST3604,P003,Notebook,Stationery,4,212.98,0.01,4/23/2023
SALE003605,CUST3605,P005,Blender,Home Appliance,2,380.36,0.23,6/15/2023
SALE003606,CUST3606,P004,T-shirt,Apparel,4,96.83,0.1,4/27/2023
SALE003607,CUST3607,P002,Shoes,Footwear,3,405.2,0.14,5/29/2024
SALE003608,CUST3608,P002,Shoes,Footwear,1,289.55,0.24,8/12/2023
SALE003609,CUST3609,P004,T-shirt,Apparel,3,181.53,0.01,10/4/2024
SALE003610,CUST3610,P002,Shoes,Footwear,4,345.1,0.05,6/24/2023
SALE003611,CUST3611,P003,Notebook,Stationery,3,338.73,0.12,7/12/2024
SALE003612,CUST3612,P001,Smartphone,Electronics,1,144.27,0.07,10/6/2023
SALE003613,CUST3613,P001,Smartphone,Electronics,3,63.68,0.1,8/5/2023
SALE003614,CUST3614,P001,Smartphone,Electronics,1,245.13,0.3,4/17/2024
SALE003615,CUST3615,P003,Notebook,Stationery,2,306.28,0.25,7/3/2023
SALE003616,CUST3616,P005,Blender,Home Appliance,4,444.47,0.27,12/29/2024
SALE003617,CUST3617,P003,Notebook,Stationery,1,467.7,0.28,11/8/2024
SALE003618,CUST3618,P004,T-shirt,Apparel,1,287.96,0.1,2/23/2025
SALE003619,CUST3619,P005,Blender,Home Appliance,3,389.21,0.09,4/30/2023
SALE003620,CUST3620,P004,T-shirt,Apparel,2,247.69,0.07,2/24/2025
SALE003621,CUST3621,P004,T-shirt,Apparel,1,385.74,0.25,8/21/2024
SALE003622,CUST3622,P001,Smartphone,Electronics,2,142.16,0.2,5/27/2024
SALE003623,CUST3623,P002,Shoes,Footwear,2,216.98,0.07,5/21/2023
SALE003624,CUST3624,P004,T-shirt,Apparel,3,335.4,0.11,7/25/2023
SALE003625,CUST3625,P003,Notebook,Stationery,1,58.17,0.15,5/30/2024
SALE003626,CUST3626,P004,T-shirt,Apparel,3,375.11,0.16,2/7/2025
SALE003627,CUST3627,P002,Shoes,Footwear,4,425.99,0.27,12/25/2024
SALE003628,CUST3628,P005,Blender,Home Appliance,4,229.61,0.11,6/23/2024
SALE003629,CUST3629,P001,Smartphone,Electronics,1,251.57,0.27,2/25/2024
SALE003630,CUST3630,P005,Blender,Home Appliance,2,433.08,0.13,4/9/2024
SALE003631,CUST3631,P002,Shoes,Footwear,1,399.04,0.22,3/3/2024
SALE003632,CUST3632,P005,Blender,Home Appliance,1,179.67,0.28,2/7/2025
SALE003633,CUST3633,P001,Smartphone,Electronics,4,195.79,0.27,1/14/2025
SALE003634,CUST3634,P002,Shoes,Footwear,4,355.5,0.02,2/29/2024
SALE003635,CUST3635,P004,T-shirt,Apparel,2,303.44,0.06,7/27/2023
SALE003636,CUST3636,P005,Blender,Home Appliance,2,123,0.14,2/3/2024
SALE003637,CUST3637,P005,Blender,Home Appliance,1,189.47,0.13,7/23/2023
SALE003638,CUST3638,P005,Blender,Home Appliance,3,454.99,0.19,11/14/2023
SALE003639,CUST3639,P005,Blender,Home Appliance,1,359.68,0.28,2/15/2024
SALE003640,CUST3640,P003,Notebook,Stationery,2,493.69,0.03,1/9/2025
SALE003641,CUST3641,P002,Shoes,Footwear,3,395.16,0.14,7/13/2023
SALE003642,CUST3642,P003,Notebook,Stationery,4,473.89,0.06,2/27/2025
SALE003643,CUST3643,P005,Blender,Home Appliance,2,147.28,0.27,2/16/2024
SALE003644,CUST3644,P005,Blender,Home Appliance,2,397.17,0.29,8/9/2023
SALE003645,CUST3645,P001,Smartphone,Electronics,3,59.1,0.14,12/18/2024
SALE003646,CUST3646,P005,Blender,Home Appliance,2,351.84,0.03,8/31/2024
SALE003647,CUST3647,P004,T-shirt,Apparel,2,261.18,0.24,5/4/2023
SALE003648,CUST3648,P001,Smartphone,Electronics,2,206.04,0.21,11/19/2023
SALE003649,CUST3649,P005,Blender,Home Appliance,2,438.08,0.11,9/17/2024
SALE003650,CUST3650,P003,Notebook,Stationery,2,434.42,0.27,5/16/2024
SALE003651,CUST3651,P001,Smartphone,Electronics,2,60.04,0.29,12/19/2023
SALE003652,CUST3652,P003,Notebook,Stationery,2,324.28,0.17,5/18/2024
SALE003653,CUST3653,P005,Blender,Home Appliance,2,215.52,0.17,11/2/2023
SALE003654,CUST3654,P003,Notebook,Stationery,4,237.05,0.09,9/30/2024
SALE003655,CUST3655,P003,Notebook,Stationery,2,424.42,0.18,8/13/2023
SALE003656,CUST3656,P002,Shoes,Footwear,4,189.43,0.13,2/2/2024
SALE003657,CUST3657,P004,T-shirt,Apparel,4,474.37,0.09,9/15/2024
SALE003658,CUST3658,P002,Shoes,Footwear,1,130.84,0.02,3/2/2025
SALE003659,CUST3659,P001,Smartphone,Electronics,1,348.23,0.08,4/2/2025
SALE003660,CUST3660,P003,Notebook,Stationery,4,352.45,0.06,5/7/2024
SALE003661,CUST3661,P002,Shoes,Footwear,4,163.49,0.16,11/5/2023
SALE003662,CUST3662,P004,T-shirt,Apparel,2,196.14,0.18,11/21/2024
SALE003663,CUST3663,P004,T-shirt,Apparel,1,425.66,0.18,1/8/2025
SALE003664,CUST3664,P002,Shoes,Footwear,3,392.81,0.12,8/15/2023
SALE003665,CUST3665,P001,Smartphone,Electronics,1,198.09,0.13,4/12/2024
SALE003666,CUST3666,P005,Blender,Home Appliance,4,290.28,0.25,1/1/2025
SALE003667,CUST3667,P003,Notebook,Stationery,4,77.76,0.14,9/24/2023
SALE003668,CUST3668,P003,Notebook,Stationery,2,143.94,0.3,3/6/2025
SALE003669,CUST3669,P005,Blender,Home Appliance,2,268.62,0.13,6/6/2024
SALE003670,CUST3670,P004,T-shirt,Apparel,1,88.69,0.19,4/2/2025
SALE003671,CUST3671,P004,T-shirt,Apparel,2,429.5,0.02,6/7/2024
SALE003672,CUST3672,P001,Smartphone,Electronics,3,373.1,0.2,11/25/2023
SALE003673,CUST3673,P004,T-shirt,Apparel,3,474.64,0.26,8/1/2024
SALE003674,CUST3674,P001,Smartphone,Electronics,2,362.06,0.28,11/10/2023
SALE003675,CUST3675,P004,T-shirt,Apparel,3,473.18,0.3,5/14/2024
SALE003676,CUST3676,P005,Blender,Home Appliance,3,299.53,0.08,11/21/2023
SALE003677,CUST3677,P003,Notebook,Stationery,1,320.1,0.17,2/6/2024
SALE003678,CUST3678,P003,Notebook,Stationery,3,489.64,0.14,11/27/2024
SALE003679,CUST3679,P005,Blender,Home Appliance,4,338.96,0.17,11/2/2024
SALE003680,CUST3680,P001,Smartphone,Electronics,4,63.85,0.05,5/29/2023
SALE003681,CUST3681,P003,Notebook,Stationery,1,375.71,0.26,1/4/2025
SALE003682,CUST3682,P003,Notebook,Stationery,2,457.46,0.27,11/26/2024
SALE003683,CUST3683,P001,Smartphone,Electronics,1,408.01,0.13,12/18/2023
SALE003684,CUST3684,P001,Smartphone,Electronics,2,312.72,0.08,10/17/2024
SALE003685,CUST3685,P001,Smartphone,Electronics,2,352.09,0.04,4/20/2024
SALE003686,CUST3686,P003,Notebook,Stationery,2,495.59,0.21,12/11/2023
SALE003687,CUST3687,P001,Smartphone,Electronics,2,90.8,0.09,6/23/2024
SALE003688,CUST3688,P004,T-shirt,Apparel,2,350.26,0.27,6/23/2023
SALE003689,CUST3689,P003,Notebook,Stationery,1,177.53,0.2,9/30/2024
SALE003690,CUST3690,P004,T-shirt,Apparel,2,338.04,0.19,1/22/2024
SALE003691,CUST3691,P001,Smartphone,Electronics,3,323.43,0.17,3/6/2024
SALE003692,CUST3692,P002,Shoes,Footwear,3,119.06,0.01,6/30/2023
SALE003693,CUST3693,P002,Shoes,Footwear,2,143.04,0.28,12/6/2023
SALE003694,CUST3694,P001,Smartphone,Electronics,3,329.73,0.19,2/17/2025
SALE003695,CUST3695,P001,Smartphone,Electronics,4,107.7,0.3,12/19/2023
SALE003696,CUST3696,P004,T-shirt,Apparel,1,169.33,0.16,10/3/2023
SALE003697,CUST3697,P003,Notebook,Stationery,1,425.86,0.21,4/21/2024
SALE003698,CUST3698,P001,Smartphone,Electronics,2,197.19,0.02,6/2/2024
SALE003699,CUST3699,P004,T-shirt,Apparel,2,269.63,0.19,9/17/2023
SALE003700,CUST3700,P005,Blender,Home Appliance,4,473.51,0.23,8/6/2023
SALE003701,CUST3701,P004,T-shirt,Apparel,2,152.22,0.23,8/3/2023
SALE003702,CUST3702,P002,Shoes,Footwear,3,225.33,0.23,7/18/2024
SALE003703,CUST3703,P005,Blender,Home Appliance,4,322.91,0.07,12/31/2023
SALE003704,CUST3704,P004,T-shirt,Apparel,3,389.9,0.29,6/16/2023
SALE003705,CUST3705,P005,Blender,Home Appliance,1,455.74,0.3,1/3/2024
SALE003706,CUST3706,P002,Shoes,Footwear,3,461.96,0.02,6/26/2023
SALE003707,CUST3707,P002,Shoes,Footwear,1,399.49,0.28,3/8/2025
SALE003708,CUST3708,P005,Blender,Home Appliance,3,152.75,0.09,1/11/2025
SALE003709,CUST3709,P005,Blender,Home Appliance,1,61.16,0.21,5/17/2024
SALE003710,CUST3710,P003,Notebook,Stationery,2,222.7,0.1,9/8/2023
SALE003711,CUST3711,P003,Notebook,Stationery,3,113.7,0.29,4/5/2025
SALE003712,CUST3712,P002,Shoes,Footwear,1,369.67,0.03,7/12/2024
SALE003713,CUST3713,P004,T-shirt,Apparel,3,347.51,0.15,6/23/2023
SALE003714,CUST3714,P002,Shoes,Footwear,4,69.79,0.13,6/9/2024
SALE003715,CUST3715,P003,Notebook,Stationery,2,426.47,0.1,10/27/2024
SALE003716,CUST3716,P003,Notebook,Stationery,1,161.93,0.19,12/19/2024
SALE003717,CUST3717,P005,Blender,Home Appliance,4,244.5,0.04,5/18/2023
SALE003718,CUST3718,P004,T-shirt,Apparel,3,350.57,0.21,2/8/2024
SALE003719,CUST3719,P005,Blender,Home Appliance,4,243.24,0.29,8/11/2023
SALE003720,CUST3720,P005,Blender,Home Appliance,3,248.58,0.24,1/26/2024
SALE003721,CUST3721,P002,Shoes,Footwear,2,79.53,0.26,9/28/2024
SALE003722,CUST3722,P003,Notebook,Stationery,4,230.65,0.11,9/4/2024
SALE003723,CUST3723,P001,Smartphone,Electronics,2,394.18,0.1,6/17/2024
SALE003724,CUST3724,P005,Blender,Home Appliance,1,461.83,0.16,12/27/2023
SALE003725,CUST3725,P004,T-shirt,Apparel,3,236.07,0.01,3/27/2025
SALE003726,CUST3726,P002,Shoes,Footwear,3,240.61,0.28,2/24/2024
SALE003727,CUST3727,P004,T-shirt,Apparel,2,366.18,0.04,9/29/2023
SALE003728,CUST3728,P004,T-shirt,Apparel,2,474.25,0.27,7/9/2023
SALE003729,CUST3729,P003,Notebook,Stationery,1,170.18,0.03,10/4/2023
SALE003730,CUST3730,P003,Notebook,Stationery,4,248.06,0.25,8/31/2024
SALE003731,CUST3731,P004,T-shirt,Apparel,3,408.19,0.05,2/6/2024
SALE003732,CUST3732,P003,Notebook,Stationery,3,324.36,0.01,5/20/2023
SALE003733,CUST3733,P005,Blender,Home Appliance,1,99.76,0.22,7/16/2024
SALE003734,CUST3734,P004,T-shirt,Apparel,1,332.48,0.08,1/15/2025
SALE003735,CUST3735,P005,Blender,Home Appliance,2,134.04,0.21,1/8/2024
SALE003736,CUST3736,P002,Shoes,Footwear,2,279.6,0.17,10/14/2024
SALE003737,CUST3737,P004,T-shirt,Apparel,4,288.1,0.03,6/12/2024
SALE003738,CUST3738,P001,Smartphone,Electronics,1,444.29,0.28,11/8/2024
SALE003739,CUST3739,P001,Smartphone,Electronics,4,258.12,0.14,5/17/2024
SALE003740,CUST3740,P003,Notebook,Stationery,1,175.75,0.22,7/14/2023
SALE003741,CUST3741,P002,Shoes,Footwear,3,153.93,0.15,6/17/2024
SALE003742,CUST3742,P005,Blender,Home Appliance,1,443.41,0.18,4/9/2025
SALE003743,CUST3743,P002,Shoes,Footwear,1,126.95,0.09,12/25/2023
SALE003744,CUST3744,P003,Notebook,Stationery,3,241.64,0.06,5/28/2024
SALE003745,CUST3745,P005,Blender,Home Appliance,1,134.23,0.16,4/29/2023
SALE003746,CUST3746,P001,Smartphone,Electronics,4,397.99,0.13,6/5/2023
SALE003747,CUST3747,P004,T-shirt,Apparel,2,263.47,0.12,7/27/2024
SALE003748,CUST3748,P004,T-shirt,Apparel,2,208.01,0.2,10/2/2023
SALE003749,CUST3749,P004,T-shirt,Apparel,4,212.49,0.21,3/21/2024
SALE003750,CUST3750,P001,Smartphone,Electronics,3,433.5,0.01,5/30/2024
SALE003751,CUST3751,P005,Blender,Home Appliance,1,299.2,0.1,7/6/2023
SALE003752,CUST3752,P003,Notebook,Stationery,4,373.04,0.12,11/2/2023
SALE003753,CUST3753,P002,Shoes,Footwear,2,453.67,0.03,10/8/2024
SALE003754,CUST3754,P004,T-shirt,Apparel,2,455.78,0.07,9/15/2024
SALE003755,CUST3755,P001,Smartphone,Electronics,4,197.83,0.02,10/25/2023
SALE003756,CUST3756,P001,Smartphone,Electronics,2,478.6,0.3,2/12/2025
SALE003757,CUST3757,P004,T-shirt,Apparel,4,61.19,0.22,5/25/2024
SALE003758,CUST3758,P003,Notebook,Stationery,2,219.58,0.03,5/27/2024
SALE003759,CUST3759,P002,Shoes,Footwear,4,453.11,0.01,12/24/2023
SALE003760,CUST3760,P001,Smartphone,Electronics,1,173.59,0.22,10/11/2024
SALE003761,CUST3761,P003,Notebook,Stationery,1,172.89,0.13,12/6/2024
SALE003762,CUST3762,P001,Smartphone,Electronics,1,186.18,0.24,2/12/2024
SALE003763,CUST3763,P002,Shoes,Footwear,1,325.54,0.28,10/17/2023
SALE003764,CUST3764,P003,Notebook,Stationery,2,247.25,0.18,4/5/2025
SALE003765,CUST3765,P004,T-shirt,Apparel,3,377.03,0.06,12/15/2023
SALE003766,CUST3766,P001,Smartphone,Electronics,4,452.71,0.23,10/22/2024
SALE003767,CUST3767,P001,Smartphone,Electronics,3,353.39,0.29,2/24/2025
SALE003768,CUST3768,P003,Notebook,Stationery,2,142.01,0.17,3/15/2024
SALE003769,CUST3769,P001,Smartphone,Electronics,2,469.71,0.2,12/15/2023
SALE003770,CUST3770,P002,Shoes,Footwear,3,169.02,0.1,11/27/2024
SALE003771,CUST3771,P001,Smartphone,Electronics,3,117.45,0.11,9/27/2023
SALE003772,CUST3772,P004,T-shirt,Apparel,2,90.49,0.22,2/16/2024
SALE003773,CUST3773,P004,T-shirt,Apparel,2,303.52,0.28,10/1/2024
SALE003774,CUST3774,P004,T-shirt,Apparel,4,101.19,0.19,3/7/2024
SALE003775,CUST3775,P004,T-shirt,Apparel,1,112.45,0.24,12/27/2024
SALE003776,CUST3776,P003,Notebook,Stationery,1,185.01,0.05,3/8/2025
SALE003777,CUST3777,P002,Shoes,Footwear,4,176.74,0.06,9/9/2024
SALE003778,CUST3778,P004,T-shirt,Apparel,3,321.91,0.16,10/6/2023
SALE003779,CUST3779,P001,Smartphone,Electronics,2,417.54,0.05,3/2/2025
SALE003780,CUST3780,P004,T-shirt,Apparel,3,392.61,0.19,10/13/2024
SALE003781,CUST3781,P001,Smartphone,Electronics,1,168.12,0.09,11/16/2024
SALE003782,CUST3782,P002,Shoes,Footwear,1,160.39,0.24,11/27/2024
SALE003783,CUST3783,P004,T-shirt,Apparel,3,484.61,0.24,7/16/2023
SALE003784,CUST3784,P005,Blender,Home Appliance,1,53.71,0.14,7/4/2023
SALE003785,CUST3785,P004,T-shirt,Apparel,2,445.87,0.05,9/19/2024
SALE003786,CUST3786,P001,Smartphone,Electronics,4,139.88,0.19,12/19/2024
SALE003787,CUST3787,P004,T-shirt,Apparel,3,476.28,0.3,8/8/2023
SALE003788,CUST3788,P004,T-shirt,Apparel,2,204.04,0.19,12/21/2024
SALE003789,CUST3789,P002,Shoes,Footwear,2,248.16,0.01,1/26/2024
SALE003790,CUST3790,P003,Notebook,Stationery,1,368.2,0.01,3/30/2024
SALE003791,CUST3791,P001,Smartphone,Electronics,2,314.45,0.1,4/24/2024
SALE003792,CUST3792,P004,T-shirt,Apparel,3,193.07,0.06,10/30/2023
SALE003793,CUST3793,P003,Notebook,Stationery,2,299.22,0.24,9/29/2023
SALE003794,CUST3794,P002,Shoes,Footwear,4,378.82,0.25,12/24/2024
SALE003795,CUST3795,P004,T-shirt,Apparel,2,69.05,0.08,5/19/2024
SALE003796,CUST3796,P002,Shoes,Footwear,2,55.04,0.1,6/6/2024
SALE003797,CUST3797,P005,Blender,Home Appliance,4,256.13,0.07,2/8/2024
SALE003798,CUST3798,P005,Blender,Home Appliance,2,109.33,0.27,7/26/2024
SALE003799,CUST3799,P001,Smartphone,Electronics,2,348.95,0.15,1/16/2025
SALE003800,CUST3800,P003,Notebook,Stationery,1,146.32,0.2,3/20/2024
SALE003801,CUST3801,P002,Shoes,Footwear,3,244.78,0.12,1/3/2025
SALE003802,CUST3802,P005,Blender,Home Appliance,1,138.95,0.19,9/30/2024
SALE003803,CUST3803,P005,Blender,Home Appliance,3,296.82,0.12,9/21/2023
SALE003804,CUST3804,P001,Smartphone,Electronics,4,102.22,0.1,3/9/2024
SALE003805,CUST3805,P004,T-shirt,Apparel,4,60.4,0.19,12/14/2024
SALE003806,CUST3806,P004,T-shirt,Apparel,4,73.01,0.18,12/3/2023
SALE003807,CUST3807,P004,T-shirt,Apparel,3,479.42,0.09,5/20/2024
SALE003808,CUST3808,P004,T-shirt,Apparel,3,114.03,0.04,9/24/2023
SALE003809,CUST3809,P002,Shoes,Footwear,3,368.82,0.11,4/29/2024
SALE003810,CUST3810,P002,Shoes,Footwear,4,80.57,0.12,12/8/2023
SALE003811,CUST3811,P004,T-shirt,Apparel,3,98.67,0.19,3/23/2024
SALE003812,CUST3812,P001,Smartphone,Electronics,2,278.99,0.27,9/5/2023
SALE003813,CUST3813,P002,Shoes,Footwear,1,259.19,0.01,6/12/2023
SALE003814,CUST3814,P003,Notebook,Stationery,4,478.21,0.07,3/14/2025
SALE003815,CUST3815,P003,Notebook,Stationery,1,475.18,0.06,2/23/2025
SALE003816,CUST3816,P002,Shoes,Footwear,2,400.82,0.15,1/18/2024
SALE003817,CUST3817,P001,Smartphone,Electronics,3,320.95,0.13,10/17/2024
SALE003818,CUST3818,P004,T-shirt,Apparel,1,254.73,0.22,1/18/2024
SALE003819,CUST3819,P002,Shoes,Footwear,2,210.28,0.07,8/22/2023
SALE003820,CUST3820,P005,Blender,Home Appliance,2,476.19,0.18,7/12/2024
SALE003821,CUST3821,P001,Smartphone,Electronics,1,321.31,0.27,9/12/2024
SALE003822,CUST3822,P003,Notebook,Stationery,4,310.58,0.27,2/17/2025
SALE003823,CUST3823,P005,Blender,Home Appliance,1,154.36,0.29,2/6/2025
SALE003824,CUST3824,P003,Notebook,Stationery,4,71.01,0.23,1/15/2024
SALE003825,CUST3825,P004,T-shirt,Apparel,3,475.33,0.27,12/28/2024
SALE003826,CUST3826,P003,Notebook,Stationery,4,191.18,0.07,9/3/2023
SALE003827,CUST3827,P004,T-shirt,Apparel,3,249.17,0.06,5/2/2024
SALE003828,CUST3828,P002,Shoes,Footwear,1,101.59,0,5/2/2024
SALE003829,CUST3829,P003,Notebook,Stationery,3,426.62,0.21,9/6/2023
SALE003830,CUST3830,P004,T-shirt,Apparel,2,62.43,0.28,8/20/2023
SALE003831,CUST3831,P001,Smartphone,Electronics,3,425.3,0.06,11/9/2024
SALE003832,CUST3832,P003,Notebook,Stationery,4,113.13,0.19,10/9/2023
SALE003833,CUST3833,P004,T-shirt,Apparel,4,448.95,0.22,9/21/2024
SALE003834,CUST3834,P004,T-shirt,Apparel,4,378.4,0.28,3/23/2025
SALE003835,CUST3835,P005,Blender,Home Appliance,3,124.1,0.19,4/5/2025
SALE003836,CUST3836,P002,Shoes,Footwear,4,304.62,0.29,2/25/2024
SALE003837,CUST3837,P001,Smartphone,Electronics,4,190.7,0.1,6/26/2024
SALE003838,CUST3838,P002,Shoes,Footwear,2,130.2,0.1,6/20/2023
SALE003839,CUST3839,P004,T-shirt,Apparel,3,436.63,0.16,12/31/2024
SALE003840,CUST3840,P005,Blender,Home Appliance,2,231.59,0.12,1/7/2024
SALE003841,CUST3841,P001,Smartphone,Electronics,4,229.34,0,7/12/2024
SALE003842,CUST3842,P004,T-shirt,Apparel,4,126.45,0.22,9/28/2023
SALE003843,CUST3843,P001,Smartphone,Electronics,4,222.38,0.23,11/6/2024
SALE003844,CUST3844,P003,Notebook,Stationery,3,442.23,0.22,7/16/2023
SALE003845,CUST3845,P003,Notebook,Stationery,1,213.41,0.1,12/11/2024
SALE003846,CUST3846,P001,Smartphone,Electronics,4,478.22,0.16,11/8/2024
SALE003847,CUST3847,P002,Shoes,Footwear,4,475.84,0.11,3/13/2024
SALE003848,CUST3848,P004,T-shirt,Apparel,4,115.2,0,2/1/2024
SALE003849,CUST3849,P001,Smartphone,Electronics,4,129.79,0.17,2/7/2025
SALE003850,CUST3850,P002,Shoes,Footwear,3,438.2,0.04,8/3/2024
SALE003851,CUST3851,P003,Notebook,Stationery,1,226.74,0.02,2/9/2024
SALE003852,CUST3852,P001,Smartphone,Electronics,1,51.97,0.23,8/30/2023
SALE003853,CUST3853,P005,Blender,Home Appliance,1,173.24,0,6/3/2024
SALE003854,CUST3854,P004,T-shirt,Apparel,4,318.93,0.29,7/26/2023
SALE003855,CUST3855,P002,Shoes,Footwear,4,409.67,0.15,9/7/2023
SALE003856,CUST3856,P001,Smartphone,Electronics,1,110.02,0.29,3/19/2024
SALE003857,CUST3857,P002,Shoes,Footwear,1,99.74,0.02,12/17/2024
SALE003858,CUST3858,P002,Shoes,Footwear,4,464.94,0.18,7/4/2024
SALE003859,CUST3859,P001,Smartphone,Electronics,4,388.02,0.1,9/24/2024
SALE003860,CUST3860,P004,T-shirt,Apparel,2,315.4,0.25,5/28/2023
SALE003861,CUST3861,P004,T-shirt,Apparel,2,396.13,0.11,8/4/2024
SALE003862,CUST3862,P004,T-shirt,Apparel,2,242.98,0.08,10/15/2023
SALE003863,CUST3863,P004,T-shirt,Apparel,1,391.31,0.26,5/7/2023
SALE003864,CUST3864,P004,T-shirt,Apparel,3,217.31,0.11,6/19/2024
SALE003865,CUST3865,P003,Notebook,Stationery,4,159.84,0.01,6/9/2024
SALE003866,CUST3866,P003,Notebook,Stationery,2,378.06,0.12,7/29/2024
SALE003867,CUST3867,P001,Smartphone,Electronics,3,238.85,0.2,12/9/2023
SALE003868,CUST3868,P003,Notebook,Stationery,4,491.62,0.08,9/10/2024
SALE003869,CUST3869,P002,Shoes,Footwear,3,207.27,0.13,4/19/2023
SALE003870,CUST3870,P002,Shoes,Footwear,1,464.78,0.02,2/4/2024
SALE003871,CUST3871,P003,Notebook,Stationery,1,469.83,0.18,5/20/2023
SALE003872,CUST3872,P002,Shoes,Footwear,1,158.83,0.23,9/16/2023
SALE003873,CUST3873,P001,Smartphone,Electronics,2,409.2,0.12,11/22/2024
SALE003874,CUST3874,P004,T-shirt,Apparel,4,244.88,0.13,10/15/2023
SALE003875,CUST3875,P005,Blender,Home Appliance,1,462.89,0.03,3/25/2025
SALE003876,CUST3876,P003,Notebook,Stationery,2,252.56,0.06,3/7/2024
SALE003877,CUST3877,P002,Shoes,Footwear,2,384.94,0.05,2/5/2025
SALE003878,CUST3878,P003,Notebook,Stationery,2,260.14,0.14,11/17/2024
SALE003879,CUST3879,P002,Shoes,Footwear,2,152.51,0.16,7/25/2023
SALE003880,CUST3880,P002,Shoes,Footwear,1,139.71,0.28,10/13/2024
SALE003881,CUST3881,P005,Blender,Home Appliance,2,241.44,0.02,7/4/2024
SALE003882,CUST3882,P004,T-shirt,Apparel,1,389.97,0.18,10/17/2023
SALE003883,CUST3883,P001,Smartphone,Electronics,1,322.28,0.16,1/7/2024
SALE003884,CUST3884,P004,T-shirt,Apparel,2,359.88,0.15,7/12/2024
SALE003885,CUST3885,P005,Blender,Home Appliance,1,177.05,0.26,3/7/2025
SALE003886,CUST3886,P001,Smartphone,Electronics,4,266.65,0.06,9/8/2023
SALE003887,CUST3887,P003,Notebook,Stationery,4,69.98,0.01,9/4/2023
SALE003888,CUST3888,P005,Blender,Home Appliance,3,417.89,0.2,12/19/2024
SALE003889,CUST3889,P001,Smartphone,Electronics,4,495.45,0.1,2/29/2024
SALE003890,CUST3890,P002,Shoes,Footwear,1,233.1,0.01,9/9/2023
SALE003891,CUST3891,P005,Blender,Home Appliance,1,54.93,0.08,6/17/2023
SALE003892,CUST3892,P001,Smartphone,Electronics,4,126.41,0.09,5/27/2023
SALE003893,CUST3893,P003,Notebook,Stationery,2,343.64,0.19,11/30/2024
SALE003894,CUST3894,P004,T-shirt,Apparel,2,325.44,0.05,2/10/2024
SALE003895,CUST3895,P002,Shoes,Footwear,1,404.54,0.12,7/29/2023
SALE003896,CUST3896,P002,Shoes,Footwear,2,164.25,0.14,1/1/2025
SALE003897,CUST3897,P001,Smartphone,Electronics,3,393.63,0.14,5/5/2023
SALE003898,CUST3898,P002,Shoes,Footwear,3,359.59,0.29,12/20/2024
SALE003899,CUST3899,P004,T-shirt,Apparel,4,195.27,0.01,8/17/2023
SALE003900,CUST3900,P004,T-shirt,Apparel,4,295.47,0.29,7/24/2024
SALE003901,CUST3901,P005,Blender,Home Appliance,2,116.27,0.17,10/6/2024
SALE003902,CUST3902,P005,Blender,Home Appliance,1,253.65,0.24,10/14/2023
SALE003903,CUST3903,P004,T-shirt,Apparel,4,446.54,0.13,8/12/2024
SALE003904,CUST3904,P003,Notebook,Stationery,3,239.54,0.14,11/8/2024
SALE003905,CUST3905,P003,Notebook,Stationery,4,427.81,0.26,1/6/2024
SALE003906,CUST3906,P003,Notebook,Stationery,4,315.61,0.27,10/2/2024
SALE003907,CUST3907,P003,Notebook,Stationery,3,136.34,0.07,4/27/2023
SALE003908,CUST3908,P002,Shoes,Footwear,1,311.5,0.06,10/2/2024
SALE003909,CUST3909,P004,T-shirt,Apparel,4,277.69,0.15,1/12/2024
SALE003910,CUST3910,P001,Smartphone,Electronics,4,229.39,0.27,3/21/2025
SALE003911,CUST3911,P003,Notebook,Stationery,4,103.83,0.1,12/6/2024
SALE003912,CUST3912,P001,Smartphone,Electronics,2,237.52,0.2,11/12/2023
SALE003913,CUST3913,P001,Smartphone,Electronics,4,82.74,0.21,2/1/2024
SALE003914,CUST3914,P004,T-shirt,Apparel,3,94.45,0.23,12/8/2023
SALE003915,CUST3915,P001,Smartphone,Electronics,1,237.16,0.17,2/15/2024
SALE003916,CUST3916,P003,Notebook,Stationery,1,187.42,0.12,1/23/2024
SALE003917,CUST3917,P003,Notebook,Stationery,3,466.49,0.29,5/17/2024
SALE003918,CUST3918,P004,T-shirt,Apparel,2,219.07,0.18,7/6/2023
SALE003919,CUST3919,P001,Smartphone,Electronics,3,391.04,0.22,10/26/2024
SALE003920,CUST3920,P003,Notebook,Stationery,1,288.61,0.1,10/22/2023
SALE003921,CUST3921,P002,Shoes,Footwear,3,366.84,0.2,2/13/2025
SALE003922,CUST3922,P005,Blender,Home Appliance,2,167.05,0.08,9/2/2023
SALE003923,CUST3923,P003,Notebook,Stationery,1,473.86,0.07,2/10/2025
SALE003924,CUST3924,P001,Smartphone,Electronics,2,288.54,0.21,3/11/2025
SALE003925,CUST3925,P005,Blender,Home Appliance,3,424.1,0.16,1/3/2024
SALE003926,CUST3926,P004,T-shirt,Apparel,4,214.27,0.2,6/16/2024
SALE003927,CUST3927,P005,Blender,Home Appliance,3,95.1,0.08,3/7/2024
SALE003928,CUST3928,P004,T-shirt,Apparel,2,353.17,0.18,5/8/2024
SALE003929,CUST3929,P003,Notebook,Stationery,3,53.49,0.13,3/28/2024
SALE003930,CUST3930,P003,Notebook,Stationery,4,263.88,0.18,6/3/2023
SALE003931,CUST3931,P001,Smartphone,Electronics,2,136.76,0.09,6/24/2024
SALE003932,CUST3932,P002,Shoes,Footwear,3,332.32,0.21,3/20/2025
SALE003933,CUST3933,P002,Shoes,Footwear,2,490.74,0.24,1/29/2025
SALE003934,CUST3934,P003,Notebook,Stationery,2,258.98,0.08,11/19/2023
SALE003935,CUST3935,P005,Blender,Home Appliance,1,417.87,0.09,12/29/2024
SALE003936,CUST3936,P005,Blender,Home Appliance,1,278.5,0.2,12/5/2023
SALE003937,CUST3937,P005,Blender,Home Appliance,2,273.13,0.21,1/16/2024
SALE003938,CUST3938,P005,Blender,Home Appliance,3,468.69,0.21,2/3/2025
SALE003939,CUST3939,P004,T-shirt,Apparel,3,450.48,0.2,12/30/2024
SALE003940,CUST3940,P002,Shoes,Footwear,3,403.61,0.12,9/29/2024
SALE003941,CUST3941,P003,Notebook,Stationery,4,183.32,0.12,5/5/2024
SALE003942,CUST3942,P005,Blender,Home Appliance,2,295.25,0.08,3/28/2024
SALE003943,CUST3943,P004,T-shirt,Apparel,2,150.75,0.05,3/1/2024
SALE003944,CUST3944,P005,Blender,Home Appliance,4,249.76,0.21,6/4/2024
SALE003945,CUST3945,P002,Shoes,Footwear,2,267.9,0.03,10/23/2023
SALE003946,CUST3946,P004,T-shirt,Apparel,2,424.24,0.28,4/11/2024
SALE003947,CUST3947,P002,Shoes,Footwear,4,453.21,0.25,6/22/2023
SALE003948,CUST3948,P003,Notebook,Stationery,1,236.58,0.26,12/19/2024
SALE003949,CUST3949,P004,T-shirt,Apparel,2,57.97,0.27,3/20/2025
SALE003950,CUST3950,P001,Smartphone,Electronics,4,437.8,0.12,7/9/2023
SALE003951,CUST3951,P001,Smartphone,Electronics,3,128.43,0.25,3/16/2025
SALE003952,CUST3952,P004,T-shirt,Apparel,1,329.85,0.05,5/6/2024
SALE003953,CUST3953,P002,Shoes,Footwear,3,61.24,0.01,11/4/2023
SALE003954,CUST3954,P003,Notebook,Stationery,2,229.78,0.24,12/16/2024
SALE003955,CUST3955,P003,Notebook,Stationery,1,493.68,0.02,7/14/2023
SALE003956,CUST3956,P001,Smartphone,Electronics,4,95.31,0.3,8/14/2024
SALE003957,CUST3957,P003,Notebook,Stationery,2,240.66,0.2,8/22/2024
SALE003958,CUST3958,P001,Smartphone,Electronics,4,188.22,0.23,5/30/2024
SALE003959,CUST3959,P004,T-shirt,Apparel,1,457.29,0.07,5/12/2023
SALE003960,CUST3960,P005,Blender,Home Appliance,3,441.2,0.2,5/30/2023
SALE003961,CUST3961,P004,T-shirt,Apparel,2,156.96,0.01,6/12/2023
SALE003962,CUST3962,P003,Notebook,Stationery,2,86.53,0.25,4/14/2025
SALE003963,CUST3963,P001,Smartphone,Electronics,4,332.21,0.05,9/21/2024
SALE003964,CUST3964,P005,Blender,Home Appliance,1,201.37,0.21,6/16/2023
SALE003965,CUST3965,P002,Shoes,Footwear,4,352.44,0.07,1/5/2025
SALE003966,CUST3966,P004,T-shirt,Apparel,1,64.45,0.02,10/29/2024
SALE003967,CUST3967,P005,Blender,Home Appliance,2,110.03,0.14,1/5/2024
SALE003968,CUST3968,P003,Notebook,Stationery,1,358.87,0.05,5/29/2023
SALE003969,CUST3969,P005,Blender,Home Appliance,2,145.57,0.22,7/8/2023
SALE003970,CUST3970,P003,Notebook,Stationery,1,435.91,0.07,9/23/2024
SALE003971,CUST3971,P002,Shoes,Footwear,3,76.37,0.1,10/13/2023
SALE003972,CUST3972,P001,Smartphone,Electronics,1,146.97,0.17,6/19/2024
SALE003973,CUST3973,P002,Shoes,Footwear,3,499.35,0.09,6/17/2023
SALE003974,CUST3974,P004,T-shirt,Apparel,1,244.88,0.11,7/26/2023
SALE003975,CUST3975,P002,Shoes,Footwear,1,366.33,0.24,12/12/2024
SALE003976,CUST3976,P003,Notebook,Stationery,4,132.2,0.05,6/6/2024
SALE003977,CUST3977,P003,Notebook,Stationery,4,324.44,0.02,2/14/2025
SALE003978,CUST3978,P003,Notebook,Stationery,2,376.75,0.1,12/6/2023
SALE003979,CUST3979,P005,Blender,Home Appliance,4,191.51,0.13,11/17/2024
SALE003980,CUST3980,P001,Smartphone,Electronics,1,423,0.16,12/14/2024
SALE003981,CUST3981,P001,Smartphone,Electronics,4,321.54,0.11,1/16/2024
SALE003982,CUST3982,P005,Blender,Home Appliance,1,225.11,0.24,5/28/2024
SALE003983,CUST3983,P004,T-shirt,Apparel,3,300.94,0.01,4/15/2025
SALE003984,CUST3984,P004,T-shirt,Apparel,1,309.54,0.13,3/30/2025
SALE003985,CUST3985,P002,Shoes,Footwear,2,124.49,0.11,6/24/2023
SALE003986,CUST3986,P001,Smartphone,Electronics,3,231.23,0.19,12/26/2024
SALE003987,CUST3987,P002,Shoes,Footwear,2,204.54,0.29,10/16/2024
SALE003988,CUST3988,P003,Notebook,Stationery,2,230.41,0.15,4/6/2024
SALE003989,CUST3989,P004,T-shirt,Apparel,2,392.5,0.3,6/6/2023
SALE003990,CUST3990,P001,Smartphone,Electronics,4,267.14,0.09,6/8/2024
SALE003991,CUST3991,P004,T-shirt,Apparel,2,473.14,0.01,6/9/2024
SALE003992,CUST3992,P003,Notebook,Stationery,3,182.15,0.05,12/2/2023
SALE003993,CUST3993,P004,T-shirt,Apparel,1,237.07,0.12,7/20/2024
SALE003994,CUST3994,P001,Smartphone,Electronics,2,404.13,0.09,9/15/2024
SALE003995,CUST3995,P003,Notebook,Stationery,3,295.71,0.03,6/10/2023
SALE003996,CUST3996,P002,Shoes,Footwear,2,296.16,0.13,4/13/2025
SALE003997,CUST3997,P004,T-shirt,Apparel,1,74,0.1,11/14/2024
SALE003998,CUST3998,P003,Notebook,Stationery,3,229.37,0.04,4/2/2025
SALE003999,CUST3999,P002,Shoes,Footwear,3,171.83,0.09,3/12/2025
SALE004000,CUST4000,P002,Shoes,Footwear,1,499.7,0.27,3/30/2025
SALE004001,CUST4001,P002,Shoes,Footwear,3,188.76,0.09,4/4/2025
SALE004002,CUST4002,P002,Shoes,Footwear,1,448.02,0.21,5/10/2024
SALE004003,CUST4003,P003,Notebook,Stationery,3,354.31,0.18,10/25/2023
SALE004004,CUST4004,P004,T-shirt,Apparel,3,203.41,0.13,10/5/2023
SALE004005,CUST4005,P001,Smartphone,Electronics,1,294.59,0.07,2/29/2024
SALE004006,CUST4006,P005,Blender,Home Appliance,1,428.24,0.11,6/5/2024
SALE004007,CUST4007,P001,Smartphone,Electronics,3,447.52,0.18,7/4/2024
SALE004008,CUST4008,P001,Smartphone,Electronics,3,122.18,0.11,8/15/2024
SALE004009,CUST4009,P001,Smartphone,Electronics,1,202.81,0.06,9/9/2024
SALE004010,CUST4010,P003,Notebook,Stationery,4,200.85,0.03,9/17/2024
SALE004011,CUST4011,P005,Blender,Home Appliance,1,68.92,0.26,7/7/2024
SALE004012,CUST4012,P001,Smartphone,Electronics,3,319.21,0.13,12/1/2024
SALE004013,CUST4013,P002,Shoes,Footwear,3,434.67,0.19,2/5/2024
SALE004014,CUST4014,P005,Blender,Home Appliance,3,221.71,0.15,2/24/2025
SALE004015,CUST4015,P004,T-shirt,Apparel,1,383.02,0.26,2/13/2024
SALE004016,CUST4016,P001,Smartphone,Electronics,3,332.47,0.16,8/23/2024
SALE004017,CUST4017,P005,Blender,Home Appliance,4,219.04,0.14,11/25/2023
SALE004018,CUST4018,P005,Blender,Home Appliance,2,113.48,0.28,11/14/2023
SALE004019,CUST4019,P005,Blender,Home Appliance,4,369.2,0.22,12/30/2024
SALE004020,CUST4020,P003,Notebook,Stationery,1,434.55,0.03,1/9/2025
SALE004021,CUST4021,P001,Smartphone,Electronics,3,358.63,0.05,10/18/2024
SALE004022,CUST4022,P005,Blender,Home Appliance,1,58.05,0.24,3/15/2024
SALE004023,CUST4023,P005,Blender,Home Appliance,2,147.3,0.25,7/23/2024
SALE004024,CUST4024,P003,Notebook,Stationery,1,81.27,0.16,2/21/2024
SALE004025,CUST4025,P002,Shoes,Footwear,3,306.67,0.17,3/7/2025
SALE004026,CUST4026,P004,T-shirt,Apparel,2,390.41,0.19,8/25/2023
SALE004027,CUST4027,P003,Notebook,Stationery,2,99.76,0.13,12/20/2024
SALE004028,CUST4028,P005,Blender,Home Appliance,3,427.25,0.2,6/22/2023
SALE004029,CUST4029,P001,Smartphone,Electronics,3,299.98,0.03,12/14/2023
SALE004030,CUST4030,P002,Shoes,Footwear,3,360.49,0.29,12/11/2024
SALE004031,CUST4031,P004,T-shirt,Apparel,1,487.13,0.23,1/10/2024
SALE004032,CUST4032,P005,Blender,Home Appliance,4,87.66,0.19,7/19/2024
SALE004033,CUST4033,P001,Smartphone,Electronics,1,455.55,0.09,11/3/2023
SALE004034,CUST4034,P004,T-shirt,Apparel,1,106.75,0.05,12/10/2024
SALE004035,CUST4035,P005,Blender,Home Appliance,4,226.83,0.12,4/10/2025
SALE004036,CUST4036,P002,Shoes,Footwear,3,433.15,0.2,6/26/2024
SALE004037,CUST4037,P001,Smartphone,Electronics,3,457.81,0.19,3/27/2025
SALE004038,CUST4038,P001,Smartphone,Electronics,4,277.87,0.11,9/28/2023
SALE004039,CUST4039,P005,Blender,Home Appliance,4,317.35,0.18,9/21/2024
SALE004040,CUST4040,P001,Smartphone,Electronics,1,368.67,0.24,2/29/2024
SALE004041,CUST4041,P003,Notebook,Stationery,2,424.74,0.01,12/23/2023
SALE004042,CUST4042,P005,Blender,Home Appliance,4,104.68,0.14,11/16/2023
SALE004043,CUST4043,P005,Blender,Home Appliance,1,414.53,0.23,2/6/2024
SALE004044,CUST4044,P005,Blender,Home Appliance,2,266.57,0.16,3/4/2024
SALE004045,CUST4045,P005,Blender,Home Appliance,3,252.78,0.2,11/8/2023
SALE004046,CUST4046,P001,Smartphone,Electronics,3,240.75,0.16,5/22/2023
SALE004047,CUST4047,P003,Notebook,Stationery,1,279.15,0.3,9/14/2024
SALE004048,CUST4048,P005,Blender,Home Appliance,1,475.27,0.02,6/26/2023
SALE004049,CUST4049,P001,Smartphone,Electronics,4,296.69,0.15,5/28/2024
SALE004050,CUST4050,P005,Blender,Home Appliance,3,478.93,0.03,1/4/2024
SALE004051,CUST4051,P001,Smartphone,Electronics,1,131.13,0.05,3/26/2024
SALE004052,CUST4052,P003,Notebook,Stationery,3,375.86,0.11,10/3/2023
SALE004053,CUST4053,P001,Smartphone,Electronics,3,415.51,0.05,2/10/2025
SALE004054,CUST4054,P002,Shoes,Footwear,4,355.61,0.29,5/10/2023
SALE004055,CUST4055,P002,Shoes,Footwear,2,323.12,0.28,11/28/2023
SALE004056,CUST4056,P003,Notebook,Stationery,4,304.17,0.1,5/31/2023
SALE004057,CUST4057,P001,Smartphone,Electronics,1,437.42,0.19,9/26/2024
SALE004058,CUST4058,P003,Notebook,Stationery,4,419.74,0.16,10/27/2024
SALE004059,CUST4059,P001,Smartphone,Electronics,4,105.03,0.24,8/10/2023
SALE004060,CUST4060,P005,Blender,Home Appliance,3,431.86,0.19,8/31/2023
SALE004061,CUST4061,P001,Smartphone,Electronics,4,236.33,0,1/12/2025
SALE004062,CUST4062,P001,Smartphone,Electronics,1,164.16,0.23,11/30/2024
SALE004063,CUST4063,P003,Notebook,Stationery,2,441.4,0.22,5/10/2024
SALE004064,CUST4064,P004,T-shirt,Apparel,4,244.41,0.15,7/8/2024
SALE004065,CUST4065,P002,Shoes,Footwear,4,413.76,0.27,5/5/2023
SALE004066,CUST4066,P003,Notebook,Stationery,2,168.53,0.27,11/15/2023
SALE004067,CUST4067,P005,Blender,Home Appliance,1,51.77,0.16,4/28/2024
SALE004068,CUST4068,P004,T-shirt,Apparel,1,272.96,0.18,6/8/2023
SALE004069,CUST4069,P005,Blender,Home Appliance,4,95.1,0.3,11/28/2023
SALE004070,CUST4070,P005,Blender,Home Appliance,3,389.47,0.09,3/7/2025
SALE004071,CUST4071,P001,Smartphone,Electronics,4,174.23,0.1,4/18/2023
SALE004072,CUST4072,P002,Shoes,Footwear,2,249.64,0.05,9/5/2023
SALE004073,CUST4073,P001,Smartphone,Electronics,2,89.17,0.27,11/21/2023
SALE004074,CUST4074,P002,Shoes,Footwear,2,179,0.22,10/22/2023
SALE004075,CUST4075,P001,Smartphone,Electronics,4,401.67,0.03,8/12/2023
SALE004076,CUST4076,P001,Smartphone,Electronics,4,118.21,0.29,7/1/2023
SALE004077,CUST4077,P004,T-shirt,Apparel,1,341.22,0.22,10/24/2024
SALE004078,CUST4078,P004,T-shirt,Apparel,3,462.84,0.26,6/30/2023
SALE004079,CUST4079,P005,Blender,Home Appliance,4,355.93,0.01,5/19/2024
SALE004080,CUST4080,P003,Notebook,Stationery,1,414.96,0.15,1/13/2025
SALE004081,CUST4081,P004,T-shirt,Apparel,4,99.04,0.21,10/22/2024
SALE004082,CUST4082,P001,Smartphone,Electronics,1,162.83,0.16,8/7/2023
SALE004083,CUST4083,P002,Shoes,Footwear,1,452.54,0.2,11/27/2024
SALE004084,CUST4084,P001,Smartphone,Electronics,3,371.8,0.25,5/21/2023
SALE004085,CUST4085,P002,Shoes,Footwear,4,337.8,0.11,3/4/2025
SALE004086,CUST4086,P003,Notebook,Stationery,1,348.7,0.25,10/24/2024
SALE004087,CUST4087,P004,T-shirt,Apparel,2,236.39,0.05,10/28/2023
SALE004088,CUST4088,P004,T-shirt,Apparel,2,70.05,0.08,10/20/2024
SALE004089,CUST4089,P004,T-shirt,Apparel,2,403,0.01,1/26/2024
SALE004090,CUST4090,P003,Notebook,Stationery,3,355.42,0.11,5/22/2023
SALE004091,CUST4091,P002,Shoes,Footwear,1,262.76,0.11,7/10/2023
SALE004092,CUST4092,P005,Blender,Home Appliance,3,454.89,0.24,7/31/2023
SALE004093,CUST4093,P001,Smartphone,Electronics,4,201.27,0.2,4/14/2025
SALE004094,CUST4094,P002,Shoes,Footwear,4,182.44,0.13,11/15/2023
SALE004095,CUST4095,P003,Notebook,Stationery,1,442.76,0.2,9/3/2024
SALE004096,CUST4096,P005,Blender,Home Appliance,2,408.64,0.02,1/19/2024
SALE004097,CUST4097,P005,Blender,Home Appliance,1,281.74,0.05,2/10/2024
SALE004098,CUST4098,P002,Shoes,Footwear,1,108.83,0.19,1/20/2024
SALE004099,CUST4099,P004,T-shirt,Apparel,1,146.78,0.19,9/22/2024
SALE004100,CUST4100,P002,Shoes,Footwear,3,345.3,0.23,12/18/2023
SALE004101,CUST4101,P001,Smartphone,Electronics,4,223.27,0.12,3/27/2024
SALE004102,CUST4102,P004,T-shirt,Apparel,1,426.41,0.22,12/31/2024
SALE004103,CUST4103,P003,Notebook,Stationery,1,477.48,0.21,6/15/2024
SALE004104,CUST4104,P005,Blender,Home Appliance,1,412.54,0.29,10/10/2023
SALE004105,CUST4105,P005,Blender,Home Appliance,3,219.9,0.06,6/2/2024
SALE004106,CUST4106,P005,Blender,Home Appliance,3,404.91,0.17,11/8/2023
SALE004107,CUST4107,P003,Notebook,Stationery,3,208.15,0.18,1/21/2025
SALE004108,CUST4108,P005,Blender,Home Appliance,1,125.2,0.3,8/24/2023
SALE004109,CUST4109,P003,Notebook,Stationery,2,65.03,0.06,6/16/2023
SALE004110,CUST4110,P005,Blender,Home Appliance,2,223.57,0.16,6/19/2024
SALE004111,CUST4111,P001,Smartphone,Electronics,2,456.6,0.1,1/11/2025
SALE004112,CUST4112,P002,Shoes,Footwear,4,157.54,0.16,10/26/2023
SALE004113,CUST4113,P004,T-shirt,Apparel,1,142.93,0.07,4/21/2024
SALE004114,CUST4114,P001,Smartphone,Electronics,2,486.42,0.01,11/21/2023
SALE004115,CUST4115,P005,Blender,Home Appliance,2,61.25,0.17,9/5/2023
SALE004116,CUST4116,P002,Shoes,Footwear,2,403.6,0.1,12/10/2024
SALE004117,CUST4117,P001,Smartphone,Electronics,1,194.62,0.05,2/7/2024
SALE004118,CUST4118,P002,Shoes,Footwear,2,66.87,0.1,10/17/2024
SALE004119,CUST4119,P002,Shoes,Footwear,2,463.01,0.01,7/3/2024
SALE004120,CUST4120,P001,Smartphone,Electronics,1,112.84,0.29,5/7/2024
SALE004121,CUST4121,P003,Notebook,Stationery,4,298.3,0.17,1/21/2025
SALE004122,CUST4122,P004,T-shirt,Apparel,3,173.32,0.24,12/11/2023
SALE004123,CUST4123,P003,Notebook,Stationery,2,79.34,0.13,9/1/2024
SALE004124,CUST4124,P004,T-shirt,Apparel,3,72.47,0.27,2/19/2025
SALE004125,CUST4125,P003,Notebook,Stationery,4,102,0.14,1/8/2025
SALE004126,CUST4126,P004,T-shirt,Apparel,4,82.12,0.17,3/28/2024
SALE004127,CUST4127,P001,Smartphone,Electronics,2,392.25,0.15,11/29/2023
SALE004128,CUST4128,P004,T-shirt,Apparel,1,268.5,0.22,12/4/2023
SALE004129,CUST4129,P004,T-shirt,Apparel,4,204.3,0.17,7/31/2023
SALE004130,CUST4130,P003,Notebook,Stationery,3,238.27,0.08,8/14/2024
SALE004131,CUST4131,P004,T-shirt,Apparel,3,468.03,0.04,1/28/2025
SALE004132,CUST4132,P005,Blender,Home Appliance,3,459.84,0.18,11/22/2023
SALE004133,CUST4133,P001,Smartphone,Electronics,3,372.05,0.15,1/10/2024
SALE004134,CUST4134,P002,Shoes,Footwear,4,448.11,0.03,12/18/2023
SALE004135,CUST4135,P001,Smartphone,Electronics,2,193.84,0.12,9/9/2024
SALE004136,CUST4136,P003,Notebook,Stationery,2,221.5,0.15,6/3/2024
SALE004137,CUST4137,P005,Blender,Home Appliance,3,326.17,0.25,1/6/2024
SALE004138,CUST4138,P005,Blender,Home Appliance,2,330.63,0.02,8/22/2023
SALE004139,CUST4139,P003,Notebook,Stationery,3,266.76,0.1,11/14/2024
SALE004140,CUST4140,P001,Smartphone,Electronics,3,230.3,0.25,5/6/2023
SALE004141,CUST4141,P003,Notebook,Stationery,1,493.78,0.19,5/22/2023
SALE004142,CUST4142,P002,Shoes,Footwear,4,419.51,0.09,4/18/2023
SALE004143,CUST4143,P005,Blender,Home Appliance,4,245.74,0.25,7/13/2024
SALE004144,CUST4144,P005,Blender,Home Appliance,3,377.28,0.15,7/25/2024
SALE004145,CUST4145,P004,T-shirt,Apparel,4,171.3,0.15,5/11/2023
SALE004146,CUST4146,P003,Notebook,Stationery,2,95.08,0.29,8/28/2023
SALE004147,CUST4147,P001,Smartphone,Electronics,3,208.59,0.28,7/31/2023
SALE004148,CUST4148,P004,T-shirt,Apparel,1,231.34,0.11,7/29/2024
SALE004149,CUST4149,P003,Notebook,Stationery,2,57.44,0.04,10/17/2024
SALE004150,CUST4150,P003,Notebook,Stationery,1,416.66,0.1,8/4/2024
SALE004151,CUST4151,P001,Smartphone,Electronics,1,211.64,0.01,4/3/2024
SALE004152,CUST4152,P005,Blender,Home Appliance,4,311.19,0.01,3/26/2025
SALE004153,CUST4153,P004,T-shirt,Apparel,4,83.28,0.12,11/18/2023
SALE004154,CUST4154,P002,Shoes,Footwear,3,128.75,0.28,9/23/2024
SALE004155,CUST4155,P005,Blender,Home Appliance,4,450.36,0.26,6/3/2024
SALE004156,CUST4156,P003,Notebook,Stationery,1,323.91,0.15,2/24/2025
SALE004157,CUST4157,P002,Shoes,Footwear,1,477.63,0.17,6/10/2024
SALE004158,CUST4158,P002,Shoes,Footwear,2,499.44,0,6/15/2024
SALE004159,CUST4159,P002,Shoes,Footwear,1,217.34,0.06,7/16/2024
SALE004160,CUST4160,P002,Shoes,Footwear,3,184.46,0.01,12/20/2023
SALE004161,CUST4161,P001,Smartphone,Electronics,3,436.26,0.23,4/22/2024
SALE004162,CUST4162,P004,T-shirt,Apparel,4,499.38,0.04,8/21/2023
SALE004163,CUST4163,P002,Shoes,Footwear,4,333.34,0.26,4/27/2023
SALE004164,CUST4164,P003,Notebook,Stationery,4,407.81,0.19,4/3/2024
SALE004165,CUST4165,P005,Blender,Home Appliance,3,401.79,0.07,5/25/2024
SALE004166,CUST4166,P004,T-shirt,Apparel,1,209.9,0.05,10/21/2023
SALE004167,CUST4167,P004,T-shirt,Apparel,4,308.42,0.19,12/6/2024
SALE004168,CUST4168,P003,Notebook,Stationery,2,424.88,0.27,5/29/2023
SALE004169,CUST4169,P001,Smartphone,Electronics,4,359.65,0.22,1/8/2025
SALE004170,CUST4170,P002,Shoes,Footwear,3,59.52,0.1,11/9/2024
SALE004171,CUST4171,P004,T-shirt,Apparel,4,201.52,0.18,7/9/2024
SALE004172,CUST4172,P001,Smartphone,Electronics,1,115.01,0.09,2/6/2025
SALE004173,CUST4173,P002,Shoes,Footwear,4,154.84,0.3,2/3/2025
SALE004174,CUST4174,P005,Blender,Home Appliance,3,457.47,0.22,9/7/2023
SALE004175,CUST4175,P003,Notebook,Stationery,3,66.6,0.18,7/16/2024
SALE004176,CUST4176,P003,Notebook,Stationery,2,148.91,0.13,4/2/2024
SALE004177,CUST4177,P004,T-shirt,Apparel,3,189.31,0.19,5/15/2023
SALE004178,CUST4178,P003,Notebook,Stationery,2,327.6,0.1,1/1/2024
SALE004179,CUST4179,P003,Notebook,Stationery,1,290.35,0.01,3/9/2025
SALE004180,CUST4180,P005,Blender,Home Appliance,3,148.22,0.12,12/25/2024
SALE004181,CUST4181,P004,T-shirt,Apparel,4,123.91,0.28,10/10/2024
SALE004182,CUST4182,P001,Smartphone,Electronics,1,156.56,0.19,7/26/2023
SALE004183,CUST4183,P005,Blender,Home Appliance,4,276.14,0.03,3/16/2025
SALE004184,CUST4184,P001,Smartphone,Electronics,4,172.03,0.27,8/6/2023
SALE004185,CUST4185,P003,Notebook,Stationery,4,476.42,0.08,7/11/2023
SALE004186,CUST4186,P005,Blender,Home Appliance,1,258.74,0.07,12/22/2024
SALE004187,CUST4187,P002,Shoes,Footwear,1,76.46,0.09,3/29/2025
SALE004188,CUST4188,P005,Blender,Home Appliance,3,378.17,0.17,1/2/2025
SALE004189,CUST4189,P002,Shoes,Footwear,4,197.98,0.16,4/10/2024
SALE004190,CUST4190,P003,Notebook,Stationery,2,344.07,0.15,12/20/2024
SALE004191,CUST4191,P001,Smartphone,Electronics,3,175.82,0.22,3/21/2025
SALE004192,CUST4192,P005,Blender,Home Appliance,1,306.83,0.09,9/17/2023
SALE004193,CUST4193,P002,Shoes,Footwear,2,397.47,0.23,1/10/2024
SALE004194,CUST4194,P003,Notebook,Stationery,1,467.6,0.05,11/17/2023
SALE004195,CUST4195,P003,Notebook,Stationery,2,167.51,0.23,9/23/2024
SALE004196,CUST4196,P003,Notebook,Stationery,3,200.69,0.2,2/12/2025
SALE004197,CUST4197,P002,Shoes,Footwear,2,258.92,0.2,10/9/2023
SALE004198,CUST4198,P004,T-shirt,Apparel,3,467.23,0.14,7/4/2024
SALE004199,CUST4199,P005,Blender,Home Appliance,1,455.62,0.2,10/17/2023
SALE004200,CUST4200,P005,Blender,Home Appliance,2,90.45,0.02,12/30/2023
SALE004201,CUST4201,P003,Notebook,Stationery,4,109.37,0.26,1/7/2024
SALE004202,CUST4202,P005,Blender,Home Appliance,4,272.98,0.02,3/14/2025
SALE004203,CUST4203,P005,Blender,Home Appliance,1,97.98,0.04,12/7/2023
SALE004204,CUST4204,P005,Blender,Home Appliance,2,205.51,0.17,9/26/2023
SALE004205,CUST4205,P001,Smartphone,Electronics,4,116.77,0.22,10/28/2023
SALE004206,CUST4206,P005,Blender,Home Appliance,3,336.22,0.02,10/18/2023
SALE004207,CUST4207,P002,Shoes,Footwear,2,477.27,0.28,8/6/2024
SALE004208,CUST4208,P001,Smartphone,Electronics,2,498.53,0.29,10/28/2024
SALE004209,CUST4209,P004,T-shirt,Apparel,4,218.86,0.18,2/13/2025
SALE004210,CUST4210,P005,Blender,Home Appliance,3,319.56,0.14,11/6/2024
SALE004211,CUST4211,P004,T-shirt,Apparel,3,435.32,0.22,3/29/2024
SALE004212,CUST4212,P003,Notebook,Stationery,3,102.86,0.1,10/19/2024
SALE004213,CUST4213,P004,T-shirt,Apparel,2,360.3,0.15,11/3/2024
SALE004214,CUST4214,P005,Blender,Home Appliance,1,233.98,0.27,6/23/2023
SALE004215,CUST4215,P002,Shoes,Footwear,2,142.77,0.29,1/18/2024
SALE004216,CUST4216,P002,Shoes,Footwear,2,231.24,0.28,8/21/2023
SALE004217,CUST4217,P003,Notebook,Stationery,4,84.18,0.08,12/23/2024
SALE004218,CUST4218,P005,Blender,Home Appliance,1,362.93,0.07,9/13/2023
SALE004219,CUST4219,P004,T-shirt,Apparel,3,163.73,0.09,10/26/2023
SALE004220,CUST4220,P002,Shoes,Footwear,4,190.13,0.13,6/5/2023
SALE004221,CUST4221,P004,T-shirt,Apparel,2,104.49,0.09,6/6/2024
SALE004222,CUST4222,P004,T-shirt,Apparel,1,439.1,0.11,9/4/2024
SALE004223,CUST4223,P002,Shoes,Footwear,3,272.05,0.19,6/11/2023
SALE004224,CUST4224,P002,Shoes,Footwear,3,307.47,0.23,4/4/2024
SALE004225,CUST4225,P002,Shoes,Footwear,2,306.24,0.22,6/4/2024
SALE004226,CUST4226,P004,T-shirt,Apparel,3,234.72,0.24,10/25/2024
SALE004227,CUST4227,P005,Blender,Home Appliance,3,136.64,0.01,2/15/2025
SALE004228,CUST4228,P002,Shoes,Footwear,1,385.31,0.01,5/6/2023
SALE004229,CUST4229,P001,Smartphone,Electronics,4,107.18,0.24,8/21/2024
SALE004230,CUST4230,P002,Shoes,Footwear,1,96.74,0.16,5/28/2023
SALE004231,CUST4231,P004,T-shirt,Apparel,4,369.57,0.17,6/22/2024
SALE004232,CUST4232,P003,Notebook,Stationery,4,143.98,0.02,12/16/2024
SALE004233,CUST4233,P002,Shoes,Footwear,4,188.05,0.08,12/31/2023
SALE004234,CUST4234,P003,Notebook,Stationery,3,263.85,0.19,7/4/2023
SALE004235,CUST4235,P001,Smartphone,Electronics,1,252.21,0.26,4/4/2024
SALE004236,CUST4236,P005,Blender,Home Appliance,3,368.86,0.28,6/20/2023
SALE004237,CUST4237,P002,Shoes,Footwear,2,330.54,0.15,4/12/2024
SALE004238,CUST4238,P005,Blender,Home Appliance,1,339.98,0.16,4/13/2025
SALE004239,CUST4239,P005,Blender,Home Appliance,4,371.32,0.25,7/29/2024
SALE004240,CUST4240,P003,Notebook,Stationery,3,181.68,0.16,6/4/2023
SALE004241,CUST4241,P003,Notebook,Stationery,3,195.05,0.16,4/2/2025
SALE004242,CUST4242,P004,T-shirt,Apparel,1,247.1,0.27,7/30/2023
SALE004243,CUST4243,P005,Blender,Home Appliance,1,188.36,0.24,6/3/2023
SALE004244,CUST4244,P001,Smartphone,Electronics,4,493.22,0.27,10/4/2023
SALE004245,CUST4245,P002,Shoes,Footwear,4,416.32,0.07,4/12/2024
SALE004246,CUST4246,P002,Shoes,Footwear,2,124.09,0.16,9/20/2024
SALE004247,CUST4247,P005,Blender,Home Appliance,4,52.52,0.25,6/6/2023
SALE004248,CUST4248,P001,Smartphone,Electronics,3,69.25,0.03,1/31/2024
SALE004249,CUST4249,P001,Smartphone,Electronics,2,159.83,0.24,5/10/2024
SALE004250,CUST4250,P004,T-shirt,Apparel,2,101.43,0.05,12/6/2023
SALE004251,CUST4251,P004,T-shirt,Apparel,2,290,0.24,11/9/2024
SALE004252,CUST4252,P001,Smartphone,Electronics,1,436.1,0.18,4/23/2023
SALE004253,CUST4253,P001,Smartphone,Electronics,4,381.54,0.06,6/8/2023
SALE004254,CUST4254,P004,T-shirt,Apparel,2,147.02,0.14,10/1/2024
SALE004255,CUST4255,P002,Shoes,Footwear,1,229.68,0.2,8/8/2024
SALE004256,CUST4256,P005,Blender,Home Appliance,1,278.55,0.19,8/8/2023
SALE004257,CUST4257,P003,Notebook,Stationery,2,414.59,0.13,8/26/2024
SALE004258,CUST4258,P003,Notebook,Stationery,2,427.6,0.27,5/26/2023
SALE004259,CUST4259,P001,Smartphone,Electronics,3,459.37,0.16,7/11/2023
SALE004260,CUST4260,P002,Shoes,Footwear,2,279.16,0.15,9/16/2023
SALE004261,CUST4261,P004,T-shirt,Apparel,3,362.42,0.02,9/4/2023
SALE004262,CUST4262,P005,Blender,Home Appliance,2,100.31,0.28,8/8/2024
SALE004263,CUST4263,P003,Notebook,Stationery,2,304.38,0.05,11/8/2023
SALE004264,CUST4264,P003,Notebook,Stationery,4,161.91,0.16,1/13/2024
SALE004265,CUST4265,P004,T-shirt,Apparel,2,244.27,0.24,1/26/2025
SALE004266,CUST4266,P002,Shoes,Footwear,2,335.32,0.06,4/3/2025
SALE004267,CUST4267,P003,Notebook,Stationery,3,165.64,0.16,10/15/2023
SALE004268,CUST4268,P002,Shoes,Footwear,3,73.48,0.07,2/19/2025
SALE004269,CUST4269,P003,Notebook,Stationery,4,54.61,0.23,1/20/2025
SALE004270,CUST4270,P001,Smartphone,Electronics,2,59.97,0.17,5/5/2023
SALE004271,CUST4271,P003,Notebook,Stationery,2,53.76,0.26,4/24/2023
SALE004272,CUST4272,P002,Shoes,Footwear,3,99.66,0.27,3/29/2024
SALE004273,CUST4273,P005,Blender,Home Appliance,1,157.77,0.19,12/30/2023
SALE004274,CUST4274,P001,Smartphone,Electronics,1,149.55,0.22,1/1/2025
SALE004275,CUST4275,P001,Smartphone,Electronics,1,494.06,0.16,1/24/2024
SALE004276,CUST4276,P002,Shoes,Footwear,3,187.7,0.12,8/14/2024
SALE004277,CUST4277,P002,Shoes,Footwear,3,107.34,0.19,7/17/2023
SALE004278,CUST4278,P002,Shoes,Footwear,1,295.5,0.27,6/15/2024
SALE004279,CUST4279,P001,Smartphone,Electronics,1,436.08,0.13,5/28/2023
SALE004280,CUST4280,P005,Blender,Home Appliance,2,355.13,0.09,9/29/2024
SALE004281,CUST4281,P004,T-shirt,Apparel,3,183.24,0.12,7/12/2024
SALE004282,CUST4282,P004,T-shirt,Apparel,3,302.73,0.13,1/29/2025
SALE004283,CUST4283,P004,T-shirt,Apparel,1,371.69,0.02,6/21/2023
SALE004284,CUST4284,P005,Blender,Home Appliance,1,377.65,0.15,12/3/2023
SALE004285,CUST4285,P001,Smartphone,Electronics,4,349.94,0.15,5/27/2023
SALE004286,CUST4286,P004,T-shirt,Apparel,3,441.86,0.18,10/14/2023
SALE004287,CUST4287,P004,T-shirt,Apparel,4,441.55,0.11,12/11/2023
SALE004288,CUST4288,P004,T-shirt,Apparel,2,310.52,0.18,11/20/2024
SALE004289,CUST4289,P003,Notebook,Stationery,4,243.44,0.26,6/23/2023
SALE004290,CUST4290,P004,T-shirt,Apparel,1,338.71,0.29,3/23/2024
SALE004291,CUST4291,P004,T-shirt,Apparel,3,418.2,0.18,2/7/2024
SALE004292,CUST4292,P002,Shoes,Footwear,3,52.54,0.01,5/4/2023
SALE004293,CUST4293,P001,Smartphone,Electronics,4,496.4,0.29,1/24/2025
SALE004294,CUST4294,P001,Smartphone,Electronics,4,132.3,0.21,3/5/2025
SALE004295,CUST4295,P001,Smartphone,Electronics,2,261.61,0.1,10/31/2024
SALE004296,CUST4296,P001,Smartphone,Electronics,2,442.41,0.04,1/23/2025
SALE004297,CUST4297,P003,Notebook,Stationery,1,151.27,0.04,5/12/2023
SALE004298,CUST4298,P001,Smartphone,Electronics,1,264.56,0.05,10/10/2024
SALE004299,CUST4299,P005,Blender,Home Appliance,1,109.66,0.01,2/16/2025
SALE004300,CUST4300,P002,Shoes,Footwear,4,227.78,0.27,9/25/2023
SALE004301,CUST4301,P005,Blender,Home Appliance,4,129.71,0.16,8/24/2023
SALE004302,CUST4302,P003,Notebook,Stationery,3,213.63,0.21,5/5/2023
SALE004303,CUST4303,P002,Shoes,Footwear,1,218.06,0.25,11/17/2023
SALE004304,CUST4304,P004,T-shirt,Apparel,4,496.93,0.24,4/17/2024
SALE004305,CUST4305,P005,Blender,Home Appliance,3,497.67,0.26,3/30/2024
SALE004306,CUST4306,P002,Shoes,Footwear,1,101.65,0.29,9/25/2024
SALE004307,CUST4307,P004,T-shirt,Apparel,2,376.69,0.13,12/11/2024
SALE004308,CUST4308,P001,Smartphone,Electronics,2,73.29,0.29,5/6/2024
SALE004309,CUST4309,P001,Smartphone,Electronics,4,63.59,0.22,1/21/2024
SALE004310,CUST4310,P005,Blender,Home Appliance,3,97.4,0.02,7/28/2024
SALE004311,CUST4311,P004,T-shirt,Apparel,2,484.47,0.2,4/21/2023
SALE004312,CUST4312,P004,T-shirt,Apparel,3,473.39,0.21,8/7/2023
SALE004313,CUST4313,P004,T-shirt,Apparel,3,137.27,0.27,4/5/2024
SALE004314,CUST4314,P005,Blender,Home Appliance,2,122.75,0.11,3/25/2024
SALE004315,CUST4315,P003,Notebook,Stationery,3,158.24,0.18,6/13/2023
SALE004316,CUST4316,P002,Shoes,Footwear,2,282,0,2/7/2024
SALE004317,CUST4317,P002,Shoes,Footwear,4,306.37,0.1,11/13/2023
SALE004318,CUST4318,P003,Notebook,Stationery,1,149.72,0.02,9/20/2023
SALE004319,CUST4319,P002,Shoes,Footwear,1,390.48,0.16,1/29/2025
SALE004320,CUST4320,P002,Shoes,Footwear,4,189.3,0.25,2/24/2025
SALE004321,CUST4321,P003,Notebook,Stationery,2,464.96,0.06,2/7/2025
SALE004322,CUST4322,P002,Shoes,Footwear,2,345.53,0.16,11/9/2024
SALE004323,CUST4323,P005,Blender,Home Appliance,2,246.36,0.06,5/18/2024
SALE004324,CUST4324,P002,Shoes,Footwear,2,405.46,0.04,8/23/2024
SALE004325,CUST4325,P005,Blender,Home Appliance,4,418.06,0.15,11/23/2023
SALE004326,CUST4326,P002,Shoes,Footwear,1,180.72,0.02,1/20/2024
SALE004327,CUST4327,P002,Shoes,Footwear,3,202.87,0.18,4/1/2024
SALE004328,CUST4328,P003,Notebook,Stationery,3,471.18,0.01,5/13/2024
SALE004329,CUST4329,P002,Shoes,Footwear,1,124.13,0.03,7/23/2024
SALE004330,CUST4330,P003,Notebook,Stationery,4,68.97,0.16,7/23/2023
SALE004331,CUST4331,P004,T-shirt,Apparel,3,254.32,0.18,11/23/2024
SALE004332,CUST4332,P004,T-shirt,Apparel,1,410.54,0.01,2/18/2024
SALE004333,CUST4333,P004,T-shirt,Apparel,4,397.25,0.17,1/14/2024
SALE004334,CUST4334,P002,Shoes,Footwear,3,463.79,0.25,6/11/2024
SALE004335,CUST4335,P004,T-shirt,Apparel,2,289.94,0.22,9/19/2023
SALE004336,CUST4336,P004,T-shirt,Apparel,2,95.03,0.04,9/26/2024
SALE004337,CUST4337,P003,Notebook,Stationery,4,314.91,0.18,3/25/2025
SALE004338,CUST4338,P003,Notebook,Stationery,2,400.28,0.2,4/5/2024
SALE004339,CUST4339,P004,T-shirt,Apparel,4,92,0.01,6/13/2024
SALE004340,CUST4340,P003,Notebook,Stationery,1,127.7,0.26,9/21/2023
SALE004341,CUST4341,P001,Smartphone,Electronics,1,55.53,0.27,10/7/2023
SALE004342,CUST4342,P002,Shoes,Footwear,3,317.14,0.26,2/24/2024
SALE004343,CUST4343,P001,Smartphone,Electronics,4,449.03,0.25,12/17/2024
SALE004344,CUST4344,P005,Blender,Home Appliance,3,351.8,0.22,8/8/2024
SALE004345,CUST4345,P005,Blender,Home Appliance,3,491.92,0.19,10/23/2024
SALE004346,CUST4346,P003,Notebook,Stationery,1,78.37,0.2,1/23/2024
SALE004347,CUST4347,P002,Shoes,Footwear,3,456.35,0.24,2/18/2024
SALE004348,CUST4348,P001,Smartphone,Electronics,2,416.33,0.2,12/19/2023
SALE004349,CUST4349,P001,Smartphone,Electronics,3,191.41,0.1,2/19/2025
SALE004350,CUST4350,P003,Notebook,Stationery,4,488.09,0.11,8/7/2024
SALE004351,CUST4351,P005,Blender,Home Appliance,2,179.57,0.27,3/29/2025
SALE004352,CUST4352,P003,Notebook,Stationery,1,450.19,0.01,2/8/2025
SALE004353,CUST4353,P004,T-shirt,Apparel,4,446.34,0.21,2/25/2024
SALE004354,CUST4354,P001,Smartphone,Electronics,2,390.95,0.29,4/17/2023
SALE004355,CUST4355,P002,Shoes,Footwear,4,303.56,0.21,3/15/2025
SALE004356,CUST4356,P004,T-shirt,Apparel,2,104,0.3,8/19/2023
SALE004357,CUST4357,P002,Shoes,Footwear,4,289.39,0.21,11/23/2024
SALE004358,CUST4358,P005,Blender,Home Appliance,4,210.56,0.01,12/14/2023
SALE004359,CUST4359,P002,Shoes,Footwear,2,406.5,0.25,7/10/2024
SALE004360,CUST4360,P005,Blender,Home Appliance,1,391.16,0.09,2/22/2024
SALE004361,CUST4361,P004,T-shirt,Apparel,1,459.78,0.13,11/27/2024
SALE004362,CUST4362,P005,Blender,Home Appliance,4,56.67,0.09,3/15/2025
SALE004363,CUST4363,P004,T-shirt,Apparel,4,414.1,0.08,2/25/2025
SALE004364,CUST4364,P005,Blender,Home Appliance,1,472.31,0.13,9/8/2024
SALE004365,CUST4365,P005,Blender,Home Appliance,1,405.19,0.11,11/22/2023
SALE004366,CUST4366,P003,Notebook,Stationery,3,108.59,0.19,10/4/2024
SALE004367,CUST4367,P002,Shoes,Footwear,1,86.58,0.24,4/10/2025
SALE004368,CUST4368,P001,Smartphone,Electronics,4,59.38,0.09,4/16/2024
SALE004369,CUST4369,P003,Notebook,Stationery,2,332.94,0.06,5/13/2023
SALE004370,CUST4370,P004,T-shirt,Apparel,1,333.35,0.2,3/29/2025
SALE004371,CUST4371,P003,Notebook,Stationery,3,494.11,0.2,10/5/2024
SALE004372,CUST4372,P005,Blender,Home Appliance,3,229.12,0.27,3/12/2024
SALE004373,CUST4373,P005,Blender,Home Appliance,3,199.36,0,9/29/2024
SALE004374,CUST4374,P002,Shoes,Footwear,2,330.99,0.26,1/1/2025
SALE004375,CUST4375,P003,Notebook,Stationery,1,421.52,0.16,8/22/2024
SALE004376,CUST4376,P005,Blender,Home Appliance,1,471.55,0.19,5/7/2024
SALE004377,CUST4377,P005,Blender,Home Appliance,1,411.41,0.03,4/13/2024
SALE004378,CUST4378,P003,Notebook,Stationery,2,242,0.13,4/22/2024
SALE004379,CUST4379,P004,T-shirt,Apparel,2,335.71,0.07,8/15/2023
SALE004380,CUST4380,P004,T-shirt,Apparel,4,435.33,0.08,2/22/2024
SALE004381,CUST4381,P001,Smartphone,Electronics,3,270.77,0.15,6/14/2023
SALE004382,CUST4382,P004,T-shirt,Apparel,3,147.51,0.24,7/17/2024
SALE004383,CUST4383,P005,Blender,Home Appliance,1,126.38,0.22,12/13/2024
SALE004384,CUST4384,P002,Shoes,Footwear,2,50.07,0.18,6/5/2024
SALE004385,CUST4385,P005,Blender,Home Appliance,2,373.21,0.16,6/6/2023
SALE004386,CUST4386,P002,Shoes,Footwear,1,99.99,0.13,5/26/2023
SALE004387,CUST4387,P005,Blender,Home Appliance,1,159.73,0.29,5/5/2023
SALE004388,CUST4388,P003,Notebook,Stationery,4,184.04,0.17,11/3/2024
SALE004389,CUST4389,P002,Shoes,Footwear,3,302.17,0.08,11/20/2024
SALE004390,CUST4390,P002,Shoes,Footwear,3,229.08,0.07,8/10/2023
SALE004391,CUST4391,P001,Smartphone,Electronics,3,353.6,0.18,1/27/2025
SALE004392,CUST4392,P002,Shoes,Footwear,4,75.04,0.16,1/26/2024
SALE004393,CUST4393,P003,Notebook,Stationery,1,105.77,0,3/12/2025
SALE004394,CUST4394,P003,Notebook,Stationery,1,274.65,0.25,2/21/2025
SALE004395,CUST4395,P004,T-shirt,Apparel,3,201.63,0.21,10/9/2024
SALE004396,CUST4396,P001,Smartphone,Electronics,3,183.12,0.2,6/5/2024
SALE004397,CUST4397,P004,T-shirt,Apparel,4,80.16,0.02,1/14/2025
SALE004398,CUST4398,P004,T-shirt,Apparel,2,453.07,0.11,2/2/2025
SALE004399,CUST4399,P005,Blender,Home Appliance,2,361.32,0.28,11/16/2023
SALE004400,CUST4400,P003,Notebook,Stationery,3,104.73,0.26,5/29/2023
SALE004401,CUST4401,P004,T-shirt,Apparel,4,79.27,0.09,2/27/2025
SALE004402,CUST4402,P004,T-shirt,Apparel,3,488.69,0.05,2/3/2025
SALE004403,CUST4403,P004,T-shirt,Apparel,2,356.53,0.13,12/4/2024
SALE004404,CUST4404,P005,Blender,Home Appliance,3,237.86,0.11,8/27/2023
SALE004405,CUST4405,P001,Smartphone,Electronics,2,365.78,0.2,10/22/2023
SALE004406,CUST4406,P005,Blender,Home Appliance,2,390.35,0.29,4/13/2025
SALE004407,CUST4407,P005,Blender,Home Appliance,2,400.98,0.11,3/9/2025
SALE004408,CUST4408,P005,Blender,Home Appliance,1,265.04,0.02,8/23/2024
SALE004409,CUST4409,P004,T-shirt,Apparel,1,243.45,0.27,7/8/2023
SALE004410,CUST4410,P002,Shoes,Footwear,3,54.96,0.01,11/5/2023
SALE004411,CUST4411,P004,T-shirt,Apparel,2,466.95,0.29,11/27/2024
SALE004412,CUST4412,P001,Smartphone,Electronics,1,321.49,0.2,5/3/2023
SALE004413,CUST4413,P002,Shoes,Footwear,3,141.42,0.28,4/28/2023
SALE004414,CUST4414,P005,Blender,Home Appliance,3,463.82,0.06,12/4/2024
SALE004415,CUST4415,P003,Notebook,Stationery,3,461.72,0.01,1/10/2025
SALE004416,CUST4416,P005,Blender,Home Appliance,3,495.13,0.15,2/2/2025
SALE004417,CUST4417,P003,Notebook,Stationery,3,443.33,0.14,10/3/2023
SALE004418,CUST4418,P003,Notebook,Stationery,4,499,0.1,11/29/2024
SALE004419,CUST4419,P005,Blender,Home Appliance,2,160.11,0.29,4/24/2023
SALE004420,CUST4420,P002,Shoes,Footwear,3,429.01,0.25,7/7/2024
SALE004421,CUST4421,P001,Smartphone,Electronics,4,420.36,0.2,6/16/2023
SALE004422,CUST4422,P001,Smartphone,Electronics,2,153.92,0.05,6/27/2023
SALE004423,CUST4423,P005,Blender,Home Appliance,1,94.3,0.22,7/20/2024
SALE004424,CUST4424,P003,Notebook,Stationery,3,490.74,0.22,5/17/2024
SALE004425,CUST4425,P004,T-shirt,Apparel,4,183.21,0.13,10/4/2023
SALE004426,CUST4426,P002,Shoes,Footwear,1,441.9,0.28,8/11/2023
SALE004427,CUST4427,P002,Shoes,Footwear,4,51.86,0.05,6/27/2024
SALE004428,CUST4428,P003,Notebook,Stationery,2,59.46,0.08,9/29/2023
SALE004429,CUST4429,P001,Smartphone,Electronics,2,259.64,0.02,10/16/2023
SALE004430,CUST4430,P001,Smartphone,Electronics,1,157.42,0.24,12/19/2023
SALE004431,CUST4431,P005,Blender,Home Appliance,4,360.43,0.19,11/18/2023
SALE004432,CUST4432,P003,Notebook,Stationery,3,304.5,0.09,7/9/2024
SALE004433,CUST4433,P004,T-shirt,Apparel,3,84.87,0.05,11/11/2024
SALE004434,CUST4434,P002,Shoes,Footwear,1,123.18,0.01,6/26/2024
SALE004435,CUST4435,P004,T-shirt,Apparel,1,224.62,0.05,1/10/2025
SALE004436,CUST4436,P004,T-shirt,Apparel,1,133.52,0.14,1/6/2024
SALE004437,CUST4437,P005,Blender,Home Appliance,4,406.5,0.07,11/27/2024
SALE004438,CUST4438,P004,T-shirt,Apparel,3,237.23,0.08,8/11/2023
SALE004439,CUST4439,P002,Shoes,Footwear,3,92.04,0.26,5/24/2023
SALE004440,CUST4440,P004,T-shirt,Apparel,3,267.95,0.15,3/7/2024
SALE004441,CUST4441,P002,Shoes,Footwear,1,90.88,0.22,3/13/2024
SALE004442,CUST4442,P005,Blender,Home Appliance,3,108.02,0.01,12/14/2024
SALE004443,CUST4443,P005,Blender,Home Appliance,2,157.82,0.11,3/11/2024
SALE004444,CUST4444,P004,T-shirt,Apparel,1,436.79,0.14,12/6/2023
SALE004445,CUST4445,P003,Notebook,Stationery,3,466.08,0.06,10/2/2023
SALE004446,CUST4446,P003,Notebook,Stationery,4,421.82,0.04,11/6/2023
SALE004447,CUST4447,P005,Blender,Home Appliance,1,200.33,0.26,8/1/2024
SALE004448,CUST4448,P005,Blender,Home Appliance,2,172.6,0.28,7/22/2024
SALE004449,CUST4449,P004,T-shirt,Apparel,2,297.12,0.02,10/5/2023
SALE004450,CUST4450,P004,T-shirt,Apparel,4,374.83,0.1,8/28/2023
SALE004451,CUST4451,P005,Blender,Home Appliance,4,497.02,0.29,1/3/2025
SALE004452,CUST4452,P001,Smartphone,Electronics,1,109.21,0.02,5/9/2024
SALE004453,CUST4453,P004,T-shirt,Apparel,1,72.18,0.19,3/26/2025
SALE004454,CUST4454,P005,Blender,Home Appliance,2,362.46,0.29,11/1/2024
SALE004455,CUST4455,P002,Shoes,Footwear,4,424.5,0.29,1/18/2025
SALE004456,CUST4456,P002,Shoes,Footwear,1,430.86,0.14,2/22/2024
SALE004457,CUST4457,P001,Smartphone,Electronics,2,355.31,0.05,7/21/2023
SALE004458,CUST4458,P001,Smartphone,Electronics,4,479.31,0.06,1/18/2024
SALE004459,CUST4459,P005,Blender,Home Appliance,2,279.95,0.27,11/11/2024
SALE004460,CUST4460,P001,Smartphone,Electronics,3,461.22,0.27,1/12/2025
SALE004461,CUST4461,P001,Smartphone,Electronics,4,485.52,0.18,9/22/2023
SALE004462,CUST4462,P001,Smartphone,Electronics,1,431.22,0.23,10/30/2024
SALE004463,CUST4463,P001,Smartphone,Electronics,1,189.39,0.22,9/17/2023
SALE004464,CUST4464,P003,Notebook,Stationery,3,138.3,0.2,11/16/2024
SALE004465,CUST4465,P002,Shoes,Footwear,4,296.65,0.25,3/8/2025
SALE004466,CUST4466,P005,Blender,Home Appliance,2,253.86,0.21,7/2/2023
SALE004467,CUST4467,P004,T-shirt,Apparel,1,444.99,0.16,6/8/2023
SALE004468,CUST4468,P004,T-shirt,Apparel,3,95.01,0.07,1/27/2025
SALE004469,CUST4469,P005,Blender,Home Appliance,3,165.98,0.22,11/5/2024
SALE004470,CUST4470,P001,Smartphone,Electronics,4,388.31,0.14,1/13/2025
SALE004471,CUST4471,P004,T-shirt,Apparel,4,92.74,0.09,6/6/2024
SALE004472,CUST4472,P002,Shoes,Footwear,1,194.34,0.24,5/31/2024
SALE004473,CUST4473,P003,Notebook,Stationery,3,224.22,0.21,8/25/2023
SALE004474,CUST4474,P001,Smartphone,Electronics,2,330.17,0.28,12/26/2024
SALE004475,CUST4475,P003,Notebook,Stationery,3,121.16,0.05,12/22/2024
SALE004476,CUST4476,P004,T-shirt,Apparel,2,437.27,0.19,3/19/2025
SALE004477,CUST4477,P003,Notebook,Stationery,2,251.39,0.07,9/24/2024
SALE004478,CUST4478,P005,Blender,Home Appliance,1,462.66,0.27,11/2/2023
SALE004479,CUST4479,P003,Notebook,Stationery,3,260.54,0.03,12/20/2023
SALE004480,CUST4480,P001,Smartphone,Electronics,2,173.77,0.2,5/4/2024
SALE004481,CUST4481,P003,Notebook,Stationery,4,113.82,0.24,12/17/2024
SALE004482,CUST4482,P005,Blender,Home Appliance,2,51.69,0.11,2/19/2025
SALE004483,CUST4483,P001,Smartphone,Electronics,4,289.47,0.29,7/3/2024
SALE004484,CUST4484,P005,Blender,Home Appliance,4,98.22,0.26,1/6/2024
SALE004485,CUST4485,P004,T-shirt,Apparel,3,226.28,0.09,3/1/2024
SALE004486,CUST4486,P004,T-shirt,Apparel,4,315.17,0,3/8/2025
SALE004487,CUST4487,P001,Smartphone,Electronics,2,174.06,0.09,2/23/2024
SALE004488,CUST4488,P001,Smartphone,Electronics,4,128.85,0.08,12/1/2024
SALE004489,CUST4489,P005,Blender,Home Appliance,3,398.62,0.27,3/1/2025
SALE004490,CUST4490,P001,Smartphone,Electronics,1,476.06,0.29,1/2/2025
SALE004491,CUST4491,P001,Smartphone,Electronics,2,95.2,0.02,5/21/2023
SALE004492,CUST4492,P003,Notebook,Stationery,2,120.02,0.14,2/13/2024
SALE004493,CUST4493,P003,Notebook,Stationery,3,482.01,0.16,4/27/2023
SALE004494,CUST4494,P005,Blender,Home Appliance,3,67,0.03,2/14/2024
SALE004495,CUST4495,P004,T-shirt,Apparel,3,489.93,0.11,10/5/2024
SALE004496,CUST4496,P002,Shoes,Footwear,3,52.09,0.1,6/5/2024
SALE004497,CUST4497,P003,Notebook,Stationery,2,443.15,0.16,3/27/2025
SALE004498,CUST4498,P002,Shoes,Footwear,1,188.3,0.2,1/11/2025
SALE004499,CUST4499,P002,Shoes,Footwear,4,472.36,0.21,3/19/2024
SALE004500,CUST4500,P004,T-shirt,Apparel,4,192.63,0.04,11/30/2024
SALE004501,CUST4501,P003,Notebook,Stationery,1,344.44,0.24,8/5/2023
SALE004502,CUST4502,P005,Blender,Home Appliance,1,86.01,0.2,6/3/2023
SALE004503,CUST4503,P004,T-shirt,Apparel,1,159.05,0.27,1/4/2025
SALE004504,CUST4504,P004,T-shirt,Apparel,3,398.16,0.13,8/22/2024
SALE004505,CUST4505,P003,Notebook,Stationery,2,287.91,0.27,2/15/2024
SALE004506,CUST4506,P002,Shoes,Footwear,2,467.59,0.26,1/14/2025
SALE004507,CUST4507,P005,Blender,Home Appliance,2,242.94,0.13,11/18/2023
SALE004508,CUST4508,P003,Notebook,Stationery,3,441.42,0.11,7/9/2023
SALE004509,CUST4509,P005,Blender,Home Appliance,2,252.03,0.28,2/17/2024
SALE004510,CUST4510,P002,Shoes,Footwear,3,490.66,0.21,5/25/2023
SALE004511,CUST4511,P001,Smartphone,Electronics,2,481.93,0.28,4/23/2023
SALE004512,CUST4512,P003,Notebook,Stationery,1,198.11,0.24,11/13/2024
SALE004513,CUST4513,P001,Smartphone,Electronics,4,448.67,0.18,8/28/2023
SALE004514,CUST4514,P004,T-shirt,Apparel,4,431.43,0.03,12/6/2023
SALE004515,CUST4515,P001,Smartphone,Electronics,3,144.81,0.09,11/2/2024
SALE004516,CUST4516,P005,Blender,Home Appliance,2,330.93,0.29,9/8/2024
SALE004517,CUST4517,P004,T-shirt,Apparel,4,82.71,0.1,3/2/2025
SALE004518,CUST4518,P002,Shoes,Footwear,1,426.52,0.03,2/21/2025
SALE004519,CUST4519,P003,Notebook,Stationery,1,128.55,0.21,6/28/2023
SALE004520,CUST4520,P001,Smartphone,Electronics,1,81.87,0.22,8/3/2024
SALE004521,CUST4521,P002,Shoes,Footwear,3,230.1,0.09,7/7/2024
SALE004522,CUST4522,P002,Shoes,Footwear,3,309.61,0.09,7/29/2023
SALE004523,CUST4523,P003,Notebook,Stationery,2,434.71,0.14,11/14/2023
SALE004524,CUST4524,P002,Shoes,Footwear,1,488.41,0.01,6/28/2023
SALE004525,CUST4525,P002,Shoes,Footwear,2,247.77,0.24,8/11/2023
SALE004526,CUST4526,P003,Notebook,Stationery,2,77.2,0.1,7/28/2024
SALE004527,CUST4527,P002,Shoes,Footwear,1,387.1,0.26,12/14/2024
SALE004528,CUST4528,P004,T-shirt,Apparel,2,304.33,0.24,12/10/2024
SALE004529,CUST4529,P004,T-shirt,Apparel,4,251.55,0.2,12/4/2023
SALE004530,CUST4530,P003,Notebook,Stationery,3,189.17,0.1,6/1/2023
SALE004531,CUST4531,P004,T-shirt,Apparel,2,276.08,0.15,1/11/2025
SALE004532,CUST4532,P004,T-shirt,Apparel,1,202.41,0.13,9/5/2024
SALE004533,CUST4533,P004,T-shirt,Apparel,3,390.66,0.1,1/27/2024
SALE004534,CUST4534,P004,T-shirt,Apparel,3,294.75,0.25,12/30/2024
SALE004535,CUST4535,P002,Shoes,Footwear,2,444.58,0.15,10/20/2023
SALE004536,CUST4536,P003,Notebook,Stationery,4,294.59,0.25,2/26/2024
SALE004537,CUST4537,P002,Shoes,Footwear,2,157.22,0.03,4/28/2023
SALE004538,CUST4538,P004,T-shirt,Apparel,4,432.99,0.04,2/14/2024
SALE004539,CUST4539,P003,Notebook,Stationery,3,300.75,0.29,8/9/2023
SALE004540,CUST4540,P005,Blender,Home Appliance,2,143.08,0.18,8/18/2023
SALE004541,CUST4541,P004,T-shirt,Apparel,1,330.58,0.15,8/3/2024
SALE004542,CUST4542,P003,Notebook,Stationery,2,210.97,0.16,2/12/2025
SALE004543,CUST4543,P001,Smartphone,Electronics,4,429.98,0.06,1/23/2024
SALE004544,CUST4544,P002,Shoes,Footwear,4,253.98,0.22,5/8/2023
SALE004545,CUST4545,P001,Smartphone,Electronics,2,376.9,0.03,4/7/2024
SALE004546,CUST4546,P001,Smartphone,Electronics,4,92.99,0.17,10/28/2024
SALE004547,CUST4547,P003,Notebook,Stationery,3,228.21,0.17,8/23/2023
SALE004548,CUST4548,P005,Blender,Home Appliance,2,492.46,0.27,11/27/2024
SALE004549,CUST4549,P004,T-shirt,Apparel,4,413.81,0.16,8/26/2023
SALE004550,CUST4550,P005,Blender,Home Appliance,2,121.97,0.04,9/18/2023
SALE004551,CUST4551,P001,Smartphone,Electronics,2,174.99,0.17,7/4/2024
SALE004552,CUST4552,P003,Notebook,Stationery,1,198.42,0.03,2/22/2024
SALE004553,CUST4553,P001,Smartphone,Electronics,2,342.66,0.06,12/1/2024
SALE004554,CUST4554,P004,T-shirt,Apparel,1,390.65,0.01,10/24/2023
SALE004555,CUST4555,P004,T-shirt,Apparel,4,387.29,0.15,3/25/2025
SALE004556,CUST4556,P001,Smartphone,Electronics,1,279.44,0.03,9/1/2023
SALE004557,CUST4557,P002,Shoes,Footwear,1,414.87,0.14,6/2/2024
SALE004558,CUST4558,P005,Blender,Home Appliance,1,246.69,0.28,8/16/2024
SALE004559,CUST4559,P001,Smartphone,Electronics,3,105.75,0.22,4/1/2024
SALE004560,CUST4560,P004,T-shirt,Apparel,1,304,0.02,7/27/2023
SALE004561,CUST4561,P001,Smartphone,Electronics,2,478.54,0.07,7/12/2023
SALE004562,CUST4562,P005,Blender,Home Appliance,1,406.85,0.2,3/23/2024
SALE004563,CUST4563,P005,Blender,Home Appliance,2,310.42,0.27,8/27/2024
SALE004564,CUST4564,P001,Smartphone,Electronics,1,341.06,0.01,8/18/2023
SALE004565,CUST4565,P004,T-shirt,Apparel,3,468.75,0.24,10/26/2023
SALE004566,CUST4566,P003,Notebook,Stationery,4,242.75,0.17,9/6/2023
SALE004567,CUST4567,P004,T-shirt,Apparel,1,199.13,0.16,1/20/2025
SALE004568,CUST4568,P004,T-shirt,Apparel,1,489.76,0.29,11/26/2023
SALE004569,CUST4569,P004,T-shirt,Apparel,3,438.55,0.22,5/29/2023
SALE004570,CUST4570,P005,Blender,Home Appliance,1,195.37,0.26,2/14/2025
SALE004571,CUST4571,P004,T-shirt,Apparel,2,258.7,0.11,2/15/2024
SALE004572,CUST4572,P003,Notebook,Stationery,1,236.79,0.17,4/12/2025
SALE004573,CUST4573,P004,T-shirt,Apparel,1,117.09,0.18,6/9/2023
SALE004574,CUST4574,P002,Shoes,Footwear,4,481.02,0.1,3/31/2025
SALE004575,CUST4575,P001,Smartphone,Electronics,4,231.94,0.17,4/10/2024
SALE004576,CUST4576,P004,T-shirt,Apparel,1,443.9,0.07,4/11/2025
SALE004577,CUST4577,P001,Smartphone,Electronics,3,135.21,0.04,1/29/2024
SALE004578,CUST4578,P002,Shoes,Footwear,4,296.54,0.11,7/31/2024
SALE004579,CUST4579,P003,Notebook,Stationery,1,60.78,0.22,1/14/2025
SALE004580,CUST4580,P002,Shoes,Footwear,4,393.9,0.27,6/26/2024
SALE004581,CUST4581,P003,Notebook,Stationery,1,311.41,0.14,11/24/2023
SALE004582,CUST4582,P004,T-shirt,Apparel,4,331.52,0.19,11/3/2023
SALE004583,CUST4583,P004,T-shirt,Apparel,4,73.27,0.03,4/7/2024
SALE004584,CUST4584,P005,Blender,Home Appliance,2,144.97,0.27,10/23/2024
SALE004585,CUST4585,P002,Shoes,Footwear,1,83.45,0.17,9/4/2024
SALE004586,CUST4586,P001,Smartphone,Electronics,1,180.01,0.23,10/22/2023
SALE004587,CUST4587,P002,Shoes,Footwear,1,332.35,0.24,4/12/2024
SALE004588,CUST4588,P002,Shoes,Footwear,1,304.78,0.08,11/25/2023
SALE004589,CUST4589,P003,Notebook,Stationery,4,325.47,0.16,12/13/2024
SALE004590,CUST4590,P002,Shoes,Footwear,2,297.16,0.29,2/20/2024
SALE004591,CUST4591,P004,T-shirt,Apparel,2,172.86,0.03,6/20/2024
SALE004592,CUST4592,P005,Blender,Home Appliance,3,160.03,0.2,2/20/2025
SALE004593,CUST4593,P003,Notebook,Stationery,1,111.68,0.29,7/14/2023
SALE004594,CUST4594,P002,Shoes,Footwear,3,432.08,0.09,2/29/2024
SALE004595,CUST4595,P003,Notebook,Stationery,4,327.42,0.26,5/1/2024
SALE004596,CUST4596,P003,Notebook,Stationery,3,133.93,0.28,7/5/2024
SALE004597,CUST4597,P005,Blender,Home Appliance,1,129.74,0.22,11/16/2023
SALE004598,CUST4598,P004,T-shirt,Apparel,2,442.87,0.07,8/8/2024
SALE004599,CUST4599,P004,T-shirt,Apparel,2,384.23,0.1,8/6/2024
SALE004600,CUST4600,P004,T-shirt,Apparel,1,346.73,0.01,9/7/2023
SALE004601,CUST4601,P002,Shoes,Footwear,4,233.09,0.25,7/24/2024
SALE004602,CUST4602,P003,Notebook,Stationery,1,167.89,0.25,4/23/2023
SALE004603,CUST4603,P001,Smartphone,Electronics,4,490.75,0.19,5/20/2024
SALE004604,CUST4604,P004,T-shirt,Apparel,2,408.76,0.11,1/3/2024
SALE004605,CUST4605,P005,Blender,Home Appliance,4,185.8,0.02,2/9/2025
SALE004606,CUST4606,P001,Smartphone,Electronics,1,431.4,0.23,4/10/2025
SALE004607,CUST4607,P001,Smartphone,Electronics,1,391.52,0.22,11/30/2024
SALE004608,CUST4608,P004,T-shirt,Apparel,1,183.69,0.27,7/7/2024
SALE004609,CUST4609,P002,Shoes,Footwear,4,241.95,0.22,5/5/2024
SALE004610,CUST4610,P005,Blender,Home Appliance,4,133.68,0.25,11/11/2024
SALE004611,CUST4611,P002,Shoes,Footwear,4,99.97,0.22,10/30/2023
SALE004612,CUST4612,P005,Blender,Home Appliance,2,375.24,0.19,2/9/2025
SALE004613,CUST4613,P003,Notebook,Stationery,3,170.38,0.13,5/20/2023
SALE004614,CUST4614,P004,T-shirt,Apparel,3,419.03,0.27,9/2/2024
SALE004615,CUST4615,P004,T-shirt,Apparel,1,498.02,0.2,6/1/2024
SALE004616,CUST4616,P003,Notebook,Stationery,2,84.48,0.12,11/21/2023
SALE004617,CUST4617,P004,T-shirt,Apparel,4,262.87,0.03,8/12/2024
SALE004618,CUST4618,P001,Smartphone,Electronics,1,410.93,0.09,4/9/2024
SALE004619,CUST4619,P002,Shoes,Footwear,2,405.03,0.16,10/2/2023
SALE004620,CUST4620,P004,T-shirt,Apparel,1,392,0.08,6/18/2024
SALE004621,CUST4621,P001,Smartphone,Electronics,2,207.05,0.07,7/10/2023
SALE004622,CUST4622,P003,Notebook,Stationery,2,254.23,0.16,12/19/2024
SALE004623,CUST4623,P005,Blender,Home Appliance,3,317.74,0.05,5/26/2023
SALE004624,CUST4624,P005,Blender,Home Appliance,1,488.27,0.24,8/17/2023
SALE004625,CUST4625,P002,Shoes,Footwear,4,197.4,0.15,3/5/2025
SALE004626,CUST4626,P004,T-shirt,Apparel,3,465.41,0.17,12/24/2024
SALE004627,CUST4627,P002,Shoes,Footwear,3,171.21,0.04,8/26/2023
SALE004628,CUST4628,P001,Smartphone,Electronics,4,495.08,0.1,4/25/2023
SALE004629,CUST4629,P005,Blender,Home Appliance,2,351.62,0.12,8/10/2023
SALE004630,CUST4630,P004,T-shirt,Apparel,4,258.58,0.24,4/6/2025
SALE004631,CUST4631,P002,Shoes,Footwear,1,326.03,0.23,9/23/2024
SALE004632,CUST4632,P004,T-shirt,Apparel,4,172.64,0.07,10/27/2024
SALE004633,CUST4633,P003,Notebook,Stationery,2,173.38,0.18,6/19/2023
SALE004634,CUST4634,P004,T-shirt,Apparel,4,101.1,0.07,12/12/2024
SALE004635,CUST4635,P003,Notebook,Stationery,2,101.32,0.3,3/26/2025
SALE004636,CUST4636,P003,Notebook,Stationery,2,206.45,0.29,12/11/2023
SALE004637,CUST4637,P002,Shoes,Footwear,1,393.28,0.17,11/12/2024
SALE004638,CUST4638,P005,Blender,Home Appliance,4,323.59,0.21,11/12/2024
SALE004639,CUST4639,P001,Smartphone,Electronics,4,96.16,0.24,6/20/2023
SALE004640,CUST4640,P005,Blender,Home Appliance,1,433.51,0.22,12/13/2023
SALE004641,CUST4641,P003,Notebook,Stationery,2,320.62,0.21,11/1/2024
SALE004642,CUST4642,P001,Smartphone,Electronics,4,482.39,0.29,1/9/2024
SALE004643,CUST4643,P005,Blender,Home Appliance,1,351.58,0.18,7/6/2024
SALE004644,CUST4644,P003,Notebook,Stationery,2,128.83,0.19,7/18/2024
SALE004645,CUST4645,P004,T-shirt,Apparel,1,263.2,0.25,6/17/2024
SALE004646,CUST4646,P004,T-shirt,Apparel,4,341.82,0.2,2/12/2025
SALE004647,CUST4647,P002,Shoes,Footwear,1,62.72,0.22,6/28/2023
SALE004648,CUST4648,P001,Smartphone,Electronics,3,56.71,0.07,6/8/2024
SALE004649,CUST4649,P001,Smartphone,Electronics,2,108.23,0.11,3/14/2024
SALE004650,CUST4650,P004,T-shirt,Apparel,3,163.25,0.04,12/11/2024
SALE004651,CUST4651,P002,Shoes,Footwear,3,243.3,0.15,4/7/2025
SALE004652,CUST4652,P004,T-shirt,Apparel,2,269.35,0.14,10/16/2024
SALE004653,CUST4653,P002,Shoes,Footwear,2,112.11,0.3,1/8/2024
SALE004654,CUST4654,P001,Smartphone,Electronics,1,353.03,0.18,5/11/2023
SALE004655,CUST4655,P001,Smartphone,Electronics,2,318.26,0.24,1/4/2025
SALE004656,CUST4656,P003,Notebook,Stationery,3,182.51,0.1,1/7/2024
SALE004657,CUST4657,P001,Smartphone,Electronics,3,56.15,0.25,3/2/2024
SALE004658,CUST4658,P004,T-shirt,Apparel,4,84.94,0.18,2/15/2024
SALE004659,CUST4659,P003,Notebook,Stationery,2,226.26,0.21,3/9/2025
SALE004660,CUST4660,P001,Smartphone,Electronics,3,119.29,0.09,12/30/2023
SALE004661,CUST4661,P004,T-shirt,Apparel,4,219.57,0.16,12/9/2023
SALE004662,CUST4662,P005,Blender,Home Appliance,4,332.68,0.19,2/18/2024
SALE004663,CUST4663,P004,T-shirt,Apparel,1,296.26,0.18,1/23/2024
SALE004664,CUST4664,P001,Smartphone,Electronics,3,154.03,0.27,4/2/2025
SALE004665,CUST4665,P003,Notebook,Stationery,1,204.72,0.27,2/18/2025
SALE004666,CUST4666,P005,Blender,Home Appliance,3,326.31,0.29,3/3/2025
SALE004667,CUST4667,P001,Smartphone,Electronics,1,437.38,0.2,3/22/2024
SALE004668,CUST4668,P001,Smartphone,Electronics,1,388.95,0.29,6/1/2023
SALE004669,CUST4669,P002,Shoes,Footwear,2,299.03,0.25,10/15/2023
SALE004670,CUST4670,P003,Notebook,Stationery,1,213.03,0.08,1/2/2025
SALE004671,CUST4671,P002,Shoes,Footwear,2,214.27,0.13,3/13/2025
SALE004672,CUST4672,P004,T-shirt,Apparel,4,445.74,0.07,5/1/2024
SALE004673,CUST4673,P002,Shoes,Footwear,3,67.66,0,2/7/2024
SALE004674,CUST4674,P005,Blender,Home Appliance,4,494.59,0.06,10/23/2024
SALE004675,CUST4675,P004,T-shirt,Apparel,3,348.97,0,5/19/2024
SALE004676,CUST4676,P003,Notebook,Stationery,4,356.51,0.22,5/12/2024
SALE004677,CUST4677,P002,Shoes,Footwear,3,67.1,0.13,7/3/2023
SALE004678,CUST4678,P004,T-shirt,Apparel,1,322.49,0.09,2/2/2025
SALE004679,CUST4679,P002,Shoes,Footwear,3,268.15,0.23,8/3/2024
SALE004680,CUST4680,P005,Blender,Home Appliance,3,97.6,0.25,3/24/2025
SALE004681,CUST4681,P003,Notebook,Stationery,4,175.06,0.29,10/29/2024
SALE004682,CUST4682,P005,Blender,Home Appliance,4,450.64,0.19,9/3/2023
SALE004683,CUST4683,P005,Blender,Home Appliance,4,297.49,0.14,6/13/2023
SALE004684,CUST4684,P004,T-shirt,Apparel,2,236.04,0.09,5/25/2023
SALE004685,CUST4685,P004,T-shirt,Apparel,2,82.71,0.07,9/10/2023
SALE004686,CUST4686,P004,T-shirt,Apparel,3,371.35,0.06,3/25/2024
SALE004687,CUST4687,P004,T-shirt,Apparel,3,366.28,0.12,12/24/2023
SALE004688,CUST4688,P001,Smartphone,Electronics,1,326.32,0.3,12/26/2024
SALE004689,CUST4689,P003,Notebook,Stationery,1,279.62,0,12/25/2023
SALE004690,CUST4690,P003,Notebook,Stationery,3,245.2,0.06,11/5/2023
SALE004691,CUST4691,P003,Notebook,Stationery,2,316.97,0.06,2/21/2024
SALE004692,CUST4692,P005,Blender,Home Appliance,3,155.03,0.22,11/4/2023
SALE004693,CUST4693,P005,Blender,Home Appliance,1,473.57,0.11,2/14/2025
SALE004694,CUST4694,P005,Blender,Home Appliance,2,314.96,0.14,3/2/2024
SALE004695,CUST4695,P001,Smartphone,Electronics,2,190.04,0.04,11/15/2024
SALE004696,CUST4696,P004,T-shirt,Apparel,1,252.36,0.12,8/20/2024
SALE004697,CUST4697,P001,Smartphone,Electronics,3,412.56,0.03,6/4/2024
SALE004698,CUST4698,P002,Shoes,Footwear,4,122.73,0.16,11/12/2024
SALE004699,CUST4699,P005,Blender,Home Appliance,3,181.78,0.03,9/18/2023
SALE004700,CUST4700,P005,Blender,Home Appliance,3,355.78,0.24,12/19/2023
SALE004701,CUST4701,P004,T-shirt,Apparel,1,191.97,0.17,9/30/2024
SALE004702,CUST4702,P005,Blender,Home Appliance,2,406.63,0.22,5/31/2024
SALE004703,CUST4703,P005,Blender,Home Appliance,1,108.7,0.13,11/26/2024
SALE004704,CUST4704,P001,Smartphone,Electronics,3,393.21,0.11,2/9/2025
SALE004705,CUST4705,P003,Notebook,Stationery,4,80.76,0.03,10/20/2023
SALE004706,CUST4706,P003,Notebook,Stationery,4,55.67,0.16,2/26/2025
SALE004707,CUST4707,P005,Blender,Home Appliance,4,454.2,0.15,8/12/2024
SALE004708,CUST4708,P002,Shoes,Footwear,1,311.6,0.14,8/21/2024
SALE004709,CUST4709,P004,T-shirt,Apparel,2,208.32,0.22,4/12/2024
SALE004710,CUST4710,P001,Smartphone,Electronics,1,154.67,0.25,7/10/2023
SALE004711,CUST4711,P001,Smartphone,Electronics,4,327.6,0.23,3/30/2024
SALE004712,CUST4712,P002,Shoes,Footwear,3,279.05,0.04,6/19/2024
SALE004713,CUST4713,P005,Blender,Home Appliance,2,496.22,0.19,7/13/2023
SALE004714,CUST4714,P002,Shoes,Footwear,1,492.45,0.02,6/20/2024
SALE004715,CUST4715,P002,Shoes,Footwear,1,335.76,0.21,5/28/2024
SALE004716,CUST4716,P001,Smartphone,Electronics,2,249.29,0.11,10/29/2023
SALE004717,CUST4717,P002,Shoes,Footwear,2,271.01,0.04,7/6/2024
SALE004718,CUST4718,P002,Shoes,Footwear,3,357.12,0.26,9/6/2024
SALE004719,CUST4719,P004,T-shirt,Apparel,2,95.71,0.18,12/31/2024
SALE004720,CUST4720,P005,Blender,Home Appliance,3,197.76,0.11,8/17/2023
SALE004721,CUST4721,P005,Blender,Home Appliance,4,83.87,0.01,8/15/2024
SALE004722,CUST4722,P002,Shoes,Footwear,4,83.01,0.16,3/28/2025
SALE004723,CUST4723,P004,T-shirt,Apparel,1,138.13,0.28,11/30/2023
SALE004724,CUST4724,P003,Notebook,Stationery,4,268.36,0.18,9/5/2024
SALE004725,CUST4725,P004,T-shirt,Apparel,4,403.15,0.29,11/24/2023
SALE004726,CUST4726,P001,Smartphone,Electronics,3,268.47,0.04,11/21/2024
SALE004727,CUST4727,P002,Shoes,Footwear,1,200.96,0.17,7/16/2024
SALE004728,CUST4728,P001,Smartphone,Electronics,2,87.06,0.24,5/1/2024
SALE004729,CUST4729,P002,Shoes,Footwear,1,297.63,0.16,7/2/2024
SALE004730,CUST4730,P004,T-shirt,Apparel,4,172.07,0.03,6/3/2023
SALE004731,CUST4731,P005,Blender,Home Appliance,2,326.72,0.17,9/10/2024
SALE004732,CUST4732,P005,Blender,Home Appliance,1,489.73,0.18,1/22/2025
SALE004733,CUST4733,P003,Notebook,Stationery,1,100.09,0.22,8/25/2024
SALE004734,CUST4734,P001,Smartphone,Electronics,1,145.46,0.23,12/8/2023
SALE004735,CUST4735,P003,Notebook,Stationery,1,262.89,0.23,2/10/2024
SALE004736,CUST4736,P004,T-shirt,Apparel,3,485.88,0.2,3/11/2025
SALE004737,CUST4737,P004,T-shirt,Apparel,1,397.31,0.06,11/7/2023
SALE004738,CUST4738,P001,Smartphone,Electronics,4,454.2,0.12,3/26/2024
SALE004739,CUST4739,P002,Shoes,Footwear,4,200.17,0.23,1/22/2024
SALE004740,CUST4740,P005,Blender,Home Appliance,3,496.42,0.29,4/28/2024
SALE004741,CUST4741,P001,Smartphone,Electronics,2,96.27,0.02,5/30/2023
SALE004742,CUST4742,P005,Blender,Home Appliance,2,73.84,0.16,11/13/2023
SALE004743,CUST4743,P003,Notebook,Stationery,4,435.02,0.09,10/1/2023
SALE004744,CUST4744,P002,Shoes,Footwear,4,467.27,0.07,12/29/2023
SALE004745,CUST4745,P003,Notebook,Stationery,3,90.76,0.15,5/9/2023
SALE004746,CUST4746,P001,Smartphone,Electronics,2,101.04,0.18,10/26/2023
SALE004747,CUST4747,P005,Blender,Home Appliance,2,64.93,0,7/19/2023
SALE004748,CUST4748,P003,Notebook,Stationery,1,97.03,0.23,10/27/2023
SALE004749,CUST4749,P004,T-shirt,Apparel,1,144.24,0.25,4/6/2024
SALE004750,CUST4750,P001,Smartphone,Electronics,1,486.53,0.29,3/15/2024
SALE004751,CUST4751,P004,T-shirt,Apparel,3,350.54,0.05,12/8/2023
SALE004752,CUST4752,P004,T-shirt,Apparel,4,400.35,0.18,8/5/2024
SALE004753,CUST4753,P003,Notebook,Stationery,3,399.26,0.13,1/26/2024
SALE004754,CUST4754,P003,Notebook,Stationery,2,290.78,0.1,5/30/2024
SALE004755,CUST4755,P005,Blender,Home Appliance,4,408.87,0.17,7/14/2024
SALE004756,CUST4756,P005,Blender,Home Appliance,1,318.11,0.23,1/23/2024
SALE004757,CUST4757,P002,Shoes,Footwear,3,191.55,0.01,2/9/2025
SALE004758,CUST4758,P002,Shoes,Footwear,3,302.5,0.29,11/8/2024
SALE004759,CUST4759,P002,Shoes,Footwear,1,290.08,0.24,12/25/2023
SALE004760,CUST4760,P003,Notebook,Stationery,3,420.55,0.23,9/5/2023
SALE004761,CUST4761,P003,Notebook,Stationery,1,491.78,0.23,11/2/2024
SALE004762,CUST4762,P002,Shoes,Footwear,2,234.97,0.12,4/27/2024
SALE004763,CUST4763,P005,Blender,Home Appliance,4,393.53,0.23,4/12/2024
SALE004764,CUST4764,P003,Notebook,Stationery,2,94.89,0.12,11/14/2023
SALE004765,CUST4765,P005,Blender,Home Appliance,2,399.57,0.27,6/4/2024
SALE004766,CUST4766,P004,T-shirt,Apparel,1,217.14,0.05,4/4/2024
SALE004767,CUST4767,P001,Smartphone,Electronics,3,67.73,0.09,5/10/2023
SALE004768,CUST4768,P004,T-shirt,Apparel,2,213.46,0.17,1/20/2025
SALE004769,CUST4769,P002,Shoes,Footwear,2,324.79,0.1,4/3/2025
SALE004770,CUST4770,P001,Smartphone,Electronics,2,103.66,0.13,4/5/2024
SALE004771,CUST4771,P002,Shoes,Footwear,3,465.82,0.15,9/9/2023
SALE004772,CUST4772,P002,Shoes,Footwear,3,84.95,0.26,12/5/2024
SALE004773,CUST4773,P005,Blender,Home Appliance,1,468.5,0.16,5/20/2023
SALE004774,CUST4774,P002,Shoes,Footwear,2,368.21,0.11,2/14/2024
SALE004775,CUST4775,P005,Blender,Home Appliance,4,198.37,0.07,4/15/2025
SALE004776,CUST4776,P002,Shoes,Footwear,3,225.84,0.12,12/14/2023
SALE004777,CUST4777,P002,Shoes,Footwear,1,383.36,0.15,3/14/2024
SALE004778,CUST4778,P003,Notebook,Stationery,2,320.66,0.22,12/4/2024
SALE004779,CUST4779,P002,Shoes,Footwear,4,352.24,0.04,11/16/2024
SALE004780,CUST4780,P005,Blender,Home Appliance,3,225.12,0.07,5/6/2024
SALE004781,CUST4781,P004,T-shirt,Apparel,4,269.52,0.11,8/27/2023
SALE004782,CUST4782,P005,Blender,Home Appliance,3,495.44,0.11,10/25/2023
SALE004783,CUST4783,P005,Blender,Home Appliance,1,146.27,0.12,7/2/2023
SALE004784,CUST4784,P004,T-shirt,Apparel,4,238.04,0.24,5/14/2024
SALE004785,CUST4785,P001,Smartphone,Electronics,2,181.32,0.1,1/16/2025
SALE004786,CUST4786,P003,Notebook,Stationery,2,394.3,0.15,7/26/2023
SALE004787,CUST4787,P002,Shoes,Footwear,3,393.81,0.19,3/26/2025
SALE004788,CUST4788,P003,Notebook,Stationery,2,181.6,0.07,2/3/2025
SALE004789,CUST4789,P005,Blender,Home Appliance,4,86.63,0.22,1/28/2025
SALE004790,CUST4790,P004,T-shirt,Apparel,1,55.14,0.16,6/29/2024
SALE004791,CUST4791,P003,Notebook,Stationery,3,242.35,0.13,1/14/2025
SALE004792,CUST4792,P004,T-shirt,Apparel,4,234.65,0.24,5/7/2024
SALE004793,CUST4793,P002,Shoes,Footwear,3,494.78,0.07,11/25/2024
SALE004794,CUST4794,P004,T-shirt,Apparel,1,261.41,0.26,7/23/2024
SALE004795,CUST4795,P005,Blender,Home Appliance,3,165.39,0.17,8/31/2023
SALE004796,CUST4796,P003,Notebook,Stationery,2,451.05,0.18,8/15/2023
SALE004797,CUST4797,P004,T-shirt,Apparel,2,270.98,0.26,12/27/2024
SALE004798,CUST4798,P003,Notebook,Stationery,3,319.63,0.25,5/29/2024
SALE004799,CUST4799,P004,T-shirt,Apparel,1,93.05,0.18,5/28/2024
SALE004800,CUST4800,P003,Notebook,Stationery,1,222.31,0.23,1/5/2024
SALE004801,CUST4801,P003,Notebook,Stationery,2,474.9,0.13,11/6/2023
SALE004802,CUST4802,P003,Notebook,Stationery,1,315.28,0.16,11/21/2024
SALE004803,CUST4803,P001,Smartphone,Electronics,3,205.03,0.02,9/24/2023
SALE004804,CUST4804,P004,T-shirt,Apparel,4,331.55,0.03,5/6/2024
SALE004805,CUST4805,P002,Shoes,Footwear,3,459.68,0.25,4/13/2025
SALE004806,CUST4806,P005,Blender,Home Appliance,2,173.3,0.02,7/26/2024
SALE004807,CUST4807,P002,Shoes,Footwear,2,277.3,0.05,5/5/2023
SALE004808,CUST4808,P001,Smartphone,Electronics,2,481.41,0.24,2/2/2025
SALE004809,CUST4809,P001,Smartphone,Electronics,1,127.58,0,10/16/2024
SALE004810,CUST4810,P001,Smartphone,Electronics,3,373.85,0.08,2/14/2025
SALE004811,CUST4811,P005,Blender,Home Appliance,4,326.52,0.18,9/24/2023
SALE004812,CUST4812,P003,Notebook,Stationery,3,355.85,0.18,1/20/2024
SALE004813,CUST4813,P001,Smartphone,Electronics,4,208.05,0.23,1/29/2025
SALE004814,CUST4814,P005,Blender,Home Appliance,3,191.25,0.15,9/3/2024
SALE004815,CUST4815,P005,Blender,Home Appliance,2,357.89,0.15,5/19/2023
SALE004816,CUST4816,P001,Smartphone,Electronics,4,146.99,0.22,2/2/2025
SALE004817,CUST4817,P005,Blender,Home Appliance,3,238.84,0.15,4/4/2024
SALE004818,CUST4818,P004,T-shirt,Apparel,1,134.68,0.18,7/29/2023
SALE004819,CUST4819,P003,Notebook,Stationery,1,53.74,0.27,6/17/2024
SALE004820,CUST4820,P004,T-shirt,Apparel,3,486.53,0.12,11/5/2024
SALE004821,CUST4821,P003,Notebook,Stationery,2,244.27,0.12,6/29/2024
SALE004822,CUST4822,P003,Notebook,Stationery,4,486.21,0,4/27/2023
SALE004823,CUST4823,P001,Smartphone,Electronics,3,113.15,0.18,6/16/2024
SALE004824,CUST4824,P003,Notebook,Stationery,1,314.32,0.01,1/30/2025
SALE004825,CUST4825,P005,Blender,Home Appliance,4,140.44,0.15,11/3/2024
SALE004826,CUST4826,P001,Smartphone,Electronics,1,405.53,0.24,5/28/2023
SALE004827,CUST4827,P001,Smartphone,Electronics,1,402.67,0.16,7/11/2023
SALE004828,CUST4828,P003,Notebook,Stationery,3,100.67,0.08,10/24/2023
SALE004829,CUST4829,P005,Blender,Home Appliance,1,460.43,0.24,8/23/2024
SALE004830,CUST4830,P001,Smartphone,Electronics,4,137.58,0.08,5/26/2024
SALE004831,CUST4831,P001,Smartphone,Electronics,2,325.84,0.22,7/31/2024
SALE004832,CUST4832,P001,Smartphone,Electronics,3,493.54,0.18,3/20/2025
SALE004833,CUST4833,P005,Blender,Home Appliance,4,447.08,0.05,10/14/2024
SALE004834,CUST4834,P005,Blender,Home Appliance,3,480.45,0.27,11/4/2023
SALE004835,CUST4835,P004,T-shirt,Apparel,1,204.17,0.06,6/6/2023
SALE004836,CUST4836,P004,T-shirt,Apparel,1,97.51,0.3,7/1/2024
SALE004837,CUST4837,P005,Blender,Home Appliance,4,134.76,0,8/12/2024
SALE004838,CUST4838,P004,T-shirt,Apparel,4,275.22,0.08,8/21/2023
SALE004839,CUST4839,P003,Notebook,Stationery,2,406.95,0.06,4/17/2024
SALE004840,CUST4840,P003,Notebook,Stationery,4,117.57,0,8/13/2024
SALE004841,CUST4841,P004,T-shirt,Apparel,4,346.88,0.22,4/22/2024
SALE004842,CUST4842,P004,T-shirt,Apparel,3,195.61,0.21,4/20/2023
SALE004843,CUST4843,P001,Smartphone,Electronics,1,203.54,0.24,9/29/2023
SALE004844,CUST4844,P005,Blender,Home Appliance,4,347.86,0.08,8/20/2023
SALE004845,CUST4845,P002,Shoes,Footwear,2,260.15,0.13,11/26/2023
SALE004846,CUST4846,P004,T-shirt,Apparel,4,415.41,0.2,10/29/2024
SALE004847,CUST4847,P005,Blender,Home Appliance,1,120.16,0.13,9/28/2024
SALE004848,CUST4848,P005,Blender,Home Appliance,4,405.48,0.21,7/4/2023
SALE004849,CUST4849,P004,T-shirt,Apparel,3,78.91,0.19,12/1/2024
SALE004850,CUST4850,P004,T-shirt,Apparel,1,137.32,0.03,3/23/2025
SALE004851,CUST4851,P002,Shoes,Footwear,4,345.27,0.23,5/15/2023
SALE004852,CUST4852,P004,T-shirt,Apparel,3,434.72,0.22,3/20/2025
SALE004853,CUST4853,P003,Notebook,Stationery,1,163.71,0.2,3/16/2024
SALE004854,CUST4854,P004,T-shirt,Apparel,4,197.24,0.05,10/3/2023
SALE004855,CUST4855,P003,Notebook,Stationery,3,291.7,0.08,6/16/2023
SALE004856,CUST4856,P002,Shoes,Footwear,2,145.21,0.12,9/7/2023
SALE004857,CUST4857,P002,Shoes,Footwear,3,415.02,0.08,7/3/2023
SALE004858,CUST4858,P002,Shoes,Footwear,2,398.14,0.07,8/3/2023
SALE004859,CUST4859,P003,Notebook,Stationery,4,115.38,0.24,5/6/2023
SALE004860,CUST4860,P004,T-shirt,Apparel,3,258.72,0.19,11/9/2023
SALE004861,CUST4861,P004,T-shirt,Apparel,2,398.67,0.17,1/4/2025
SALE004862,CUST4862,P003,Notebook,Stationery,1,201.8,0.07,6/8/2024
SALE004863,CUST4863,P005,Blender,Home Appliance,3,334.9,0.28,10/29/2023
SALE004864,CUST4864,P004,T-shirt,Apparel,4,72.6,0.06,5/27/2023
SALE004865,CUST4865,P002,Shoes,Footwear,1,323.91,0.24,2/27/2024
SALE004866,CUST4866,P002,Shoes,Footwear,2,118.69,0.29,6/11/2023
SALE004867,CUST4867,P004,T-shirt,Apparel,3,423.76,0.22,2/6/2024
SALE004868,CUST4868,P005,Blender,Home Appliance,3,209.95,0.3,4/11/2024
SALE004869,CUST4869,P002,Shoes,Footwear,4,176.7,0.2,1/15/2025
SALE004870,CUST4870,P002,Shoes,Footwear,1,428.4,0.07,7/7/2024
SALE004871,CUST4871,P004,T-shirt,Apparel,3,72.56,0.06,4/3/2025
SALE004872,CUST4872,P002,Shoes,Footwear,3,228.47,0.1,11/11/2024
SALE004873,CUST4873,P005,Blender,Home Appliance,1,216.5,0,4/21/2024
SALE004874,CUST4874,P001,Smartphone,Electronics,3,178.16,0.2,1/31/2024
SALE004875,CUST4875,P005,Blender,Home Appliance,1,460.29,0.08,3/4/2025
SALE004876,CUST4876,P001,Smartphone,Electronics,1,387.92,0.24,2/2/2024
SALE004877,CUST4877,P003,Notebook,Stationery,1,78.77,0.11,12/25/2024
SALE004878,CUST4878,P001,Smartphone,Electronics,4,371.61,0.14,6/23/2023
SALE004879,CUST4879,P002,Shoes,Footwear,1,287.28,0.29,12/30/2023
SALE004880,CUST4880,P002,Shoes,Footwear,1,455.39,0.07,12/13/2024
SALE004881,CUST4881,P004,T-shirt,Apparel,2,190.83,0.22,5/4/2024
SALE004882,CUST4882,P003,Notebook,Stationery,2,308.37,0.23,3/26/2025
SALE004883,CUST4883,P002,Shoes,Footwear,4,275.34,0.07,1/8/2025
SALE004884,CUST4884,P005,Blender,Home Appliance,1,270.3,0.15,6/6/2023
SALE004885,CUST4885,P004,T-shirt,Apparel,2,255.25,0.11,9/15/2023
SALE004886,CUST4886,P002,Shoes,Footwear,2,142.53,0.23,3/6/2025
SALE004887,CUST4887,P003,Notebook,Stationery,3,390.07,0.19,12/10/2023
SALE004888,CUST4888,P003,Notebook,Stationery,1,253.1,0.14,11/14/2024
SALE004889,CUST4889,P001,Smartphone,Electronics,2,481.33,0.23,6/2/2024
SALE004890,CUST4890,P003,Notebook,Stationery,4,167.36,0.07,7/23/2024
SALE004891,CUST4891,P002,Shoes,Footwear,3,357.23,0.23,10/8/2024
SALE004892,CUST4892,P001,Smartphone,Electronics,3,473.32,0.26,12/5/2024
SALE004893,CUST4893,P005,Blender,Home Appliance,1,348.56,0.26,2/4/2025
SALE004894,CUST4894,P003,Notebook,Stationery,1,442.07,0.24,11/11/2023
SALE004895,CUST4895,P001,Smartphone,Electronics,3,422.37,0.12,12/19/2024
SALE004896,CUST4896,P003,Notebook,Stationery,4,212.05,0.29,11/27/2024
SALE004897,CUST4897,P001,Smartphone,Electronics,1,320.06,0.11,8/18/2023
SALE004898,CUST4898,P003,Notebook,Stationery,1,120.32,0.19,10/1/2023
SALE004899,CUST4899,P004,T-shirt,Apparel,3,290.99,0.05,1/7/2025
SALE004900,CUST4900,P002,Shoes,Footwear,3,153.69,0.29,7/1/2024
SALE004901,CUST4901,P004,T-shirt,Apparel,1,384.68,0.21,12/26/2024
SALE004902,CUST4902,P001,Smartphone,Electronics,2,287.63,0.23,8/30/2023
SALE004903,CUST4903,P005,Blender,Home Appliance,1,235.05,0.02,2/22/2025
SALE004904,CUST4904,P004,T-shirt,Apparel,2,170.96,0.23,4/2/2024
SALE004905,CUST4905,P005,Blender,Home Appliance,3,499.41,0.23,8/24/2024
SALE004906,CUST4906,P004,T-shirt,Apparel,2,82.27,0.2,12/25/2023
SALE004907,CUST4907,P002,Shoes,Footwear,4,69.6,0.09,7/21/2023
SALE004908,CUST4908,P005,Blender,Home Appliance,3,147.77,0.15,5/4/2024
SALE004909,CUST4909,P001,Smartphone,Electronics,1,486.98,0.03,4/26/2024
SALE004910,CUST4910,P003,Notebook,Stationery,1,490.66,0.14,7/18/2023
SALE004911,CUST4911,P003,Notebook,Stationery,3,344.72,0.07,4/27/2024
SALE004912,CUST4912,P005,Blender,Home Appliance,3,446.05,0.1,4/26/2024
SALE004913,CUST4913,P004,T-shirt,Apparel,4,146.28,0.05,4/3/2024
SALE004914,CUST4914,P004,T-shirt,Apparel,3,487.42,0.07,2/18/2024
SALE004915,CUST4915,P002,Shoes,Footwear,1,114.25,0.02,7/2/2023
SALE004916,CUST4916,P004,T-shirt,Apparel,4,95.51,0.28,6/7/2024
SALE004917,CUST4917,P004,T-shirt,Apparel,1,100.5,0.16,3/19/2025
SALE004918,CUST4918,P001,Smartphone,Electronics,2,307.91,0.12,6/14/2024
SALE004919,CUST4919,P005,Blender,Home Appliance,3,401.44,0.16,10/3/2024
SALE004920,CUST4920,P005,Blender,Home Appliance,2,215,0.19,11/7/2023
SALE004921,CUST4921,P003,Notebook,Stationery,1,490.05,0.28,12/27/2023
SALE004922,CUST4922,P005,Blender,Home Appliance,2,245.49,0.05,4/18/2023
SALE004923,CUST4923,P001,Smartphone,Electronics,2,117.7,0.09,4/6/2024
SALE004924,CUST4924,P005,Blender,Home Appliance,1,259.69,0.29,10/14/2023
SALE004925,CUST4925,P005,Blender,Home Appliance,1,355.57,0.11,1/31/2024
SALE004926,CUST4926,P001,Smartphone,Electronics,3,424.5,0.01,7/18/2023
SALE004927,CUST4927,P004,T-shirt,Apparel,2,256.45,0.04,9/3/2024
SALE004928,CUST4928,P003,Notebook,Stationery,4,317.12,0.01,9/3/2023
SALE004929,CUST4929,P004,T-shirt,Apparel,4,170.31,0.3,9/21/2024
SALE004930,CUST4930,P002,Shoes,Footwear,1,340.66,0.08,9/23/2024
SALE004931,CUST4931,P004,T-shirt,Apparel,1,493.69,0.28,6/13/2024
SALE004932,CUST4932,P004,T-shirt,Apparel,2,72.07,0.3,5/25/2023
SALE004933,CUST4933,P003,Notebook,Stationery,1,448.94,0.18,12/27/2024
SALE004934,CUST4934,P002,Shoes,Footwear,4,303.03,0.01,2/1/2024
SALE004935,CUST4935,P005,Blender,Home Appliance,3,163.44,0.02,10/17/2024
SALE004936,CUST4936,P004,T-shirt,Apparel,3,479.7,0.14,3/9/2024
SALE004937,CUST4937,P005,Blender,Home Appliance,2,267.51,0.12,5/29/2023
SALE004938,CUST4938,P005,Blender,Home Appliance,3,199.26,0.18,2/13/2024
SALE004939,CUST4939,P003,Notebook,Stationery,1,131.67,0.13,9/8/2024
SALE004940,CUST4940,P005,Blender,Home Appliance,1,160,0.28,8/4/2024
SALE004941,CUST4941,P004,T-shirt,Apparel,1,424.78,0.16,5/8/2024
SALE004942,CUST4942,P003,Notebook,Stationery,1,326.48,0.21,12/23/2023
SALE004943,CUST4943,P005,Blender,Home Appliance,2,460.96,0.27,5/11/2023
SALE004944,CUST4944,P005,Blender,Home Appliance,3,154.39,0.04,10/18/2023
SALE004945,CUST4945,P003,Notebook,Stationery,4,104.51,0.07,10/10/2023
SALE004946,CUST4946,P003,Notebook,Stationery,3,52.74,0.03,5/15/2024
SALE004947,CUST4947,P004,T-shirt,Apparel,1,278.54,0.04,1/25/2024
SALE004948,CUST4948,P001,Smartphone,Electronics,4,499.24,0.15,12/16/2023
SALE004949,CUST4949,P002,Shoes,Footwear,2,362.73,0.1,2/17/2025
SALE004950,CUST4950,P001,Smartphone,Electronics,1,188.78,0.13,11/16/2024
SALE004951,CUST4951,P005,Blender,Home Appliance,1,444.59,0.29,3/27/2025
SALE004952,CUST4952,P005,Blender,Home Appliance,4,401.78,0.05,1/30/2025
SALE004953,CUST4953,P003,Notebook,Stationery,2,56.94,0.16,11/24/2023
SALE004954,CUST4954,P003,Notebook,Stationery,4,417.59,0.03,11/20/2023
SALE004955,CUST4955,P003,Notebook,Stationery,2,185.24,0.1,9/1/2023
SALE004956,CUST4956,P005,Blender,Home Appliance,1,117.35,0.16,3/20/2024
SALE004957,CUST4957,P004,T-shirt,Apparel,3,151.85,0.28,4/15/2025
SALE004958,CUST4958,P001,Smartphone,Electronics,1,260.86,0.12,10/29/2023
SALE004959,CUST4959,P004,T-shirt,Apparel,3,241.19,0.02,9/11/2024
SALE004960,CUST4960,P002,Shoes,Footwear,3,180,0.12,3/17/2025
SALE004961,CUST4961,P005,Blender,Home Appliance,2,127.5,0.04,11/11/2024
SALE004962,CUST4962,P003,Notebook,Stationery,4,393,0.07,4/22/2024
SALE004963,CUST4963,P002,Shoes,Footwear,2,495.55,0.19,12/25/2023
SALE004964,CUST4964,P003,Notebook,Stationery,1,400.01,0.02,4/22/2024
SALE004965,CUST4965,P004,T-shirt,Apparel,4,183.17,0.14,1/22/2025
SALE004966,CUST4966,P003,Notebook,Stationery,3,160.16,0.18,2/4/2025
SALE004967,CUST4967,P004,T-shirt,Apparel,3,147.95,0.13,10/11/2024
SALE004968,CUST4968,P004,T-shirt,Apparel,1,111.51,0.01,11/28/2024
SALE004969,CUST4969,P004,T-shirt,Apparel,4,298.1,0.3,5/17/2023
SALE004970,CUST4970,P003,Notebook,Stationery,1,322.43,0.11,11/22/2023
SALE004971,CUST4971,P002,Shoes,Footwear,1,367.48,0.23,8/7/2024
SALE004972,CUST4972,P004,T-shirt,Apparel,2,356.1,0.1,8/16/2024
SALE004973,CUST4973,P002,Shoes,Footwear,1,181.55,0.14,6/21/2023
SALE004974,CUST4974,P001,Smartphone,Electronics,4,198.64,0.12,7/15/2024
SALE004975,CUST4975,P002,Shoes,Footwear,1,356.68,0.1,12/18/2023
SALE004976,CUST4976,P002,Shoes,Footwear,4,207.25,0.01,11/23/2024
SALE004977,CUST4977,P005,Blender,Home Appliance,3,145.68,0.11,1/17/2025
SALE004978,CUST4978,P003,Notebook,Stationery,1,218.45,0.27,8/11/2024
SALE004979,CUST4979,P005,Blender,Home Appliance,4,172.44,0.21,1/7/2024
SALE004980,CUST4980,P004,T-shirt,Apparel,3,89.74,0.04,2/22/2024
SALE004981,CUST4981,P004,T-shirt,Apparel,4,423.56,0.18,7/1/2024
SALE004982,CUST4982,P003,Notebook,Stationery,3,433.9,0.27,3/30/2024
SALE004983,CUST4983,P004,T-shirt,Apparel,2,148.89,0.21,5/8/2023
SALE004984,CUST4984,P001,Smartphone,Electronics,1,79.15,0.04,9/20/2024
SALE004985,CUST4985,P005,Blender,Home Appliance,1,382.47,0.26,2/7/2024
SALE004986,CUST4986,P001,Smartphone,Electronics,3,145.19,0.09,4/8/2025
SALE004987,CUST4987,P005,Blender,Home Appliance,2,227.05,0.14,1/22/2025
SALE004988,CUST4988,P005,Blender,Home Appliance,4,78.86,0.16,11/6/2023
SALE004989,CUST4989,P005,Blender,Home Appliance,2,151.82,0.26,7/13/2024
SALE004990,CUST4990,P004,T-shirt,Apparel,4,406.81,0.28,1/11/2025
SALE004991,CUST4991,P003,Notebook,Stationery,4,411.98,0.28,7/6/2023
SALE004992,CUST4992,P003,Notebook,Stationery,1,143.19,0,10/14/2024
SALE004993,CUST4993,P004,T-shirt,Apparel,3,201.16,0.28,1/22/2025
SALE004994,CUST4994,P005,Blender,Home Appliance,1,110.41,0.02,7/20/2024
SALE004995,CUST4995,P005,Blender,Home Appliance,1,83.38,0.08,9/25/2023
SALE004996,CUST4996,P002,Shoes,Footwear,1,496.48,0.15,11/19/2023
SALE004997,CUST4997,P002,Shoes,Footwear,4,345.02,0.14,9/1/2023
SALE004998,CUST4998,P002,Shoes,Footwear,1,293.94,0.18,10/22/2023
SALE004999,CUST4999,P005,Blender,Home Appliance,4,394.47,0.14,3/5/2024
SALE005000,CUST5000,P001,Smartphone,Electronics,3,428.03,0.28,12/29/2024
