Transaction_ID,Customer_ID,Transaction_Date,Transaction_Type,Amount,Payment_Mode,Status,Channel,Merchant_ID
TXN000001,CUST0001,7/26/2024,Purchase,380.79,UPI,Success,In-store,M147
TXN000002,CUST0002,2/20/2024,Purchase,951.21,UPI,Failed,Online,M684
TXN000003,CUST0003,9/4/2023,Purchase,734.67,Cash,Success,Online,M971
TXN000004,CUST0004,10/27/2023,Purchase,602.67,UPI,Success,Online,M384
TXN000005,CUST0005,3/19/2024,Purchase,164.46,Credit Card,Success,Online,M856
TXN000006,CUST0006,8/24/2024,Purchase,164.43,UPI,Success,Online,M134
TXN000007,CUST0007,4/9/2025,Purchase,67.5,UPI,Success,In-store,M915
TXN000008,CUST0008,1/15/2025,Purchase,867.51,Cash,Success,Online,M518
TXN000009,CUST0009,11/19/2023,Refund,605.1,Cash,Success,In-store,M481
TXN000010,CUST0010,1/25/2024,Purchase,710.99,Credit Card,Success,Online,M507
TXN000011,CUST0011,5/4/2024,Purchase,30.38,Cash,Success,Online,M465
TXN000012,CUST0012,12/19/2024,Purchase,970.21,UPI,Success,Online,M843
TXN000013,CUST0013,9/15/2023,Purchase,834.12,Debit Card,Success,Online,M618
TXN000014,CUST0014,1/15/2025,Purchase,220.22,Credit Card,Success,Online,M253
TXN000015,CUST0015,4/26/2023,Purchase,190.01,Credit Card,Success,In-store,M347
TXN000016,CUST0016,1/6/2025,Refund,191.57,Cash,Success,Online,M862
TXN000017,CUST0017,4/10/2024,Purchase,311.2,Cash,Success,Online,M397
TXN000018,CUST0018,3/15/2025,Purchase,529.51,Debit Card,Success,Online,M839
TXN000019,CUST0019,4/7/2025,Purchase,437.63,Debit Card,Success,Online,M369
TXN000020,CUST0020,11/15/2023,Purchase,298.32,UPI,Failed,In-store,M451
TXN000021,CUST0021,7/30/2023,Purchase,615.73,UPI,Success,Online,M350
TXN000022,CUST0022,2/22/2024,Purchase,148.1,Credit Card,Success,Online,M637
TXN000023,CUST0023,6/22/2024,Purchase,299.22,Credit Card,Success,In-store,M919
TXN000024,CUST0024,2/15/2024,Purchase,372.7,UPI,Success,In-store,M441
TXN000025,CUST0025,6/6/2023,Purchase,461.51,UPI,Success,In-store,M770
TXN000026,CUST0026,1/25/2025,Purchase,787.32,Cash,Success,Online,M772
TXN000027,CUST0027,2/8/2025,Purchase,207.68,UPI,Success,Online,M532
TXN000028,CUST0028,8/5/2024,Purchase,519.09,Cash,Success,Online,M474
TXN000029,CUST0029,3/31/2025,Purchase,596.49,Cash,Success,In-store,M351
TXN000030,CUST0030,8/23/2024,Purchase,55.99,Cash,Success,Online,M450
TXN000031,CUST0031,4/14/2025,Purchase,611.47,Credit Card,Success,Online,M284
TXN000032,CUST0032,4/20/2024,Purchase,178.82,UPI,Success,In-store,M305
TXN000033,CUST0033,5/3/2024,Purchase,74.4,Cash,Success,Online,M985
TXN000034,CUST0034,6/14/2024,Purchase,949.4,Debit Card,Success,In-store,M793
TXN000035,CUST0035,3/27/2025,Purchase,965.98,Debit Card,Success,Online,M233
TXN000036,CUST0036,1/22/2025,Purchase,810.31,Credit Card,Success,Online,M521
TXN000037,CUST0037,1/2/2024,Purchase,311.57,Debit Card,Success,In-store,M540
TXN000038,CUST0038,4/22/2023,Refund,106.7,UPI,Success,Online,M132
TXN000039,CUST0039,5/6/2023,Purchase,687.39,UPI,Success,Online,M746
TXN000040,CUST0040,12/2/2024,Purchase,445.75,Debit Card,Success,Online,M799
TXN000041,CUST0041,4/5/2025,Purchase,130.82,Credit Card,Success,Online,M787
TXN000042,CUST0042,10/22/2023,Purchase,500.23,Debit Card,Success,Online,M880
TXN000043,CUST0043,6/20/2024,Purchase,44.04,Credit Card,Success,Online,M113
TXN000044,CUST0044,3/6/2025,Purchase,910.23,Credit Card,Success,Online,M982
TXN000045,CUST0045,4/3/2025,Purchase,266.19,Cash,Success,Online,M137
TXN000046,CUST0046,11/9/2024,Purchase,665.9,Credit Card,Success,In-store,M366
TXN000047,CUST0047,6/3/2024,Purchase,318.59,Cash,Success,Online,M577
TXN000048,CUST0048,4/20/2024,Purchase,524.87,UPI,Success,Online,M129
TXN000049,CUST0049,7/22/2023,Purchase,551.24,UPI,Success,Online,M975
TXN000050,CUST0050,8/1/2024,Purchase,193.01,Cash,Success,Online,M684
TXN000051,CUST0051,7/13/2023,Purchase,969.89,UPI,Success,In-store,M854
TXN000052,CUST0052,9/15/2024,Purchase,777.38,Credit Card,Success,Online,M180
TXN000053,CUST0053,8/7/2024,Purchase,940.1,Cash,Success,Online,M171
TXN000054,CUST0054,4/23/2023,Purchase,895.88,UPI,Success,Online,M161
TXN000055,CUST0055,12/8/2024,Purchase,601.92,Credit Card,Success,In-store,M853
TXN000056,CUST0056,6/4/2023,Purchase,922.66,Credit Card,Success,Online,M351
TXN000057,CUST0057,1/9/2025,Purchase,97.61,Credit Card,Success,Online,M934
TXN000058,CUST0058,3/16/2025,Purchase,204.02,Credit Card,Success,Online,M415
TXN000059,CUST0059,10/4/2023,Refund,54.78,Debit Card,Success,In-store,M698
TXN000060,CUST0060,5/17/2024,Purchase,332.08,Cash,Success,Online,M871
TXN000061,CUST0061,11/22/2023,Purchase,394.79,Credit Card,Success,Online,M781
TXN000062,CUST0062,12/14/2023,Refund,278.64,Debit Card,Success,In-store,M470
TXN000063,CUST0063,5/9/2023,Purchase,830.45,Cash,Success,Online,M944
TXN000064,CUST0064,6/22/2023,Purchase,363.19,Debit Card,Success,In-store,M531
TXN000065,CUST0065,5/25/2023,Purchase,288.13,Credit Card,Success,In-store,M179
TXN000066,CUST0066,7/2/2024,Purchase,547.27,Credit Card,Success,In-store,M180
TXN000067,CUST0067,10/12/2023,Purchase,149.51,Debit Card,Success,In-store,M714
TXN000068,CUST0068,8/7/2024,Purchase,804.18,Cash,Success,Online,M805
TXN000069,CUST0069,4/10/2024,Purchase,83.81,Debit Card,Failed,In-store,M883
TXN000070,CUST0070,4/25/2024,Purchase,987.02,Cash,Success,Online,M712
TXN000071,CUST0071,2/19/2025,Purchase,774.52,Debit Card,Failed,In-store,M613
TXN000072,CUST0072,12/13/2024,Purchase,206.73,UPI,Success,In-store,M681
TXN000073,CUST0073,3/8/2025,Purchase,15.47,Credit Card,Success,Online,M705
TXN000074,CUST0074,9/18/2024,Purchase,817.31,Cash,Success,In-store,M853
TXN000075,CUST0075,4/23/2024,Purchase,709.79,UPI,Success,Online,M508
TXN000076,CUST0076,8/1/2024,Purchase,731.72,UPI,Success,Online,M953
TXN000077,CUST0077,9/28/2023,Refund,773.56,Debit Card,Success,Online,M421
TXN000078,CUST0078,1/5/2025,Purchase,83.3,Cash,Success,In-store,M182
TXN000079,CUST0079,5/14/2024,Purchase,364.88,Cash,Success,Online,M188
TXN000080,CUST0080,11/5/2024,Purchase,124.71,Debit Card,Success,In-store,M660
TXN000081,CUST0081,1/18/2025,Purchase,864.47,Cash,Success,Online,M204
TXN000082,CUST0082,12/30/2023,Purchase,627.07,Cash,Success,Online,M799
TXN000083,CUST0083,1/23/2025,Refund,337.59,Credit Card,Success,Online,M425
TXN000084,CUST0084,8/28/2024,Purchase,72.92,UPI,Success,In-store,M614
TXN000085,CUST0085,4/16/2024,Purchase,317.87,Cash,Success,Online,M320
TXN000086,CUST0086,6/18/2024,Purchase,331.93,Cash,Success,Online,M866
TXN000087,CUST0087,1/26/2025,Purchase,732.31,Debit Card,Success,Online,M558
TXN000088,CUST0088,7/3/2023,Purchase,641.18,Credit Card,Success,In-store,M906
TXN000089,CUST0089,8/4/2024,Refund,888.34,Credit Card,Success,In-store,M383
TXN000090,CUST0090,11/16/2023,Purchase,477.49,UPI,Success,Online,M511
TXN000091,CUST0091,3/10/2025,Purchase,128.4,Credit Card,Success,Online,M536
TXN000092,CUST0092,3/31/2025,Purchase,716.11,Cash,Success,Online,M178
TXN000093,CUST0093,4/14/2024,Purchase,763.18,Credit Card,Success,In-store,M419
TXN000094,CUST0094,11/24/2023,Purchase,565.66,Debit Card,Success,In-store,M847
TXN000095,CUST0095,7/4/2024,Purchase,773.26,UPI,Success,Online,M413
TXN000096,CUST0096,12/17/2023,Refund,498.86,Credit Card,Success,Online,M581
TXN000097,CUST0097,9/13/2023,Purchase,527.51,UPI,Success,In-store,M559
TXN000098,CUST0098,1/3/2024,Purchase,433.27,Cash,Success,Online,M535
TXN000099,CUST0099,3/15/2024,Purchase,35.16,Cash,Success,Online,M195
TXN000100,CUST0100,3/28/2025,Purchase,116.81,Debit Card,Success,In-store,M622
TXN000101,CUST0101,4/1/2024,Purchase,41.11,Credit Card,Success,Online,M758
TXN000102,CUST0102,9/22/2024,Purchase,640.05,Debit Card,Success,Online,M882
TXN000103,CUST0103,2/15/2025,Purchase,321.21,Credit Card,Success,Online,M763
TXN000104,CUST0104,10/27/2024,Refund,513.48,Debit Card,Success,Online,M518
TXN000105,CUST0105,6/23/2024,Purchase,908.49,Debit Card,Success,Online,M623
TXN000106,CUST0106,7/8/2024,Purchase,256.8,UPI,Success,In-store,M598
TXN000107,CUST0107,9/19/2023,Purchase,416.28,Credit Card,Success,In-store,M784
TXN000108,CUST0108,8/6/2024,Purchase,758,Debit Card,Success,Online,M100
TXN000109,CUST0109,5/3/2023,Purchase,236.51,Cash,Success,Online,M387
TXN000110,CUST0110,12/6/2024,Purchase,86.21,Debit Card,Success,Online,M837
TXN000111,CUST0111,2/12/2025,Purchase,296.85,UPI,Success,In-store,M572
TXN000112,CUST0112,3/21/2025,Purchase,169.61,Debit Card,Success,Online,M850
TXN000113,CUST0113,11/23/2024,Purchase,930.4,Credit Card,Success,Online,M697
TXN000114,CUST0114,3/9/2025,Purchase,810.04,Credit Card,Success,Online,M521
TXN000115,CUST0115,6/25/2024,Purchase,637.07,Credit Card,Success,Online,M509
TXN000116,CUST0116,11/17/2024,Purchase,872.75,Debit Card,Success,In-store,M787
TXN000117,CUST0117,6/12/2023,Purchase,805.64,Credit Card,Success,Online,M766
TXN000118,CUST0118,12/9/2024,Purchase,194.7,Debit Card,Success,Online,M979
TXN000119,CUST0119,12/20/2024,Purchase,893.63,Cash,Success,Online,M900
TXN000120,CUST0120,4/12/2025,Purchase,543.95,Debit Card,Failed,Online,M953
TXN000121,CUST0121,8/9/2023,Purchase,809.37,Credit Card,Success,Online,M492
TXN000122,CUST0122,1/13/2025,Purchase,897.13,Cash,Success,Online,M660
TXN000123,CUST0123,9/8/2024,Purchase,324.82,UPI,Success,Online,M250
TXN000124,CUST0124,10/3/2024,Purchase,118.95,UPI,Success,Online,M825
TXN000125,CUST0125,2/9/2025,Purchase,235.66,UPI,Success,In-store,M728
TXN000126,CUST0126,3/19/2025,Purchase,432.84,UPI,Success,Online,M116
TXN000127,CUST0127,6/20/2023,Purchase,819.83,Cash,Success,Online,M858
TXN000128,CUST0128,7/7/2023,Purchase,862.12,UPI,Success,In-store,M481
TXN000129,CUST0129,2/2/2025,Purchase,16.88,Debit Card,Failed,Online,M829
TXN000130,CUST0130,10/12/2023,Purchase,515.64,UPI,Success,Online,M236
TXN000131,CUST0131,11/22/2024,Purchase,423.24,Debit Card,Success,In-store,M477
TXN000132,CUST0132,7/1/2023,Purchase,229.89,Debit Card,Success,Online,M513
TXN000133,CUST0133,6/22/2023,Purchase,128.67,Cash,Success,Online,M451
TXN000134,CUST0134,4/21/2023,Purchase,344.24,Cash,Success,In-store,M714
TXN000135,CUST0135,3/1/2024,Purchase,943.48,Credit Card,Success,Online,M700
TXN000136,CUST0136,9/1/2023,Purchase,329.97,Credit Card,Success,Online,M483
TXN000137,CUST0137,11/25/2023,Purchase,523.6,Debit Card,Success,Online,M117
TXN000138,CUST0138,8/23/2024,Purchase,705.99,Cash,Success,Online,M639
TXN000139,CUST0139,4/1/2024,Purchase,369.99,Cash,Success,In-store,M757
TXN000140,CUST0140,3/6/2024,Purchase,972.06,UPI,Success,In-store,M733
TXN000141,CUST0141,11/12/2024,Purchase,962.82,UPI,Success,In-store,M169
TXN000142,CUST0142,8/1/2024,Purchase,259.26,Debit Card,Success,In-store,M382
TXN000143,CUST0143,5/18/2023,Purchase,502.28,Cash,Success,Online,M835
TXN000144,CUST0144,9/7/2024,Purchase,307.87,Cash,Failed,Online,M268
TXN000145,CUST0145,4/2/2024,Purchase,291.99,Cash,Success,Online,M818
TXN000146,CUST0146,10/12/2024,Purchase,46.52,Credit Card,Success,In-store,M338
TXN000147,CUST0147,1/14/2025,Purchase,613.47,Debit Card,Success,Online,M808
TXN000148,CUST0148,4/10/2024,Purchase,507.65,Cash,Success,In-store,M337
TXN000149,CUST0149,11/15/2023,Purchase,60.96,UPI,Success,In-store,M103
TXN000150,CUST0150,3/7/2024,Purchase,285.86,Credit Card,Success,Online,M847
TXN000151,CUST0151,6/8/2023,Purchase,909.18,Credit Card,Success,Online,M284
TXN000152,CUST0152,5/11/2023,Purchase,247.17,UPI,Success,In-store,M688
TXN000153,CUST0153,2/7/2025,Purchase,153.45,UPI,Failed,In-store,M821
TXN000154,CUST0154,9/1/2024,Purchase,494.56,Credit Card,Success,In-store,M290
TXN000155,CUST0155,3/29/2024,Refund,985.79,Credit Card,Success,In-store,M608
TXN000156,CUST0156,9/19/2024,Purchase,249.63,Cash,Success,In-store,M532
TXN000157,CUST0157,9/27/2024,Purchase,675.41,Debit Card,Failed,Online,M392
TXN000158,CUST0158,12/28/2023,Purchase,764,Debit Card,Success,Online,M975
TXN000159,CUST0159,8/1/2024,Purchase,245.26,Cash,Success,Online,M117
TXN000160,CUST0160,8/4/2023,Refund,730.93,Debit Card,Success,Online,M423
TXN000161,CUST0161,11/9/2024,Purchase,374.11,Cash,Success,Online,M384
TXN000162,CUST0162,6/2/2023,Purchase,635.98,UPI,Success,Online,M958
TXN000163,CUST0163,10/1/2023,Purchase,637.19,UPI,Success,In-store,M592
TXN000164,CUST0164,3/15/2025,Purchase,540.42,Cash,Success,Online,M796
TXN000165,CUST0165,5/10/2023,Purchase,99.39,Credit Card,Success,Online,M347
TXN000166,CUST0166,3/28/2025,Purchase,836.95,Cash,Success,Online,M738
TXN000167,CUST0167,9/28/2023,Purchase,327.57,Debit Card,Success,Online,M647
TXN000168,CUST0168,11/29/2024,Purchase,194.65,Debit Card,Success,Online,M532
TXN000169,CUST0169,1/3/2025,Purchase,50.37,Credit Card,Success,Online,M278
TXN000170,CUST0170,11/25/2023,Refund,594.98,Debit Card,Success,Online,M259
TXN000171,CUST0171,9/20/2023,Purchase,680.79,Debit Card,Success,In-store,M168
TXN000172,CUST0172,3/25/2024,Purchase,26.42,Debit Card,Success,In-store,M359
TXN000173,CUST0173,10/29/2024,Purchase,516.97,UPI,Success,In-store,M156
TXN000174,CUST0174,3/3/2025,Purchase,234.23,Debit Card,Success,Online,M463
TXN000175,CUST0175,12/26/2024,Purchase,648.72,UPI,Success,In-store,M168
TXN000176,CUST0176,11/1/2024,Purchase,182.62,Credit Card,Success,Online,M321
TXN000177,CUST0177,5/25/2024,Purchase,694.03,Credit Card,Success,In-store,M996
TXN000178,CUST0178,3/8/2024,Purchase,392.87,UPI,Success,Online,M190
TXN000179,CUST0179,9/18/2024,Purchase,937.36,Debit Card,Success,Online,M644
TXN000180,CUST0180,4/13/2025,Purchase,146.15,Cash,Success,Online,M497
TXN000181,CUST0181,5/13/2023,Purchase,347.66,Debit Card,Success,In-store,M485
TXN000182,CUST0182,10/26/2023,Purchase,122.34,Credit Card,Success,In-store,M133
TXN000183,CUST0183,10/29/2023,Purchase,925.45,Credit Card,Success,Online,M415
TXN000184,CUST0184,10/25/2023,Purchase,878.57,UPI,Success,Online,M596
TXN000185,CUST0185,7/7/2023,Purchase,265.36,Debit Card,Success,Online,M414
TXN000186,CUST0186,12/8/2023,Purchase,663.38,UPI,Success,Online,M561
TXN000187,CUST0187,12/7/2023,Purchase,819.05,Credit Card,Success,Online,M988
TXN000188,CUST0188,4/18/2024,Purchase,559.65,Cash,Success,Online,M349
TXN000189,CUST0189,3/20/2025,Purchase,534.35,Credit Card,Success,Online,M318
TXN000190,CUST0190,9/26/2023,Purchase,249.43,Cash,Success,Online,M665
TXN000191,CUST0191,1/20/2025,Purchase,102.17,Credit Card,Success,In-store,M704
TXN000192,CUST0192,1/14/2025,Purchase,898.24,Credit Card,Success,Online,M958
TXN000193,CUST0193,8/3/2023,Purchase,901.41,Credit Card,Success,Online,M192
TXN000194,CUST0194,2/19/2024,Purchase,636.77,Cash,Success,In-store,M359
TXN000195,CUST0195,3/19/2024,Purchase,345.64,UPI,Success,Online,M564
TXN000196,CUST0196,7/13/2023,Refund,355.72,Cash,Success,Online,M850
TXN000197,CUST0197,5/22/2023,Purchase,728.7,Credit Card,Failed,Online,M858
TXN000198,CUST0198,6/16/2024,Purchase,898.14,Cash,Success,Online,M612
TXN000199,CUST0199,10/21/2023,Purchase,888.22,Credit Card,Success,Online,M447
TXN000200,CUST0200,1/30/2024,Purchase,782.08,Cash,Success,Online,M271
TXN000201,CUST0201,1/19/2025,Purchase,645.61,Debit Card,Success,In-store,M367
TXN000202,CUST0202,2/6/2025,Purchase,93.3,Debit Card,Success,Online,M566
TXN000203,CUST0203,12/12/2023,Purchase,170.01,Cash,Success,Online,M406
TXN000204,CUST0204,6/2/2024,Purchase,899.57,UPI,Success,Online,M985
TXN000205,CUST0205,8/12/2024,Purchase,610.36,Debit Card,Success,In-store,M409
TXN000206,CUST0206,7/16/2024,Purchase,19.11,Cash,Success,In-store,M947
TXN000207,CUST0207,4/4/2024,Purchase,110.46,Cash,Success,In-store,M231
TXN000208,CUST0208,1/13/2025,Refund,666.87,Debit Card,Success,Online,M102
TXN000209,CUST0209,12/5/2024,Purchase,15.01,Credit Card,Success,In-store,M292
TXN000210,CUST0210,1/5/2025,Purchase,169.2,Debit Card,Success,Online,M435
TXN000211,CUST0211,10/7/2024,Purchase,553.25,Cash,Success,In-store,M720
TXN000212,CUST0212,10/2/2024,Purchase,694.98,Credit Card,Success,In-store,M368
TXN000213,CUST0213,8/5/2023,Purchase,655.44,Debit Card,Success,Online,M388
TXN000214,CUST0214,10/30/2024,Purchase,232.03,Debit Card,Success,In-store,M205
TXN000215,CUST0215,10/2/2024,Purchase,715.06,UPI,Success,Online,M117
TXN000216,CUST0216,6/4/2023,Refund,244.88,Debit Card,Success,Online,M864
TXN000217,CUST0217,11/6/2024,Purchase,332.15,Cash,Failed,In-store,M994
TXN000218,CUST0218,6/16/2024,Purchase,749.03,UPI,Success,Online,M788
TXN000219,CUST0219,4/28/2023,Purchase,653.14,Credit Card,Success,Online,M270
TXN000220,CUST0220,10/12/2024,Purchase,850.73,Debit Card,Success,Online,M839
TXN000221,CUST0221,3/11/2024,Purchase,661.04,UPI,Success,Online,M331
TXN000222,CUST0222,12/29/2023,Purchase,572.63,Debit Card,Success,Online,M901
TXN000223,CUST0223,1/22/2025,Purchase,102.74,Debit Card,Success,Online,M616
TXN000224,CUST0224,7/20/2023,Purchase,374.04,Cash,Failed,Online,M592
TXN000225,CUST0225,9/14/2023,Purchase,272.55,Debit Card,Success,Online,M760
TXN000226,CUST0226,3/12/2024,Purchase,251.55,UPI,Success,In-store,M331
TXN000227,CUST0227,5/7/2024,Refund,973.28,Cash,Success,Online,M958
TXN000228,CUST0228,12/26/2023,Purchase,399.17,Credit Card,Success,Online,M465
TXN000229,CUST0229,12/20/2024,Purchase,893.13,Credit Card,Success,In-store,M184
TXN000230,CUST0230,8/9/2024,Purchase,634.83,UPI,Success,Online,M650
TXN000231,CUST0231,2/24/2024,Purchase,796.86,UPI,Success,Online,M865
TXN000232,CUST0232,10/9/2023,Purchase,507.61,Credit Card,Success,In-store,M798
TXN000233,CUST0233,2/29/2024,Purchase,581.13,Cash,Success,Online,M816
TXN000234,CUST0234,3/20/2024,Purchase,497.59,UPI,Success,In-store,M872
TXN000235,CUST0235,11/11/2024,Purchase,203.29,Cash,Success,Online,M980
TXN000236,CUST0236,8/30/2023,Purchase,725.23,UPI,Success,Online,M516
TXN000237,CUST0237,12/21/2023,Purchase,287.96,Cash,Success,Online,M523
TXN000238,CUST0238,4/30/2024,Purchase,34.07,Cash,Success,Online,M417
TXN000239,CUST0239,9/29/2024,Refund,649.02,Debit Card,Success,Online,M987
TXN000240,CUST0240,8/1/2023,Purchase,185.34,Credit Card,Success,Online,M985
TXN000241,CUST0241,10/31/2023,Refund,941.05,UPI,Success,Online,M608
TXN000242,CUST0242,5/24/2023,Purchase,954.39,Credit Card,Success,Online,M590
TXN000243,CUST0243,3/14/2024,Refund,915.72,Cash,Failed,In-store,M409
TXN000244,CUST0244,4/6/2025,Purchase,376.46,Debit Card,Success,In-store,M197
TXN000245,CUST0245,10/2/2024,Purchase,25.3,UPI,Success,Online,M308
TXN000246,CUST0246,3/6/2024,Purchase,929.04,Credit Card,Success,Online,M192
TXN000247,CUST0247,1/31/2024,Refund,433.9,Credit Card,Success,Online,M308
TXN000248,CUST0248,9/8/2024,Purchase,966.99,UPI,Failed,Online,M475
TXN000249,CUST0249,8/31/2023,Purchase,963.98,Credit Card,Success,In-store,M178
TXN000250,CUST0250,7/12/2024,Purchase,854.48,Cash,Success,Online,M617
TXN000251,CUST0251,9/7/2023,Purchase,301.5,Cash,Success,Online,M790
TXN000252,CUST0252,5/27/2024,Purchase,391.25,Cash,Success,In-store,M292
TXN000253,CUST0253,11/23/2024,Purchase,852.63,Debit Card,Success,In-store,M108
TXN000254,CUST0254,7/9/2024,Purchase,323.75,Cash,Success,In-store,M244
TXN000255,CUST0255,9/4/2024,Purchase,177.8,UPI,Success,Online,M463
TXN000256,CUST0256,6/18/2023,Purchase,561.23,Cash,Success,Online,M626
TXN000257,CUST0257,9/13/2024,Purchase,936.79,Credit Card,Success,In-store,M482
TXN000258,CUST0258,5/31/2024,Purchase,699.07,Debit Card,Success,Online,M300
TXN000259,CUST0259,8/17/2024,Purchase,574.36,Cash,Success,Online,M373
TXN000260,CUST0260,4/4/2025,Purchase,106.2,Debit Card,Success,Online,M528
TXN000261,CUST0261,12/31/2023,Purchase,618.86,Debit Card,Success,In-store,M890
TXN000262,CUST0262,5/29/2023,Purchase,990.15,UPI,Success,Online,M425
TXN000263,CUST0263,2/6/2025,Purchase,148.68,Debit Card,Success,Online,M647
TXN000264,CUST0264,8/4/2024,Purchase,523.15,Credit Card,Success,In-store,M934
TXN000265,CUST0265,6/9/2024,Purchase,878.6,Credit Card,Success,Online,M180
TXN000266,CUST0266,2/21/2024,Purchase,743.36,UPI,Success,Online,M457
TXN000267,CUST0267,3/17/2025,Purchase,700.05,Debit Card,Success,In-store,M315
TXN000268,CUST0268,3/6/2024,Purchase,705.46,Debit Card,Success,Online,M736
TXN000269,CUST0269,9/30/2023,Purchase,365.9,Cash,Success,Online,M639
TXN000270,CUST0270,5/30/2024,Refund,300.66,Credit Card,Success,In-store,M894
TXN000271,CUST0271,4/15/2024,Purchase,811.27,Credit Card,Success,Online,M650
TXN000272,CUST0272,12/22/2023,Purchase,812.01,Cash,Success,Online,M473
TXN000273,CUST0273,7/6/2024,Refund,868.4,UPI,Success,Online,M753
TXN000274,CUST0274,5/27/2023,Purchase,914.11,Debit Card,Success,In-store,M271
TXN000275,CUST0275,5/14/2023,Purchase,516.23,Debit Card,Success,Online,M810
TXN000276,CUST0276,3/29/2025,Purchase,506.5,Cash,Success,Online,M221
TXN000277,CUST0277,7/31/2024,Purchase,800.31,UPI,Success,Online,M600
TXN000278,CUST0278,10/28/2024,Purchase,653.46,Cash,Success,Online,M663
TXN000279,CUST0279,12/29/2023,Purchase,704.95,Cash,Success,In-store,M716
TXN000280,CUST0280,11/8/2024,Purchase,797.83,Debit Card,Failed,Online,M435
TXN000281,CUST0281,6/10/2023,Refund,891.11,Debit Card,Success,Online,M451
TXN000282,CUST0282,12/28/2024,Purchase,344.62,Cash,Success,In-store,M997
TXN000283,CUST0283,6/18/2023,Purchase,381.83,UPI,Success,Online,M737
TXN000284,CUST0284,6/3/2024,Purchase,103.04,Credit Card,Success,Online,M926
TXN000285,CUST0285,1/20/2025,Purchase,582.5,Cash,Success,Online,M734
TXN000286,CUST0286,11/16/2023,Purchase,45.58,UPI,Success,In-store,M159
TXN000287,CUST0287,5/20/2023,Purchase,470.94,Debit Card,Success,Online,M928
TXN000288,CUST0288,1/3/2024,Purchase,547.22,Cash,Success,In-store,M691
TXN000289,CUST0289,3/4/2024,Purchase,293.68,Credit Card,Success,In-store,M635
TXN000290,CUST0290,7/31/2024,Purchase,594.92,Debit Card,Success,Online,M410
TXN000291,CUST0291,2/4/2025,Purchase,40.2,Debit Card,Success,Online,M822
TXN000292,CUST0292,4/3/2024,Purchase,46.97,Debit Card,Success,Online,M793
TXN000293,CUST0293,7/29/2023,Purchase,824.37,Credit Card,Success,In-store,M912
TXN000294,CUST0294,1/29/2025,Purchase,366.59,Debit Card,Success,Online,M177
TXN000295,CUST0295,1/1/2024,Purchase,135.79,UPI,Success,In-store,M274
TXN000296,CUST0296,1/8/2025,Purchase,527.02,Cash,Success,Online,M667
TXN000297,CUST0297,3/5/2025,Purchase,772.29,Cash,Success,In-store,M484
TXN000298,CUST0298,7/14/2023,Purchase,223.66,UPI,Success,In-store,M438
TXN000299,CUST0299,3/27/2024,Purchase,626.66,UPI,Success,Online,M469
TXN000300,CUST0300,2/13/2024,Purchase,94.49,UPI,Success,In-store,M927
TXN000301,CUST0301,11/7/2023,Purchase,61.16,Credit Card,Success,In-store,M631
TXN000302,CUST0302,8/5/2023,Purchase,536.04,Credit Card,Success,Online,M959
TXN000303,CUST0303,9/28/2023,Refund,545.23,Debit Card,Success,Online,M986
TXN000304,CUST0304,1/1/2024,Purchase,641.06,Cash,Success,Online,M213
TXN000305,CUST0305,10/25/2024,Purchase,728.83,UPI,Success,Online,M485
TXN000306,CUST0306,11/1/2024,Purchase,976.09,Cash,Success,Online,M571
TXN000307,CUST0307,5/26/2023,Purchase,521.14,Credit Card,Success,In-store,M453
TXN000308,CUST0308,7/31/2023,Purchase,329.73,Credit Card,Success,Online,M876
TXN000309,CUST0309,12/6/2024,Purchase,797.23,Debit Card,Success,Online,M735
TXN000310,CUST0310,2/5/2025,Purchase,278.12,Cash,Success,Online,M282
TXN000311,CUST0311,1/10/2025,Refund,444.58,UPI,Success,Online,M320
TXN000312,CUST0312,9/1/2023,Refund,87.67,Credit Card,Failed,Online,M650
TXN000313,CUST0313,8/20/2024,Purchase,35.1,UPI,Success,Online,M310
TXN000314,CUST0314,9/6/2024,Purchase,963.02,UPI,Success,Online,M974
TXN000315,CUST0315,5/8/2023,Purchase,837.62,UPI,Failed,Online,M199
TXN000316,CUST0316,8/27/2024,Purchase,699.01,Debit Card,Success,Online,M701
TXN000317,CUST0317,11/6/2023,Purchase,414.86,Debit Card,Success,Online,M325
TXN000318,CUST0318,11/24/2024,Purchase,181.56,Cash,Success,Online,M418
TXN000319,CUST0319,2/9/2025,Purchase,164.87,Cash,Success,In-store,M645
TXN000320,CUST0320,3/24/2024,Refund,257.74,Credit Card,Success,Online,M880
TXN000321,CUST0321,3/9/2025,Purchase,553.73,UPI,Success,In-store,M685
TXN000322,CUST0322,12/30/2023,Purchase,717.45,UPI,Success,Online,M193
TXN000323,CUST0323,3/12/2025,Purchase,663.6,Cash,Success,In-store,M660
TXN000324,CUST0324,4/10/2024,Purchase,287.13,Cash,Success,Online,M833
TXN000325,CUST0325,12/4/2023,Purchase,955.32,UPI,Success,Online,M883
TXN000326,CUST0326,8/12/2024,Purchase,740.52,Credit Card,Success,In-store,M142
TXN000327,CUST0327,7/10/2024,Purchase,558.81,Cash,Success,In-store,M849
TXN000328,CUST0328,10/11/2024,Purchase,615.6,Debit Card,Success,Online,M156
TXN000329,CUST0329,10/16/2023,Purchase,425.4,Debit Card,Success,In-store,M300
TXN000330,CUST0330,2/7/2024,Purchase,255.25,Debit Card,Success,Online,M645
TXN000331,CUST0331,4/11/2025,Purchase,362.41,Debit Card,Success,In-store,M166
TXN000332,CUST0332,9/12/2023,Purchase,760.27,UPI,Success,Online,M938
TXN000333,CUST0333,11/8/2024,Refund,24.25,Debit Card,Success,Online,M364
TXN000334,CUST0334,2/22/2025,Purchase,124.91,Debit Card,Success,In-store,M986
TXN000335,CUST0335,12/26/2024,Purchase,55.54,Credit Card,Success,Online,M494
TXN000336,CUST0336,6/4/2024,Purchase,50.32,Credit Card,Success,In-store,M293
TXN000337,CUST0337,4/15/2025,Refund,856.91,UPI,Success,Online,M365
TXN000338,CUST0338,5/26/2024,Purchase,706.62,UPI,Success,Online,M230
TXN000339,CUST0339,8/21/2023,Purchase,479.43,UPI,Success,Online,M820
TXN000340,CUST0340,10/22/2023,Purchase,106.86,Credit Card,Success,Online,M721
TXN000341,CUST0341,10/7/2023,Purchase,496.7,UPI,Success,Online,M936
TXN000342,CUST0342,9/20/2023,Purchase,478.74,Cash,Success,Online,M277
TXN000343,CUST0343,1/24/2025,Purchase,181.47,Debit Card,Success,Online,M419
TXN000344,CUST0344,5/2/2023,Purchase,439.51,Cash,Success,Online,M260
TXN000345,CUST0345,7/31/2023,Refund,404.52,Debit Card,Success,In-store,M205
TXN000346,CUST0346,4/24/2024,Purchase,619.69,Debit Card,Success,In-store,M805
TXN000347,CUST0347,4/18/2023,Purchase,638.74,Cash,Success,In-store,M722
TXN000348,CUST0348,7/21/2023,Purchase,54.85,Cash,Success,Online,M997
TXN000349,CUST0349,4/16/2024,Purchase,380.87,UPI,Success,Online,M478
TXN000350,CUST0350,6/20/2024,Purchase,629.6,Credit Card,Success,Online,M688
TXN000351,CUST0351,1/30/2025,Purchase,508.1,Debit Card,Success,Online,M574
TXN000352,CUST0352,1/28/2025,Purchase,857.92,Debit Card,Success,Online,M862
TXN000353,CUST0353,7/3/2023,Purchase,662.11,Cash,Success,Online,M961
TXN000354,CUST0354,10/21/2023,Purchase,171.31,UPI,Success,In-store,M347
TXN000355,CUST0355,8/17/2023,Purchase,79.86,Cash,Success,Online,M881
TXN000356,CUST0356,7/15/2023,Purchase,646,UPI,Success,Online,M967
TXN000357,CUST0357,6/14/2023,Purchase,36.25,Debit Card,Success,In-store,M153
TXN000358,CUST0358,9/13/2023,Purchase,589.92,Debit Card,Success,In-store,M960
TXN000359,CUST0359,1/1/2025,Purchase,940.83,Debit Card,Success,Online,M701
TXN000360,CUST0360,3/16/2024,Purchase,579.72,Credit Card,Success,In-store,M853
TXN000361,CUST0361,3/19/2025,Purchase,394.29,Credit Card,Success,In-store,M204
TXN000362,CUST0362,3/2/2025,Purchase,646.86,UPI,Success,Online,M277
TXN000363,CUST0363,8/16/2024,Purchase,463.67,Cash,Success,Online,M164
TXN000364,CUST0364,3/21/2024,Purchase,550.16,UPI,Failed,Online,M627
TXN000365,CUST0365,6/9/2023,Purchase,942.05,Credit Card,Success,In-store,M421
TXN000366,CUST0366,12/19/2023,Purchase,392.24,Cash,Success,In-store,M258
TXN000367,CUST0367,9/9/2023,Purchase,961.58,Cash,Success,Online,M583
TXN000368,CUST0368,12/26/2024,Purchase,906.3,Cash,Success,Online,M297
TXN000369,CUST0369,3/5/2025,Purchase,203.83,Credit Card,Success,In-store,M402
TXN000370,CUST0370,12/23/2023,Purchase,78.67,Debit Card,Success,In-store,M192
TXN000371,CUST0371,5/19/2023,Refund,109.77,Credit Card,Success,Online,M189
TXN000372,CUST0372,10/23/2023,Purchase,28.04,Debit Card,Success,Online,M402
TXN000373,CUST0373,12/23/2023,Purchase,103.5,Debit Card,Success,Online,M841
TXN000374,CUST0374,7/31/2024,Refund,686.18,UPI,Success,Online,M511
TXN000375,CUST0375,9/11/2023,Purchase,80.48,Debit Card,Success,Online,M190
TXN000376,CUST0376,11/15/2024,Purchase,325.79,UPI,Success,In-store,M301
TXN000377,CUST0377,11/24/2023,Purchase,846.43,UPI,Success,Online,M355
TXN000378,CUST0378,10/17/2024,Purchase,33.04,UPI,Success,Online,M185
TXN000379,CUST0379,10/16/2024,Purchase,816.32,UPI,Success,Online,M440
TXN000380,CUST0380,8/14/2024,Purchase,289.04,Cash,Success,In-store,M756
TXN000381,CUST0381,6/29/2023,Purchase,126.98,Credit Card,Success,Online,M464
TXN000382,CUST0382,8/25/2023,Purchase,699.77,Credit Card,Success,Online,M471
TXN000383,CUST0383,6/5/2024,Purchase,632.65,UPI,Success,Online,M300
TXN000384,CUST0384,7/29/2024,Purchase,878.7,UPI,Success,Online,M969
TXN000385,CUST0385,5/14/2024,Purchase,737.72,Credit Card,Success,In-store,M155
TXN000386,CUST0386,4/6/2025,Purchase,805.45,UPI,Success,Online,M164
TXN000387,CUST0387,9/19/2023,Purchase,289.21,UPI,Failed,In-store,M428
TXN000388,CUST0388,7/15/2023,Purchase,185.67,Cash,Success,In-store,M328
TXN000389,CUST0389,8/22/2023,Purchase,753.11,UPI,Success,Online,M139
TXN000390,CUST0390,8/29/2024,Purchase,808.77,Credit Card,Success,Online,M294
TXN000391,CUST0391,4/3/2025,Purchase,990.6,UPI,Success,Online,M160
TXN000392,CUST0392,8/11/2023,Purchase,418.49,Credit Card,Success,In-store,M927
TXN000393,CUST0393,7/6/2024,Purchase,378.3,Credit Card,Success,Online,M414
TXN000394,CUST0394,11/14/2024,Purchase,778.65,UPI,Success,Online,M403
TXN000395,CUST0395,7/4/2024,Purchase,347.4,Cash,Success,Online,M110
TXN000396,CUST0396,7/26/2023,Purchase,931.45,Cash,Success,Online,M560
TXN000397,CUST0397,11/8/2024,Refund,859.83,Cash,Success,In-store,M551
TXN000398,CUST0398,3/23/2024,Purchase,434.7,UPI,Success,Online,M645
TXN000399,CUST0399,6/2/2023,Purchase,753.36,Debit Card,Success,Online,M190
TXN000400,CUST0400,2/19/2024,Refund,757,Credit Card,Success,Online,M787
TXN000401,CUST0401,6/16/2024,Purchase,112.09,Cash,Success,Online,M829
TXN000402,CUST0402,7/30/2023,Purchase,903.53,UPI,Success,Online,M202
TXN000403,CUST0403,12/23/2023,Refund,510.2,Debit Card,Success,Online,M148
TXN000404,CUST0404,1/19/2024,Purchase,828.19,Debit Card,Failed,Online,M731
TXN000405,CUST0405,8/18/2023,Refund,326.85,Debit Card,Success,Online,M858
TXN000406,CUST0406,3/30/2025,Purchase,896.57,UPI,Success,Online,M517
TXN000407,CUST0407,4/18/2024,Refund,395.31,UPI,Success,Online,M469
TXN000408,CUST0408,7/6/2024,Purchase,20.73,Cash,Success,Online,M728
TXN000409,CUST0409,7/3/2023,Purchase,906.33,Credit Card,Success,Online,M662
TXN000410,CUST0410,9/17/2023,Purchase,100.37,Debit Card,Success,Online,M410
TXN000411,CUST0411,3/24/2024,Purchase,326.12,Credit Card,Success,In-store,M779
TXN000412,CUST0412,10/21/2024,Purchase,950.56,UPI,Success,In-store,M886
TXN000413,CUST0413,5/4/2024,Purchase,951.1,Cash,Success,Online,M420
TXN000414,CUST0414,7/2/2023,Purchase,577.7,Debit Card,Success,Online,M427
TXN000415,CUST0415,2/17/2024,Purchase,635.52,Cash,Success,Online,M567
TXN000416,CUST0416,2/5/2024,Purchase,453.96,Debit Card,Success,Online,M516
TXN000417,CUST0417,3/8/2024,Purchase,300.28,Cash,Success,Online,M859
TXN000418,CUST0418,9/7/2023,Purchase,335.38,Cash,Success,In-store,M959
TXN000419,CUST0419,1/29/2025,Purchase,675.79,UPI,Success,In-store,M824
TXN000420,CUST0420,4/17/2024,Purchase,754.85,Cash,Success,In-store,M542
TXN000421,CUST0421,1/1/2025,Purchase,793.66,Debit Card,Success,Online,M343
TXN000422,CUST0422,9/13/2024,Purchase,791.72,UPI,Success,In-store,M867
TXN000423,CUST0423,8/26/2024,Purchase,100.29,Debit Card,Success,In-store,M919
TXN000424,CUST0424,11/25/2024,Purchase,499.48,UPI,Success,Online,M412
TXN000425,CUST0425,1/8/2024,Purchase,66.98,UPI,Success,Online,M433
TXN000426,CUST0426,6/5/2023,Purchase,554.03,Debit Card,Success,Online,M410
TXN000427,CUST0427,11/25/2023,Purchase,447.12,UPI,Success,In-store,M222
TXN000428,CUST0428,9/23/2023,Purchase,888.83,Cash,Success,Online,M901
TXN000429,CUST0429,6/24/2023,Purchase,357.41,UPI,Success,Online,M671
TXN000430,CUST0430,3/29/2025,Purchase,125.9,Credit Card,Success,Online,M859
TXN000431,CUST0431,6/19/2023,Purchase,151.56,Cash,Success,Online,M288
TXN000432,CUST0432,4/12/2025,Purchase,763.9,Credit Card,Success,Online,M711
TXN000433,CUST0433,7/12/2024,Purchase,622.04,Credit Card,Success,Online,M705
TXN000434,CUST0434,4/19/2023,Refund,110.11,Debit Card,Success,In-store,M200
TXN000435,CUST0435,2/22/2024,Purchase,93.27,UPI,Success,Online,M244
TXN000436,CUST0436,1/21/2024,Purchase,703.96,Cash,Success,In-store,M516
TXN000437,CUST0437,5/6/2023,Refund,82.04,Debit Card,Success,Online,M728
TXN000438,CUST0438,7/22/2024,Purchase,823.64,Credit Card,Success,Online,M978
TXN000439,CUST0439,4/19/2023,Purchase,709.18,UPI,Success,In-store,M712
TXN000440,CUST0440,7/13/2023,Purchase,90.54,Cash,Success,Online,M373
TXN000441,CUST0441,4/23/2024,Purchase,93.99,Debit Card,Success,Online,M449
TXN000442,CUST0442,1/31/2025,Purchase,986.77,Credit Card,Success,Online,M256
TXN000443,CUST0443,7/14/2024,Purchase,380.53,UPI,Success,In-store,M156
TXN000444,CUST0444,8/3/2024,Purchase,376.94,UPI,Success,Online,M526
TXN000445,CUST0445,3/14/2025,Purchase,814.67,UPI,Success,Online,M414
TXN000446,CUST0446,1/26/2025,Refund,947.78,Cash,Success,Online,M800
TXN000447,CUST0447,11/12/2023,Purchase,986.14,Credit Card,Success,Online,M184
TXN000448,CUST0448,2/20/2024,Purchase,755.84,Credit Card,Failed,Online,M732
TXN000449,CUST0449,3/8/2025,Purchase,382.5,Cash,Success,Online,M851
TXN000450,CUST0450,4/27/2023,Purchase,92.67,Credit Card,Success,Online,M922
TXN000451,CUST0451,10/28/2024,Refund,779.38,Credit Card,Success,Online,M205
TXN000452,CUST0452,5/29/2023,Purchase,562.82,Debit Card,Success,In-store,M123
TXN000453,CUST0453,12/28/2024,Refund,429.98,Debit Card,Success,Online,M529
TXN000454,CUST0454,1/27/2025,Purchase,907.29,Debit Card,Failed,In-store,M207
TXN000455,CUST0455,3/9/2025,Purchase,120.09,Cash,Success,Online,M811
TXN000456,CUST0456,2/16/2025,Refund,497.7,Cash,Success,Online,M866
TXN000457,CUST0457,10/28/2024,Purchase,21.24,Debit Card,Success,Online,M491
TXN000458,CUST0458,2/25/2024,Purchase,473.97,Cash,Success,In-store,M756
TXN000459,CUST0459,3/26/2024,Purchase,65.74,Credit Card,Success,Online,M489
TXN000460,CUST0460,11/22/2024,Purchase,127.63,Debit Card,Success,Online,M806
TXN000461,CUST0461,7/19/2023,Purchase,126.35,Credit Card,Success,Online,M730
TXN000462,CUST0462,11/7/2023,Purchase,652.72,Debit Card,Success,In-store,M195
TXN000463,CUST0463,8/15/2024,Purchase,748.58,Debit Card,Success,Online,M117
TXN000464,CUST0464,9/22/2023,Purchase,587.54,UPI,Success,In-store,M160
TXN000465,CUST0465,5/4/2024,Refund,962.55,Debit Card,Success,Online,M871
TXN000466,CUST0466,12/26/2023,Purchase,381.12,Debit Card,Success,Online,M960
TXN000467,CUST0467,11/29/2023,Purchase,292.85,Debit Card,Success,Online,M970
TXN000468,CUST0468,10/25/2023,Purchase,869.91,Credit Card,Success,Online,M819
TXN000469,CUST0469,7/23/2024,Refund,231.36,Credit Card,Success,Online,M844
TXN000470,CUST0470,3/19/2024,Purchase,963.59,UPI,Success,Online,M639
TXN000471,CUST0471,12/31/2024,Purchase,22.03,UPI,Success,Online,M751
TXN000472,CUST0472,2/5/2025,Purchase,970.18,Debit Card,Success,Online,M235
TXN000473,CUST0473,1/6/2025,Purchase,52.73,UPI,Success,Online,M263
TXN000474,CUST0474,8/17/2023,Purchase,892.23,Debit Card,Success,Online,M780
TXN000475,CUST0475,8/29/2024,Purchase,532.42,Cash,Success,Online,M356
TXN000476,CUST0476,6/11/2023,Purchase,993.04,Credit Card,Success,Online,M237
TXN000477,CUST0477,3/2/2024,Refund,83.06,Debit Card,Success,In-store,M919
TXN000478,CUST0478,1/1/2024,Purchase,558.32,Debit Card,Success,In-store,M857
TXN000479,CUST0479,6/27/2024,Purchase,969.61,Credit Card,Success,Online,M226
TXN000480,CUST0480,12/31/2023,Purchase,527.87,Cash,Success,Online,M514
TXN000481,CUST0481,3/7/2025,Purchase,633.1,Cash,Success,Online,M648
TXN000482,CUST0482,3/14/2024,Purchase,698.79,UPI,Success,Online,M244
TXN000483,CUST0483,9/26/2024,Purchase,460,Debit Card,Success,Online,M527
TXN000484,CUST0484,3/5/2025,Purchase,631.28,UPI,Success,In-store,M944
TXN000485,CUST0485,6/27/2023,Purchase,588.47,Debit Card,Success,Online,M615
TXN000486,CUST0486,1/12/2025,Purchase,902.15,Debit Card,Success,Online,M228
TXN000487,CUST0487,10/12/2024,Refund,54.99,Credit Card,Success,Online,M255
TXN000488,CUST0488,1/2/2025,Purchase,288.15,Debit Card,Success,In-store,M803
TXN000489,CUST0489,8/24/2024,Purchase,950.91,Cash,Success,Online,M185
TXN000490,CUST0490,6/22/2023,Purchase,891.36,UPI,Success,Online,M748
TXN000491,CUST0491,1/25/2025,Refund,461.1,UPI,Success,Online,M930
TXN000492,CUST0492,10/26/2023,Purchase,623.93,Credit Card,Success,Online,M611
TXN000493,CUST0493,11/8/2024,Purchase,284.61,UPI,Success,In-store,M464
TXN000494,CUST0494,11/7/2024,Refund,196.24,Debit Card,Success,In-store,M753
TXN000495,CUST0495,1/27/2024,Purchase,469.06,Debit Card,Success,Online,M511
TXN000496,CUST0496,9/27/2023,Purchase,359.82,Debit Card,Success,Online,M274
TXN000497,CUST0497,6/27/2024,Purchase,587.82,Debit Card,Failed,Online,M765
TXN000498,CUST0498,2/19/2025,Purchase,86.96,Debit Card,Success,Online,M900
TXN000499,CUST0499,6/27/2024,Purchase,974.65,UPI,Success,In-store,M490
TXN000500,CUST0500,5/17/2024,Purchase,986.35,Debit Card,Success,Online,M955
TXN000501,CUST0501,5/30/2024,Purchase,701.18,Cash,Success,In-store,M733
TXN000502,CUST0502,3/10/2025,Refund,540.74,Debit Card,Success,In-store,M682
TXN000503,CUST0503,8/14/2023,Purchase,316.43,UPI,Success,Online,M897
TXN000504,CUST0504,10/24/2024,Purchase,815.66,Debit Card,Failed,Online,M490
TXN000505,CUST0505,1/6/2025,Purchase,687.88,Debit Card,Success,In-store,M249
TXN000506,CUST0506,8/1/2023,Refund,170.99,Cash,Failed,Online,M131
TXN000507,CUST0507,1/23/2025,Purchase,911.82,Credit Card,Success,Online,M641
TXN000508,CUST0508,9/5/2024,Purchase,824.31,Credit Card,Success,Online,M298
TXN000509,CUST0509,5/24/2024,Purchase,950.3,Cash,Success,Online,M746
TXN000510,CUST0510,1/20/2024,Purchase,728.46,UPI,Success,Online,M377
TXN000511,CUST0511,10/11/2024,Refund,617.28,Cash,Success,Online,M608
TXN000512,CUST0512,2/23/2024,Purchase,424.06,Debit Card,Success,In-store,M686
TXN000513,CUST0513,2/7/2025,Purchase,933.4,Cash,Success,Online,M918
TXN000514,CUST0514,3/26/2025,Refund,867.4,Credit Card,Success,Online,M825
TXN000515,CUST0515,4/16/2024,Purchase,54.77,Cash,Success,In-store,M188
TXN000516,CUST0516,10/16/2024,Purchase,36.1,UPI,Success,Online,M863
TXN000517,CUST0517,1/12/2024,Purchase,382.7,Credit Card,Success,Online,M103
TXN000518,CUST0518,11/29/2024,Purchase,812.45,Cash,Success,Online,M111
TXN000519,CUST0519,2/7/2025,Purchase,987.4,UPI,Failed,Online,M453
TXN000520,CUST0520,12/6/2023,Purchase,158.91,UPI,Success,In-store,M682
TXN000521,CUST0521,7/24/2024,Purchase,598.19,Cash,Success,Online,M335
TXN000522,CUST0522,6/3/2023,Purchase,387.08,Cash,Success,In-store,M242
TXN000523,CUST0523,9/4/2024,Purchase,970.22,Cash,Success,Online,M777
TXN000524,CUST0524,6/30/2024,Purchase,843.7,Debit Card,Success,Online,M918
TXN000525,CUST0525,8/14/2024,Purchase,839.95,Credit Card,Success,Online,M749
TXN000526,CUST0526,7/15/2024,Purchase,474.01,Credit Card,Success,Online,M748
TXN000527,CUST0527,9/17/2024,Purchase,420.67,Cash,Success,Online,M748
TXN000528,CUST0528,9/26/2023,Purchase,280.67,UPI,Success,Online,M460
TXN000529,CUST0529,8/1/2024,Purchase,65.81,Credit Card,Success,In-store,M604
TXN000530,CUST0530,4/11/2024,Purchase,866.08,UPI,Success,Online,M232
TXN000531,CUST0531,11/26/2023,Purchase,814.77,UPI,Success,Online,M878
TXN000532,CUST0532,3/19/2024,Purchase,999.72,Debit Card,Success,Online,M235
TXN000533,CUST0533,9/5/2024,Purchase,996.67,Credit Card,Success,Online,M664
TXN000534,CUST0534,8/13/2023,Purchase,559.88,Cash,Success,Online,M742
TXN000535,CUST0535,10/6/2023,Purchase,771.3,UPI,Success,Online,M566
TXN000536,CUST0536,12/10/2024,Purchase,945.32,Credit Card,Success,In-store,M150
TXN000537,CUST0537,2/19/2024,Purchase,851.15,Credit Card,Success,Online,M820
TXN000538,CUST0538,10/25/2023,Purchase,254.87,UPI,Success,In-store,M306
TXN000539,CUST0539,5/2/2024,Purchase,456.04,Credit Card,Success,Online,M261
TXN000540,CUST0540,8/22/2023,Purchase,137.87,Debit Card,Failed,Online,M249
TXN000541,CUST0541,1/13/2025,Refund,954.51,Debit Card,Success,In-store,M131
TXN000542,CUST0542,5/25/2023,Purchase,610.11,Credit Card,Success,Online,M147
TXN000543,CUST0543,7/24/2023,Purchase,236.36,Debit Card,Success,Online,M760
TXN000544,CUST0544,1/17/2025,Purchase,674.98,Credit Card,Failed,Online,M776
TXN000545,CUST0545,9/13/2024,Purchase,621.95,UPI,Success,Online,M574
TXN000546,CUST0546,5/11/2024,Purchase,364.58,Credit Card,Success,Online,M965
TXN000547,CUST0547,4/4/2025,Purchase,122.42,Debit Card,Success,Online,M373
TXN000548,CUST0548,8/28/2024,Purchase,674.86,Credit Card,Success,Online,M672
TXN000549,CUST0549,6/19/2023,Purchase,525.1,UPI,Success,Online,M447
TXN000550,CUST0550,1/19/2024,Purchase,774.6,Cash,Success,In-store,M730
TXN000551,CUST0551,7/4/2023,Purchase,524.96,Credit Card,Success,In-store,M605
TXN000552,CUST0552,5/15/2023,Purchase,853.66,Cash,Success,Online,M852
TXN000553,CUST0553,3/24/2025,Purchase,556.39,Debit Card,Success,Online,M231
TXN000554,CUST0554,4/9/2025,Refund,565.33,Credit Card,Success,Online,M360
TXN000555,CUST0555,1/11/2025,Purchase,877.89,Credit Card,Success,Online,M924
TXN000556,CUST0556,6/29/2023,Purchase,409.45,Cash,Success,Online,M295
TXN000557,CUST0557,10/26/2023,Purchase,142.68,UPI,Success,Online,M669
TXN000558,CUST0558,10/20/2024,Purchase,38.49,Debit Card,Success,Online,M574
TXN000559,CUST0559,2/20/2024,Refund,757.59,Credit Card,Failed,In-store,M225
TXN000560,CUST0560,12/23/2024,Purchase,624.11,UPI,Success,In-store,M248
TXN000561,CUST0561,12/2/2024,Purchase,707.04,Cash,Success,Online,M724
TXN000562,CUST0562,12/9/2023,Purchase,220.83,Credit Card,Success,Online,M458
TXN000563,CUST0563,1/17/2024,Purchase,145.01,Cash,Success,In-store,M190
TXN000564,CUST0564,5/30/2024,Purchase,24.4,UPI,Success,Online,M402
TXN000565,CUST0565,11/20/2024,Purchase,357.08,Credit Card,Success,Online,M442
TXN000566,CUST0566,3/21/2024,Purchase,594.02,Cash,Success,Online,M290
TXN000567,CUST0567,9/18/2024,Purchase,398.32,Debit Card,Success,Online,M834
TXN000568,CUST0568,11/6/2024,Purchase,443.1,Debit Card,Success,Online,M930
TXN000569,CUST0569,5/25/2023,Purchase,905.12,Cash,Success,Online,M145
TXN000570,CUST0570,7/30/2024,Purchase,354.77,Credit Card,Success,Online,M439
TXN000571,CUST0571,11/21/2023,Purchase,518.85,Debit Card,Success,In-store,M793
TXN000572,CUST0572,3/6/2024,Purchase,785.82,Credit Card,Success,Online,M624
TXN000573,CUST0573,9/4/2024,Purchase,402.58,Debit Card,Success,In-store,M922
TXN000574,CUST0574,4/3/2025,Purchase,625.87,Cash,Success,Online,M757
TXN000575,CUST0575,3/3/2025,Purchase,863.74,Debit Card,Success,Online,M123
TXN000576,CUST0576,5/21/2023,Purchase,950.03,Debit Card,Success,Online,M823
TXN000577,CUST0577,11/8/2024,Purchase,155.6,Credit Card,Success,Online,M250
TXN000578,CUST0578,12/2/2024,Refund,927.32,UPI,Success,Online,M746
TXN000579,CUST0579,4/14/2024,Purchase,497.2,Cash,Success,In-store,M628
TXN000580,CUST0580,3/16/2025,Purchase,265.66,Debit Card,Success,Online,M509
TXN000581,CUST0581,7/22/2024,Refund,464.54,UPI,Success,Online,M116
TXN000582,CUST0582,12/23/2023,Purchase,980.23,Cash,Success,Online,M925
TXN000583,CUST0583,5/12/2023,Purchase,497.69,Credit Card,Success,Online,M489
TXN000584,CUST0584,10/8/2024,Purchase,335.46,Credit Card,Success,In-store,M144
TXN000585,CUST0585,1/1/2024,Purchase,637.07,Debit Card,Success,Online,M394
TXN000586,CUST0586,10/18/2023,Purchase,247.74,Debit Card,Success,In-store,M665
TXN000587,CUST0587,1/18/2024,Purchase,85.1,Debit Card,Success,Online,M129
TXN000588,CUST0588,11/30/2023,Purchase,137.59,Cash,Success,Online,M277
TXN000589,CUST0589,8/29/2023,Purchase,136.77,Credit Card,Success,Online,M910
TXN000590,CUST0590,2/18/2025,Purchase,160.38,Credit Card,Success,Online,M951
TXN000591,CUST0591,10/23/2024,Purchase,147.44,UPI,Success,Online,M286
TXN000592,CUST0592,7/12/2023,Purchase,644.47,Debit Card,Success,Online,M368
TXN000593,CUST0593,4/28/2023,Purchase,190.06,Credit Card,Success,Online,M113
TXN000594,CUST0594,1/17/2025,Purchase,352.21,Debit Card,Success,Online,M528
TXN000595,CUST0595,11/25/2023,Refund,897.82,Cash,Success,Online,M901
TXN000596,CUST0596,5/17/2024,Purchase,479.22,Cash,Success,Online,M467
TXN000597,CUST0597,1/9/2025,Purchase,670.88,Debit Card,Success,Online,M967
TXN000598,CUST0598,12/20/2023,Purchase,180.6,UPI,Success,In-store,M407
TXN000599,CUST0599,10/27/2023,Purchase,200.37,UPI,Success,In-store,M588
TXN000600,CUST0600,1/5/2025,Purchase,50.46,Credit Card,Success,Online,M369
TXN000601,CUST0601,7/30/2024,Purchase,177.25,Credit Card,Success,In-store,M561
TXN000602,CUST0602,4/22/2023,Purchase,285.8,UPI,Success,Online,M923
TXN000603,CUST0603,4/28/2023,Purchase,185.24,Debit Card,Success,Online,M508
TXN000604,CUST0604,11/27/2023,Purchase,97.82,Credit Card,Success,Online,M809
TXN000605,CUST0605,4/10/2025,Purchase,129.43,Credit Card,Success,In-store,M721
TXN000606,CUST0606,5/1/2023,Purchase,466.17,Cash,Success,In-store,M449
TXN000607,CUST0607,7/26/2024,Purchase,214.27,Debit Card,Success,Online,M142
TXN000608,CUST0608,10/4/2024,Purchase,370.63,Cash,Success,In-store,M835
TXN000609,CUST0609,7/30/2023,Purchase,508.38,Cash,Success,Online,M693
TXN000610,CUST0610,9/27/2024,Purchase,693.49,Credit Card,Success,In-store,M123
TXN000611,CUST0611,2/6/2024,Purchase,48.92,UPI,Success,Online,M363
TXN000612,CUST0612,8/9/2024,Purchase,801.42,Debit Card,Success,Online,M991
TXN000613,CUST0613,3/7/2024,Purchase,631.62,Debit Card,Success,Online,M185
TXN000614,CUST0614,3/12/2025,Purchase,90.94,Debit Card,Success,Online,M749
TXN000615,CUST0615,5/29/2023,Purchase,874.84,Credit Card,Success,In-store,M614
TXN000616,CUST0616,4/25/2023,Refund,921.66,Debit Card,Success,Online,M846
TXN000617,CUST0617,6/8/2024,Purchase,70.47,Cash,Success,In-store,M698
TXN000618,CUST0618,11/19/2024,Purchase,284.11,Debit Card,Success,Online,M617
TXN000619,CUST0619,7/19/2023,Purchase,808.14,Credit Card,Success,Online,M438
TXN000620,CUST0620,5/28/2023,Purchase,750.78,Cash,Success,Online,M546
TXN000621,CUST0621,12/27/2024,Refund,192.68,UPI,Failed,Online,M501
TXN000622,CUST0622,12/12/2023,Purchase,217.26,UPI,Failed,Online,M804
TXN000623,CUST0623,1/3/2025,Purchase,376.77,Cash,Success,In-store,M365
TXN000624,CUST0624,11/27/2024,Purchase,489.68,Debit Card,Success,Online,M309
TXN000625,CUST0625,12/4/2024,Purchase,622.07,Cash,Success,Online,M136
TXN000626,CUST0626,1/19/2024,Purchase,375.22,Debit Card,Success,In-store,M196
TXN000627,CUST0627,10/2/2023,Purchase,467.91,Cash,Success,Online,M498
TXN000628,CUST0628,10/7/2023,Purchase,750,Cash,Success,Online,M437
TXN000629,CUST0629,12/11/2024,Purchase,46.32,UPI,Success,Online,M742
TXN000630,CUST0630,5/19/2023,Purchase,259.91,UPI,Success,In-store,M961
TXN000631,CUST0631,7/15/2024,Purchase,716.22,Credit Card,Failed,Online,M462
TXN000632,CUST0632,8/29/2023,Purchase,896.25,Credit Card,Success,In-store,M541
TXN000633,CUST0633,6/29/2024,Purchase,516.56,Cash,Success,Online,M924
TXN000634,CUST0634,3/26/2025,Purchase,536.79,Debit Card,Success,Online,M237
TXN000635,CUST0635,2/6/2025,Purchase,116.1,UPI,Success,Online,M325
TXN000636,CUST0636,9/25/2024,Purchase,452.94,Credit Card,Success,Online,M627
TXN000637,CUST0637,11/9/2024,Purchase,537.29,Cash,Success,Online,M672
TXN000638,CUST0638,12/31/2024,Purchase,250.05,Credit Card,Success,In-store,M603
TXN000639,CUST0639,2/1/2025,Purchase,276.55,Debit Card,Success,Online,M643
TXN000640,CUST0640,10/1/2023,Refund,383.51,UPI,Success,Online,M620
TXN000641,CUST0641,10/23/2024,Purchase,29.87,Credit Card,Success,Online,M622
TXN000642,CUST0642,1/13/2025,Purchase,328.86,Debit Card,Success,Online,M553
TXN000643,CUST0643,9/22/2024,Purchase,219.33,Credit Card,Success,In-store,M845
TXN000644,CUST0644,9/22/2024,Purchase,334.22,UPI,Success,In-store,M490
TXN000645,CUST0645,6/20/2023,Purchase,128.56,Debit Card,Success,Online,M455
TXN000646,CUST0646,1/4/2024,Purchase,891.62,Cash,Success,Online,M535
TXN000647,CUST0647,3/15/2025,Purchase,597.66,Cash,Success,In-store,M813
TXN000648,CUST0648,6/19/2024,Purchase,682.31,Debit Card,Success,Online,M728
TXN000649,CUST0649,2/28/2024,Purchase,791.28,Debit Card,Success,Online,M738
TXN000650,CUST0650,3/1/2025,Purchase,503.46,Debit Card,Success,Online,M949
TXN000651,CUST0651,1/21/2024,Purchase,96.05,Debit Card,Success,Online,M343
TXN000652,CUST0652,8/13/2024,Purchase,541.74,UPI,Success,Online,M175
TXN000653,CUST0653,1/28/2025,Refund,590.97,Cash,Success,In-store,M310
TXN000654,CUST0654,6/1/2024,Purchase,747.99,Cash,Success,Online,M498
TXN000655,CUST0655,6/2/2023,Purchase,437.34,Cash,Success,In-store,M774
TXN000656,CUST0656,9/8/2024,Purchase,136.3,Debit Card,Success,In-store,M153
TXN000657,CUST0657,9/29/2023,Purchase,290.94,Cash,Success,Online,M526
TXN000658,CUST0658,9/7/2024,Purchase,369.45,Credit Card,Success,Online,M762
TXN000659,CUST0659,7/9/2024,Purchase,649.46,Cash,Success,In-store,M231
TXN000660,CUST0660,3/27/2025,Purchase,575.07,Credit Card,Success,Online,M241
TXN000661,CUST0661,5/19/2023,Purchase,362.54,Cash,Success,In-store,M963
TXN000662,CUST0662,4/10/2025,Purchase,986.65,Cash,Success,Online,M705
TXN000663,CUST0663,11/29/2024,Purchase,609.72,Cash,Success,Online,M123
TXN000664,CUST0664,5/30/2024,Purchase,244.85,Debit Card,Success,Online,M190
TXN000665,CUST0665,10/17/2023,Purchase,110.76,Debit Card,Success,Online,M200
TXN000666,CUST0666,10/1/2023,Purchase,161.33,UPI,Success,Online,M918
TXN000667,CUST0667,1/27/2024,Purchase,253.5,UPI,Success,Online,M844
TXN000668,CUST0668,12/24/2023,Purchase,169.07,Cash,Success,Online,M988
TXN000669,CUST0669,9/1/2024,Purchase,194.7,UPI,Success,Online,M298
TXN000670,CUST0670,8/1/2024,Purchase,292.24,Credit Card,Success,In-store,M669
TXN000671,CUST0671,4/23/2023,Purchase,181.64,Cash,Success,In-store,M491
TXN000672,CUST0672,4/4/2025,Purchase,897.8,UPI,Success,In-store,M109
TXN000673,CUST0673,9/4/2024,Purchase,89.43,Credit Card,Success,In-store,M386
TXN000674,CUST0674,12/14/2024,Purchase,529.27,Debit Card,Success,Online,M593
TXN000675,CUST0675,12/14/2024,Purchase,416.29,Credit Card,Success,Online,M950
TXN000676,CUST0676,10/14/2024,Refund,982.55,Credit Card,Success,In-store,M703
TXN000677,CUST0677,11/19/2024,Purchase,120.92,UPI,Success,In-store,M383
TXN000678,CUST0678,9/29/2023,Purchase,403.88,Debit Card,Success,Online,M781
TXN000679,CUST0679,7/16/2024,Purchase,969.78,Credit Card,Success,In-store,M871
TXN000680,CUST0680,1/10/2025,Purchase,866.85,Cash,Success,Online,M557
TXN000681,CUST0681,7/7/2023,Purchase,818.9,Cash,Success,Online,M181
TXN000682,CUST0682,9/19/2024,Refund,265.32,Debit Card,Success,Online,M871
TXN000683,CUST0683,5/8/2024,Purchase,179.18,Credit Card,Success,Online,M691
TXN000684,CUST0684,2/24/2024,Purchase,671.96,Debit Card,Success,Online,M730
TXN000685,CUST0685,5/25/2023,Purchase,930.08,Credit Card,Success,In-store,M115
TXN000686,CUST0686,11/12/2023,Purchase,561.2,Debit Card,Success,Online,M319
TXN000687,CUST0687,8/23/2023,Purchase,575.9,Cash,Success,Online,M621
TXN000688,CUST0688,9/11/2023,Purchase,287.18,Credit Card,Success,Online,M117
TXN000689,CUST0689,2/7/2024,Purchase,771.8,Cash,Success,In-store,M312
TXN000690,CUST0690,4/3/2024,Purchase,195.17,UPI,Success,Online,M437
TXN000691,CUST0691,5/31/2023,Purchase,330.44,Debit Card,Success,In-store,M224
TXN000692,CUST0692,6/5/2023,Purchase,431.18,UPI,Success,In-store,M878
TXN000693,CUST0693,1/30/2024,Purchase,512.53,UPI,Success,Online,M838
TXN000694,CUST0694,7/16/2023,Purchase,249.99,Cash,Success,In-store,M847
TXN000695,CUST0695,10/4/2023,Purchase,123.69,Debit Card,Success,Online,M362
TXN000696,CUST0696,10/4/2024,Purchase,614.51,Cash,Success,Online,M977
TXN000697,CUST0697,5/6/2024,Purchase,295.74,Debit Card,Success,Online,M633
TXN000698,CUST0698,6/1/2023,Refund,585.43,Debit Card,Success,In-store,M700
TXN000699,CUST0699,10/8/2024,Purchase,162.82,Cash,Success,Online,M916
TXN000700,CUST0700,10/16/2024,Purchase,486.33,Cash,Success,Online,M883
TXN000701,CUST0701,6/4/2023,Purchase,537.26,Credit Card,Success,Online,M430
TXN000702,CUST0702,1/18/2025,Purchase,61.31,Credit Card,Success,Online,M847
TXN000703,CUST0703,6/25/2023,Refund,343.24,Cash,Success,Online,M351
TXN000704,CUST0704,3/17/2024,Purchase,143.07,Debit Card,Success,Online,M673
TXN000705,CUST0705,9/27/2023,Purchase,72.74,Debit Card,Success,In-store,M272
TXN000706,CUST0706,2/15/2025,Purchase,990.06,Credit Card,Success,Online,M835
TXN000707,CUST0707,4/2/2025,Purchase,329.13,UPI,Success,Online,M683
TXN000708,CUST0708,5/13/2023,Purchase,811.78,Cash,Success,Online,M396
TXN000709,CUST0709,5/30/2024,Purchase,262.09,UPI,Success,Online,M415
TXN000710,CUST0710,10/21/2024,Purchase,684.69,Debit Card,Success,Online,M175
TXN000711,CUST0711,6/10/2024,Purchase,762.63,UPI,Success,In-store,M703
TXN000712,CUST0712,4/27/2023,Purchase,599.68,Cash,Success,Online,M828
TXN000713,CUST0713,2/1/2024,Purchase,476.86,Debit Card,Success,In-store,M871
TXN000714,CUST0714,3/27/2025,Purchase,417.72,UPI,Success,In-store,M224
TXN000715,CUST0715,10/24/2024,Purchase,355.38,UPI,Success,Online,M365
TXN000716,CUST0716,12/16/2024,Purchase,930.23,Cash,Success,In-store,M570
TXN000717,CUST0717,3/22/2024,Refund,832.31,Debit Card,Success,In-store,M928
TXN000718,CUST0718,5/21/2024,Purchase,965.38,Credit Card,Failed,Online,M676
TXN000719,CUST0719,1/2/2024,Purchase,133.05,UPI,Success,In-store,M848
TXN000720,CUST0720,9/10/2023,Purchase,733.56,UPI,Success,Online,M148
TXN000721,CUST0721,5/2/2024,Purchase,938.96,Credit Card,Success,In-store,M470
TXN000722,CUST0722,8/8/2024,Purchase,189.42,UPI,Success,Online,M338
TXN000723,CUST0723,7/28/2024,Purchase,75.83,Credit Card,Success,In-store,M415
TXN000724,CUST0724,6/9/2023,Purchase,743.71,Credit Card,Success,Online,M551
TXN000725,CUST0725,7/19/2024,Purchase,578.73,UPI,Success,Online,M231
TXN000726,CUST0726,7/22/2024,Purchase,843.41,Debit Card,Success,In-store,M674
TXN000727,CUST0727,3/2/2025,Purchase,148.37,UPI,Success,Online,M345
TXN000728,CUST0728,7/26/2023,Purchase,797.31,Credit Card,Success,Online,M702
TXN000729,CUST0729,8/10/2024,Purchase,209.61,Cash,Success,In-store,M467
TXN000730,CUST0730,2/11/2024,Purchase,172.02,Debit Card,Success,Online,M195
TXN000731,CUST0731,9/12/2024,Refund,172.62,Cash,Success,Online,M853
TXN000732,CUST0732,1/24/2024,Purchase,816.43,Debit Card,Success,Online,M518
TXN000733,CUST0733,3/16/2024,Purchase,668.55,Cash,Success,In-store,M585
TXN000734,CUST0734,7/10/2023,Purchase,527.83,Credit Card,Success,Online,M320
TXN000735,CUST0735,11/22/2023,Purchase,365.24,Cash,Success,In-store,M754
TXN000736,CUST0736,8/6/2023,Purchase,878.43,Debit Card,Success,In-store,M157
TXN000737,CUST0737,6/17/2023,Purchase,398.52,Debit Card,Success,In-store,M939
TXN000738,CUST0738,4/27/2024,Purchase,818.43,Debit Card,Success,Online,M677
TXN000739,CUST0739,10/26/2024,Purchase,444.74,Debit Card,Success,Online,M439
TXN000740,CUST0740,12/1/2024,Purchase,383.17,Cash,Success,Online,M846
TXN000741,CUST0741,5/26/2023,Purchase,468.05,Cash,Success,In-store,M326
TXN000742,CUST0742,2/1/2024,Purchase,308.36,UPI,Success,In-store,M229
TXN000743,CUST0743,3/1/2025,Purchase,750.13,UPI,Success,Online,M773
TXN000744,CUST0744,9/12/2023,Purchase,507.69,UPI,Success,In-store,M847
TXN000745,CUST0745,7/25/2024,Purchase,239.89,UPI,Success,Online,M503
TXN000746,CUST0746,3/9/2025,Purchase,900.58,UPI,Success,Online,M605
TXN000747,CUST0747,1/2/2025,Purchase,390.05,Cash,Success,Online,M108
TXN000748,CUST0748,6/8/2023,Purchase,548.12,UPI,Success,In-store,M927
TXN000749,CUST0749,8/24/2023,Purchase,907.41,Cash,Success,In-store,M669
TXN000750,CUST0750,4/30/2023,Purchase,628,Debit Card,Success,Online,M361
TXN000751,CUST0751,9/9/2024,Purchase,125.73,UPI,Success,Online,M985
TXN000752,CUST0752,1/29/2024,Purchase,940.43,Cash,Success,Online,M622
TXN000753,CUST0753,2/24/2024,Purchase,631.43,Cash,Success,Online,M877
TXN000754,CUST0754,7/16/2023,Purchase,341.56,Debit Card,Success,Online,M629
TXN000755,CUST0755,8/6/2023,Purchase,147.88,Debit Card,Success,Online,M513
TXN000756,CUST0756,1/21/2024,Purchase,796.08,Credit Card,Success,In-store,M934
TXN000757,CUST0757,10/16/2023,Refund,623.87,Debit Card,Failed,Online,M741
TXN000758,CUST0758,10/28/2023,Purchase,538.13,Debit Card,Success,Online,M641
TXN000759,CUST0759,12/16/2023,Purchase,894.95,Cash,Success,Online,M866
TXN000760,CUST0760,5/14/2023,Purchase,790.71,Cash,Success,Online,M888
TXN000761,CUST0761,11/4/2023,Purchase,160.16,Credit Card,Success,In-store,M523
TXN000762,CUST0762,11/5/2024,Purchase,318.6,Cash,Success,In-store,M954
TXN000763,CUST0763,7/10/2024,Purchase,256,UPI,Success,Online,M918
TXN000764,CUST0764,6/5/2024,Purchase,746.51,UPI,Success,Online,M439
TXN000765,CUST0765,9/25/2023,Refund,43.2,Debit Card,Success,Online,M489
TXN000766,CUST0766,2/11/2024,Purchase,574.19,Credit Card,Success,Online,M805
TXN000767,CUST0767,7/10/2024,Purchase,764.83,Cash,Success,In-store,M776
TXN000768,CUST0768,10/31/2024,Purchase,878,Credit Card,Success,Online,M252
TXN000769,CUST0769,3/14/2024,Purchase,348.66,Debit Card,Success,Online,M707
TXN000770,CUST0770,11/10/2023,Purchase,823.04,Cash,Success,In-store,M270
TXN000771,CUST0771,9/2/2024,Purchase,119.53,Credit Card,Success,In-store,M476
TXN000772,CUST0772,4/18/2023,Purchase,847.99,Debit Card,Success,In-store,M892
TXN000773,CUST0773,5/4/2023,Purchase,136.21,Credit Card,Success,Online,M779
TXN000774,CUST0774,7/27/2024,Purchase,403.31,Debit Card,Success,In-store,M778
TXN000775,CUST0775,9/17/2024,Purchase,799.32,Debit Card,Success,Online,M647
TXN000776,CUST0776,5/9/2023,Purchase,158.42,UPI,Success,Online,M779
TXN000777,CUST0777,4/22/2024,Refund,236.96,Cash,Success,Online,M290
TXN000778,CUST0778,2/27/2024,Purchase,725.03,Credit Card,Success,Online,M993
TXN000779,CUST0779,7/13/2024,Purchase,722.84,Debit Card,Success,Online,M262
TXN000780,CUST0780,12/10/2024,Purchase,644.74,Debit Card,Success,Online,M638
TXN000781,CUST0781,1/25/2024,Refund,697.01,Credit Card,Success,Online,M268
TXN000782,CUST0782,3/21/2024,Purchase,547.3,Cash,Success,Online,M834
TXN000783,CUST0783,1/22/2024,Refund,259.28,Debit Card,Success,Online,M649
TXN000784,CUST0784,1/22/2024,Purchase,352.24,Cash,Success,Online,M101
TXN000785,CUST0785,9/7/2023,Purchase,189.78,UPI,Success,Online,M878
TXN000786,CUST0786,12/14/2023,Purchase,909.37,UPI,Success,Online,M882
TXN000787,CUST0787,7/17/2024,Purchase,587.56,UPI,Success,Online,M213
TXN000788,CUST0788,8/6/2024,Purchase,406.84,UPI,Success,Online,M639
TXN000789,CUST0789,4/28/2024,Purchase,467.39,UPI,Success,Online,M323
TXN000790,CUST0790,10/29/2024,Purchase,947.81,Cash,Success,Online,M257
TXN000791,CUST0791,5/29/2024,Purchase,161.82,Debit Card,Success,In-store,M351
TXN000792,CUST0792,2/12/2025,Purchase,590.37,Debit Card,Success,In-store,M482
TXN000793,CUST0793,5/6/2024,Purchase,510.83,UPI,Success,Online,M314
TXN000794,CUST0794,1/31/2025,Purchase,615.34,UPI,Success,Online,M142
TXN000795,CUST0795,4/13/2024,Purchase,27.93,UPI,Success,Online,M547
TXN000796,CUST0796,1/1/2025,Purchase,873.4,Credit Card,Success,Online,M622
TXN000797,CUST0797,3/9/2025,Purchase,932.8,Credit Card,Success,Online,M626
TXN000798,CUST0798,7/2/2024,Purchase,569.48,UPI,Success,Online,M451
TXN000799,CUST0799,10/8/2023,Purchase,699.68,Credit Card,Success,Online,M537
TXN000800,CUST0800,6/13/2024,Purchase,923.27,Cash,Success,Online,M648
TXN000801,CUST0801,9/6/2023,Purchase,710.17,UPI,Success,Online,M844
TXN000802,CUST0802,7/17/2024,Refund,161.01,Credit Card,Success,Online,M405
TXN000803,CUST0803,6/11/2023,Purchase,580.53,Debit Card,Success,In-store,M797
TXN000804,CUST0804,8/10/2023,Refund,610.65,UPI,Success,In-store,M951
TXN000805,CUST0805,11/20/2023,Purchase,429.89,Credit Card,Success,Online,M532
TXN000806,CUST0806,1/4/2025,Purchase,739.08,Cash,Success,Online,M596
TXN000807,CUST0807,3/19/2025,Purchase,935.02,Credit Card,Success,In-store,M519
TXN000808,CUST0808,7/24/2024,Purchase,926.31,Credit Card,Success,Online,M754
TXN000809,CUST0809,12/8/2024,Purchase,456.33,Cash,Success,Online,M607
TXN000810,CUST0810,9/18/2023,Purchase,122.11,UPI,Failed,In-store,M614
TXN000811,CUST0811,2/12/2024,Refund,984.99,Credit Card,Success,Online,M118
TXN000812,CUST0812,6/15/2024,Purchase,840.51,Cash,Success,Online,M725
TXN000813,CUST0813,4/6/2024,Purchase,133.42,Credit Card,Success,Online,M508
TXN000814,CUST0814,1/13/2025,Purchase,921.63,UPI,Success,Online,M385
TXN000815,CUST0815,7/6/2024,Purchase,871.2,UPI,Success,Online,M431
TXN000816,CUST0816,6/13/2024,Purchase,523.65,Debit Card,Success,In-store,M920
TXN000817,CUST0817,1/18/2024,Purchase,595.36,Cash,Success,Online,M664
TXN000818,CUST0818,9/25/2023,Purchase,405.01,UPI,Failed,Online,M324
TXN000819,CUST0819,6/12/2023,Purchase,64.21,Cash,Success,Online,M591
TXN000820,CUST0820,8/29/2023,Refund,341.85,UPI,Success,In-store,M375
TXN000821,CUST0821,10/26/2024,Purchase,804.82,Cash,Success,Online,M851
TXN000822,CUST0822,4/25/2023,Purchase,14.59,UPI,Success,Online,M387
TXN000823,CUST0823,5/30/2023,Purchase,340.16,Debit Card,Success,Online,M688
TXN000824,CUST0824,12/29/2023,Purchase,404.19,UPI,Success,Online,M433
TXN000825,CUST0825,12/29/2024,Purchase,542.02,Cash,Success,Online,M950
TXN000826,CUST0826,5/2/2023,Purchase,920.66,Credit Card,Success,Online,M688
TXN000827,CUST0827,7/4/2023,Purchase,352.88,UPI,Success,Online,M586
TXN000828,CUST0828,12/25/2024,Purchase,353.48,Cash,Success,Online,M442
TXN000829,CUST0829,1/22/2024,Purchase,740.13,Cash,Success,Online,M250
TXN000830,CUST0830,12/21/2023,Refund,457.7,Credit Card,Success,In-store,M181
TXN000831,CUST0831,8/31/2024,Purchase,232.36,Debit Card,Success,In-store,M336
TXN000832,CUST0832,7/30/2024,Purchase,457.92,Debit Card,Success,Online,M465
TXN000833,CUST0833,8/28/2024,Purchase,149.45,Credit Card,Failed,Online,M751
TXN000834,CUST0834,9/16/2023,Purchase,184.62,Cash,Success,Online,M305
TXN000835,CUST0835,8/6/2024,Purchase,503.38,Credit Card,Success,In-store,M183
TXN000836,CUST0836,2/3/2024,Purchase,424.74,Cash,Success,Online,M589
TXN000837,CUST0837,5/11/2023,Purchase,915.7,UPI,Success,Online,M430
TXN000838,CUST0838,1/10/2025,Purchase,368.77,Credit Card,Success,In-store,M452
TXN000839,CUST0839,11/1/2024,Purchase,584.78,Debit Card,Success,In-store,M800
TXN000840,CUST0840,10/28/2023,Purchase,635.94,Debit Card,Success,Online,M906
TXN000841,CUST0841,11/14/2023,Purchase,22.96,Debit Card,Success,Online,M826
TXN000842,CUST0842,1/16/2024,Purchase,666.9,Cash,Success,In-store,M437
TXN000843,CUST0843,5/3/2024,Purchase,186.26,Cash,Success,Online,M714
TXN000844,CUST0844,8/4/2023,Purchase,961.46,Cash,Success,In-store,M743
TXN000845,CUST0845,4/23/2023,Purchase,157.18,Debit Card,Success,Online,M262
TXN000846,CUST0846,2/27/2024,Refund,420.48,Credit Card,Success,Online,M615
TXN000847,CUST0847,6/30/2024,Purchase,94.5,Credit Card,Success,Online,M816
TXN000848,CUST0848,10/2/2023,Purchase,996.91,Cash,Failed,In-store,M737
TXN000849,CUST0849,12/5/2024,Purchase,507.17,Credit Card,Success,Online,M600
TXN000850,CUST0850,2/15/2024,Purchase,599.43,Cash,Success,Online,M381
TXN000851,CUST0851,4/14/2024,Purchase,76.41,UPI,Success,Online,M650
TXN000852,CUST0852,11/27/2023,Refund,752.46,UPI,Success,Online,M825
TXN000853,CUST0853,6/24/2024,Purchase,217.81,UPI,Success,Online,M568
TXN000854,CUST0854,2/2/2024,Purchase,899.07,Credit Card,Success,Online,M383
TXN000855,CUST0855,11/24/2023,Refund,213.09,Debit Card,Success,Online,M189
TXN000856,CUST0856,1/5/2025,Purchase,198.78,Credit Card,Success,Online,M802
TXN000857,CUST0857,10/12/2024,Purchase,46.18,Cash,Success,Online,M165
TXN000858,CUST0858,3/5/2024,Purchase,477.35,Credit Card,Success,Online,M822
TXN000859,CUST0859,4/7/2025,Purchase,569.19,UPI,Failed,In-store,M751
TXN000860,CUST0860,8/3/2023,Purchase,75.05,Cash,Success,Online,M398
TXN000861,CUST0861,1/1/2024,Purchase,777.77,UPI,Success,In-store,M639
TXN000862,CUST0862,10/24/2024,Purchase,458.76,Credit Card,Success,In-store,M495
TXN000863,CUST0863,7/27/2023,Purchase,529.15,UPI,Success,In-store,M800
TXN000864,CUST0864,8/11/2024,Purchase,446.36,Credit Card,Success,Online,M260
TXN000865,CUST0865,9/1/2024,Purchase,406.76,Credit Card,Success,In-store,M538
TXN000866,CUST0866,1/16/2025,Purchase,564.04,Cash,Success,Online,M554
TXN000867,CUST0867,11/13/2023,Purchase,163.69,Credit Card,Success,Online,M430
TXN000868,CUST0868,11/21/2024,Purchase,190.11,Credit Card,Success,Online,M878
TXN000869,CUST0869,10/22/2023,Purchase,863.17,Debit Card,Success,In-store,M223
TXN000870,CUST0870,5/22/2024,Purchase,946.65,Credit Card,Success,Online,M959
TXN000871,CUST0871,5/22/2023,Purchase,379.58,Credit Card,Success,Online,M866
TXN000872,CUST0872,10/28/2024,Purchase,278.04,UPI,Success,Online,M767
TXN000873,CUST0873,11/7/2023,Purchase,647.56,Credit Card,Success,Online,M220
TXN000874,CUST0874,4/13/2025,Refund,414.65,Debit Card,Success,In-store,M908
TXN000875,CUST0875,12/1/2024,Purchase,35.13,Cash,Success,Online,M731
TXN000876,CUST0876,12/21/2024,Purchase,164.59,Debit Card,Success,In-store,M733
TXN000877,CUST0877,2/19/2024,Purchase,718.81,Debit Card,Success,In-store,M604
TXN000878,CUST0878,7/27/2023,Purchase,662.33,Cash,Success,Online,M534
TXN000879,CUST0879,3/1/2024,Purchase,36.83,Debit Card,Success,Online,M363
TXN000880,CUST0880,1/13/2024,Purchase,229.75,Cash,Success,Online,M442
TXN000881,CUST0881,6/30/2024,Purchase,238.76,Debit Card,Success,Online,M329
TXN000882,CUST0882,8/12/2024,Refund,675.17,Cash,Success,In-store,M374
TXN000883,CUST0883,12/29/2023,Purchase,29.51,UPI,Success,In-store,M727
TXN000884,CUST0884,2/13/2024,Purchase,113.07,Credit Card,Success,Online,M516
TXN000885,CUST0885,4/29/2023,Purchase,801.92,UPI,Success,Online,M464
TXN000886,CUST0886,7/27/2024,Purchase,186.76,Debit Card,Success,Online,M906
TXN000887,CUST0887,9/25/2024,Refund,656.22,Cash,Success,Online,M425
TXN000888,CUST0888,2/24/2024,Refund,245.8,Credit Card,Success,Online,M173
TXN000889,CUST0889,11/11/2023,Purchase,108.45,Cash,Success,Online,M885
TXN000890,CUST0890,12/19/2023,Purchase,250.74,Debit Card,Success,In-store,M466
TXN000891,CUST0891,8/29/2024,Purchase,725.04,UPI,Failed,In-store,M897
TXN000892,CUST0892,4/12/2024,Refund,857.14,UPI,Success,In-store,M756
TXN000893,CUST0893,1/10/2024,Purchase,831.92,Credit Card,Success,Online,M546
TXN000894,CUST0894,12/24/2024,Purchase,403.21,Cash,Success,Online,M418
TXN000895,CUST0895,7/9/2023,Purchase,671.4,Cash,Success,Online,M214
TXN000896,CUST0896,1/23/2024,Refund,212.93,UPI,Success,Online,M726
TXN000897,CUST0897,7/18/2023,Purchase,300.22,UPI,Success,Online,M512
TXN000898,CUST0898,8/10/2023,Purchase,897.37,Credit Card,Success,Online,M551
TXN000899,CUST0899,6/19/2023,Purchase,22.87,UPI,Success,Online,M642
TXN000900,CUST0900,4/9/2024,Purchase,94.65,Debit Card,Success,Online,M713
TXN000901,CUST0901,11/21/2024,Purchase,215.81,Debit Card,Success,Online,M537
TXN000902,CUST0902,6/5/2024,Purchase,36.27,Credit Card,Success,Online,M343
TXN000903,CUST0903,5/17/2023,Purchase,189.62,Credit Card,Success,Online,M839
TXN000904,CUST0904,5/15/2024,Purchase,587.21,Cash,Success,Online,M108
TXN000905,CUST0905,8/22/2023,Purchase,427.21,Credit Card,Success,In-store,M928
TXN000906,CUST0906,11/30/2024,Purchase,893.74,Credit Card,Success,Online,M151
TXN000907,CUST0907,4/9/2025,Purchase,819.27,Cash,Success,Online,M679
TXN000908,CUST0908,7/31/2023,Refund,348.4,Debit Card,Success,In-store,M311
TXN000909,CUST0909,11/18/2023,Purchase,266.83,Debit Card,Success,Online,M459
TXN000910,CUST0910,10/3/2024,Purchase,385.9,Cash,Success,In-store,M854
TXN000911,CUST0911,6/13/2024,Purchase,594.39,Credit Card,Success,In-store,M616
TXN000912,CUST0912,1/18/2024,Purchase,275.38,Cash,Success,In-store,M937
TXN000913,CUST0913,12/8/2024,Purchase,627.91,Cash,Success,Online,M288
TXN000914,CUST0914,11/20/2024,Purchase,415.32,UPI,Success,Online,M162
TXN000915,CUST0915,4/7/2024,Purchase,556.53,Credit Card,Success,In-store,M955
TXN000916,CUST0916,10/21/2023,Purchase,441.77,Debit Card,Success,Online,M212
TXN000917,CUST0917,9/7/2024,Purchase,301.52,Debit Card,Success,In-store,M505
TXN000918,CUST0918,11/28/2024,Purchase,948.97,Cash,Success,Online,M903
TXN000919,CUST0919,6/22/2023,Refund,765.97,Credit Card,Success,Online,M296
TXN000920,CUST0920,10/27/2024,Refund,148.71,UPI,Success,In-store,M957
TXN000921,CUST0921,3/14/2025,Purchase,869.78,Debit Card,Success,In-store,M138
TXN000922,CUST0922,9/11/2023,Purchase,492.56,Debit Card,Success,In-store,M187
TXN000923,CUST0923,3/4/2025,Purchase,895.61,Credit Card,Success,Online,M876
TXN000924,CUST0924,1/23/2024,Purchase,801.86,Credit Card,Success,Online,M854
TXN000925,CUST0925,4/9/2024,Purchase,430.96,UPI,Failed,In-store,M435
TXN000926,CUST0926,7/7/2023,Purchase,32.24,Debit Card,Success,Online,M689
TXN000927,CUST0927,12/29/2024,Purchase,275.99,Cash,Success,Online,M586
TXN000928,CUST0928,3/31/2024,Refund,546.22,Debit Card,Success,In-store,M767
TXN000929,CUST0929,8/1/2024,Purchase,637.14,Debit Card,Success,Online,M754
TXN000930,CUST0930,2/27/2024,Purchase,265.31,UPI,Success,Online,M258
TXN000931,CUST0931,9/25/2023,Purchase,147.96,Debit Card,Success,Online,M276
TXN000932,CUST0932,4/13/2025,Purchase,836.58,Debit Card,Success,Online,M387
TXN000933,CUST0933,12/18/2024,Refund,984.56,Debit Card,Success,Online,M248
TXN000934,CUST0934,5/10/2024,Purchase,530.43,Cash,Success,In-store,M229
TXN000935,CUST0935,3/19/2024,Purchase,179.96,Debit Card,Success,In-store,M636
TXN000936,CUST0936,10/31/2024,Purchase,279.58,UPI,Success,In-store,M387
TXN000937,CUST0937,4/19/2023,Refund,28.21,UPI,Success,In-store,M877
TXN000938,CUST0938,10/18/2024,Purchase,915.16,UPI,Success,Online,M654
TXN000939,CUST0939,7/23/2023,Purchase,126.57,UPI,Success,Online,M910
TXN000940,CUST0940,7/17/2024,Purchase,580.75,Cash,Success,Online,M862
TXN000941,CUST0941,7/22/2023,Purchase,281.31,Debit Card,Success,Online,M320
TXN000942,CUST0942,9/2/2024,Purchase,558.64,UPI,Success,In-store,M412
TXN000943,CUST0943,2/20/2024,Purchase,654.91,UPI,Success,Online,M890
TXN000944,CUST0944,12/13/2024,Purchase,831.44,Debit Card,Success,In-store,M778
TXN000945,CUST0945,7/8/2023,Purchase,214.36,Credit Card,Success,Online,M714
TXN000946,CUST0946,10/26/2024,Refund,20.89,Cash,Success,Online,M271
TXN000947,CUST0947,6/25/2023,Purchase,145.52,UPI,Success,In-store,M591
TXN000948,CUST0948,6/24/2023,Refund,901.02,UPI,Success,Online,M490
TXN000949,CUST0949,10/11/2024,Purchase,875.15,UPI,Success,Online,M520
TXN000950,CUST0950,12/1/2024,Purchase,601.44,UPI,Success,In-store,M666
TXN000951,CUST0951,10/26/2023,Purchase,604.51,Credit Card,Success,Online,M149
TXN000952,CUST0952,7/29/2023,Refund,668.39,UPI,Success,In-store,M681
TXN000953,CUST0953,1/7/2024,Purchase,183.62,UPI,Success,Online,M743
TXN000954,CUST0954,5/11/2023,Purchase,915.27,Credit Card,Success,Online,M632
TXN000955,CUST0955,10/30/2023,Purchase,424.58,Debit Card,Success,In-store,M884
TXN000956,CUST0956,5/9/2023,Purchase,389.31,UPI,Success,Online,M360
TXN000957,CUST0957,4/4/2025,Purchase,523.73,UPI,Success,In-store,M546
TXN000958,CUST0958,2/18/2025,Purchase,56.5,Debit Card,Success,In-store,M770
TXN000959,CUST0959,5/31/2023,Purchase,174.62,UPI,Success,Online,M810
TXN000960,CUST0960,4/19/2023,Purchase,740.65,UPI,Success,In-store,M150
TXN000961,CUST0961,1/18/2024,Purchase,91.97,Debit Card,Success,In-store,M184
TXN000962,CUST0962,9/14/2023,Purchase,607.12,Credit Card,Success,In-store,M923
TXN000963,CUST0963,2/13/2025,Purchase,252.9,Credit Card,Success,Online,M748
TXN000964,CUST0964,2/18/2024,Purchase,395.4,Credit Card,Success,Online,M995
TXN000965,CUST0965,12/3/2024,Purchase,295.81,UPI,Success,Online,M618
TXN000966,CUST0966,3/10/2024,Purchase,362.12,Debit Card,Success,Online,M134
TXN000967,CUST0967,6/17/2024,Purchase,721.86,Credit Card,Success,In-store,M381
TXN000968,CUST0968,9/8/2024,Purchase,304.15,Credit Card,Success,Online,M108
TXN000969,CUST0969,2/21/2024,Purchase,570.74,Credit Card,Success,Online,M912
TXN000970,CUST0970,9/21/2023,Refund,481.29,Credit Card,Success,Online,M308
TXN000971,CUST0971,4/6/2025,Purchase,667.03,Credit Card,Success,Online,M301
TXN000972,CUST0972,10/5/2024,Purchase,937.46,Cash,Success,Online,M407
TXN000973,CUST0973,3/31/2025,Purchase,735.25,UPI,Success,Online,M666
TXN000974,CUST0974,1/29/2024,Purchase,222.79,Debit Card,Success,Online,M105
TXN000975,CUST0975,11/19/2023,Purchase,40.87,Debit Card,Failed,Online,M173
TXN000976,CUST0976,4/23/2023,Purchase,269.64,Debit Card,Success,In-store,M958
TXN000977,CUST0977,11/28/2023,Purchase,599.13,Debit Card,Success,Online,M974
TXN000978,CUST0978,5/8/2023,Purchase,60.91,Cash,Success,Online,M441
TXN000979,CUST0979,4/8/2025,Purchase,501.4,Cash,Success,In-store,M991
TXN000980,CUST0980,7/6/2024,Purchase,600.87,UPI,Success,In-store,M324
TXN000981,CUST0981,7/21/2023,Refund,340.9,Cash,Success,Online,M549
TXN000982,CUST0982,1/20/2025,Purchase,773.2,UPI,Success,In-store,M865
TXN000983,CUST0983,2/28/2024,Purchase,115.53,Cash,Success,Online,M347
TXN000984,CUST0984,12/28/2024,Purchase,84.39,UPI,Success,In-store,M483
TXN000985,CUST0985,7/21/2024,Purchase,730.91,Credit Card,Success,Online,M913
TXN000986,CUST0986,5/24/2024,Purchase,500.54,Credit Card,Success,Online,M639
TXN000987,CUST0987,6/24/2023,Purchase,691.52,UPI,Success,Online,M508
TXN000988,CUST0988,8/7/2023,Purchase,440.48,Credit Card,Success,Online,M509
TXN000989,CUST0989,10/8/2023,Purchase,253.94,UPI,Success,Online,M864
TXN000990,CUST0990,7/31/2024,Purchase,820.91,UPI,Success,Online,M597
TXN000991,CUST0991,5/16/2023,Purchase,801.42,UPI,Success,Online,M206
TXN000992,CUST0992,4/5/2024,Purchase,697.75,Cash,Success,Online,M454
TXN000993,CUST0993,7/8/2024,Purchase,279.42,Debit Card,Success,Online,M434
TXN000994,CUST0994,2/13/2024,Purchase,594.33,Debit Card,Success,In-store,M367
TXN000995,CUST0995,1/1/2024,Purchase,367.36,Credit Card,Success,Online,M379
TXN000996,CUST0996,7/4/2024,Purchase,100.67,Debit Card,Success,Online,M526
TXN000997,CUST0997,1/14/2025,Purchase,918.14,Cash,Success,In-store,M116
TXN000998,CUST0998,11/12/2023,Purchase,145.45,Cash,Success,Online,M453
TXN000999,CUST0999,4/2/2024,Purchase,950.73,Credit Card,Success,In-store,M350
TXN001000,CUST1000,11/27/2024,Purchase,451.55,Cash,Success,Online,M699
TXN001001,CUST1001,3/13/2024,Purchase,193.28,UPI,Failed,In-store,M257
TXN001002,CUST1002,11/10/2023,Refund,546.48,Debit Card,Success,In-store,M502
TXN001003,CUST1003,8/10/2024,Purchase,874.22,Debit Card,Success,In-store,M141
TXN001004,CUST1004,11/25/2024,Purchase,734.9,UPI,Success,In-store,M729
TXN001005,CUST1005,5/20/2024,Purchase,808.5,Cash,Success,Online,M547
TXN001006,CUST1006,6/2/2024,Refund,662.2,UPI,Success,In-store,M596
TXN001007,CUST1007,9/10/2023,Purchase,695.35,UPI,Success,Online,M976
TXN001008,CUST1008,11/9/2024,Purchase,850.7,Cash,Success,Online,M373
TXN001009,CUST1009,3/31/2025,Purchase,257.17,Credit Card,Success,In-store,M865
TXN001010,CUST1010,12/3/2024,Purchase,494.53,Credit Card,Success,Online,M944
TXN001011,CUST1011,11/10/2024,Purchase,229,Credit Card,Success,Online,M512
TXN001012,CUST1012,8/8/2023,Purchase,987.79,Debit Card,Success,Online,M748
TXN001013,CUST1013,5/12/2023,Purchase,944.62,Debit Card,Success,In-store,M817
TXN001014,CUST1014,5/28/2023,Purchase,49.03,Cash,Failed,Online,M241
TXN001015,CUST1015,11/15/2024,Purchase,708.52,Debit Card,Success,Online,M607
TXN001016,CUST1016,6/25/2024,Purchase,926,Debit Card,Success,Online,M239
TXN001017,CUST1017,7/30/2023,Purchase,188.77,Debit Card,Success,Online,M149
TXN001018,CUST1018,11/8/2024,Purchase,572.27,UPI,Success,Online,M744
TXN001019,CUST1019,3/13/2025,Purchase,916.33,Credit Card,Success,In-store,M440
TXN001020,CUST1020,10/1/2023,Purchase,43.61,UPI,Success,Online,M867
TXN001021,CUST1021,10/9/2023,Purchase,700.45,Debit Card,Success,In-store,M311
TXN001022,CUST1022,11/15/2023,Purchase,304.38,Credit Card,Success,In-store,M504
TXN001023,CUST1023,1/22/2025,Purchase,925.15,Cash,Success,Online,M813
TXN001024,CUST1024,5/4/2024,Purchase,971.35,UPI,Success,In-store,M973
TXN001025,CUST1025,12/20/2023,Purchase,944.82,Debit Card,Success,In-store,M912
TXN001026,CUST1026,8/26/2024,Purchase,479.47,Credit Card,Success,Online,M406
TXN001027,CUST1027,6/28/2023,Refund,863.42,Cash,Success,Online,M739
TXN001028,CUST1028,5/3/2023,Purchase,846.1,Credit Card,Success,In-store,M687
TXN001029,CUST1029,12/3/2023,Purchase,325.91,UPI,Success,Online,M164
TXN001030,CUST1030,12/18/2023,Purchase,830.63,UPI,Success,Online,M209
TXN001031,CUST1031,5/22/2024,Purchase,46.64,Credit Card,Success,Online,M713
TXN001032,CUST1032,5/21/2023,Purchase,600.31,Debit Card,Success,Online,M807
TXN001033,CUST1033,8/13/2023,Purchase,237.71,Cash,Success,Online,M256
TXN001034,CUST1034,2/8/2024,Purchase,129.36,Debit Card,Success,Online,M827
TXN001035,CUST1035,10/26/2023,Purchase,86.18,Debit Card,Success,Online,M643
TXN001036,CUST1036,8/2/2024,Purchase,699.33,Debit Card,Success,Online,M940
TXN001037,CUST1037,10/15/2024,Purchase,346.48,UPI,Failed,Online,M457
TXN001038,CUST1038,12/30/2023,Purchase,727.52,Debit Card,Success,Online,M518
TXN001039,CUST1039,3/6/2025,Purchase,74.7,UPI,Success,Online,M555
TXN001040,CUST1040,6/14/2024,Purchase,322.14,Debit Card,Success,Online,M856
TXN001041,CUST1041,10/12/2023,Purchase,544.1,Debit Card,Success,Online,M741
TXN001042,CUST1042,4/11/2025,Purchase,792.82,Cash,Failed,Online,M799
TXN001043,CUST1043,9/15/2024,Refund,325.56,Cash,Success,In-store,M257
TXN001044,CUST1044,3/3/2024,Purchase,629.63,UPI,Success,Online,M922
TXN001045,CUST1045,8/17/2024,Purchase,887.12,Debit Card,Success,Online,M613
TXN001046,CUST1046,6/7/2023,Purchase,619.7,Debit Card,Success,Online,M473
TXN001047,CUST1047,5/8/2024,Purchase,240.63,Debit Card,Success,Online,M855
TXN001048,CUST1048,10/16/2024,Purchase,34.16,Debit Card,Success,Online,M143
TXN001049,CUST1049,3/16/2024,Purchase,871.4,Cash,Failed,In-store,M274
TXN001050,CUST1050,10/2/2023,Purchase,31.06,Debit Card,Success,Online,M187
TXN001051,CUST1051,5/4/2023,Purchase,875.95,UPI,Success,Online,M465
TXN001052,CUST1052,5/10/2024,Purchase,533.65,UPI,Success,Online,M428
TXN001053,CUST1053,2/6/2025,Purchase,939.68,Cash,Success,In-store,M839
TXN001054,CUST1054,10/21/2023,Purchase,800.8,Debit Card,Success,Online,M970
TXN001055,CUST1055,5/3/2024,Purchase,997.95,Cash,Success,Online,M903
TXN001056,CUST1056,10/19/2023,Purchase,357.2,Credit Card,Success,Online,M764
TXN001057,CUST1057,6/14/2024,Purchase,769.52,Debit Card,Success,Online,M958
TXN001058,CUST1058,1/5/2025,Purchase,407.91,UPI,Success,Online,M772
TXN001059,CUST1059,11/14/2024,Purchase,485.08,Cash,Success,Online,M322
TXN001060,CUST1060,12/12/2024,Purchase,631.23,Credit Card,Success,Online,M670
TXN001061,CUST1061,10/23/2023,Purchase,874.94,UPI,Success,Online,M351
TXN001062,CUST1062,5/8/2023,Purchase,984.24,Cash,Success,Online,M981
TXN001063,CUST1063,12/11/2024,Purchase,770.59,Debit Card,Success,In-store,M120
TXN001064,CUST1064,7/3/2023,Purchase,423.59,Credit Card,Success,Online,M789
TXN001065,CUST1065,4/29/2024,Purchase,427.14,Debit Card,Success,Online,M609
TXN001066,CUST1066,11/29/2024,Purchase,740.21,Credit Card,Success,Online,M564
TXN001067,CUST1067,10/26/2024,Purchase,246.39,Debit Card,Success,Online,M448
TXN001068,CUST1068,10/17/2024,Purchase,119.37,Debit Card,Success,Online,M995
TXN001069,CUST1069,4/19/2024,Purchase,361.08,UPI,Success,Online,M427
TXN001070,CUST1070,2/26/2024,Purchase,294.37,Cash,Success,Online,M662
TXN001071,CUST1071,3/8/2025,Purchase,303.35,Debit Card,Success,In-store,M242
TXN001072,CUST1072,10/7/2024,Purchase,241.27,Debit Card,Success,Online,M191
TXN001073,CUST1073,9/23/2023,Purchase,51.67,Debit Card,Success,Online,M262
TXN001074,CUST1074,2/27/2024,Purchase,27.7,UPI,Success,Online,M495
TXN001075,CUST1075,5/29/2024,Purchase,987.85,Cash,Success,In-store,M286
TXN001076,CUST1076,9/19/2023,Purchase,433.5,Credit Card,Success,In-store,M526
TXN001077,CUST1077,6/18/2023,Purchase,390.48,Debit Card,Success,In-store,M366
TXN001078,CUST1078,4/3/2024,Refund,682.85,Credit Card,Success,Online,M322
TXN001079,CUST1079,8/15/2024,Purchase,226.07,Debit Card,Failed,Online,M721
TXN001080,CUST1080,11/29/2024,Refund,950.46,Cash,Failed,Online,M479
TXN001081,CUST1081,3/7/2024,Purchase,788.48,Cash,Success,In-store,M507
TXN001082,CUST1082,2/1/2024,Purchase,98.52,Debit Card,Success,Online,M589
TXN001083,CUST1083,1/29/2025,Purchase,423.4,Credit Card,Success,In-store,M756
TXN001084,CUST1084,1/21/2024,Purchase,880.33,Cash,Failed,Online,M624
TXN001085,CUST1085,9/30/2024,Refund,945.28,Credit Card,Success,In-store,M373
TXN001086,CUST1086,10/30/2023,Refund,472.73,Credit Card,Success,Online,M395
TXN001087,CUST1087,10/24/2024,Purchase,617.28,Credit Card,Success,In-store,M866
TXN001088,CUST1088,9/6/2024,Purchase,175.36,Cash,Success,In-store,M504
TXN001089,CUST1089,4/5/2025,Purchase,991.26,Cash,Failed,Online,M102
TXN001090,CUST1090,7/22/2023,Purchase,239.35,Debit Card,Success,Online,M556
TXN001091,CUST1091,3/18/2025,Purchase,943.3,Debit Card,Success,In-store,M674
TXN001092,CUST1092,7/15/2023,Purchase,653.15,UPI,Success,Online,M724
TXN001093,CUST1093,3/7/2025,Purchase,611.66,Cash,Success,Online,M895
TXN001094,CUST1094,6/22/2023,Purchase,517.56,Credit Card,Success,Online,M952
TXN001095,CUST1095,6/13/2023,Purchase,238.36,UPI,Success,Online,M122
TXN001096,CUST1096,1/22/2024,Purchase,184.76,UPI,Success,Online,M951
TXN001097,CUST1097,7/12/2024,Purchase,228.28,Cash,Success,In-store,M592
TXN001098,CUST1098,5/14/2024,Purchase,194.57,Cash,Success,Online,M950
TXN001099,CUST1099,3/6/2025,Refund,781.79,Debit Card,Success,In-store,M451
TXN001100,CUST1100,5/1/2023,Purchase,356.62,Credit Card,Success,Online,M184
TXN001101,CUST1101,2/6/2025,Refund,67.26,Debit Card,Success,Online,M782
TXN001102,CUST1102,1/28/2025,Purchase,969.41,Credit Card,Success,Online,M900
TXN001103,CUST1103,5/24/2023,Purchase,884.95,UPI,Success,Online,M676
TXN001104,CUST1104,10/20/2024,Purchase,928.47,Cash,Success,In-store,M813
TXN001105,CUST1105,5/27/2024,Purchase,994.96,UPI,Success,In-store,M683
TXN001106,CUST1106,8/7/2024,Purchase,182.16,Debit Card,Success,In-store,M202
TXN001107,CUST1107,7/31/2023,Purchase,402.28,UPI,Success,Online,M721
TXN001108,CUST1108,10/7/2024,Purchase,760.66,Credit Card,Success,In-store,M616
TXN001109,CUST1109,12/2/2024,Refund,699.06,UPI,Success,Online,M166
TXN001110,CUST1110,3/1/2024,Purchase,162.36,Cash,Success,In-store,M567
TXN001111,CUST1111,11/4/2024,Purchase,817.67,Debit Card,Success,Online,M594
TXN001112,CUST1112,12/26/2023,Purchase,232.2,Credit Card,Success,Online,M483
TXN001113,CUST1113,11/5/2024,Purchase,231.58,UPI,Success,Online,M479
TXN001114,CUST1114,12/5/2023,Purchase,541.6,Debit Card,Success,Online,M170
TXN001115,CUST1115,10/2/2024,Purchase,597.01,Cash,Success,In-store,M256
TXN001116,CUST1116,5/15/2024,Refund,584.29,UPI,Success,Online,M686
TXN001117,CUST1117,5/15/2024,Purchase,100.57,UPI,Success,Online,M793
TXN001118,CUST1118,2/12/2025,Purchase,878.69,Debit Card,Success,Online,M804
TXN001119,CUST1119,10/5/2024,Purchase,272.94,Credit Card,Success,Online,M383
TXN001120,CUST1120,7/13/2023,Purchase,138.22,Credit Card,Success,Online,M406
TXN001121,CUST1121,7/25/2024,Purchase,889.86,Debit Card,Success,Online,M198
TXN001122,CUST1122,12/8/2023,Purchase,956.09,Debit Card,Success,In-store,M912
TXN001123,CUST1123,4/29/2023,Purchase,863.51,Cash,Success,Online,M414
TXN001124,CUST1124,3/1/2025,Purchase,811.42,UPI,Success,Online,M718
TXN001125,CUST1125,6/4/2024,Purchase,658.69,Credit Card,Success,In-store,M899
TXN001126,CUST1126,9/16/2023,Purchase,555.35,UPI,Success,Online,M269
TXN001127,CUST1127,8/12/2023,Purchase,96.12,Debit Card,Success,Online,M447
TXN001128,CUST1128,7/21/2023,Purchase,414.37,Debit Card,Success,Online,M310
TXN001129,CUST1129,9/4/2023,Refund,378.96,UPI,Success,In-store,M788
TXN001130,CUST1130,2/29/2024,Purchase,267.16,Debit Card,Success,Online,M202
TXN001131,CUST1131,12/28/2023,Purchase,726.19,Cash,Success,In-store,M539
TXN001132,CUST1132,11/24/2024,Purchase,500.92,UPI,Success,Online,M382
TXN001133,CUST1133,2/14/2024,Purchase,90.24,Debit Card,Success,Online,M734
TXN001134,CUST1134,4/26/2023,Purchase,227.98,Cash,Success,In-store,M654
TXN001135,CUST1135,8/2/2024,Purchase,686.43,Cash,Success,Online,M282
TXN001136,CUST1136,10/25/2024,Purchase,85.37,UPI,Success,Online,M632
TXN001137,CUST1137,10/5/2024,Purchase,852.69,Cash,Success,Online,M877
TXN001138,CUST1138,2/6/2024,Purchase,500.2,Debit Card,Success,In-store,M789
TXN001139,CUST1139,10/26/2024,Purchase,485.78,Debit Card,Success,In-store,M878
TXN001140,CUST1140,2/8/2024,Refund,596.48,Credit Card,Success,In-store,M350
TXN001141,CUST1141,2/15/2025,Purchase,826.43,Debit Card,Success,Online,M629
TXN001142,CUST1142,9/4/2023,Purchase,354.33,Credit Card,Success,Online,M899
TXN001143,CUST1143,9/7/2024,Purchase,681.24,Debit Card,Success,In-store,M759
TXN001144,CUST1144,3/8/2024,Purchase,570.07,Cash,Success,Online,M444
TXN001145,CUST1145,7/11/2023,Purchase,274.36,UPI,Success,Online,M778
TXN001146,CUST1146,8/30/2024,Purchase,879.84,Debit Card,Success,In-store,M684
TXN001147,CUST1147,6/22/2023,Purchase,799.45,Credit Card,Success,Online,M587
TXN001148,CUST1148,1/2/2024,Purchase,661.87,Credit Card,Success,Online,M378
TXN001149,CUST1149,5/9/2023,Purchase,852.08,Debit Card,Success,Online,M550
TXN001150,CUST1150,7/24/2024,Refund,868.62,Credit Card,Success,Online,M555
TXN001151,CUST1151,4/14/2025,Refund,711.28,Debit Card,Success,Online,M544
TXN001152,CUST1152,2/3/2025,Purchase,838.64,Cash,Success,Online,M458
TXN001153,CUST1153,9/28/2024,Refund,700.5,UPI,Success,Online,M488
TXN001154,CUST1154,3/21/2025,Purchase,683.34,Cash,Success,Online,M898
TXN001155,CUST1155,12/23/2024,Purchase,622.43,Cash,Success,Online,M426
TXN001156,CUST1156,12/23/2024,Refund,755.19,Debit Card,Success,In-store,M696
TXN001157,CUST1157,2/26/2024,Purchase,167.02,Debit Card,Success,Online,M137
TXN001158,CUST1158,11/11/2023,Purchase,882.06,UPI,Success,Online,M592
TXN001159,CUST1159,4/4/2024,Purchase,873.13,Credit Card,Success,In-store,M119
TXN001160,CUST1160,4/26/2024,Purchase,38.95,Debit Card,Success,Online,M470
TXN001161,CUST1161,4/29/2024,Purchase,827.56,Debit Card,Success,Online,M433
TXN001162,CUST1162,2/14/2024,Purchase,137.58,Debit Card,Success,Online,M410
TXN001163,CUST1163,6/10/2023,Purchase,341.77,Debit Card,Success,In-store,M842
TXN001164,CUST1164,6/30/2024,Purchase,746.07,Cash,Success,Online,M727
TXN001165,CUST1165,11/3/2023,Purchase,169.15,Credit Card,Success,Online,M369
TXN001166,CUST1166,4/25/2024,Purchase,819.79,Cash,Success,Online,M764
TXN001167,CUST1167,10/29/2023,Purchase,833.81,Cash,Success,In-store,M912
TXN001168,CUST1168,5/17/2024,Purchase,512.39,Debit Card,Success,Online,M825
TXN001169,CUST1169,9/20/2024,Purchase,16.32,Credit Card,Success,In-store,M315
TXN001170,CUST1170,9/20/2024,Purchase,294.17,UPI,Success,Online,M753
TXN001171,CUST1171,3/16/2024,Purchase,620.76,UPI,Success,Online,M955
TXN001172,CUST1172,9/30/2023,Purchase,981.37,Cash,Success,Online,M413
TXN001173,CUST1173,8/29/2024,Purchase,635.5,Cash,Success,In-store,M327
TXN001174,CUST1174,2/16/2024,Purchase,267.21,Debit Card,Success,Online,M884
TXN001175,CUST1175,6/28/2023,Purchase,637.67,Credit Card,Success,Online,M542
TXN001176,CUST1176,5/16/2024,Purchase,544.59,UPI,Success,In-store,M649
TXN001177,CUST1177,6/17/2024,Purchase,782.05,Debit Card,Success,Online,M582
TXN001178,CUST1178,6/2/2023,Purchase,115.91,Debit Card,Success,Online,M773
TXN001179,CUST1179,7/5/2023,Purchase,763.42,Debit Card,Failed,In-store,M604
TXN001180,CUST1180,4/22/2024,Purchase,545.85,Cash,Success,Online,M204
TXN001181,CUST1181,8/19/2023,Purchase,963.36,Credit Card,Success,Online,M444
TXN001182,CUST1182,1/31/2025,Refund,348.45,Cash,Success,Online,M980
TXN001183,CUST1183,3/31/2025,Purchase,636.3,Credit Card,Success,Online,M520
TXN001184,CUST1184,7/20/2023,Purchase,932.71,Debit Card,Success,Online,M919
TXN001185,CUST1185,4/13/2025,Purchase,111.48,Debit Card,Success,Online,M677
TXN001186,CUST1186,12/24/2023,Purchase,937.86,UPI,Success,In-store,M278
TXN001187,CUST1187,12/9/2024,Purchase,691.01,Credit Card,Success,In-store,M244
TXN001188,CUST1188,6/5/2024,Purchase,77.16,UPI,Success,Online,M843
TXN001189,CUST1189,9/2/2023,Purchase,307.95,Cash,Success,In-store,M102
TXN001190,CUST1190,11/28/2024,Purchase,711.09,Debit Card,Success,In-store,M949
TXN001191,CUST1191,8/30/2024,Purchase,76.68,Credit Card,Success,Online,M696
TXN001192,CUST1192,9/10/2024,Purchase,586.35,UPI,Success,Online,M372
TXN001193,CUST1193,7/7/2024,Purchase,352.42,Credit Card,Success,In-store,M886
TXN001194,CUST1194,5/12/2024,Purchase,624.71,Cash,Success,Online,M727
TXN001195,CUST1195,4/15/2024,Purchase,55.28,UPI,Success,Online,M979
TXN001196,CUST1196,11/20/2024,Purchase,872.82,Credit Card,Success,Online,M155
TXN001197,CUST1197,10/1/2023,Purchase,973.75,Credit Card,Success,Online,M598
TXN001198,CUST1198,5/20/2023,Purchase,969.19,UPI,Failed,Online,M514
TXN001199,CUST1199,8/20/2023,Refund,752.16,Cash,Success,Online,M810
TXN001200,CUST1200,5/9/2024,Purchase,138.79,Credit Card,Success,Online,M346
TXN001201,CUST1201,12/7/2024,Purchase,760.68,Credit Card,Success,Online,M405
TXN001202,CUST1202,10/27/2023,Refund,34.34,UPI,Success,Online,M985
TXN001203,CUST1203,6/23/2024,Purchase,31.9,Cash,Success,Online,M215
TXN001204,CUST1204,5/2/2023,Purchase,330.37,Debit Card,Success,Online,M454
TXN001205,CUST1205,9/29/2024,Purchase,493.76,Debit Card,Success,Online,M315
TXN001206,CUST1206,6/17/2023,Purchase,772.7,UPI,Success,Online,M468
TXN001207,CUST1207,4/23/2023,Purchase,686.46,Debit Card,Success,Online,M707
TXN001208,CUST1208,3/24/2024,Purchase,451.44,Cash,Success,Online,M574
TXN001209,CUST1209,5/23/2023,Purchase,280.89,Debit Card,Success,Online,M577
TXN001210,CUST1210,6/17/2024,Purchase,997.15,Debit Card,Success,In-store,M227
TXN001211,CUST1211,6/1/2023,Purchase,431.92,Credit Card,Success,Online,M152
TXN001212,CUST1212,7/15/2023,Purchase,456.87,UPI,Success,Online,M779
TXN001213,CUST1213,3/1/2024,Purchase,171.99,UPI,Success,Online,M148
TXN001214,CUST1214,11/18/2024,Purchase,796.86,UPI,Success,Online,M212
TXN001215,CUST1215,1/31/2025,Purchase,696.75,Debit Card,Failed,Online,M226
TXN001216,CUST1216,1/27/2025,Purchase,228.56,Cash,Success,Online,M441
TXN001217,CUST1217,12/21/2024,Purchase,91.56,Debit Card,Success,Online,M758
TXN001218,CUST1218,9/16/2024,Purchase,683.69,UPI,Success,In-store,M358
TXN001219,CUST1219,11/7/2023,Purchase,657.97,Debit Card,Success,Online,M573
TXN001220,CUST1220,12/14/2023,Purchase,280.53,Debit Card,Success,In-store,M565
TXN001221,CUST1221,8/20/2024,Purchase,951.35,UPI,Success,In-store,M979
TXN001222,CUST1222,7/9/2023,Purchase,159.55,Debit Card,Success,Online,M334
TXN001223,CUST1223,12/29/2023,Purchase,438.01,UPI,Failed,Online,M884
TXN001224,CUST1224,12/2/2023,Purchase,944.18,Credit Card,Success,In-store,M394
TXN001225,CUST1225,10/28/2023,Purchase,425.53,Debit Card,Success,In-store,M729
TXN001226,CUST1226,1/20/2025,Refund,642.14,Cash,Success,In-store,M369
TXN001227,CUST1227,11/22/2024,Purchase,403.62,Debit Card,Success,In-store,M346
TXN001228,CUST1228,2/26/2025,Purchase,281.47,Debit Card,Success,Online,M779
TXN001229,CUST1229,6/28/2023,Refund,984.14,Credit Card,Success,In-store,M173
TXN001230,CUST1230,12/3/2023,Purchase,415.24,UPI,Success,Online,M938
TXN001231,CUST1231,2/8/2024,Purchase,895.16,Debit Card,Success,In-store,M775
TXN001232,CUST1232,8/13/2023,Purchase,237.66,Cash,Success,In-store,M368
TXN001233,CUST1233,5/24/2024,Purchase,220.97,UPI,Success,Online,M810
TXN001234,CUST1234,10/8/2023,Purchase,40.82,Debit Card,Success,In-store,M649
TXN001235,CUST1235,3/24/2025,Purchase,655.15,Cash,Success,Online,M595
TXN001236,CUST1236,6/23/2024,Purchase,374.84,Cash,Success,Online,M236
TXN001237,CUST1237,9/30/2024,Purchase,865.71,Credit Card,Success,In-store,M277
TXN001238,CUST1238,5/11/2023,Purchase,478.48,Cash,Success,In-store,M460
TXN001239,CUST1239,5/17/2023,Purchase,968.51,UPI,Success,In-store,M474
TXN001240,CUST1240,11/11/2024,Purchase,193.67,Cash,Success,Online,M579
TXN001241,CUST1241,7/22/2024,Purchase,869.94,Cash,Success,Online,M612
TXN001242,CUST1242,7/13/2023,Purchase,778.83,UPI,Success,Online,M444
TXN001243,CUST1243,3/24/2025,Purchase,773.21,Debit Card,Success,In-store,M510
TXN001244,CUST1244,6/2/2024,Purchase,846.34,Credit Card,Success,Online,M360
TXN001245,CUST1245,9/4/2023,Purchase,763.41,Cash,Success,In-store,M206
TXN001246,CUST1246,1/27/2025,Purchase,629.96,Debit Card,Success,Online,M328
TXN001247,CUST1247,12/7/2024,Refund,139.93,Credit Card,Success,In-store,M450
TXN001248,CUST1248,11/10/2023,Purchase,42.2,Debit Card,Success,Online,M376
TXN001249,CUST1249,11/3/2024,Purchase,921.64,Cash,Success,Online,M763
TXN001250,CUST1250,7/30/2024,Purchase,620.48,UPI,Success,In-store,M848
TXN001251,CUST1251,11/13/2024,Purchase,798.57,Cash,Success,Online,M749
TXN001252,CUST1252,11/22/2024,Purchase,486.71,Cash,Success,Online,M599
TXN001253,CUST1253,12/28/2024,Purchase,126.14,UPI,Success,Online,M416
TXN001254,CUST1254,1/11/2025,Purchase,133.93,UPI,Success,Online,M197
TXN001255,CUST1255,9/28/2024,Purchase,688.71,Credit Card,Success,Online,M502
TXN001256,CUST1256,8/3/2023,Refund,436,Debit Card,Success,Online,M646
TXN001257,CUST1257,4/4/2025,Purchase,208.52,UPI,Failed,Online,M436
TXN001258,CUST1258,4/23/2023,Purchase,496.68,Credit Card,Success,Online,M996
TXN001259,CUST1259,4/22/2024,Purchase,73.57,UPI,Success,Online,M764
TXN001260,CUST1260,6/12/2024,Refund,586.15,UPI,Success,In-store,M483
TXN001261,CUST1261,2/17/2024,Purchase,276.3,Debit Card,Success,Online,M578
TXN001262,CUST1262,7/29/2024,Purchase,799.58,Debit Card,Success,Online,M319
TXN001263,CUST1263,5/27/2023,Purchase,317.26,UPI,Success,Online,M734
TXN001264,CUST1264,7/17/2024,Purchase,460.67,Credit Card,Success,Online,M781
TXN001265,CUST1265,1/21/2025,Purchase,21.5,Debit Card,Success,Online,M421
TXN001266,CUST1266,3/8/2025,Purchase,81.72,Credit Card,Failed,Online,M255
TXN001267,CUST1267,11/11/2023,Purchase,398.57,Cash,Success,In-store,M343
TXN001268,CUST1268,2/18/2024,Purchase,485.14,UPI,Success,In-store,M981
TXN001269,CUST1269,2/13/2024,Purchase,604.02,UPI,Success,Online,M248
TXN001270,CUST1270,1/30/2024,Purchase,298.75,UPI,Success,Online,M649
TXN001271,CUST1271,4/20/2023,Purchase,698.03,Cash,Success,Online,M475
TXN001272,CUST1272,11/1/2024,Purchase,861.52,Credit Card,Success,Online,M481
TXN001273,CUST1273,12/25/2024,Purchase,782.05,Cash,Success,Online,M457
TXN001274,CUST1274,7/31/2024,Purchase,49.22,Debit Card,Success,Online,M665
TXN001275,CUST1275,11/23/2023,Purchase,485.7,UPI,Success,In-store,M118
TXN001276,CUST1276,9/16/2024,Purchase,113.88,Credit Card,Success,Online,M954
TXN001277,CUST1277,10/16/2024,Purchase,249.62,Debit Card,Success,Online,M893
TXN001278,CUST1278,9/25/2024,Purchase,986.8,UPI,Failed,In-store,M790
TXN001279,CUST1279,10/11/2024,Purchase,151.07,Credit Card,Success,Online,M867
TXN001280,CUST1280,11/26/2024,Purchase,503.9,Credit Card,Success,In-store,M696
TXN001281,CUST1281,10/24/2023,Refund,621.97,Cash,Success,Online,M904
TXN001282,CUST1282,12/21/2024,Purchase,705.44,UPI,Success,Online,M956
TXN001283,CUST1283,12/1/2024,Purchase,564.05,UPI,Success,Online,M452
TXN001284,CUST1284,12/20/2023,Purchase,19.67,UPI,Success,Online,M597
TXN001285,CUST1285,1/15/2024,Purchase,333.2,Credit Card,Success,Online,M864
TXN001286,CUST1286,9/4/2023,Purchase,522.53,Debit Card,Success,Online,M712
TXN001287,CUST1287,3/24/2024,Purchase,96.99,Debit Card,Success,In-store,M408
TXN001288,CUST1288,3/11/2025,Purchase,357.12,Cash,Success,Online,M952
TXN001289,CUST1289,5/3/2023,Purchase,42.87,Credit Card,Success,Online,M599
TXN001290,CUST1290,6/18/2024,Purchase,87.79,UPI,Success,Online,M470
TXN001291,CUST1291,11/1/2024,Purchase,402.95,Cash,Success,Online,M613
TXN001292,CUST1292,2/17/2024,Purchase,141.39,Cash,Success,Online,M200
TXN001293,CUST1293,9/30/2024,Purchase,571.87,Credit Card,Success,Online,M769
TXN001294,CUST1294,5/10/2024,Purchase,692.57,Debit Card,Success,Online,M518
TXN001295,CUST1295,6/20/2023,Purchase,802.58,Cash,Success,Online,M512
TXN001296,CUST1296,3/25/2025,Purchase,208.15,Debit Card,Success,Online,M145
TXN001297,CUST1297,4/23/2024,Purchase,175.81,Debit Card,Success,Online,M259
TXN001298,CUST1298,4/18/2024,Purchase,113.52,UPI,Success,In-store,M906
TXN001299,CUST1299,12/2/2024,Purchase,640.07,UPI,Success,Online,M643
TXN001300,CUST1300,2/24/2025,Purchase,709.41,Debit Card,Success,Online,M891
TXN001301,CUST1301,7/25/2024,Purchase,41.27,Cash,Success,In-store,M368
TXN001302,CUST1302,3/29/2025,Purchase,936.85,Cash,Success,Online,M743
TXN001303,CUST1303,8/15/2024,Purchase,61.45,Cash,Success,In-store,M755
TXN001304,CUST1304,9/5/2024,Purchase,545.88,Debit Card,Success,Online,M220
TXN001305,CUST1305,5/7/2024,Purchase,711.97,Credit Card,Success,Online,M895
TXN001306,CUST1306,5/9/2024,Purchase,872.26,Credit Card,Success,Online,M298
TXN001307,CUST1307,4/28/2024,Purchase,716.95,Debit Card,Success,In-store,M520
TXN001308,CUST1308,9/13/2023,Purchase,803.71,UPI,Success,In-store,M271
TXN001309,CUST1309,11/5/2023,Purchase,346.06,UPI,Success,Online,M344
TXN001310,CUST1310,10/22/2024,Refund,816.68,Credit Card,Success,Online,M318
TXN001311,CUST1311,5/13/2023,Purchase,89.31,Credit Card,Success,Online,M859
TXN001312,CUST1312,12/10/2024,Purchase,895.87,Debit Card,Success,In-store,M853
TXN001313,CUST1313,10/10/2023,Refund,552.12,Debit Card,Success,In-store,M770
TXN001314,CUST1314,5/5/2024,Purchase,819.12,UPI,Success,Online,M905
TXN001315,CUST1315,8/15/2024,Purchase,457.8,UPI,Success,Online,M753
TXN001316,CUST1316,12/22/2023,Purchase,647.14,Credit Card,Success,Online,M409
TXN001317,CUST1317,8/8/2024,Purchase,531.14,Credit Card,Success,Online,M554
TXN001318,CUST1318,9/10/2023,Purchase,734.27,Cash,Success,Online,M101
TXN001319,CUST1319,1/20/2025,Purchase,90.81,Credit Card,Success,Online,M407
TXN001320,CUST1320,10/21/2023,Purchase,69.75,UPI,Success,Online,M118
TXN001321,CUST1321,2/16/2025,Purchase,254.63,Debit Card,Success,In-store,M576
TXN001322,CUST1322,8/12/2023,Purchase,167.95,Credit Card,Success,Online,M204
TXN001323,CUST1323,11/27/2024,Purchase,873.07,Debit Card,Success,Online,M357
TXN001324,CUST1324,4/26/2024,Purchase,227.02,Debit Card,Success,Online,M510
TXN001325,CUST1325,1/25/2024,Purchase,976.11,Debit Card,Success,Online,M926
TXN001326,CUST1326,10/13/2023,Purchase,343.53,UPI,Success,In-store,M707
TXN001327,CUST1327,7/23/2023,Purchase,190.3,Cash,Success,In-store,M555
TXN001328,CUST1328,12/22/2023,Purchase,791.8,Cash,Success,In-store,M748
TXN001329,CUST1329,8/26/2023,Purchase,662.12,Cash,Success,Online,M833
TXN001330,CUST1330,4/9/2025,Purchase,503.21,UPI,Success,Online,M198
TXN001331,CUST1331,10/9/2024,Purchase,559.81,Credit Card,Success,In-store,M360
TXN001332,CUST1332,10/20/2024,Purchase,722.01,Debit Card,Success,Online,M847
TXN001333,CUST1333,11/13/2023,Purchase,236.17,Credit Card,Success,Online,M604
TXN001334,CUST1334,2/24/2025,Purchase,996.37,Debit Card,Success,Online,M785
TXN001335,CUST1335,4/18/2023,Purchase,975.05,Debit Card,Success,Online,M704
TXN001336,CUST1336,2/26/2024,Purchase,653.82,Debit Card,Success,Online,M600
TXN001337,CUST1337,4/23/2023,Purchase,207.55,UPI,Success,Online,M837
TXN001338,CUST1338,11/18/2024,Purchase,683.43,Credit Card,Success,Online,M928
TXN001339,CUST1339,8/15/2023,Purchase,81.48,Cash,Success,Online,M925
TXN001340,CUST1340,12/18/2024,Purchase,40.35,Debit Card,Success,In-store,M940
TXN001341,CUST1341,4/29/2023,Purchase,265.11,Debit Card,Success,Online,M810
TXN001342,CUST1342,1/7/2025,Purchase,468,Debit Card,Success,In-store,M351
TXN001343,CUST1343,6/19/2024,Purchase,869.59,Cash,Success,In-store,M397
TXN001344,CUST1344,6/21/2023,Purchase,729.9,Cash,Success,Online,M227
TXN001345,CUST1345,5/5/2024,Purchase,745.28,Credit Card,Success,Online,M669
TXN001346,CUST1346,3/29/2025,Purchase,431.24,Debit Card,Success,Online,M457
TXN001347,CUST1347,11/29/2024,Purchase,352.48,Debit Card,Success,Online,M830
TXN001348,CUST1348,10/2/2023,Purchase,377.33,Cash,Success,In-store,M427
TXN001349,CUST1349,12/27/2024,Purchase,987.77,Credit Card,Success,Online,M685
TXN001350,CUST1350,11/23/2023,Purchase,49.71,Credit Card,Success,Online,M448
TXN001351,CUST1351,8/28/2024,Purchase,868.36,Debit Card,Success,In-store,M142
TXN001352,CUST1352,10/10/2024,Purchase,582.89,Cash,Success,Online,M630
TXN001353,CUST1353,2/12/2024,Refund,444.23,Debit Card,Success,Online,M829
TXN001354,CUST1354,4/13/2025,Purchase,728.01,Cash,Success,In-store,M321
TXN001355,CUST1355,5/31/2023,Purchase,491.8,Cash,Success,Online,M611
TXN001356,CUST1356,4/13/2025,Purchase,874.69,UPI,Success,Online,M390
TXN001357,CUST1357,3/11/2024,Purchase,901.69,Debit Card,Success,Online,M481
TXN001358,CUST1358,9/30/2023,Purchase,427.5,Cash,Success,Online,M831
TXN001359,CUST1359,10/20/2024,Purchase,284.06,Credit Card,Success,Online,M884
TXN001360,CUST1360,1/29/2024,Refund,596.43,Debit Card,Success,Online,M512
TXN001361,CUST1361,11/5/2023,Purchase,913.24,Credit Card,Success,Online,M137
TXN001362,CUST1362,9/2/2023,Purchase,218.56,UPI,Success,Online,M225
TXN001363,CUST1363,10/5/2023,Purchase,626.74,Debit Card,Success,Online,M572
TXN001364,CUST1364,2/16/2024,Purchase,635.24,Debit Card,Success,Online,M126
TXN001365,CUST1365,5/28/2023,Refund,735.78,UPI,Success,Online,M295
TXN001366,CUST1366,8/23/2024,Purchase,140.25,Debit Card,Success,Online,M723
TXN001367,CUST1367,4/28/2023,Purchase,718.67,Credit Card,Success,Online,M944
TXN001368,CUST1368,12/27/2023,Purchase,909.94,Cash,Success,Online,M497
TXN001369,CUST1369,1/24/2024,Purchase,187.89,Credit Card,Success,Online,M203
TXN001370,CUST1370,8/9/2023,Refund,245.17,UPI,Success,Online,M119
TXN001371,CUST1371,11/6/2023,Purchase,971.68,Credit Card,Success,Online,M179
TXN001372,CUST1372,7/10/2024,Purchase,189.17,UPI,Success,Online,M571
TXN001373,CUST1373,10/8/2024,Refund,855.84,Debit Card,Success,Online,M456
TXN001374,CUST1374,4/11/2024,Refund,497.36,Debit Card,Success,Online,M730
TXN001375,CUST1375,12/8/2024,Purchase,254.76,Credit Card,Success,Online,M794
TXN001376,CUST1376,1/24/2024,Purchase,872.04,Debit Card,Success,Online,M131
TXN001377,CUST1377,5/12/2023,Purchase,450.85,UPI,Success,Online,M774
TXN001378,CUST1378,5/1/2024,Purchase,519.67,UPI,Success,In-store,M966
TXN001379,CUST1379,2/4/2025,Purchase,365.64,Cash,Failed,In-store,M140
TXN001380,CUST1380,2/2/2024,Purchase,597.02,Debit Card,Success,In-store,M876
TXN001381,CUST1381,7/18/2023,Purchase,171.89,Debit Card,Success,Online,M207
TXN001382,CUST1382,6/13/2023,Purchase,397.17,UPI,Success,Online,M548
TXN001383,CUST1383,8/28/2023,Purchase,969.72,UPI,Success,In-store,M867
TXN001384,CUST1384,9/7/2024,Purchase,265.55,UPI,Success,Online,M136
TXN001385,CUST1385,10/4/2023,Purchase,660.17,UPI,Success,In-store,M492
TXN001386,CUST1386,4/18/2024,Purchase,331.94,UPI,Success,Online,M571
TXN001387,CUST1387,2/27/2025,Purchase,775.74,Cash,Success,Online,M686
TXN001388,CUST1388,2/14/2024,Refund,139.56,Credit Card,Success,In-store,M909
TXN001389,CUST1389,1/27/2025,Purchase,970.12,Credit Card,Success,Online,M761
TXN001390,CUST1390,2/7/2025,Purchase,459.25,Cash,Success,In-store,M376
TXN001391,CUST1391,5/1/2024,Purchase,243.69,Debit Card,Success,Online,M688
TXN001392,CUST1392,6/27/2024,Purchase,82.76,Credit Card,Success,Online,M134
TXN001393,CUST1393,2/11/2024,Purchase,178.06,Debit Card,Success,Online,M600
TXN001394,CUST1394,7/16/2024,Refund,524.58,Credit Card,Failed,Online,M656
TXN001395,CUST1395,1/5/2024,Purchase,343.63,Cash,Success,Online,M542
TXN001396,CUST1396,7/24/2024,Purchase,830.59,Cash,Failed,In-store,M817
TXN001397,CUST1397,3/1/2025,Purchase,436.58,Cash,Success,In-store,M711
TXN001398,CUST1398,2/29/2024,Refund,256.23,UPI,Success,In-store,M282
TXN001399,CUST1399,2/5/2025,Purchase,620.97,UPI,Success,Online,M641
TXN001400,CUST1400,3/31/2025,Refund,709.71,Credit Card,Success,Online,M420
TXN001401,CUST1401,10/12/2023,Purchase,175.37,Cash,Success,Online,M421
TXN001402,CUST1402,4/10/2025,Purchase,175.94,Credit Card,Failed,In-store,M796
TXN001403,CUST1403,1/8/2025,Purchase,46.3,Debit Card,Success,Online,M200
TXN001404,CUST1404,2/11/2025,Purchase,739.04,Cash,Success,Online,M507
TXN001405,CUST1405,7/20/2024,Refund,667.17,Cash,Success,Online,M820
TXN001406,CUST1406,10/9/2024,Purchase,479.88,Cash,Success,Online,M259
TXN001407,CUST1407,4/4/2024,Purchase,845.73,Credit Card,Success,Online,M212
TXN001408,CUST1408,6/10/2023,Purchase,807.61,Cash,Failed,Online,M867
TXN001409,CUST1409,4/11/2025,Refund,589.5,Debit Card,Success,Online,M917
TXN001410,CUST1410,12/16/2023,Purchase,869.59,Credit Card,Success,Online,M473
TXN001411,CUST1411,12/18/2024,Purchase,213.78,Cash,Success,Online,M692
TXN001412,CUST1412,7/15/2024,Purchase,120.8,Cash,Success,Online,M929
TXN001413,CUST1413,2/6/2025,Purchase,277.05,Credit Card,Success,Online,M899
TXN001414,CUST1414,6/28/2024,Purchase,66.52,Credit Card,Success,Online,M342
TXN001415,CUST1415,1/18/2024,Refund,535.86,UPI,Success,Online,M780
TXN001416,CUST1416,6/17/2024,Purchase,937.24,Credit Card,Success,In-store,M662
TXN001417,CUST1417,6/9/2023,Purchase,48.95,UPI,Success,Online,M889
TXN001418,CUST1418,3/13/2024,Purchase,130.89,Cash,Success,Online,M910
TXN001419,CUST1419,12/31/2023,Purchase,457.68,Credit Card,Failed,In-store,M699
TXN001420,CUST1420,8/25/2023,Purchase,934.54,Credit Card,Success,Online,M534
TXN001421,CUST1421,9/25/2024,Purchase,322.99,Cash,Success,Online,M555
TXN001422,CUST1422,1/15/2024,Refund,512.16,Cash,Success,Online,M511
TXN001423,CUST1423,3/20/2025,Purchase,51.16,Debit Card,Success,Online,M793
TXN001424,CUST1424,5/1/2024,Refund,156.86,Cash,Success,Online,M355
TXN001425,CUST1425,2/12/2024,Purchase,986.76,UPI,Success,Online,M461
TXN001426,CUST1426,4/20/2024,Purchase,965.47,Debit Card,Success,Online,M302
TXN001427,CUST1427,5/28/2023,Purchase,14.89,Cash,Success,Online,M909
TXN001428,CUST1428,11/30/2023,Purchase,952.29,Credit Card,Success,Online,M538
TXN001429,CUST1429,7/27/2023,Purchase,642.73,Credit Card,Success,Online,M598
TXN001430,CUST1430,5/16/2023,Purchase,869.24,Credit Card,Success,In-store,M345
TXN001431,CUST1431,11/22/2023,Refund,460.19,Credit Card,Success,Online,M476
TXN001432,CUST1432,2/9/2024,Purchase,520.44,Cash,Success,Online,M789
TXN001433,CUST1433,10/28/2024,Purchase,493.96,Credit Card,Success,Online,M914
TXN001434,CUST1434,5/28/2024,Purchase,670.2,Debit Card,Success,In-store,M464
TXN001435,CUST1435,12/21/2023,Purchase,148.25,Cash,Success,Online,M820
TXN001436,CUST1436,2/21/2024,Purchase,39.67,Cash,Success,Online,M639
TXN001437,CUST1437,10/10/2024,Purchase,314.85,UPI,Success,In-store,M708
TXN001438,CUST1438,4/25/2023,Purchase,707.63,Credit Card,Success,Online,M517
TXN001439,CUST1439,12/12/2024,Refund,209.83,UPI,Failed,Online,M146
TXN001440,CUST1440,1/28/2024,Purchase,676.7,UPI,Success,In-store,M600
TXN001441,CUST1441,10/19/2024,Purchase,970.21,Credit Card,Success,In-store,M159
TXN001442,CUST1442,11/13/2024,Purchase,102.96,UPI,Success,Online,M565
TXN001443,CUST1443,11/10/2024,Purchase,675.88,Cash,Success,In-store,M231
TXN001444,CUST1444,8/22/2023,Purchase,449.31,Debit Card,Success,In-store,M236
TXN001445,CUST1445,8/8/2023,Purchase,869.46,Credit Card,Success,In-store,M646
TXN001446,CUST1446,1/2/2024,Purchase,185.38,UPI,Success,In-store,M651
TXN001447,CUST1447,11/17/2023,Purchase,695.7,Cash,Success,Online,M319
TXN001448,CUST1448,5/28/2023,Purchase,839.73,Debit Card,Success,Online,M376
TXN001449,CUST1449,12/11/2024,Purchase,945.17,Credit Card,Success,Online,M897
TXN001450,CUST1450,7/19/2023,Purchase,686.42,Cash,Success,Online,M187
TXN001451,CUST1451,3/5/2024,Purchase,502.2,Cash,Success,Online,M318
TXN001452,CUST1452,3/26/2024,Purchase,621.67,UPI,Failed,Online,M336
TXN001453,CUST1453,9/29/2023,Purchase,870.22,Debit Card,Success,Online,M920
TXN001454,CUST1454,10/28/2024,Purchase,574.9,UPI,Success,In-store,M453
TXN001455,CUST1455,11/14/2023,Purchase,40.08,Credit Card,Success,Online,M939
TXN001456,CUST1456,11/17/2023,Purchase,931.64,Debit Card,Success,In-store,M209
TXN001457,CUST1457,7/2/2023,Purchase,692.63,Cash,Success,In-store,M871
TXN001458,CUST1458,4/27/2024,Purchase,679.75,Debit Card,Success,Online,M298
TXN001459,CUST1459,5/3/2023,Purchase,223.52,Debit Card,Success,Online,M726
TXN001460,CUST1460,1/29/2024,Purchase,662.3,UPI,Success,Online,M107
TXN001461,CUST1461,7/25/2023,Purchase,399.93,UPI,Success,Online,M176
TXN001462,CUST1462,9/4/2023,Purchase,654.72,Debit Card,Success,Online,M378
TXN001463,CUST1463,7/24/2024,Purchase,115.53,Debit Card,Success,Online,M294
TXN001464,CUST1464,7/26/2023,Purchase,661.27,UPI,Success,In-store,M148
TXN001465,CUST1465,9/10/2023,Purchase,999.42,Debit Card,Success,Online,M718
TXN001466,CUST1466,4/1/2025,Refund,57.73,Credit Card,Success,Online,M579
TXN001467,CUST1467,3/3/2024,Purchase,977.4,Credit Card,Success,Online,M977
TXN001468,CUST1468,6/16/2023,Purchase,412.84,Debit Card,Success,In-store,M417
TXN001469,CUST1469,11/1/2023,Purchase,872.05,Debit Card,Success,Online,M268
TXN001470,CUST1470,1/4/2024,Purchase,784.56,UPI,Success,Online,M604
TXN001471,CUST1471,12/14/2024,Purchase,571.35,Debit Card,Failed,Online,M750
TXN001472,CUST1472,10/21/2024,Purchase,741.06,Cash,Success,Online,M417
TXN001473,CUST1473,4/2/2024,Purchase,879.73,Cash,Success,Online,M729
TXN001474,CUST1474,11/15/2023,Purchase,410.1,Credit Card,Success,Online,M332
TXN001475,CUST1475,4/2/2024,Purchase,333.76,UPI,Success,Online,M542
TXN001476,CUST1476,11/10/2024,Purchase,670.92,UPI,Success,In-store,M514
TXN001477,CUST1477,10/7/2023,Purchase,809.77,Credit Card,Success,Online,M971
TXN001478,CUST1478,6/22/2023,Purchase,764.66,Cash,Success,Online,M788
TXN001479,CUST1479,6/30/2023,Purchase,799.84,Debit Card,Success,Online,M330
TXN001480,CUST1480,6/8/2023,Purchase,441.23,Cash,Success,Online,M421
TXN001481,CUST1481,9/27/2023,Purchase,819.66,Credit Card,Success,Online,M591
TXN001482,CUST1482,9/1/2023,Purchase,129.01,Debit Card,Success,In-store,M829
TXN001483,CUST1483,11/9/2024,Refund,549.04,Cash,Success,Online,M890
TXN001484,CUST1484,8/14/2024,Purchase,15.7,Cash,Success,Online,M844
TXN001485,CUST1485,8/4/2024,Purchase,331.34,Credit Card,Success,Online,M681
TXN001486,CUST1486,1/8/2024,Refund,372.8,Credit Card,Success,In-store,M523
TXN001487,CUST1487,4/1/2024,Refund,402.21,UPI,Success,Online,M552
TXN001488,CUST1488,9/30/2023,Purchase,698.51,UPI,Success,Online,M887
TXN001489,CUST1489,8/26/2024,Purchase,394.67,UPI,Success,Online,M939
TXN001490,CUST1490,3/21/2025,Refund,454.21,Cash,Success,Online,M164
TXN001491,CUST1491,6/9/2024,Refund,245.17,Credit Card,Success,Online,M811
TXN001492,CUST1492,5/24/2023,Purchase,379.52,UPI,Success,In-store,M374
TXN001493,CUST1493,2/19/2024,Purchase,235,UPI,Success,Online,M632
TXN001494,CUST1494,3/20/2024,Purchase,82.46,Cash,Success,Online,M122
TXN001495,CUST1495,11/25/2024,Purchase,607.41,UPI,Success,In-store,M300
TXN001496,CUST1496,12/30/2024,Purchase,671.53,UPI,Success,In-store,M820
TXN001497,CUST1497,7/12/2023,Purchase,623.3,Debit Card,Success,In-store,M886
TXN001498,CUST1498,3/13/2024,Purchase,468.86,UPI,Success,Online,M974
TXN001499,CUST1499,3/12/2024,Purchase,385.99,Debit Card,Success,Online,M783
TXN001500,CUST1500,1/27/2025,Refund,864.7,UPI,Success,In-store,M111
TXN001501,CUST1501,3/9/2024,Purchase,523.89,Debit Card,Success,Online,M780
TXN001502,CUST1502,2/29/2024,Purchase,484.39,Credit Card,Success,Online,M152
TXN001503,CUST1503,6/26/2023,Purchase,35.39,Debit Card,Success,In-store,M567
TXN001504,CUST1504,3/28/2024,Refund,347.84,Debit Card,Success,In-store,M789
TXN001505,CUST1505,1/19/2024,Purchase,386.39,Cash,Success,Online,M838
TXN001506,CUST1506,4/28/2024,Purchase,404.83,Debit Card,Success,Online,M333
TXN001507,CUST1507,1/28/2024,Purchase,584.37,Debit Card,Success,Online,M923
TXN001508,CUST1508,12/13/2023,Purchase,538.27,Debit Card,Success,In-store,M472
TXN001509,CUST1509,7/2/2024,Purchase,611.83,Debit Card,Success,Online,M892
TXN001510,CUST1510,9/9/2024,Purchase,767.23,UPI,Success,In-store,M743
TXN001511,CUST1511,5/30/2024,Purchase,814.86,Debit Card,Success,Online,M547
TXN001512,CUST1512,2/22/2025,Purchase,720.94,UPI,Success,Online,M963
TXN001513,CUST1513,5/4/2024,Purchase,955.97,Debit Card,Success,Online,M473
TXN001514,CUST1514,9/18/2024,Purchase,28.05,UPI,Success,In-store,M674
TXN001515,CUST1515,11/24/2024,Purchase,203.82,UPI,Success,In-store,M933
TXN001516,CUST1516,4/18/2024,Purchase,17.49,UPI,Success,Online,M257
TXN001517,CUST1517,11/26/2023,Refund,651,Credit Card,Success,In-store,M499
TXN001518,CUST1518,9/6/2024,Purchase,899.05,Cash,Success,Online,M944
TXN001519,CUST1519,12/16/2024,Purchase,251.05,Credit Card,Success,Online,M125
TXN001520,CUST1520,9/13/2024,Purchase,927.76,Cash,Success,Online,M625
TXN001521,CUST1521,7/16/2024,Purchase,69.66,Debit Card,Success,Online,M278
TXN001522,CUST1522,6/2/2024,Purchase,935.09,Debit Card,Success,Online,M970
TXN001523,CUST1523,3/25/2025,Purchase,358.11,Debit Card,Success,Online,M450
TXN001524,CUST1524,1/7/2024,Purchase,110.41,UPI,Success,Online,M285
TXN001525,CUST1525,2/1/2024,Purchase,491.01,Debit Card,Success,Online,M785
TXN001526,CUST1526,5/1/2024,Refund,264.21,Cash,Success,Online,M525
TXN001527,CUST1527,5/13/2023,Purchase,292.02,Credit Card,Success,Online,M342
TXN001528,CUST1528,9/4/2024,Purchase,314.22,Credit Card,Failed,Online,M846
TXN001529,CUST1529,4/8/2024,Purchase,805,Cash,Success,In-store,M582
TXN001530,CUST1530,10/25/2024,Purchase,543.77,UPI,Success,Online,M929
TXN001531,CUST1531,10/2/2024,Purchase,318.19,Credit Card,Success,In-store,M705
TXN001532,CUST1532,12/1/2023,Purchase,614.23,Credit Card,Success,Online,M370
TXN001533,CUST1533,2/5/2024,Purchase,718.99,Debit Card,Success,Online,M824
TXN001534,CUST1534,9/19/2023,Purchase,279.9,Debit Card,Success,In-store,M897
TXN001535,CUST1535,4/8/2024,Purchase,419.41,Cash,Success,Online,M919
TXN001536,CUST1536,1/14/2024,Purchase,130.67,Debit Card,Success,Online,M169
TXN001537,CUST1537,10/4/2024,Purchase,189.34,UPI,Success,In-store,M244
TXN001538,CUST1538,9/24/2024,Purchase,684.31,Credit Card,Success,Online,M618
TXN001539,CUST1539,8/29/2023,Purchase,189.62,Cash,Success,In-store,M984
TXN001540,CUST1540,9/29/2023,Purchase,529.91,Cash,Success,Online,M881
TXN001541,CUST1541,5/5/2023,Purchase,711.96,UPI,Success,Online,M635
TXN001542,CUST1542,5/4/2024,Purchase,115.81,Debit Card,Success,Online,M499
TXN001543,CUST1543,12/10/2023,Refund,571.64,Debit Card,Success,Online,M539
TXN001544,CUST1544,2/11/2024,Refund,264,Cash,Success,In-store,M697
TXN001545,CUST1545,11/6/2023,Refund,963.3,Debit Card,Success,In-store,M206
TXN001546,CUST1546,7/22/2024,Refund,488.71,Credit Card,Success,Online,M190
TXN001547,CUST1547,2/11/2024,Purchase,807.93,Cash,Success,Online,M929
TXN001548,CUST1548,6/15/2024,Purchase,554.72,Debit Card,Success,In-store,M229
TXN001549,CUST1549,10/29/2023,Purchase,52.98,Debit Card,Success,Online,M788
TXN001550,CUST1550,3/1/2025,Purchase,636.82,UPI,Success,Online,M231
TXN001551,CUST1551,7/15/2023,Purchase,951.89,Credit Card,Success,In-store,M300
TXN001552,CUST1552,11/7/2024,Purchase,605.6,Credit Card,Success,Online,M915
TXN001553,CUST1553,8/16/2024,Purchase,821,Cash,Success,Online,M921
TXN001554,CUST1554,1/13/2024,Purchase,885.36,Debit Card,Success,In-store,M270
TXN001555,CUST1555,1/16/2025,Refund,235.8,UPI,Success,In-store,M177
TXN001556,CUST1556,8/3/2024,Purchase,219.92,Debit Card,Success,Online,M370
TXN001557,CUST1557,6/10/2023,Purchase,614.87,Credit Card,Success,In-store,M741
TXN001558,CUST1558,11/23/2024,Purchase,416.92,Credit Card,Success,Online,M773
TXN001559,CUST1559,2/10/2025,Purchase,841.46,Debit Card,Success,Online,M270
TXN001560,CUST1560,8/2/2023,Refund,901.02,Credit Card,Success,Online,M430
TXN001561,CUST1561,10/9/2023,Purchase,359.89,Credit Card,Success,Online,M987
TXN001562,CUST1562,6/14/2024,Purchase,244.5,Credit Card,Failed,Online,M262
TXN001563,CUST1563,1/1/2024,Purchase,782.72,Cash,Success,Online,M924
TXN001564,CUST1564,9/8/2024,Purchase,282.06,UPI,Success,Online,M486
TXN001565,CUST1565,12/16/2023,Purchase,824.39,Debit Card,Success,Online,M184
TXN001566,CUST1566,9/4/2023,Purchase,429.5,Cash,Success,Online,M210
TXN001567,CUST1567,11/12/2024,Purchase,670.87,Debit Card,Success,Online,M699
TXN001568,CUST1568,2/17/2024,Purchase,104.58,Credit Card,Success,Online,M600
TXN001569,CUST1569,2/11/2025,Purchase,627.62,UPI,Success,In-store,M908
TXN001570,CUST1570,6/14/2024,Purchase,457.25,Credit Card,Success,Online,M757
TXN001571,CUST1571,1/15/2024,Purchase,590.74,UPI,Success,In-store,M659
TXN001572,CUST1572,7/10/2024,Refund,176.33,Cash,Success,In-store,M681
TXN001573,CUST1573,2/16/2024,Purchase,739.51,Debit Card,Success,In-store,M925
TXN001574,CUST1574,12/15/2023,Purchase,864.17,UPI,Success,In-store,M250
TXN001575,CUST1575,8/24/2023,Purchase,224.57,UPI,Success,Online,M963
TXN001576,CUST1576,7/13/2023,Purchase,104.76,Debit Card,Success,Online,M441
TXN001577,CUST1577,6/2/2024,Purchase,33.4,UPI,Success,Online,M929
TXN001578,CUST1578,10/7/2024,Purchase,645.55,Credit Card,Success,In-store,M733
TXN001579,CUST1579,4/25/2023,Purchase,611.02,Debit Card,Success,Online,M985
TXN001580,CUST1580,2/13/2024,Purchase,551.23,Debit Card,Success,Online,M413
TXN001581,CUST1581,4/6/2024,Refund,239.63,Debit Card,Success,Online,M503
TXN001582,CUST1582,10/21/2023,Purchase,397,Cash,Success,Online,M876
TXN001583,CUST1583,3/28/2024,Purchase,598.53,Cash,Success,Online,M876
TXN001584,CUST1584,9/27/2023,Purchase,501.8,Debit Card,Success,In-store,M426
TXN001585,CUST1585,3/2/2024,Purchase,987.91,Cash,Success,Online,M562
TXN001586,CUST1586,8/25/2024,Purchase,145.08,Credit Card,Success,In-store,M370
TXN001587,CUST1587,2/21/2024,Purchase,698.19,Credit Card,Failed,Online,M744
TXN001588,CUST1588,4/12/2025,Purchase,410.28,Debit Card,Failed,In-store,M744
TXN001589,CUST1589,11/28/2024,Purchase,433.92,Debit Card,Success,In-store,M379
TXN001590,CUST1590,5/20/2023,Purchase,720.42,Debit Card,Success,Online,M486
TXN001591,CUST1591,1/19/2025,Purchase,695.51,Credit Card,Success,Online,M481
TXN001592,CUST1592,10/18/2024,Purchase,991.34,Cash,Success,Online,M816
TXN001593,CUST1593,10/11/2024,Purchase,137.11,UPI,Success,Online,M319
TXN001594,CUST1594,1/6/2025,Refund,113.07,Cash,Success,Online,M285
TXN001595,CUST1595,12/13/2023,Refund,727.1,Credit Card,Failed,In-store,M483
TXN001596,CUST1596,1/24/2025,Purchase,582.6,Debit Card,Success,Online,M802
TXN001597,CUST1597,6/23/2023,Purchase,281.42,Credit Card,Success,Online,M938
TXN001598,CUST1598,6/15/2024,Purchase,88.63,Cash,Success,In-store,M424
TXN001599,CUST1599,9/1/2023,Purchase,94.8,UPI,Success,Online,M386
TXN001600,CUST1600,1/18/2024,Purchase,895.25,UPI,Success,In-store,M393
TXN001601,CUST1601,10/27/2024,Purchase,199.95,Debit Card,Success,Online,M178
TXN001602,CUST1602,5/13/2024,Purchase,330.14,Cash,Success,Online,M212
TXN001603,CUST1603,7/12/2023,Purchase,234.39,Cash,Success,Online,M633
TXN001604,CUST1604,6/9/2024,Purchase,361.45,Cash,Success,In-store,M199
TXN001605,CUST1605,3/8/2025,Purchase,78.73,Cash,Success,Online,M916
TXN001606,CUST1606,3/7/2024,Purchase,523.87,UPI,Success,Online,M891
TXN001607,CUST1607,9/6/2023,Purchase,76.94,UPI,Success,In-store,M804
TXN001608,CUST1608,5/9/2023,Purchase,802.35,Cash,Success,Online,M645
TXN001609,CUST1609,4/14/2025,Purchase,241.37,UPI,Success,Online,M781
TXN001610,CUST1610,2/20/2025,Purchase,544.61,UPI,Success,Online,M970
TXN001611,CUST1611,7/11/2024,Purchase,881.28,Credit Card,Success,Online,M882
TXN001612,CUST1612,11/17/2023,Purchase,654.37,UPI,Success,Online,M812
TXN001613,CUST1613,6/9/2024,Refund,537.63,Cash,Success,In-store,M450
TXN001614,CUST1614,11/12/2024,Purchase,331.09,UPI,Success,In-store,M187
TXN001615,CUST1615,5/4/2024,Purchase,339.67,UPI,Success,In-store,M318
TXN001616,CUST1616,8/30/2023,Purchase,672.79,UPI,Success,Online,M491
TXN001617,CUST1617,5/11/2023,Purchase,994.2,Debit Card,Success,Online,M560
TXN001618,CUST1618,5/19/2024,Purchase,665.22,Debit Card,Success,Online,M292
TXN001619,CUST1619,8/9/2024,Purchase,562.21,Debit Card,Success,Online,M623
TXN001620,CUST1620,2/10/2025,Purchase,733.34,UPI,Success,In-store,M118
TXN001621,CUST1621,6/9/2023,Purchase,470.55,Cash,Success,In-store,M803
TXN001622,CUST1622,6/26/2024,Purchase,69.54,Cash,Success,Online,M446
TXN001623,CUST1623,6/2/2023,Purchase,566.67,Credit Card,Success,In-store,M247
TXN001624,CUST1624,12/16/2023,Purchase,958.05,Cash,Success,In-store,M159
TXN001625,CUST1625,1/27/2025,Purchase,183.55,Debit Card,Success,Online,M311
TXN001626,CUST1626,1/30/2024,Refund,693.1,Cash,Success,Online,M665
TXN001627,CUST1627,9/29/2023,Purchase,208.92,Cash,Success,Online,M945
TXN001628,CUST1628,9/6/2023,Purchase,540.47,UPI,Success,Online,M763
TXN001629,CUST1629,12/15/2024,Purchase,105.71,Debit Card,Success,Online,M758
TXN001630,CUST1630,2/21/2024,Purchase,455.87,Credit Card,Success,In-store,M652
TXN001631,CUST1631,8/24/2023,Purchase,758.6,Cash,Success,In-store,M202
TXN001632,CUST1632,7/11/2023,Purchase,354.1,Credit Card,Success,Online,M806
TXN001633,CUST1633,1/26/2025,Refund,668.26,UPI,Success,In-store,M707
TXN001634,CUST1634,10/23/2023,Purchase,797.5,Credit Card,Success,Online,M321
TXN001635,CUST1635,2/22/2024,Purchase,927.91,Credit Card,Success,Online,M555
TXN001636,CUST1636,12/10/2023,Refund,242.3,Debit Card,Success,Online,M957
TXN001637,CUST1637,6/3/2023,Purchase,405.32,Debit Card,Success,Online,M839
TXN001638,CUST1638,11/9/2023,Refund,160.89,Credit Card,Success,Online,M539
TXN001639,CUST1639,11/13/2024,Purchase,992.56,Cash,Success,Online,M625
TXN001640,CUST1640,1/6/2025,Purchase,927.73,Debit Card,Success,In-store,M408
TXN001641,CUST1641,7/27/2024,Purchase,544.56,Debit Card,Success,Online,M899
TXN001642,CUST1642,12/25/2024,Refund,843.61,Cash,Success,Online,M202
TXN001643,CUST1643,10/31/2023,Purchase,525.75,UPI,Success,Online,M649
TXN001644,CUST1644,4/29/2023,Purchase,627.35,Cash,Success,Online,M897
TXN001645,CUST1645,10/12/2023,Purchase,98.23,Debit Card,Success,In-store,M386
TXN001646,CUST1646,2/15/2024,Purchase,757.72,UPI,Success,Online,M982
TXN001647,CUST1647,4/24/2024,Purchase,136.44,UPI,Success,In-store,M608
TXN001648,CUST1648,10/25/2023,Purchase,827.81,Credit Card,Success,Online,M182
TXN001649,CUST1649,5/27/2023,Purchase,784.21,UPI,Success,Online,M366
TXN001650,CUST1650,6/23/2023,Refund,711.66,Credit Card,Success,Online,M491
TXN001651,CUST1651,6/10/2023,Purchase,45.8,Credit Card,Success,In-store,M786
TXN001652,CUST1652,5/27/2024,Purchase,310.1,Credit Card,Success,Online,M237
TXN001653,CUST1653,6/18/2023,Purchase,270.48,Cash,Success,Online,M269
TXN001654,CUST1654,4/2/2024,Refund,366.54,UPI,Success,In-store,M128
TXN001655,CUST1655,5/17/2024,Purchase,96.77,UPI,Success,Online,M176
TXN001656,CUST1656,3/21/2024,Purchase,937.59,Cash,Failed,Online,M367
TXN001657,CUST1657,11/17/2023,Purchase,558.26,UPI,Success,Online,M777
TXN001658,CUST1658,5/6/2024,Purchase,312.47,Debit Card,Success,Online,M634
TXN001659,CUST1659,3/4/2024,Purchase,403.01,Debit Card,Success,Online,M349
TXN001660,CUST1660,1/3/2025,Purchase,452.73,Credit Card,Success,Online,M303
TXN001661,CUST1661,9/27/2023,Purchase,604.59,Credit Card,Success,Online,M348
TXN001662,CUST1662,4/28/2024,Purchase,520.52,Debit Card,Success,In-store,M431
TXN001663,CUST1663,5/12/2023,Purchase,920.2,Debit Card,Failed,Online,M373
TXN001664,CUST1664,6/26/2024,Purchase,501.99,Debit Card,Success,Online,M161
TXN001665,CUST1665,7/7/2023,Purchase,992.24,UPI,Success,Online,M199
TXN001666,CUST1666,12/24/2024,Purchase,852.91,Credit Card,Success,Online,M213
TXN001667,CUST1667,3/11/2025,Purchase,216.43,Debit Card,Success,Online,M289
TXN001668,CUST1668,5/17/2023,Purchase,931.29,Credit Card,Success,In-store,M553
TXN001669,CUST1669,9/21/2024,Purchase,125.2,UPI,Success,Online,M273
TXN001670,CUST1670,5/11/2023,Purchase,819.28,Debit Card,Success,Online,M654
TXN001671,CUST1671,8/18/2023,Purchase,386.82,UPI,Success,Online,M312
TXN001672,CUST1672,10/7/2023,Purchase,879.19,Debit Card,Success,In-store,M498
TXN001673,CUST1673,2/10/2024,Purchase,869.38,Debit Card,Success,Online,M111
TXN001674,CUST1674,6/3/2024,Purchase,807.87,Cash,Failed,In-store,M300
TXN001675,CUST1675,7/12/2023,Purchase,792.13,Cash,Success,Online,M101
TXN001676,CUST1676,3/9/2025,Purchase,311.63,Debit Card,Success,Online,M620
TXN001677,CUST1677,12/31/2023,Purchase,90.11,Debit Card,Success,Online,M593
TXN001678,CUST1678,10/8/2024,Purchase,408.95,Debit Card,Success,Online,M999
TXN001679,CUST1679,11/22/2023,Purchase,181.79,Credit Card,Success,Online,M896
TXN001680,CUST1680,7/20/2024,Purchase,698,Debit Card,Success,In-store,M504
TXN001681,CUST1681,5/15/2023,Purchase,352.64,UPI,Success,In-store,M398
TXN001682,CUST1682,11/13/2023,Purchase,975.85,Credit Card,Success,Online,M579
TXN001683,CUST1683,8/13/2024,Purchase,644.56,Credit Card,Success,Online,M594
TXN001684,CUST1684,1/5/2025,Purchase,824.26,UPI,Success,Online,M147
TXN001685,CUST1685,2/13/2024,Purchase,141.2,Cash,Success,Online,M849
TXN001686,CUST1686,12/12/2023,Purchase,863.39,Credit Card,Success,In-store,M686
TXN001687,CUST1687,5/27/2023,Purchase,923.53,UPI,Success,In-store,M110
TXN001688,CUST1688,1/13/2024,Purchase,492.19,Credit Card,Success,Online,M531
TXN001689,CUST1689,8/13/2023,Purchase,610.19,Debit Card,Success,In-store,M777
TXN001690,CUST1690,7/13/2023,Purchase,767.16,Cash,Success,Online,M780
TXN001691,CUST1691,8/13/2023,Purchase,183.09,Cash,Success,Online,M594
TXN001692,CUST1692,8/2/2023,Purchase,507.54,Debit Card,Success,Online,M545
TXN001693,CUST1693,8/3/2024,Purchase,404.68,Credit Card,Success,In-store,M211
TXN001694,CUST1694,2/23/2024,Refund,154.91,UPI,Success,Online,M656
TXN001695,CUST1695,10/24/2023,Purchase,373.86,UPI,Success,Online,M342
TXN001696,CUST1696,8/25/2024,Purchase,77.49,Debit Card,Success,Online,M894
TXN001697,CUST1697,3/22/2025,Purchase,35.55,Debit Card,Success,Online,M576
TXN001698,CUST1698,3/2/2025,Refund,143.81,Credit Card,Success,Online,M486
TXN001699,CUST1699,6/23/2023,Purchase,963.48,Debit Card,Success,Online,M247
TXN001700,CUST1700,2/14/2025,Purchase,554.03,Credit Card,Success,In-store,M858
TXN001701,CUST1701,10/2/2024,Purchase,966.16,UPI,Success,Online,M718
TXN001702,CUST1702,6/15/2023,Purchase,438.17,Debit Card,Success,Online,M482
TXN001703,CUST1703,1/3/2025,Purchase,318.7,UPI,Success,Online,M102
TXN001704,CUST1704,8/15/2023,Purchase,511.08,Debit Card,Success,Online,M594
TXN001705,CUST1705,2/28/2024,Purchase,445.12,UPI,Success,Online,M531
TXN001706,CUST1706,9/7/2024,Purchase,114.61,UPI,Success,Online,M769
TXN001707,CUST1707,5/1/2023,Purchase,644.42,Debit Card,Success,Online,M594
TXN001708,CUST1708,12/21/2024,Purchase,223.88,UPI,Success,Online,M805
TXN001709,CUST1709,8/10/2023,Purchase,623.39,Debit Card,Success,Online,M958
TXN001710,CUST1710,8/11/2024,Purchase,653.7,UPI,Success,In-store,M167
TXN001711,CUST1711,11/12/2023,Purchase,160.5,Credit Card,Success,In-store,M751
TXN001712,CUST1712,8/10/2024,Purchase,70.74,Cash,Success,Online,M526
TXN001713,CUST1713,4/16/2025,Purchase,782.95,Debit Card,Success,In-store,M289
TXN001714,CUST1714,11/24/2024,Purchase,465.2,Debit Card,Success,Online,M196
TXN001715,CUST1715,11/4/2024,Purchase,67.58,UPI,Success,Online,M610
TXN001716,CUST1716,6/3/2023,Purchase,994.92,Debit Card,Success,Online,M250
TXN001717,CUST1717,1/26/2025,Purchase,67.2,Cash,Success,Online,M142
TXN001718,CUST1718,6/22/2024,Purchase,698.08,Debit Card,Success,In-store,M388
TXN001719,CUST1719,11/30/2024,Purchase,983.84,Credit Card,Success,Online,M658
TXN001720,CUST1720,6/21/2024,Purchase,246.79,Credit Card,Success,Online,M636
TXN001721,CUST1721,4/19/2023,Purchase,150.83,Cash,Success,In-store,M965
TXN001722,CUST1722,7/19/2023,Purchase,130.17,Credit Card,Success,In-store,M628
TXN001723,CUST1723,6/27/2023,Purchase,310.24,Credit Card,Success,Online,M504
TXN001724,CUST1724,12/5/2024,Purchase,110.04,Cash,Success,In-store,M674
TXN001725,CUST1725,6/1/2023,Purchase,695.24,UPI,Success,In-store,M150
TXN001726,CUST1726,8/10/2023,Purchase,71.67,Credit Card,Success,In-store,M772
TXN001727,CUST1727,12/13/2024,Refund,514.33,UPI,Success,In-store,M406
TXN001728,CUST1728,3/8/2025,Purchase,996.73,UPI,Success,In-store,M205
TXN001729,CUST1729,2/28/2024,Purchase,815.83,Cash,Success,Online,M613
TXN001730,CUST1730,10/31/2023,Purchase,619.07,Debit Card,Success,In-store,M499
TXN001731,CUST1731,11/12/2024,Purchase,313.19,Debit Card,Failed,Online,M933
TXN001732,CUST1732,12/20/2024,Purchase,627.66,Credit Card,Success,Online,M688
TXN001733,CUST1733,8/2/2024,Purchase,531.77,Credit Card,Success,Online,M327
TXN001734,CUST1734,11/3/2024,Purchase,431.82,UPI,Success,In-store,M145
TXN001735,CUST1735,6/30/2023,Purchase,139.4,UPI,Success,Online,M331
TXN001736,CUST1736,6/28/2024,Purchase,887.74,Cash,Success,In-store,M946
TXN001737,CUST1737,9/21/2024,Purchase,455.29,UPI,Success,Online,M787
TXN001738,CUST1738,7/21/2023,Purchase,202.68,Credit Card,Success,Online,M265
TXN001739,CUST1739,5/13/2024,Purchase,374.08,UPI,Success,Online,M496
TXN001740,CUST1740,6/6/2023,Purchase,419.99,Credit Card,Success,In-store,M965
TXN001741,CUST1741,3/26/2025,Purchase,829.26,Credit Card,Success,Online,M404
TXN001742,CUST1742,11/27/2023,Refund,736.28,Debit Card,Failed,Online,M770
TXN001743,CUST1743,1/24/2024,Purchase,771.61,Debit Card,Success,Online,M436
TXN001744,CUST1744,11/28/2024,Purchase,20.92,Cash,Success,Online,M914
TXN001745,CUST1745,7/12/2024,Purchase,421.99,UPI,Success,Online,M510
TXN001746,CUST1746,9/21/2023,Refund,486.53,Debit Card,Success,Online,M362
TXN001747,CUST1747,4/11/2024,Purchase,29,Debit Card,Success,In-store,M729
TXN001748,CUST1748,1/4/2025,Purchase,267.22,UPI,Success,In-store,M539
TXN001749,CUST1749,4/11/2024,Purchase,762.69,Debit Card,Success,Online,M578
TXN001750,CUST1750,7/6/2024,Purchase,145.74,UPI,Success,Online,M405
TXN001751,CUST1751,4/20/2024,Purchase,539.96,Credit Card,Success,Online,M211
TXN001752,CUST1752,8/15/2023,Purchase,223.05,UPI,Success,In-store,M702
TXN001753,CUST1753,4/3/2024,Purchase,22,UPI,Success,Online,M727
TXN001754,CUST1754,9/13/2024,Purchase,248.79,Credit Card,Success,In-store,M185
TXN001755,CUST1755,6/4/2023,Purchase,976.12,Debit Card,Success,Online,M510
TXN001756,CUST1756,4/30/2023,Refund,803.52,Cash,Success,Online,M137
TXN001757,CUST1757,4/22/2024,Purchase,959.98,Cash,Success,In-store,M430
TXN001758,CUST1758,5/7/2023,Purchase,492.98,Credit Card,Success,In-store,M835
TXN001759,CUST1759,2/26/2024,Purchase,118.64,Credit Card,Success,Online,M801
TXN001760,CUST1760,5/4/2024,Purchase,552.48,UPI,Success,Online,M870
TXN001761,CUST1761,10/5/2023,Purchase,459.83,Credit Card,Success,In-store,M336
TXN001762,CUST1762,2/1/2024,Purchase,845.91,UPI,Success,Online,M723
TXN001763,CUST1763,7/30/2023,Purchase,107.1,Credit Card,Success,Online,M798
TXN001764,CUST1764,10/3/2024,Purchase,493.36,Debit Card,Success,Online,M120
TXN001765,CUST1765,2/18/2024,Purchase,158.55,UPI,Success,Online,M496
TXN001766,CUST1766,12/11/2024,Purchase,331.43,UPI,Success,Online,M903
TXN001767,CUST1767,2/12/2024,Purchase,739.98,Cash,Success,Online,M356
TXN001768,CUST1768,11/9/2023,Purchase,481.26,Credit Card,Success,Online,M915
TXN001769,CUST1769,7/20/2024,Purchase,382.13,Cash,Success,Online,M916
TXN001770,CUST1770,6/1/2023,Purchase,400.53,Cash,Success,Online,M682
TXN001771,CUST1771,9/27/2023,Purchase,464.85,Debit Card,Success,Online,M133
TXN001772,CUST1772,1/14/2025,Refund,787.17,Debit Card,Success,In-store,M678
TXN001773,CUST1773,4/14/2024,Purchase,893.16,UPI,Success,Online,M836
TXN001774,CUST1774,7/17/2024,Purchase,955.78,Credit Card,Success,Online,M826
TXN001775,CUST1775,2/3/2025,Purchase,789.03,Cash,Success,Online,M868
TXN001776,CUST1776,11/11/2024,Purchase,322.25,Debit Card,Success,Online,M598
TXN001777,CUST1777,11/29/2024,Purchase,691.25,Cash,Success,In-store,M760
TXN001778,CUST1778,11/9/2023,Purchase,443.23,Cash,Success,Online,M115
TXN001779,CUST1779,5/25/2023,Purchase,262.12,Debit Card,Success,Online,M334
TXN001780,CUST1780,6/27/2023,Purchase,842.46,Cash,Success,Online,M405
TXN001781,CUST1781,9/1/2023,Purchase,48.04,UPI,Success,Online,M233
TXN001782,CUST1782,12/6/2024,Purchase,902.74,Credit Card,Success,Online,M444
TXN001783,CUST1783,12/19/2023,Refund,466.86,Credit Card,Success,Online,M933
TXN001784,CUST1784,11/16/2023,Purchase,640.83,Credit Card,Success,Online,M777
TXN001785,CUST1785,1/30/2025,Purchase,662.76,UPI,Success,In-store,M217
TXN001786,CUST1786,7/27/2023,Purchase,896.17,Credit Card,Success,In-store,M822
TXN001787,CUST1787,6/15/2023,Purchase,640.3,Credit Card,Success,Online,M710
TXN001788,CUST1788,12/12/2023,Purchase,617.79,Credit Card,Success,Online,M561
TXN001789,CUST1789,5/20/2024,Purchase,75.99,Debit Card,Success,Online,M799
TXN001790,CUST1790,4/9/2024,Purchase,523.22,UPI,Success,Online,M154
TXN001791,CUST1791,2/11/2025,Purchase,158.67,Credit Card,Success,Online,M226
TXN001792,CUST1792,12/15/2023,Purchase,740.06,Credit Card,Success,Online,M665
TXN001793,CUST1793,2/12/2025,Purchase,517.1,Credit Card,Success,Online,M170
TXN001794,CUST1794,5/27/2024,Purchase,683.43,Cash,Failed,In-store,M855
TXN001795,CUST1795,12/13/2024,Purchase,51.26,Debit Card,Success,Online,M984
TXN001796,CUST1796,8/28/2024,Purchase,93.94,UPI,Success,Online,M482
TXN001797,CUST1797,12/15/2023,Purchase,719.16,Cash,Success,Online,M672
TXN001798,CUST1798,1/10/2024,Purchase,81.36,Cash,Success,In-store,M687
TXN001799,CUST1799,12/28/2024,Purchase,80.54,Cash,Success,Online,M202
TXN001800,CUST1800,8/22/2024,Purchase,21.99,UPI,Success,In-store,M292
TXN001801,CUST1801,7/30/2024,Purchase,956.94,UPI,Success,Online,M506
TXN001802,CUST1802,6/26/2023,Purchase,740.13,Credit Card,Success,Online,M657
TXN001803,CUST1803,10/20/2024,Purchase,359.72,Debit Card,Success,In-store,M245
TXN001804,CUST1804,11/1/2023,Purchase,303.57,Cash,Success,Online,M693
TXN001805,CUST1805,8/26/2024,Refund,356.21,Cash,Success,Online,M500
TXN001806,CUST1806,11/12/2023,Purchase,776.91,UPI,Success,Online,M575
TXN001807,CUST1807,4/28/2023,Purchase,664.76,Credit Card,Success,Online,M111
TXN001808,CUST1808,10/21/2023,Purchase,193.34,UPI,Success,Online,M573
TXN001809,CUST1809,3/9/2024,Purchase,182.37,Debit Card,Success,In-store,M383
TXN001810,CUST1810,6/26/2023,Purchase,107.41,Credit Card,Success,Online,M279
TXN001811,CUST1811,11/14/2023,Purchase,663.7,Credit Card,Success,Online,M220
TXN001812,CUST1812,10/30/2023,Purchase,766.73,Credit Card,Success,Online,M440
TXN001813,CUST1813,3/31/2025,Purchase,272.4,Credit Card,Success,Online,M352
TXN001814,CUST1814,9/24/2024,Refund,30.74,Credit Card,Success,Online,M168
TXN001815,CUST1815,8/30/2023,Purchase,91.35,UPI,Success,In-store,M712
TXN001816,CUST1816,4/23/2024,Purchase,968.18,Credit Card,Success,Online,M354
TXN001817,CUST1817,10/23/2024,Purchase,302.49,Debit Card,Success,Online,M752
TXN001818,CUST1818,2/23/2024,Purchase,771.53,Cash,Success,Online,M507
TXN001819,CUST1819,2/28/2024,Purchase,628.42,Debit Card,Success,Online,M846
TXN001820,CUST1820,8/21/2023,Purchase,388.12,Debit Card,Success,Online,M241
TXN001821,CUST1821,5/9/2024,Purchase,213.63,Cash,Success,In-store,M899
TXN001822,CUST1822,7/21/2023,Refund,130.17,UPI,Success,Online,M995
TXN001823,CUST1823,2/2/2025,Purchase,618.86,Cash,Success,Online,M449
TXN001824,CUST1824,7/4/2024,Purchase,776.89,Debit Card,Success,Online,M275
TXN001825,CUST1825,7/31/2023,Purchase,647.47,Credit Card,Success,Online,M511
TXN001826,CUST1826,11/24/2024,Purchase,535,Cash,Success,In-store,M914
TXN001827,CUST1827,6/14/2024,Purchase,51.53,Cash,Success,In-store,M103
TXN001828,CUST1828,3/29/2024,Purchase,968.8,Credit Card,Success,Online,M243
TXN001829,CUST1829,2/18/2025,Purchase,800.73,Debit Card,Success,Online,M278
TXN001830,CUST1830,3/29/2025,Purchase,299.89,UPI,Failed,In-store,M215
TXN001831,CUST1831,11/18/2024,Purchase,980.17,UPI,Success,Online,M533
TXN001832,CUST1832,2/10/2025,Purchase,605.86,Debit Card,Success,In-store,M685
TXN001833,CUST1833,7/22/2024,Purchase,586.6,UPI,Success,Online,M852
TXN001834,CUST1834,3/19/2025,Purchase,750.59,Debit Card,Success,Online,M874
TXN001835,CUST1835,12/31/2023,Purchase,813.65,UPI,Success,Online,M125
TXN001836,CUST1836,10/13/2023,Purchase,659.91,Debit Card,Success,Online,M663
TXN001837,CUST1837,5/24/2023,Purchase,136.81,Cash,Success,Online,M824
TXN001838,CUST1838,11/21/2023,Refund,344.88,Cash,Success,In-store,M622
TXN001839,CUST1839,9/24/2023,Purchase,928.8,Cash,Success,Online,M566
TXN001840,CUST1840,10/17/2024,Purchase,232.37,Debit Card,Success,In-store,M475
TXN001841,CUST1841,2/22/2025,Purchase,378.45,Cash,Success,Online,M911
TXN001842,CUST1842,2/27/2024,Purchase,437.76,Credit Card,Success,Online,M382
TXN001843,CUST1843,4/26/2024,Purchase,445.01,Debit Card,Success,In-store,M626
TXN001844,CUST1844,11/9/2024,Purchase,616.81,Cash,Success,In-store,M110
TXN001845,CUST1845,1/9/2025,Purchase,943.65,UPI,Success,Online,M244
TXN001846,CUST1846,2/15/2024,Purchase,248.29,Credit Card,Success,Online,M985
TXN001847,CUST1847,4/7/2025,Purchase,130.29,Credit Card,Success,Online,M963
TXN001848,CUST1848,5/13/2024,Purchase,205.5,Debit Card,Success,In-store,M717
TXN001849,CUST1849,12/3/2024,Purchase,888.06,Credit Card,Success,Online,M337
TXN001850,CUST1850,6/1/2024,Purchase,649.35,Cash,Success,In-store,M303
TXN001851,CUST1851,3/3/2024,Purchase,293.05,Debit Card,Success,Online,M891
TXN001852,CUST1852,4/13/2025,Purchase,817.79,UPI,Failed,Online,M476
TXN001853,CUST1853,2/14/2024,Purchase,862.76,Debit Card,Success,Online,M658
TXN001854,CUST1854,10/14/2024,Purchase,848.05,Debit Card,Success,Online,M336
TXN001855,CUST1855,2/9/2025,Purchase,919.74,UPI,Failed,Online,M874
TXN001856,CUST1856,4/30/2023,Purchase,259.72,Credit Card,Success,Online,M615
TXN001857,CUST1857,5/18/2023,Purchase,757.49,UPI,Success,Online,M947
TXN001858,CUST1858,1/22/2024,Purchase,465.93,Cash,Success,Online,M405
TXN001859,CUST1859,2/5/2024,Purchase,843.58,Debit Card,Success,Online,M296
TXN001860,CUST1860,6/4/2024,Purchase,731.21,UPI,Success,In-store,M798
TXN001861,CUST1861,1/21/2025,Purchase,778.68,UPI,Success,Online,M959
TXN001862,CUST1862,9/12/2024,Purchase,659.6,Credit Card,Success,In-store,M736
TXN001863,CUST1863,9/29/2023,Purchase,185.65,UPI,Success,In-store,M754
TXN001864,CUST1864,10/3/2023,Purchase,549.58,Credit Card,Success,Online,M184
TXN001865,CUST1865,7/27/2024,Refund,984.82,Credit Card,Success,Online,M104
TXN001866,CUST1866,1/19/2024,Purchase,938.01,Cash,Success,Online,M518
TXN001867,CUST1867,11/7/2023,Purchase,52.74,Debit Card,Success,Online,M470
TXN001868,CUST1868,11/10/2023,Purchase,173.17,Cash,Success,Online,M559
TXN001869,CUST1869,11/25/2024,Purchase,140.41,Credit Card,Success,Online,M345
TXN001870,CUST1870,7/19/2024,Purchase,728.72,UPI,Success,Online,M922
TXN001871,CUST1871,6/22/2024,Purchase,819.61,Cash,Success,Online,M434
TXN001872,CUST1872,9/12/2024,Purchase,221.38,UPI,Failed,Online,M971
TXN001873,CUST1873,2/10/2024,Refund,510.79,Debit Card,Success,Online,M186
TXN001874,CUST1874,2/26/2024,Purchase,842.3,Credit Card,Success,Online,M591
TXN001875,CUST1875,12/20/2023,Purchase,735.47,UPI,Success,Online,M418
TXN001876,CUST1876,5/25/2023,Purchase,546.81,Cash,Failed,Online,M446
TXN001877,CUST1877,4/8/2025,Purchase,594.44,Debit Card,Success,Online,M359
TXN001878,CUST1878,12/26/2023,Purchase,513.28,Credit Card,Success,In-store,M486
TXN001879,CUST1879,9/21/2024,Refund,304.57,Credit Card,Success,Online,M687
TXN001880,CUST1880,1/28/2025,Purchase,569.37,Cash,Success,Online,M322
TXN001881,CUST1881,7/12/2023,Purchase,692,Cash,Success,Online,M890
TXN001882,CUST1882,6/10/2023,Purchase,874.59,UPI,Success,Online,M806
TXN001883,CUST1883,11/23/2023,Purchase,639.93,UPI,Success,Online,M822
TXN001884,CUST1884,1/10/2024,Purchase,763.51,Credit Card,Success,In-store,M453
TXN001885,CUST1885,12/6/2024,Purchase,168.47,UPI,Success,In-store,M225
TXN001886,CUST1886,4/24/2024,Purchase,466.94,Cash,Success,Online,M126
TXN001887,CUST1887,7/2/2023,Purchase,19.24,UPI,Success,Online,M997
TXN001888,CUST1888,10/5/2024,Purchase,254.21,Debit Card,Success,Online,M266
TXN001889,CUST1889,9/29/2024,Purchase,729.2,UPI,Success,Online,M852
TXN001890,CUST1890,7/14/2024,Purchase,991.89,UPI,Success,In-store,M183
TXN001891,CUST1891,4/16/2025,Purchase,108.19,Debit Card,Success,In-store,M411
TXN001892,CUST1892,12/25/2024,Purchase,407.48,UPI,Success,Online,M148
TXN001893,CUST1893,6/26/2023,Purchase,802.07,UPI,Success,In-store,M927
TXN001894,CUST1894,5/28/2024,Purchase,212,UPI,Success,In-store,M883
TXN001895,CUST1895,10/26/2024,Purchase,559.53,Debit Card,Success,In-store,M190
TXN001896,CUST1896,8/3/2023,Purchase,735.74,Credit Card,Failed,Online,M254
TXN001897,CUST1897,9/11/2024,Purchase,619.83,UPI,Success,Online,M656
TXN001898,CUST1898,1/30/2024,Purchase,196.14,Credit Card,Success,Online,M350
TXN001899,CUST1899,11/9/2024,Purchase,361.83,Debit Card,Success,Online,M293
TXN001900,CUST1900,2/12/2024,Purchase,785.95,Cash,Success,In-store,M188
TXN001901,CUST1901,6/17/2024,Purchase,558.68,Debit Card,Success,In-store,M685
TXN001902,CUST1902,7/17/2023,Purchase,15.18,UPI,Success,Online,M438
TXN001903,CUST1903,10/8/2023,Purchase,763.38,Cash,Success,In-store,M476
TXN001904,CUST1904,9/25/2023,Purchase,44.96,UPI,Success,Online,M625
TXN001905,CUST1905,3/3/2025,Purchase,748.28,Credit Card,Success,In-store,M750
TXN001906,CUST1906,10/14/2023,Purchase,210.46,Debit Card,Success,Online,M696
TXN001907,CUST1907,5/23/2024,Purchase,958.49,Credit Card,Success,Online,M823
TXN001908,CUST1908,4/18/2024,Purchase,374.26,UPI,Success,Online,M593
TXN001909,CUST1909,9/15/2023,Purchase,333.66,UPI,Success,Online,M679
TXN001910,CUST1910,6/17/2023,Purchase,157.4,UPI,Success,In-store,M692
TXN001911,CUST1911,4/26/2024,Purchase,312.55,UPI,Success,In-store,M112
TXN001912,CUST1912,3/5/2024,Purchase,877.88,Credit Card,Success,Online,M325
TXN001913,CUST1913,1/13/2025,Purchase,996.37,UPI,Failed,Online,M447
TXN001914,CUST1914,9/29/2023,Purchase,374.63,Cash,Failed,Online,M927
TXN001915,CUST1915,10/11/2023,Purchase,454.12,Debit Card,Success,Online,M876
TXN001916,CUST1916,2/9/2025,Purchase,724.85,Credit Card,Success,Online,M983
TXN001917,CUST1917,4/14/2024,Refund,887.33,UPI,Success,Online,M717
TXN001918,CUST1918,6/14/2023,Purchase,597.11,Credit Card,Success,Online,M564
TXN001919,CUST1919,11/2/2024,Purchase,397.61,UPI,Failed,Online,M202
TXN001920,CUST1920,11/9/2024,Refund,418.5,Debit Card,Success,Online,M604
TXN001921,CUST1921,9/22/2024,Purchase,698.66,UPI,Success,Online,M604
TXN001922,CUST1922,2/29/2024,Purchase,13.19,Credit Card,Success,Online,M183
TXN001923,CUST1923,4/1/2025,Purchase,623.39,Cash,Success,Online,M977
TXN001924,CUST1924,2/7/2025,Purchase,361.94,UPI,Success,In-store,M597
TXN001925,CUST1925,8/31/2024,Purchase,796.26,Credit Card,Success,In-store,M816
TXN001926,CUST1926,2/7/2024,Refund,102.06,Debit Card,Success,Online,M127
TXN001927,CUST1927,5/9/2023,Purchase,592.32,Cash,Success,Online,M296
TXN001928,CUST1928,11/3/2023,Purchase,486.16,UPI,Success,In-store,M133
TXN001929,CUST1929,4/5/2024,Purchase,645.9,Credit Card,Success,Online,M453
TXN001930,CUST1930,12/8/2024,Purchase,74.21,Credit Card,Success,Online,M520
TXN001931,CUST1931,8/22/2024,Purchase,584.18,Debit Card,Success,Online,M612
TXN001932,CUST1932,7/30/2023,Purchase,565.87,Credit Card,Success,Online,M562
TXN001933,CUST1933,3/28/2024,Purchase,565.05,Cash,Success,Online,M158
TXN001934,CUST1934,4/14/2024,Purchase,607.45,Debit Card,Success,In-store,M686
TXN001935,CUST1935,1/15/2025,Purchase,679.7,Cash,Success,In-store,M410
TXN001936,CUST1936,10/13/2023,Purchase,806.94,Debit Card,Success,Online,M175
TXN001937,CUST1937,9/14/2023,Purchase,277.12,Credit Card,Success,Online,M232
TXN001938,CUST1938,11/1/2024,Refund,826.8,Cash,Success,Online,M359
TXN001939,CUST1939,9/28/2024,Purchase,503.27,Debit Card,Success,Online,M815
TXN001940,CUST1940,6/23/2023,Purchase,86.29,Credit Card,Success,Online,M491
TXN001941,CUST1941,4/14/2024,Purchase,67.97,UPI,Success,Online,M104
TXN001942,CUST1942,4/21/2024,Refund,340.9,UPI,Success,In-store,M437
TXN001943,CUST1943,9/5/2023,Purchase,787.05,Debit Card,Success,In-store,M195
TXN001944,CUST1944,1/11/2024,Purchase,710.6,Debit Card,Success,Online,M501
TXN001945,CUST1945,9/4/2023,Purchase,790.73,UPI,Success,Online,M359
TXN001946,CUST1946,4/1/2025,Purchase,522.1,Debit Card,Success,Online,M653
TXN001947,CUST1947,7/2/2023,Purchase,445.8,UPI,Success,Online,M928
TXN001948,CUST1948,8/2/2024,Purchase,155.98,Credit Card,Success,In-store,M337
TXN001949,CUST1949,7/7/2023,Purchase,334.91,Debit Card,Success,Online,M879
TXN001950,CUST1950,7/12/2023,Purchase,439.68,Cash,Success,Online,M749
TXN001951,CUST1951,10/3/2023,Purchase,97.71,UPI,Success,Online,M746
TXN001952,CUST1952,9/6/2024,Purchase,228.41,Cash,Success,In-store,M668
TXN001953,CUST1953,10/29/2024,Purchase,602.24,UPI,Success,Online,M704
TXN001954,CUST1954,3/2/2024,Purchase,738.31,UPI,Success,Online,M428
TXN001955,CUST1955,6/15/2023,Purchase,998.36,Credit Card,Success,Online,M313
TXN001956,CUST1956,8/16/2023,Purchase,933.78,Credit Card,Success,In-store,M344
TXN001957,CUST1957,12/15/2024,Purchase,646.14,UPI,Success,Online,M558
TXN001958,CUST1958,1/26/2025,Purchase,427.04,Cash,Success,Online,M494
TXN001959,CUST1959,5/25/2024,Purchase,639.82,Cash,Failed,In-store,M672
TXN001960,CUST1960,9/11/2024,Refund,787.8,Debit Card,Success,Online,M365
TXN001961,CUST1961,6/20/2023,Purchase,127.15,UPI,Success,Online,M218
TXN001962,CUST1962,9/22/2023,Purchase,415.81,Cash,Success,In-store,M874
TXN001963,CUST1963,2/11/2025,Purchase,841.4,UPI,Success,Online,M670
TXN001964,CUST1964,2/15/2025,Purchase,389.99,UPI,Success,In-store,M564
TXN001965,CUST1965,9/18/2023,Purchase,576.15,Debit Card,Success,In-store,M882
TXN001966,CUST1966,10/5/2024,Purchase,591.89,Cash,Success,Online,M952
TXN001967,CUST1967,4/29/2024,Purchase,192.63,UPI,Success,Online,M513
TXN001968,CUST1968,11/29/2023,Purchase,368.61,Debit Card,Success,Online,M568
TXN001969,CUST1969,2/20/2024,Purchase,341.17,Cash,Success,Online,M575
TXN001970,CUST1970,4/4/2024,Purchase,35.93,Debit Card,Success,Online,M986
TXN001971,CUST1971,11/24/2023,Purchase,33.95,Debit Card,Success,Online,M783
TXN001972,CUST1972,2/20/2024,Purchase,833.38,Cash,Success,Online,M546
TXN001973,CUST1973,2/22/2024,Refund,280.34,Debit Card,Success,Online,M978
TXN001974,CUST1974,9/24/2023,Purchase,522.9,UPI,Success,Online,M162
TXN001975,CUST1975,7/10/2024,Purchase,305.74,UPI,Success,Online,M109
TXN001976,CUST1976,5/30/2024,Purchase,941.27,Credit Card,Success,Online,M497
TXN001977,CUST1977,3/28/2025,Purchase,266.7,Credit Card,Success,In-store,M386
TXN001978,CUST1978,6/19/2023,Purchase,435.36,UPI,Success,Online,M329
TXN001979,CUST1979,3/11/2025,Purchase,874,Credit Card,Success,In-store,M417
TXN001980,CUST1980,2/6/2025,Purchase,843.51,Debit Card,Success,Online,M432
TXN001981,CUST1981,10/25/2023,Purchase,194.24,Cash,Success,Online,M771
TXN001982,CUST1982,4/6/2025,Purchase,804.62,Cash,Success,Online,M963
TXN001983,CUST1983,1/30/2024,Purchase,463.61,Credit Card,Success,Online,M831
TXN001984,CUST1984,7/25/2024,Purchase,488.14,UPI,Success,In-store,M701
TXN001985,CUST1985,5/9/2023,Refund,142.15,Cash,Success,Online,M918
TXN001986,CUST1986,7/1/2024,Purchase,89.8,Cash,Success,Online,M833
TXN001987,CUST1987,7/18/2024,Refund,730.66,UPI,Success,Online,M565
TXN001988,CUST1988,2/27/2024,Purchase,501.5,Debit Card,Success,Online,M792
TXN001989,CUST1989,6/28/2023,Purchase,442.48,Cash,Success,In-store,M750
TXN001990,CUST1990,3/7/2024,Purchase,732.21,UPI,Success,In-store,M784
TXN001991,CUST1991,10/10/2024,Purchase,767.86,Debit Card,Success,In-store,M962
TXN001992,CUST1992,8/22/2024,Purchase,167.32,Cash,Success,In-store,M338
TXN001993,CUST1993,5/30/2023,Purchase,614.12,Cash,Success,Online,M962
TXN001994,CUST1994,8/28/2023,Purchase,144,UPI,Success,Online,M181
TXN001995,CUST1995,12/27/2024,Purchase,753.86,UPI,Success,Online,M754
TXN001996,CUST1996,10/28/2024,Purchase,660.39,Cash,Failed,In-store,M880
TXN001997,CUST1997,1/22/2025,Purchase,957.05,Credit Card,Success,Online,M583
TXN001998,CUST1998,6/5/2023,Purchase,78.27,UPI,Success,In-store,M878
TXN001999,CUST1999,6/16/2023,Purchase,66.48,Debit Card,Success,In-store,M342
TXN002000,CUST2000,3/29/2025,Purchase,289.37,Cash,Success,In-store,M145
TXN002001,CUST2001,6/21/2024,Purchase,269.09,UPI,Success,Online,M333
TXN002002,CUST2002,5/17/2024,Purchase,254.51,Debit Card,Success,In-store,M331
TXN002003,CUST2003,4/22/2024,Purchase,907.19,Debit Card,Success,Online,M281
TXN002004,CUST2004,4/20/2023,Purchase,257.05,Cash,Failed,Online,M370
TXN002005,CUST2005,12/14/2024,Purchase,279.23,Debit Card,Success,Online,M694
TXN002006,CUST2006,2/22/2025,Purchase,761.8,UPI,Success,Online,M910
TXN002007,CUST2007,11/13/2023,Purchase,455.24,UPI,Success,In-store,M530
TXN002008,CUST2008,6/4/2023,Purchase,778.94,Cash,Success,Online,M866
TXN002009,CUST2009,10/27/2024,Purchase,74.71,Cash,Success,In-store,M948
TXN002010,CUST2010,7/27/2024,Purchase,492.7,UPI,Success,Online,M839
TXN002011,CUST2011,7/31/2023,Purchase,43.28,UPI,Success,Online,M842
TXN002012,CUST2012,6/30/2024,Purchase,72.03,Cash,Success,Online,M562
TXN002013,CUST2013,10/28/2023,Purchase,907.37,UPI,Success,Online,M441
TXN002014,CUST2014,7/27/2024,Purchase,147.85,Cash,Success,Online,M873
TXN002015,CUST2015,8/9/2024,Purchase,537.1,Credit Card,Success,In-store,M611
TXN002016,CUST2016,10/26/2023,Purchase,416.98,Cash,Success,Online,M370
TXN002017,CUST2017,8/12/2024,Purchase,353.87,Credit Card,Success,In-store,M989
TXN002018,CUST2018,12/18/2024,Purchase,900.84,UPI,Success,Online,M448
TXN002019,CUST2019,5/25/2024,Purchase,31.61,Credit Card,Success,Online,M219
TXN002020,CUST2020,5/9/2024,Purchase,667.15,UPI,Success,Online,M898
TXN002021,CUST2021,5/5/2024,Purchase,963.76,UPI,Failed,Online,M100
TXN002022,CUST2022,1/31/2025,Refund,564.57,Cash,Success,Online,M409
TXN002023,CUST2023,10/24/2024,Purchase,937.45,UPI,Failed,In-store,M655
TXN002024,CUST2024,2/28/2024,Refund,61.74,Debit Card,Success,Online,M387
TXN002025,CUST2025,12/15/2023,Purchase,424.61,UPI,Success,Online,M646
TXN002026,CUST2026,3/1/2024,Purchase,267.56,Debit Card,Success,Online,M979
TXN002027,CUST2027,1/29/2025,Purchase,733.51,UPI,Success,Online,M144
TXN002028,CUST2028,2/14/2025,Purchase,981.48,Credit Card,Success,In-store,M700
TXN002029,CUST2029,5/7/2023,Purchase,263.96,Debit Card,Success,Online,M410
TXN002030,CUST2030,8/30/2023,Purchase,657.63,Credit Card,Success,Online,M817
TXN002031,CUST2031,4/29/2024,Purchase,206.12,Debit Card,Success,Online,M994
TXN002032,CUST2032,10/8/2024,Purchase,569.68,UPI,Success,Online,M549
TXN002033,CUST2033,6/19/2024,Purchase,469.29,Debit Card,Success,Online,M842
TXN002034,CUST2034,6/26/2024,Purchase,972.29,UPI,Success,Online,M921
TXN002035,CUST2035,4/3/2025,Purchase,612.44,Credit Card,Success,Online,M322
TXN002036,CUST2036,4/6/2025,Refund,356.01,UPI,Success,In-store,M963
TXN002037,CUST2037,7/16/2023,Purchase,122.95,Cash,Success,Online,M219
TXN002038,CUST2038,4/9/2024,Refund,159.73,Debit Card,Success,Online,M654
TXN002039,CUST2039,3/8/2024,Purchase,233.06,Debit Card,Success,Online,M194
TXN002040,CUST2040,2/14/2024,Purchase,258.46,Debit Card,Failed,In-store,M452
TXN002041,CUST2041,11/4/2023,Purchase,852.11,UPI,Failed,Online,M496
TXN002042,CUST2042,11/19/2023,Purchase,565.61,UPI,Success,Online,M120
TXN002043,CUST2043,4/22/2024,Purchase,528.16,UPI,Success,Online,M977
TXN002044,CUST2044,1/28/2025,Purchase,123.62,Debit Card,Success,Online,M449
TXN002045,CUST2045,11/6/2023,Purchase,861.54,Cash,Failed,In-store,M965
TXN002046,CUST2046,7/24/2024,Refund,725.59,Cash,Success,Online,M396
TXN002047,CUST2047,12/24/2023,Purchase,76.99,UPI,Success,Online,M266
TXN002048,CUST2048,5/24/2023,Purchase,710.76,Credit Card,Success,Online,M595
TXN002049,CUST2049,12/16/2024,Purchase,548.1,UPI,Success,In-store,M152
TXN002050,CUST2050,3/11/2024,Purchase,90.91,Credit Card,Success,Online,M565
TXN002051,CUST2051,7/15/2024,Purchase,463.72,Cash,Success,In-store,M708
TXN002052,CUST2052,5/15/2023,Purchase,489.85,Cash,Success,In-store,M898
TXN002053,CUST2053,8/15/2024,Purchase,174.12,Debit Card,Success,Online,M969
TXN002054,CUST2054,9/25/2024,Purchase,946.24,Debit Card,Success,Online,M697
TXN002055,CUST2055,9/18/2023,Purchase,851.48,Credit Card,Failed,Online,M468
TXN002056,CUST2056,10/28/2024,Purchase,672.33,Debit Card,Success,Online,M937
TXN002057,CUST2057,5/13/2023,Purchase,467.67,Debit Card,Success,In-store,M693
TXN002058,CUST2058,4/11/2024,Purchase,417.65,Cash,Success,Online,M835
TXN002059,CUST2059,7/30/2023,Purchase,654.46,Debit Card,Success,Online,M406
TXN002060,CUST2060,2/18/2025,Purchase,549.98,UPI,Success,In-store,M922
TXN002061,CUST2061,3/14/2024,Purchase,71.65,UPI,Success,In-store,M588
TXN002062,CUST2062,8/26/2023,Purchase,517.38,UPI,Success,In-store,M523
TXN002063,CUST2063,3/26/2025,Purchase,808.34,UPI,Success,Online,M951
TXN002064,CUST2064,4/10/2024,Refund,464.65,Debit Card,Success,In-store,M220
TXN002065,CUST2065,1/14/2025,Purchase,61.44,Credit Card,Success,In-store,M207
TXN002066,CUST2066,4/28/2024,Purchase,788.42,Cash,Success,In-store,M210
TXN002067,CUST2067,7/31/2024,Purchase,209.35,UPI,Success,Online,M152
TXN002068,CUST2068,4/29/2023,Purchase,266.03,Cash,Success,Online,M595
TXN002069,CUST2069,4/29/2023,Purchase,173.06,Cash,Success,Online,M689
TXN002070,CUST2070,1/22/2025,Purchase,336.91,UPI,Success,Online,M584
TXN002071,CUST2071,5/14/2024,Purchase,759.18,Cash,Success,Online,M501
TXN002072,CUST2072,5/3/2023,Purchase,524.19,Debit Card,Success,Online,M414
TXN002073,CUST2073,8/17/2023,Purchase,212.83,Cash,Success,Online,M560
TXN002074,CUST2074,10/24/2024,Purchase,879.05,Credit Card,Failed,In-store,M470
TXN002075,CUST2075,3/5/2024,Purchase,880.79,Credit Card,Success,Online,M396
TXN002076,CUST2076,11/4/2023,Purchase,871.87,Cash,Success,In-store,M789
TXN002077,CUST2077,1/4/2025,Purchase,246.41,UPI,Success,Online,M861
TXN002078,CUST2078,2/12/2024,Purchase,456.73,Debit Card,Success,In-store,M459
TXN002079,CUST2079,9/3/2023,Purchase,985.14,Debit Card,Failed,Online,M528
TXN002080,CUST2080,4/13/2024,Purchase,774.29,Cash,Success,In-store,M449
TXN002081,CUST2081,2/26/2024,Purchase,36.9,Cash,Success,Online,M572
TXN002082,CUST2082,6/26/2023,Refund,74.55,Debit Card,Success,Online,M253
TXN002083,CUST2083,9/22/2023,Purchase,469.29,UPI,Success,Online,M624
TXN002084,CUST2084,7/12/2023,Purchase,910.13,Credit Card,Success,Online,M678
TXN002085,CUST2085,2/25/2024,Purchase,543.31,UPI,Success,In-store,M909
TXN002086,CUST2086,5/9/2023,Purchase,502.83,UPI,Success,In-store,M566
TXN002087,CUST2087,8/9/2023,Purchase,114.42,UPI,Success,Online,M255
TXN002088,CUST2088,10/10/2024,Purchase,660.21,Debit Card,Success,Online,M270
TXN002089,CUST2089,9/9/2023,Purchase,823.88,Cash,Success,Online,M496
TXN002090,CUST2090,2/1/2024,Purchase,386.62,Credit Card,Success,Online,M799
TXN002091,CUST2091,7/6/2024,Purchase,777.86,UPI,Success,Online,M690
TXN002092,CUST2092,10/20/2023,Purchase,964.83,Debit Card,Success,In-store,M315
TXN002093,CUST2093,5/29/2024,Purchase,211.73,Credit Card,Success,Online,M403
TXN002094,CUST2094,11/17/2023,Purchase,528.1,Cash,Success,Online,M619
TXN002095,CUST2095,4/13/2025,Purchase,294.27,Cash,Success,In-store,M445
TXN002096,CUST2096,1/12/2024,Purchase,794.93,Debit Card,Success,Online,M374
TXN002097,CUST2097,7/30/2024,Purchase,581.82,Debit Card,Success,Online,M796
TXN002098,CUST2098,6/15/2024,Purchase,638.24,UPI,Success,Online,M125
TXN002099,CUST2099,3/10/2024,Purchase,799.94,UPI,Success,In-store,M876
TXN002100,CUST2100,7/13/2023,Purchase,402.01,Credit Card,Success,In-store,M308
TXN002101,CUST2101,2/25/2025,Purchase,915.94,Credit Card,Success,Online,M693
TXN002102,CUST2102,12/27/2024,Purchase,537.7,Cash,Success,Online,M110
TXN002103,CUST2103,10/18/2024,Refund,166.38,Credit Card,Success,In-store,M723
TXN002104,CUST2104,5/2/2023,Purchase,698.94,Credit Card,Success,Online,M619
TXN002105,CUST2105,12/27/2024,Purchase,795.33,Credit Card,Success,Online,M364
TXN002106,CUST2106,3/10/2024,Purchase,323.59,Credit Card,Success,In-store,M801
TXN002107,CUST2107,1/16/2024,Purchase,858.61,Cash,Success,Online,M489
TXN002108,CUST2108,3/1/2025,Purchase,907.08,UPI,Success,Online,M641
TXN002109,CUST2109,8/12/2024,Purchase,284.14,Debit Card,Success,Online,M978
TXN002110,CUST2110,4/19/2024,Purchase,983.69,Cash,Success,Online,M457
TXN002111,CUST2111,11/1/2023,Purchase,149.3,Cash,Success,Online,M859
TXN002112,CUST2112,12/16/2024,Purchase,210,Debit Card,Success,Online,M526
TXN002113,CUST2113,11/1/2023,Purchase,192.38,UPI,Success,Online,M111
TXN002114,CUST2114,7/2/2024,Purchase,895.05,Cash,Success,Online,M963
TXN002115,CUST2115,6/4/2023,Purchase,657.75,Cash,Success,Online,M544
TXN002116,CUST2116,11/15/2024,Purchase,160.58,UPI,Success,In-store,M488
TXN002117,CUST2117,5/6/2023,Purchase,445.92,UPI,Success,Online,M840
TXN002118,CUST2118,4/27/2023,Purchase,619.15,Cash,Success,Online,M704
TXN002119,CUST2119,3/7/2024,Purchase,92.63,Cash,Success,Online,M846
TXN002120,CUST2120,10/2/2023,Purchase,883.59,UPI,Success,In-store,M711
TXN002121,CUST2121,11/20/2023,Purchase,805.57,UPI,Success,Online,M286
TXN002122,CUST2122,5/13/2024,Purchase,510.15,Debit Card,Success,In-store,M986
TXN002123,CUST2123,11/22/2024,Purchase,967.46,Debit Card,Success,In-store,M765
TXN002124,CUST2124,5/29/2024,Purchase,423.58,UPI,Success,Online,M835
TXN002125,CUST2125,7/18/2024,Purchase,984.27,UPI,Success,Online,M983
TXN002126,CUST2126,4/17/2023,Purchase,671.24,Debit Card,Success,Online,M517
TXN002127,CUST2127,11/27/2023,Purchase,638.32,Debit Card,Success,Online,M169
TXN002128,CUST2128,4/21/2023,Purchase,174.3,UPI,Success,In-store,M323
TXN002129,CUST2129,12/15/2023,Purchase,883.11,Credit Card,Success,In-store,M631
TXN002130,CUST2130,9/24/2024,Purchase,433.21,UPI,Success,Online,M235
TXN002131,CUST2131,9/14/2024,Purchase,170.61,UPI,Failed,Online,M519
TXN002132,CUST2132,2/22/2024,Purchase,22.48,Credit Card,Success,Online,M900
TXN002133,CUST2133,4/11/2025,Purchase,564.16,Cash,Success,Online,M661
TXN002134,CUST2134,1/13/2024,Purchase,532.13,Credit Card,Success,Online,M587
TXN002135,CUST2135,4/27/2024,Purchase,722.16,UPI,Failed,In-store,M134
TXN002136,CUST2136,9/17/2023,Purchase,891.36,UPI,Success,In-store,M739
TXN002137,CUST2137,12/29/2023,Purchase,88.61,Cash,Failed,Online,M885
TXN002138,CUST2138,8/6/2023,Purchase,734.18,Debit Card,Success,In-store,M982
TXN002139,CUST2139,4/11/2024,Purchase,195.54,Debit Card,Success,Online,M553
TXN002140,CUST2140,5/5/2024,Purchase,859.6,UPI,Success,Online,M551
TXN002141,CUST2141,8/16/2024,Purchase,820.87,Cash,Success,Online,M567
TXN002142,CUST2142,8/25/2024,Purchase,545.39,Cash,Success,Online,M549
TXN002143,CUST2143,8/12/2023,Purchase,713.14,Cash,Success,Online,M710
TXN002144,CUST2144,3/3/2024,Purchase,321.21,Cash,Success,Online,M483
TXN002145,CUST2145,6/5/2024,Purchase,476.46,Cash,Success,In-store,M579
TXN002146,CUST2146,10/16/2023,Purchase,823.42,UPI,Success,Online,M141
TXN002147,CUST2147,8/8/2024,Purchase,464.67,Debit Card,Failed,Online,M875
TXN002148,CUST2148,11/26/2023,Purchase,364.22,Cash,Success,Online,M769
TXN002149,CUST2149,5/12/2023,Purchase,499.27,Credit Card,Success,Online,M310
TXN002150,CUST2150,3/26/2024,Purchase,829.97,Cash,Success,In-store,M683
TXN002151,CUST2151,11/9/2023,Purchase,341.86,Debit Card,Success,Online,M678
TXN002152,CUST2152,6/20/2024,Purchase,182.02,Debit Card,Success,In-store,M945
TXN002153,CUST2153,8/15/2023,Purchase,714.89,UPI,Success,Online,M516
TXN002154,CUST2154,9/20/2024,Purchase,827.72,Credit Card,Success,Online,M247
TXN002155,CUST2155,2/23/2025,Purchase,109.63,Cash,Success,Online,M485
TXN002156,CUST2156,4/2/2024,Purchase,247.48,Cash,Success,In-store,M328
TXN002157,CUST2157,11/13/2023,Refund,150.55,Credit Card,Success,In-store,M608
TXN002158,CUST2158,3/25/2025,Purchase,354.46,Debit Card,Success,In-store,M579
TXN002159,CUST2159,11/22/2023,Purchase,455.85,UPI,Success,Online,M703
TXN002160,CUST2160,12/31/2023,Purchase,751.34,Credit Card,Success,Online,M288
TXN002161,CUST2161,10/4/2023,Purchase,654.64,Cash,Success,In-store,M863
TXN002162,CUST2162,5/15/2024,Purchase,624.72,Credit Card,Success,Online,M927
TXN002163,CUST2163,1/10/2025,Purchase,358.85,Cash,Success,In-store,M877
TXN002164,CUST2164,7/11/2023,Purchase,843.03,Cash,Success,In-store,M554
TXN002165,CUST2165,11/8/2024,Purchase,476.57,UPI,Success,Online,M171
TXN002166,CUST2166,6/20/2023,Purchase,979.31,Cash,Success,Online,M786
TXN002167,CUST2167,7/15/2024,Refund,637.8,Cash,Success,Online,M904
TXN002168,CUST2168,10/11/2024,Purchase,135,Debit Card,Success,In-store,M187
TXN002169,CUST2169,2/1/2025,Refund,679.42,Cash,Success,Online,M156
TXN002170,CUST2170,11/21/2024,Purchase,331.85,UPI,Failed,In-store,M548
TXN002171,CUST2171,7/10/2024,Purchase,689.46,UPI,Success,Online,M877
TXN002172,CUST2172,7/13/2023,Purchase,78.94,Credit Card,Success,Online,M344
TXN002173,CUST2173,1/12/2024,Refund,183.13,Debit Card,Success,Online,M466
TXN002174,CUST2174,2/7/2025,Purchase,857.18,Cash,Success,In-store,M226
TXN002175,CUST2175,11/24/2023,Purchase,234.91,Cash,Success,In-store,M233
TXN002176,CUST2176,10/26/2023,Purchase,838.67,Debit Card,Success,Online,M667
TXN002177,CUST2177,3/24/2024,Purchase,286.48,Cash,Success,In-store,M711
TXN002178,CUST2178,9/5/2023,Purchase,646.45,UPI,Success,Online,M529
TXN002179,CUST2179,10/21/2023,Refund,697.21,UPI,Success,In-store,M276
TXN002180,CUST2180,3/5/2025,Purchase,517.53,Credit Card,Success,In-store,M291
TXN002181,CUST2181,3/17/2025,Refund,312.26,Cash,Success,In-store,M776
TXN002182,CUST2182,3/13/2024,Purchase,220.52,Cash,Success,Online,M912
TXN002183,CUST2183,12/28/2024,Purchase,42.86,Debit Card,Success,In-store,M133
TXN002184,CUST2184,10/1/2024,Purchase,310.91,Credit Card,Success,In-store,M516
TXN002185,CUST2185,9/6/2024,Purchase,656.63,Cash,Success,Online,M652
TXN002186,CUST2186,2/4/2025,Purchase,938.92,Cash,Success,In-store,M768
TXN002187,CUST2187,3/24/2024,Purchase,872.49,Debit Card,Success,Online,M271
TXN002188,CUST2188,10/25/2024,Purchase,768.4,Credit Card,Success,Online,M394
TXN002189,CUST2189,7/3/2024,Purchase,790.56,UPI,Success,In-store,M306
TXN002190,CUST2190,5/6/2024,Purchase,668.34,Cash,Success,Online,M267
TXN002191,CUST2191,6/7/2024,Purchase,267.68,Cash,Success,Online,M337
TXN002192,CUST2192,6/1/2023,Purchase,908.12,Cash,Success,Online,M297
TXN002193,CUST2193,11/17/2024,Purchase,674.02,Cash,Success,In-store,M800
TXN002194,CUST2194,7/2/2023,Purchase,564.84,Credit Card,Success,Online,M894
TXN002195,CUST2195,8/20/2023,Purchase,119.88,Cash,Success,Online,M347
TXN002196,CUST2196,12/6/2023,Purchase,452.58,UPI,Success,Online,M153
TXN002197,CUST2197,9/14/2023,Purchase,465.75,Credit Card,Success,Online,M906
TXN002198,CUST2198,5/5/2024,Purchase,865.92,Credit Card,Success,Online,M246
TXN002199,CUST2199,7/13/2023,Purchase,551.18,Cash,Success,Online,M320
TXN002200,CUST2200,9/4/2024,Purchase,386.6,Debit Card,Failed,In-store,M731
TXN002201,CUST2201,2/17/2024,Refund,977.03,Credit Card,Success,Online,M703
TXN002202,CUST2202,11/9/2024,Purchase,119.61,Credit Card,Success,In-store,M335
TXN002203,CUST2203,4/12/2024,Purchase,428.32,UPI,Success,Online,M358
TXN002204,CUST2204,1/22/2025,Purchase,51.6,Cash,Success,Online,M386
TXN002205,CUST2205,12/19/2023,Purchase,742.51,UPI,Success,Online,M488
TXN002206,CUST2206,4/21/2023,Purchase,918.9,Debit Card,Success,Online,M123
TXN002207,CUST2207,3/1/2025,Purchase,287.24,Debit Card,Success,Online,M906
TXN002208,CUST2208,3/25/2025,Purchase,859.76,Cash,Success,Online,M510
TXN002209,CUST2209,6/10/2024,Refund,299.3,Credit Card,Success,Online,M933
TXN002210,CUST2210,4/2/2024,Purchase,911.66,Debit Card,Success,Online,M825
TXN002211,CUST2211,6/18/2024,Purchase,756.42,Credit Card,Success,Online,M128
TXN002212,CUST2212,11/2/2024,Purchase,806.86,Debit Card,Success,In-store,M954
TXN002213,CUST2213,10/22/2024,Purchase,27.83,Cash,Success,Online,M968
TXN002214,CUST2214,7/20/2023,Purchase,963.18,UPI,Success,Online,M486
TXN002215,CUST2215,4/7/2025,Purchase,729.4,Debit Card,Failed,Online,M679
TXN002216,CUST2216,6/12/2023,Purchase,311.7,Credit Card,Success,Online,M364
TXN002217,CUST2217,10/18/2024,Purchase,831.1,Debit Card,Success,In-store,M824
TXN002218,CUST2218,6/4/2023,Refund,288.71,Credit Card,Success,Online,M332
TXN002219,CUST2219,9/24/2024,Purchase,874.03,UPI,Success,In-store,M796
TXN002220,CUST2220,9/6/2023,Purchase,121.45,Cash,Success,In-store,M102
TXN002221,CUST2221,3/7/2025,Purchase,706.65,Debit Card,Success,Online,M508
TXN002222,CUST2222,6/9/2023,Purchase,545.29,UPI,Success,Online,M726
TXN002223,CUST2223,7/29/2023,Purchase,105.57,Cash,Success,Online,M452
TXN002224,CUST2224,10/16/2023,Purchase,249.47,Credit Card,Success,Online,M770
TXN002225,CUST2225,2/7/2024,Purchase,22.28,Cash,Success,Online,M233
TXN002226,CUST2226,4/23/2023,Purchase,474.08,UPI,Success,Online,M295
TXN002227,CUST2227,2/18/2024,Purchase,308.25,Credit Card,Success,In-store,M449
TXN002228,CUST2228,11/22/2023,Purchase,602.37,Debit Card,Success,Online,M548
TXN002229,CUST2229,9/20/2023,Purchase,304.27,Credit Card,Success,In-store,M650
TXN002230,CUST2230,3/7/2024,Purchase,306.92,UPI,Success,Online,M501
TXN002231,CUST2231,9/18/2023,Purchase,745.76,Cash,Success,Online,M430
TXN002232,CUST2232,6/30/2023,Purchase,57.66,Credit Card,Success,Online,M897
TXN002233,CUST2233,8/10/2023,Purchase,903.87,Debit Card,Success,Online,M243
TXN002234,CUST2234,10/24/2023,Purchase,853.74,Credit Card,Success,Online,M713
TXN002235,CUST2235,6/11/2023,Purchase,671.13,UPI,Success,Online,M412
TXN002236,CUST2236,2/25/2025,Purchase,597.29,Cash,Success,Online,M192
TXN002237,CUST2237,8/11/2024,Purchase,893.38,UPI,Success,Online,M239
TXN002238,CUST2238,9/24/2023,Purchase,193.48,UPI,Success,In-store,M617
TXN002239,CUST2239,9/4/2024,Purchase,88.18,Credit Card,Success,In-store,M451
TXN002240,CUST2240,6/9/2024,Purchase,247.12,Cash,Success,Online,M348
TXN002241,CUST2241,2/21/2024,Refund,796.63,Credit Card,Success,Online,M593
TXN002242,CUST2242,9/27/2023,Purchase,44.32,Credit Card,Failed,Online,M832
TXN002243,CUST2243,1/8/2025,Purchase,586.98,Debit Card,Success,In-store,M954
TXN002244,CUST2244,3/2/2025,Purchase,995.48,UPI,Success,In-store,M149
TXN002245,CUST2245,5/14/2023,Purchase,857.14,UPI,Success,In-store,M133
TXN002246,CUST2246,5/7/2023,Refund,526.23,Cash,Success,Online,M904
TXN002247,CUST2247,8/18/2024,Purchase,73,Cash,Success,In-store,M491
TXN002248,CUST2248,2/24/2025,Purchase,833.06,UPI,Success,In-store,M982
TXN002249,CUST2249,6/30/2023,Purchase,602.99,Cash,Success,Online,M371
TXN002250,CUST2250,3/30/2025,Purchase,123.78,UPI,Success,Online,M359
TXN002251,CUST2251,2/7/2025,Purchase,102.92,Credit Card,Success,In-store,M643
TXN002252,CUST2252,9/17/2023,Purchase,910.53,Credit Card,Success,Online,M947
TXN002253,CUST2253,7/28/2024,Purchase,672.51,UPI,Success,In-store,M669
TXN002254,CUST2254,6/30/2023,Purchase,830.99,Credit Card,Success,In-store,M444
TXN002255,CUST2255,6/10/2023,Purchase,880.19,Credit Card,Success,In-store,M394
TXN002256,CUST2256,1/1/2024,Refund,576.05,Cash,Success,In-store,M644
TXN002257,CUST2257,12/22/2024,Purchase,522.27,UPI,Success,Online,M590
TXN002258,CUST2258,5/19/2023,Purchase,436.12,UPI,Success,Online,M898
TXN002259,CUST2259,8/10/2023,Purchase,323.78,UPI,Success,Online,M448
TXN002260,CUST2260,5/11/2023,Purchase,440.25,Debit Card,Success,Online,M351
TXN002261,CUST2261,4/29/2023,Purchase,776.14,Debit Card,Success,In-store,M209
TXN002262,CUST2262,3/1/2024,Purchase,605.9,Debit Card,Success,Online,M219
TXN002263,CUST2263,6/23/2023,Purchase,893.6,Credit Card,Success,Online,M692
TXN002264,CUST2264,8/7/2024,Purchase,448.95,Cash,Success,Online,M746
TXN002265,CUST2265,5/3/2023,Purchase,611.02,UPI,Success,Online,M871
TXN002266,CUST2266,12/11/2024,Purchase,634.99,Debit Card,Success,Online,M883
TXN002267,CUST2267,3/15/2024,Purchase,595.78,Cash,Success,Online,M918
TXN002268,CUST2268,3/23/2024,Purchase,705.61,UPI,Success,Online,M632
TXN002269,CUST2269,7/5/2024,Purchase,245.06,UPI,Success,Online,M902
TXN002270,CUST2270,12/9/2024,Purchase,517.24,UPI,Success,In-store,M110
TXN002271,CUST2271,5/7/2024,Purchase,113.18,UPI,Success,Online,M362
TXN002272,CUST2272,2/24/2025,Purchase,390.67,Cash,Success,Online,M270
TXN002273,CUST2273,9/21/2023,Purchase,492.79,Debit Card,Success,Online,M470
TXN002274,CUST2274,5/30/2024,Purchase,655.7,Debit Card,Success,In-store,M458
TXN002275,CUST2275,12/19/2024,Purchase,951.03,Credit Card,Success,Online,M418
TXN002276,CUST2276,4/15/2024,Purchase,604.64,Cash,Success,Online,M246
TXN002277,CUST2277,4/27/2024,Purchase,746.16,Debit Card,Success,Online,M642
TXN002278,CUST2278,1/12/2025,Purchase,511.2,Debit Card,Success,In-store,M921
TXN002279,CUST2279,7/22/2024,Purchase,637.76,Credit Card,Success,Online,M106
TXN002280,CUST2280,10/10/2024,Refund,80.22,UPI,Success,Online,M431
TXN002281,CUST2281,2/28/2024,Purchase,261.85,Credit Card,Success,Online,M353
TXN002282,CUST2282,3/12/2024,Purchase,368.23,Debit Card,Success,Online,M554
TXN002283,CUST2283,12/3/2024,Purchase,477.77,Debit Card,Success,Online,M520
TXN002284,CUST2284,6/30/2023,Purchase,55.19,UPI,Success,In-store,M878
TXN002285,CUST2285,4/6/2024,Purchase,148.62,UPI,Success,Online,M409
TXN002286,CUST2286,5/25/2023,Refund,284.05,UPI,Success,Online,M235
TXN002287,CUST2287,6/7/2024,Purchase,971.82,UPI,Success,Online,M473
TXN002288,CUST2288,10/14/2023,Refund,338.03,Cash,Success,Online,M441
TXN002289,CUST2289,4/5/2024,Purchase,487.22,UPI,Success,Online,M919
TXN002290,CUST2290,3/28/2024,Refund,204.14,Credit Card,Success,Online,M130
TXN002291,CUST2291,9/10/2023,Purchase,614.67,Cash,Success,Online,M591
TXN002292,CUST2292,5/22/2024,Refund,287.88,Cash,Success,Online,M670
TXN002293,CUST2293,2/9/2024,Purchase,214.92,Debit Card,Success,Online,M980
TXN002294,CUST2294,4/24/2023,Purchase,521.41,Cash,Success,In-store,M534
TXN002295,CUST2295,2/3/2025,Purchase,15.45,Cash,Success,Online,M663
TXN002296,CUST2296,9/22/2023,Purchase,17.59,Cash,Success,Online,M642
TXN002297,CUST2297,6/21/2024,Purchase,226.88,Debit Card,Success,In-store,M752
TXN002298,CUST2298,2/14/2024,Purchase,46.35,Cash,Success,Online,M557
TXN002299,CUST2299,8/19/2023,Purchase,116.95,Credit Card,Success,In-store,M657
TXN002300,CUST2300,2/14/2025,Purchase,345.47,Debit Card,Success,Online,M506
TXN002301,CUST2301,3/24/2024,Purchase,804.56,Debit Card,Success,Online,M128
TXN002302,CUST2302,10/11/2023,Purchase,576.33,Credit Card,Success,Online,M795
TXN002303,CUST2303,9/23/2024,Purchase,517.54,UPI,Success,Online,M284
TXN002304,CUST2304,7/27/2023,Purchase,300.55,Debit Card,Success,Online,M143
TXN002305,CUST2305,8/27/2023,Purchase,932.44,Debit Card,Success,Online,M334
TXN002306,CUST2306,7/9/2023,Purchase,403.04,Credit Card,Success,Online,M839
TXN002307,CUST2307,6/16/2023,Purchase,96.22,Credit Card,Success,Online,M704
TXN002308,CUST2308,11/22/2024,Purchase,620.9,Credit Card,Success,Online,M233
TXN002309,CUST2309,10/8/2023,Refund,122.7,Cash,Success,In-store,M272
TXN002310,CUST2310,11/24/2024,Purchase,351.77,Cash,Success,Online,M225
TXN002311,CUST2311,9/4/2024,Purchase,512.34,Debit Card,Success,In-store,M355
TXN002312,CUST2312,8/9/2024,Purchase,875.48,UPI,Success,Online,M176
TXN002313,CUST2313,7/31/2023,Purchase,498.61,UPI,Success,Online,M592
TXN002314,CUST2314,11/12/2023,Purchase,705.24,UPI,Success,Online,M135
TXN002315,CUST2315,6/27/2024,Purchase,992.89,Cash,Success,Online,M195
TXN002316,CUST2316,2/13/2024,Purchase,140.17,Cash,Success,Online,M736
TXN002317,CUST2317,4/24/2023,Purchase,281.98,Credit Card,Success,Online,M834
TXN002318,CUST2318,8/24/2023,Purchase,400.63,UPI,Success,Online,M433
TXN002319,CUST2319,5/13/2024,Purchase,427.61,Debit Card,Success,Online,M673
TXN002320,CUST2320,12/24/2023,Purchase,416.91,Cash,Success,Online,M510
TXN002321,CUST2321,6/25/2023,Purchase,908.53,UPI,Success,Online,M524
TXN002322,CUST2322,10/23/2023,Purchase,716.89,Cash,Success,Online,M313
TXN002323,CUST2323,11/29/2023,Purchase,611.83,Cash,Success,Online,M706
TXN002324,CUST2324,3/30/2024,Purchase,316.28,Cash,Success,Online,M894
TXN002325,CUST2325,4/12/2024,Purchase,825.55,Cash,Success,In-store,M690
TXN002326,CUST2326,8/12/2024,Purchase,955.51,Credit Card,Success,In-store,M777
TXN002327,CUST2327,5/1/2023,Purchase,822.99,Debit Card,Success,Online,M234
TXN002328,CUST2328,6/20/2024,Purchase,11.55,Credit Card,Success,Online,M652
TXN002329,CUST2329,2/23/2025,Refund,640.04,UPI,Success,In-store,M930
TXN002330,CUST2330,9/9/2024,Purchase,60.62,Credit Card,Success,Online,M583
TXN002331,CUST2331,5/18/2023,Purchase,265.03,UPI,Success,In-store,M679
TXN002332,CUST2332,9/6/2024,Purchase,68.93,UPI,Success,Online,M637
TXN002333,CUST2333,11/18/2023,Purchase,607.76,Cash,Success,In-store,M895
TXN002334,CUST2334,3/24/2024,Purchase,689.72,Cash,Success,Online,M595
TXN002335,CUST2335,7/31/2023,Purchase,123.34,Credit Card,Success,Online,M263
TXN002336,CUST2336,11/3/2023,Purchase,390,Debit Card,Success,Online,M631
TXN002337,CUST2337,2/29/2024,Purchase,461.67,Cash,Failed,Online,M608
TXN002338,CUST2338,6/1/2024,Purchase,375.36,UPI,Success,In-store,M307
TXN002339,CUST2339,5/11/2024,Purchase,129.81,Credit Card,Success,Online,M946
TXN002340,CUST2340,7/8/2024,Purchase,424.76,UPI,Success,Online,M916
TXN002341,CUST2341,2/27/2025,Purchase,753.67,UPI,Success,Online,M816
TXN002342,CUST2342,6/27/2023,Refund,80.3,Cash,Success,In-store,M178
TXN002343,CUST2343,3/11/2025,Purchase,89.38,Credit Card,Success,In-store,M357
TXN002344,CUST2344,1/19/2024,Purchase,361.22,Credit Card,Success,Online,M920
TXN002345,CUST2345,6/30/2023,Purchase,942.31,Credit Card,Success,Online,M261
TXN002346,CUST2346,6/7/2024,Purchase,671.89,Cash,Success,In-store,M924
TXN002347,CUST2347,3/16/2025,Purchase,681.88,Credit Card,Success,Online,M417
TXN002348,CUST2348,4/11/2024,Purchase,368.3,UPI,Success,In-store,M681
TXN002349,CUST2349,8/27/2023,Purchase,597.72,Credit Card,Success,Online,M470
TXN002350,CUST2350,4/22/2024,Purchase,20.03,Cash,Success,In-store,M916
TXN002351,CUST2351,11/4/2023,Purchase,639.74,UPI,Success,Online,M518
TXN002352,CUST2352,12/23/2024,Purchase,914.15,Credit Card,Success,Online,M277
TXN002353,CUST2353,10/19/2023,Purchase,616.45,Credit Card,Success,Online,M690
TXN002354,CUST2354,12/22/2023,Purchase,874.96,UPI,Success,Online,M937
TXN002355,CUST2355,10/13/2024,Purchase,726.73,UPI,Success,Online,M215
TXN002356,CUST2356,8/29/2024,Purchase,129.35,UPI,Success,In-store,M585
TXN002357,CUST2357,8/30/2023,Purchase,903.43,UPI,Success,Online,M782
TXN002358,CUST2358,1/7/2024,Purchase,75.78,UPI,Success,Online,M691
TXN002359,CUST2359,7/28/2023,Purchase,538.63,Debit Card,Success,In-store,M501
TXN002360,CUST2360,12/7/2024,Purchase,150.72,UPI,Success,Online,M417
TXN002361,CUST2361,12/6/2024,Purchase,21.59,Credit Card,Success,In-store,M407
TXN002362,CUST2362,4/17/2023,Refund,427.81,Credit Card,Success,Online,M217
TXN002363,CUST2363,12/22/2024,Purchase,302.09,Credit Card,Success,In-store,M537
TXN002364,CUST2364,10/17/2023,Purchase,491.14,Cash,Success,Online,M108
TXN002365,CUST2365,11/1/2024,Purchase,581.43,UPI,Success,Online,M340
TXN002366,CUST2366,7/30/2023,Purchase,53.3,Debit Card,Failed,Online,M299
TXN002367,CUST2367,11/24/2024,Purchase,131.77,Cash,Success,Online,M878
TXN002368,CUST2368,12/18/2023,Purchase,563.06,UPI,Success,In-store,M287
TXN002369,CUST2369,10/14/2024,Purchase,349.74,Cash,Failed,Online,M654
TXN002370,CUST2370,1/17/2025,Purchase,731.88,Credit Card,Failed,In-store,M670
TXN002371,CUST2371,11/17/2023,Purchase,655.77,UPI,Success,Online,M618
TXN002372,CUST2372,12/24/2024,Purchase,847.15,Cash,Success,Online,M106
TXN002373,CUST2373,12/13/2024,Purchase,695.57,Debit Card,Success,Online,M582
TXN002374,CUST2374,7/11/2023,Purchase,435.63,Cash,Success,Online,M104
TXN002375,CUST2375,11/25/2024,Purchase,676.24,Debit Card,Success,Online,M119
TXN002376,CUST2376,1/14/2024,Purchase,282.63,Debit Card,Success,Online,M431
TXN002377,CUST2377,4/6/2025,Purchase,313.25,Debit Card,Success,Online,M180
TXN002378,CUST2378,5/18/2024,Purchase,791.1,UPI,Success,Online,M818
TXN002379,CUST2379,11/10/2024,Purchase,451.96,UPI,Success,Online,M142
TXN002380,CUST2380,1/31/2025,Purchase,800.4,Debit Card,Success,Online,M283
TXN002381,CUST2381,4/18/2024,Purchase,824.2,Cash,Success,In-store,M639
TXN002382,CUST2382,2/15/2025,Purchase,858.99,Cash,Success,Online,M599
TXN002383,CUST2383,3/7/2025,Refund,917.47,Debit Card,Success,Online,M419
TXN002384,CUST2384,8/30/2023,Purchase,436.68,Cash,Success,Online,M446
TXN002385,CUST2385,8/12/2023,Purchase,325.68,Debit Card,Success,Online,M801
TXN002386,CUST2386,10/23/2024,Purchase,586.38,Cash,Failed,Online,M181
TXN002387,CUST2387,10/7/2024,Purchase,377.46,Credit Card,Failed,Online,M253
TXN002388,CUST2388,10/20/2023,Purchase,605.06,Cash,Success,Online,M121
TXN002389,CUST2389,12/8/2024,Purchase,708.53,Credit Card,Failed,Online,M250
TXN002390,CUST2390,6/21/2024,Purchase,691.52,UPI,Success,In-store,M797
TXN002391,CUST2391,7/8/2024,Purchase,380.81,Debit Card,Success,In-store,M263
TXN002392,CUST2392,4/24/2024,Purchase,175.19,Credit Card,Success,Online,M848
TXN002393,CUST2393,11/30/2024,Purchase,436.22,Debit Card,Success,In-store,M820
TXN002394,CUST2394,9/14/2023,Purchase,151.17,UPI,Success,Online,M771
TXN002395,CUST2395,10/14/2024,Purchase,891.2,Debit Card,Success,In-store,M870
TXN002396,CUST2396,8/26/2024,Purchase,352.42,Cash,Success,Online,M103
TXN002397,CUST2397,5/2/2024,Purchase,162.92,UPI,Success,Online,M184
TXN002398,CUST2398,6/24/2024,Purchase,35.19,Debit Card,Success,Online,M840
TXN002399,CUST2399,1/15/2025,Purchase,649.36,Cash,Success,Online,M600
TXN002400,CUST2400,11/13/2024,Purchase,640.53,Debit Card,Success,Online,M469
TXN002401,CUST2401,8/5/2024,Purchase,347.2,Cash,Success,Online,M404
TXN002402,CUST2402,3/26/2024,Refund,80.99,Credit Card,Success,In-store,M475
TXN002403,CUST2403,7/16/2024,Purchase,415.53,Credit Card,Success,Online,M378
TXN002404,CUST2404,11/29/2023,Purchase,318.11,UPI,Success,Online,M168
TXN002405,CUST2405,7/21/2024,Purchase,680.35,UPI,Success,Online,M507
TXN002406,CUST2406,3/4/2025,Purchase,609.72,UPI,Success,Online,M382
TXN002407,CUST2407,7/12/2023,Refund,370.95,Cash,Success,Online,M642
TXN002408,CUST2408,7/14/2024,Purchase,225.71,Debit Card,Success,Online,M610
TXN002409,CUST2409,5/1/2024,Purchase,988.16,Credit Card,Success,Online,M734
TXN002410,CUST2410,5/5/2024,Purchase,459.46,UPI,Success,In-store,M240
TXN002411,CUST2411,2/2/2024,Refund,691.39,Debit Card,Success,In-store,M774
TXN002412,CUST2412,7/5/2023,Purchase,149.15,Credit Card,Success,Online,M985
TXN002413,CUST2413,12/17/2024,Purchase,490.73,Credit Card,Success,Online,M812
TXN002414,CUST2414,11/15/2023,Purchase,37.26,UPI,Success,Online,M169
TXN002415,CUST2415,8/31/2024,Purchase,510.4,Credit Card,Success,Online,M156
TXN002416,CUST2416,7/15/2024,Purchase,964.38,UPI,Success,Online,M989
TXN002417,CUST2417,4/18/2023,Purchase,390.36,UPI,Success,Online,M375
TXN002418,CUST2418,4/23/2024,Purchase,48.61,Credit Card,Success,In-store,M515
TXN002419,CUST2419,6/11/2024,Purchase,40.65,Cash,Success,Online,M525
TXN002420,CUST2420,12/21/2023,Purchase,394.11,Debit Card,Success,Online,M234
TXN002421,CUST2421,4/9/2024,Purchase,168.42,Credit Card,Success,Online,M995
TXN002422,CUST2422,4/7/2025,Purchase,33.12,Cash,Success,Online,M577
TXN002423,CUST2423,5/16/2024,Purchase,758.65,Credit Card,Success,Online,M427
TXN002424,CUST2424,1/4/2024,Purchase,463.94,UPI,Success,Online,M765
TXN002425,CUST2425,9/6/2024,Refund,296.35,UPI,Success,Online,M857
TXN002426,CUST2426,5/5/2024,Purchase,901.08,Credit Card,Success,Online,M118
TXN002427,CUST2427,4/13/2024,Purchase,124.98,Credit Card,Success,In-store,M898
TXN002428,CUST2428,12/6/2024,Purchase,956.36,Debit Card,Success,Online,M200
TXN002429,CUST2429,9/15/2023,Purchase,320.83,Cash,Success,Online,M464
TXN002430,CUST2430,2/18/2025,Refund,889.52,UPI,Success,Online,M275
TXN002431,CUST2431,4/24/2024,Purchase,606.91,Debit Card,Success,In-store,M515
TXN002432,CUST2432,11/18/2024,Purchase,828.44,UPI,Failed,Online,M797
TXN002433,CUST2433,11/9/2024,Purchase,984.17,UPI,Success,Online,M796
TXN002434,CUST2434,10/5/2024,Purchase,295.52,Debit Card,Success,In-store,M684
TXN002435,CUST2435,7/28/2024,Purchase,961.52,Credit Card,Success,Online,M558
TXN002436,CUST2436,9/3/2024,Purchase,395.59,Cash,Success,In-store,M358
TXN002437,CUST2437,2/21/2024,Purchase,391.66,Debit Card,Success,Online,M382
TXN002438,CUST2438,11/15/2024,Purchase,346.98,Credit Card,Success,Online,M274
TXN002439,CUST2439,1/3/2025,Purchase,545.99,Debit Card,Success,In-store,M945
TXN002440,CUST2440,11/18/2024,Purchase,162.6,Credit Card,Success,In-store,M152
TXN002441,CUST2441,12/1/2024,Purchase,558.17,Credit Card,Success,Online,M335
TXN002442,CUST2442,4/29/2024,Purchase,546.29,Credit Card,Success,Online,M988
TXN002443,CUST2443,7/7/2024,Purchase,764.28,Cash,Success,Online,M838
TXN002444,CUST2444,2/18/2025,Purchase,835.31,Debit Card,Success,Online,M507
TXN002445,CUST2445,12/30/2024,Purchase,446.04,UPI,Success,Online,M156
TXN002446,CUST2446,5/29/2023,Purchase,309.31,Credit Card,Success,In-store,M592
TXN002447,CUST2447,4/23/2023,Purchase,266.74,Credit Card,Success,Online,M647
TXN002448,CUST2448,8/29/2024,Purchase,202.68,Cash,Success,Online,M885
TXN002449,CUST2449,3/21/2025,Purchase,67.07,Cash,Success,In-store,M449
TXN002450,CUST2450,2/11/2024,Refund,349.02,Credit Card,Success,Online,M399
TXN002451,CUST2451,7/24/2024,Purchase,277.55,UPI,Success,Online,M852
TXN002452,CUST2452,12/10/2023,Purchase,966.75,Credit Card,Success,In-store,M655
TXN002453,CUST2453,11/3/2024,Purchase,562.13,Cash,Success,In-store,M924
TXN002454,CUST2454,7/19/2023,Purchase,353.8,Debit Card,Success,In-store,M293
TXN002455,CUST2455,3/19/2025,Purchase,584.66,Cash,Success,In-store,M306
TXN002456,CUST2456,10/12/2024,Refund,147.8,Cash,Success,Online,M113
TXN002457,CUST2457,3/9/2025,Purchase,449.6,Credit Card,Success,In-store,M686
TXN002458,CUST2458,9/23/2023,Purchase,629.97,UPI,Success,Online,M481
TXN002459,CUST2459,2/5/2024,Purchase,494.01,Debit Card,Failed,Online,M619
TXN002460,CUST2460,7/24/2023,Purchase,407.76,Credit Card,Success,Online,M605
TXN002461,CUST2461,12/9/2023,Refund,993.91,Credit Card,Success,Online,M245
TXN002462,CUST2462,2/10/2024,Refund,881.51,Credit Card,Success,Online,M343
TXN002463,CUST2463,10/13/2024,Refund,627.17,Debit Card,Failed,Online,M805
TXN002464,CUST2464,6/23/2023,Purchase,573.68,Cash,Success,In-store,M668
TXN002465,CUST2465,9/19/2024,Purchase,624.45,UPI,Success,In-store,M321
TXN002466,CUST2466,7/29/2023,Purchase,209.3,UPI,Success,Online,M507
TXN002467,CUST2467,5/9/2023,Purchase,401.19,Credit Card,Success,In-store,M647
TXN002468,CUST2468,3/28/2025,Refund,49.06,Credit Card,Failed,In-store,M824
TXN002469,CUST2469,12/1/2024,Purchase,480.79,Cash,Failed,Online,M759
TXN002470,CUST2470,8/22/2023,Purchase,547.59,Cash,Success,Online,M110
TXN002471,CUST2471,12/19/2023,Purchase,235.47,Credit Card,Success,In-store,M536
TXN002472,CUST2472,3/24/2024,Purchase,964.39,Cash,Success,In-store,M150
TXN002473,CUST2473,3/25/2025,Purchase,910.36,UPI,Success,Online,M914
TXN002474,CUST2474,5/6/2023,Refund,724.92,UPI,Success,In-store,M190
TXN002475,CUST2475,6/28/2023,Purchase,538.05,Cash,Success,Online,M985
TXN002476,CUST2476,12/29/2024,Purchase,871.27,Debit Card,Success,Online,M365
TXN002477,CUST2477,11/17/2023,Purchase,139.35,Cash,Success,Online,M443
TXN002478,CUST2478,11/28/2024,Purchase,792.6,Debit Card,Success,Online,M556
TXN002479,CUST2479,6/2/2023,Purchase,133.57,Cash,Success,Online,M708
TXN002480,CUST2480,5/19/2024,Purchase,796.27,Cash,Success,Online,M257
TXN002481,CUST2481,3/30/2025,Purchase,283.01,Cash,Success,In-store,M334
TXN002482,CUST2482,7/23/2023,Purchase,878.32,Debit Card,Success,In-store,M237
TXN002483,CUST2483,9/22/2023,Purchase,944.6,UPI,Success,In-store,M510
TXN002484,CUST2484,9/27/2023,Purchase,157.31,Debit Card,Success,Online,M597
TXN002485,CUST2485,10/3/2024,Purchase,468.05,UPI,Failed,Online,M177
TXN002486,CUST2486,11/27/2023,Refund,981.18,Credit Card,Success,Online,M374
TXN002487,CUST2487,5/17/2024,Purchase,488.57,Cash,Success,In-store,M859
TXN002488,CUST2488,4/20/2024,Purchase,864.91,Debit Card,Success,Online,M779
TXN002489,CUST2489,7/21/2023,Purchase,592.84,Credit Card,Success,Online,M644
TXN002490,CUST2490,12/27/2024,Purchase,381.58,Cash,Success,Online,M450
TXN002491,CUST2491,10/9/2023,Purchase,292.93,Credit Card,Success,Online,M612
TXN002492,CUST2492,10/10/2024,Purchase,211.19,UPI,Success,Online,M820
TXN002493,CUST2493,10/22/2024,Purchase,764.18,UPI,Success,Online,M202
TXN002494,CUST2494,6/17/2024,Purchase,392.68,UPI,Success,In-store,M735
TXN002495,CUST2495,7/8/2023,Purchase,516.16,Debit Card,Success,Online,M749
TXN002496,CUST2496,6/10/2023,Purchase,497.4,Credit Card,Success,Online,M571
TXN002497,CUST2497,6/5/2023,Purchase,581.51,UPI,Success,Online,M107
TXN002498,CUST2498,12/1/2023,Purchase,866.92,Credit Card,Success,Online,M197
TXN002499,CUST2499,9/18/2024,Purchase,980.93,Debit Card,Success,Online,M473
TXN002500,CUST2500,11/22/2024,Purchase,413.51,Cash,Success,Online,M145
TXN002501,CUST2501,10/27/2023,Purchase,829.24,Cash,Success,In-store,M839
TXN002502,CUST2502,1/3/2025,Purchase,766.88,Credit Card,Success,In-store,M209
TXN002503,CUST2503,3/26/2024,Purchase,577.79,Debit Card,Failed,In-store,M679
TXN002504,CUST2504,11/12/2024,Purchase,956.49,UPI,Success,Online,M542
TXN002505,CUST2505,11/23/2024,Purchase,208.47,Debit Card,Success,Online,M608
TXN002506,CUST2506,10/2/2024,Refund,118.17,UPI,Success,In-store,M723
TXN002507,CUST2507,4/24/2023,Purchase,855.42,Debit Card,Success,Online,M967
TXN002508,CUST2508,3/29/2024,Purchase,444.76,Debit Card,Success,Online,M594
TXN002509,CUST2509,9/19/2024,Purchase,848.5,Cash,Success,Online,M785
TXN002510,CUST2510,12/21/2024,Purchase,894.16,Debit Card,Success,In-store,M235
TXN002511,CUST2511,7/18/2024,Purchase,71.83,Debit Card,Success,Online,M128
TXN002512,CUST2512,4/1/2024,Purchase,884.63,Debit Card,Success,Online,M732
TXN002513,CUST2513,7/16/2024,Purchase,453.84,Debit Card,Success,Online,M232
TXN002514,CUST2514,8/14/2023,Purchase,515.33,Debit Card,Success,Online,M458
TXN002515,CUST2515,6/4/2023,Purchase,630.33,Cash,Success,Online,M175
TXN002516,CUST2516,8/31/2024,Refund,927.12,Credit Card,Success,In-store,M685
TXN002517,CUST2517,7/13/2024,Purchase,28.92,Credit Card,Success,Online,M233
TXN002518,CUST2518,9/28/2024,Purchase,482.08,Credit Card,Success,Online,M147
TXN002519,CUST2519,12/20/2024,Purchase,690.84,Credit Card,Success,Online,M222
TXN002520,CUST2520,8/9/2023,Purchase,725.48,UPI,Success,Online,M968
TXN002521,CUST2521,7/4/2024,Purchase,695.61,Cash,Success,In-store,M675
TXN002522,CUST2522,8/6/2023,Purchase,143.09,Cash,Success,Online,M258
TXN002523,CUST2523,11/17/2023,Purchase,306.4,UPI,Success,Online,M662
TXN002524,CUST2524,2/22/2024,Purchase,365.13,Cash,Success,Online,M841
TXN002525,CUST2525,8/29/2024,Purchase,806.39,UPI,Success,Online,M838
TXN002526,CUST2526,3/23/2024,Purchase,285.97,Debit Card,Success,Online,M461
TXN002527,CUST2527,7/21/2024,Purchase,218.6,Cash,Success,Online,M229
TXN002528,CUST2528,8/2/2023,Purchase,957.87,Credit Card,Success,In-store,M343
TXN002529,CUST2529,8/23/2023,Purchase,18.77,Credit Card,Success,Online,M332
TXN002530,CUST2530,1/2/2024,Purchase,997.84,Credit Card,Success,Online,M821
TXN002531,CUST2531,2/28/2024,Purchase,680.05,Cash,Success,In-store,M252
TXN002532,CUST2532,2/24/2024,Purchase,830.18,Debit Card,Success,Online,M678
TXN002533,CUST2533,7/20/2024,Purchase,301.67,UPI,Success,Online,M560
TXN002534,CUST2534,12/17/2024,Purchase,24.17,UPI,Success,In-store,M961
TXN002535,CUST2535,9/5/2023,Purchase,740.49,Cash,Success,In-store,M103
TXN002536,CUST2536,10/21/2023,Purchase,835.8,Credit Card,Success,Online,M951
TXN002537,CUST2537,6/17/2024,Purchase,743.07,Credit Card,Success,Online,M375
TXN002538,CUST2538,11/1/2023,Purchase,151.42,Cash,Success,In-store,M689
TXN002539,CUST2539,2/26/2025,Purchase,755.89,Credit Card,Success,In-store,M762
TXN002540,CUST2540,4/22/2023,Purchase,771.23,Debit Card,Success,Online,M971
TXN002541,CUST2541,5/22/2023,Refund,661.96,Cash,Success,Online,M302
TXN002542,CUST2542,10/5/2024,Purchase,768.45,Credit Card,Success,Online,M872
TXN002543,CUST2543,8/22/2024,Purchase,847.46,Debit Card,Success,In-store,M588
TXN002544,CUST2544,4/10/2025,Purchase,617.47,Cash,Success,In-store,M699
TXN002545,CUST2545,9/1/2024,Purchase,97.72,Debit Card,Success,In-store,M448
TXN002546,CUST2546,11/1/2024,Purchase,492.75,Cash,Success,Online,M617
TXN002547,CUST2547,6/25/2024,Purchase,86.87,Debit Card,Success,Online,M265
TXN002548,CUST2548,8/27/2024,Purchase,413.47,Cash,Success,In-store,M707
TXN002549,CUST2549,6/2/2023,Purchase,413.04,Cash,Success,Online,M205
TXN002550,CUST2550,2/16/2024,Purchase,75.35,Credit Card,Success,Online,M451
TXN002551,CUST2551,6/19/2024,Purchase,355.33,Debit Card,Success,In-store,M648
TXN002552,CUST2552,5/11/2024,Purchase,119.89,UPI,Success,Online,M746
TXN002553,CUST2553,4/15/2024,Refund,810.15,Credit Card,Success,Online,M480
TXN002554,CUST2554,10/2/2024,Refund,948.21,Debit Card,Success,Online,M430
TXN002555,CUST2555,5/29/2024,Purchase,81.59,Debit Card,Success,In-store,M930
TXN002556,CUST2556,4/20/2023,Purchase,955.56,UPI,Success,In-store,M227
TXN002557,CUST2557,6/15/2024,Refund,527.35,Credit Card,Success,Online,M179
TXN002558,CUST2558,8/20/2024,Purchase,306.57,UPI,Success,In-store,M539
TXN002559,CUST2559,2/7/2024,Purchase,86.09,Debit Card,Failed,Online,M962
TXN002560,CUST2560,9/1/2024,Purchase,505.62,UPI,Success,Online,M316
TXN002561,CUST2561,12/5/2024,Purchase,796.57,Cash,Success,Online,M921
TXN002562,CUST2562,8/17/2023,Purchase,710.02,Cash,Success,Online,M718
TXN002563,CUST2563,12/9/2024,Purchase,59.72,UPI,Success,Online,M761
TXN002564,CUST2564,10/23/2024,Purchase,82.17,Cash,Success,In-store,M554
TXN002565,CUST2565,1/13/2025,Purchase,408.84,UPI,Success,Online,M185
TXN002566,CUST2566,3/12/2025,Purchase,302.34,Credit Card,Success,Online,M389
TXN002567,CUST2567,8/22/2024,Purchase,240.06,Credit Card,Failed,In-store,M715
TXN002568,CUST2568,12/28/2023,Purchase,288.19,UPI,Success,Online,M268
TXN002569,CUST2569,9/3/2024,Purchase,805.45,Credit Card,Success,Online,M119
TXN002570,CUST2570,4/10/2025,Purchase,929.94,UPI,Success,Online,M906
TXN002571,CUST2571,9/26/2023,Purchase,411.05,Debit Card,Success,Online,M577
TXN002572,CUST2572,6/29/2024,Purchase,907.05,UPI,Success,Online,M442
TXN002573,CUST2573,9/24/2024,Purchase,328.28,Credit Card,Success,Online,M950
TXN002574,CUST2574,5/16/2023,Purchase,481.67,Credit Card,Success,Online,M570
TXN002575,CUST2575,8/11/2024,Purchase,233.77,Credit Card,Success,In-store,M409
TXN002576,CUST2576,8/2/2023,Purchase,644.07,UPI,Success,Online,M812
TXN002577,CUST2577,10/6/2023,Purchase,979.19,Debit Card,Success,Online,M979
TXN002578,CUST2578,7/10/2024,Purchase,607.46,UPI,Success,Online,M213
TXN002579,CUST2579,11/12/2024,Purchase,364.24,Cash,Success,Online,M910
TXN002580,CUST2580,9/29/2024,Purchase,651.34,UPI,Success,In-store,M417
TXN002581,CUST2581,11/29/2023,Purchase,131.69,Debit Card,Success,Online,M287
TXN002582,CUST2582,12/9/2023,Purchase,889.77,Cash,Success,Online,M406
TXN002583,CUST2583,1/24/2024,Purchase,508.05,Debit Card,Success,In-store,M674
TXN002584,CUST2584,6/14/2024,Purchase,454.86,Credit Card,Failed,Online,M930
TXN002585,CUST2585,6/6/2023,Purchase,590.01,Cash,Success,Online,M578
TXN002586,CUST2586,5/18/2023,Purchase,628.54,UPI,Success,In-store,M946
TXN002587,CUST2587,8/7/2023,Purchase,81.06,Credit Card,Success,Online,M343
TXN002588,CUST2588,6/8/2023,Purchase,685.79,Debit Card,Success,Online,M696
TXN002589,CUST2589,8/29/2024,Purchase,249.51,Cash,Success,Online,M521
TXN002590,CUST2590,12/29/2023,Refund,716.81,Cash,Success,In-store,M262
TXN002591,CUST2591,3/21/2025,Purchase,824.31,Credit Card,Success,Online,M494
TXN002592,CUST2592,9/3/2024,Purchase,805.92,Cash,Success,Online,M233
TXN002593,CUST2593,3/8/2025,Purchase,556.98,Debit Card,Success,Online,M454
TXN002594,CUST2594,12/9/2024,Purchase,524.97,UPI,Success,Online,M715
TXN002595,CUST2595,3/26/2025,Purchase,151.45,Cash,Success,Online,M181
TXN002596,CUST2596,8/14/2024,Purchase,777.59,UPI,Success,Online,M629
TXN002597,CUST2597,2/11/2024,Purchase,278.7,UPI,Success,In-store,M658
TXN002598,CUST2598,8/12/2024,Purchase,501.73,Cash,Success,Online,M343
TXN002599,CUST2599,2/16/2025,Purchase,291.43,Credit Card,Success,Online,M809
TXN002600,CUST2600,6/4/2023,Purchase,142.49,Debit Card,Success,Online,M171
TXN002601,CUST2601,5/6/2023,Purchase,633.26,UPI,Success,Online,M282
TXN002602,CUST2602,12/26/2023,Purchase,63.79,Credit Card,Success,Online,M407
TXN002603,CUST2603,11/16/2024,Refund,751.16,Debit Card,Success,Online,M768
TXN002604,CUST2604,5/26/2024,Purchase,324.41,Debit Card,Success,Online,M688
TXN002605,CUST2605,5/10/2024,Refund,10.13,Credit Card,Success,In-store,M910
TXN002606,CUST2606,3/7/2025,Purchase,516.02,Credit Card,Success,Online,M581
TXN002607,CUST2607,6/8/2024,Purchase,56.38,Cash,Success,In-store,M845
TXN002608,CUST2608,1/1/2025,Purchase,283.41,UPI,Success,In-store,M560
TXN002609,CUST2609,5/6/2024,Purchase,709.91,UPI,Failed,In-store,M341
TXN002610,CUST2610,5/7/2023,Purchase,72.06,Cash,Success,Online,M877
TXN002611,CUST2611,9/30/2023,Refund,840.95,Credit Card,Success,Online,M761
TXN002612,CUST2612,4/5/2025,Purchase,13.78,UPI,Success,Online,M544
TXN002613,CUST2613,2/18/2024,Purchase,254.36,UPI,Failed,Online,M825
TXN002614,CUST2614,4/24/2023,Purchase,743.5,UPI,Success,Online,M908
TXN002615,CUST2615,4/13/2024,Purchase,323.11,Cash,Success,Online,M572
TXN002616,CUST2616,10/18/2024,Purchase,110.87,UPI,Success,Online,M591
TXN002617,CUST2617,10/5/2024,Purchase,366.63,UPI,Success,Online,M275
TXN002618,CUST2618,11/1/2023,Purchase,277.69,UPI,Success,Online,M869
TXN002619,CUST2619,12/30/2024,Purchase,844.28,Credit Card,Success,Online,M364
TXN002620,CUST2620,7/18/2024,Purchase,320.21,Credit Card,Success,Online,M404
TXN002621,CUST2621,7/6/2024,Purchase,791.04,Debit Card,Success,In-store,M295
TXN002622,CUST2622,10/10/2023,Purchase,892.95,Debit Card,Success,Online,M750
TXN002623,CUST2623,3/25/2025,Purchase,439.48,Credit Card,Success,Online,M413
TXN002624,CUST2624,10/11/2024,Purchase,910.84,UPI,Success,In-store,M302
TXN002625,CUST2625,2/5/2025,Purchase,383.54,UPI,Success,Online,M744
TXN002626,CUST2626,12/16/2024,Purchase,964.44,Cash,Success,In-store,M450
TXN002627,CUST2627,6/20/2024,Purchase,98.4,UPI,Success,Online,M980
TXN002628,CUST2628,5/2/2023,Refund,690.15,Debit Card,Failed,Online,M411
TXN002629,CUST2629,1/27/2025,Purchase,498.88,Cash,Failed,In-store,M737
TXN002630,CUST2630,12/3/2024,Purchase,393.77,UPI,Success,In-store,M573
TXN002631,CUST2631,9/11/2024,Purchase,636.38,Credit Card,Failed,In-store,M631
TXN002632,CUST2632,8/2/2023,Purchase,706.82,Cash,Success,Online,M607
TXN002633,CUST2633,6/25/2024,Purchase,14.32,UPI,Success,Online,M268
TXN002634,CUST2634,4/25/2023,Purchase,175.28,Credit Card,Success,Online,M718
TXN002635,CUST2635,3/25/2025,Purchase,715.92,UPI,Success,In-store,M987
TXN002636,CUST2636,4/15/2025,Purchase,669.72,Debit Card,Success,In-store,M485
TXN002637,CUST2637,8/28/2024,Purchase,966.39,Credit Card,Success,Online,M470
TXN002638,CUST2638,1/19/2024,Purchase,763.43,UPI,Success,Online,M587
TXN002639,CUST2639,4/17/2023,Purchase,951.26,Credit Card,Success,Online,M212
TXN002640,CUST2640,7/27/2023,Purchase,705.52,Debit Card,Success,In-store,M445
TXN002641,CUST2641,6/11/2023,Purchase,305.07,Cash,Success,In-store,M515
TXN002642,CUST2642,6/6/2023,Purchase,114.31,UPI,Success,Online,M870
TXN002643,CUST2643,11/2/2024,Refund,784.01,Debit Card,Success,In-store,M828
TXN002644,CUST2644,11/29/2023,Purchase,647.71,UPI,Success,In-store,M971
TXN002645,CUST2645,6/16/2023,Purchase,57.7,Credit Card,Success,Online,M414
TXN002646,CUST2646,7/28/2024,Purchase,366.45,Credit Card,Success,Online,M328
TXN002647,CUST2647,2/22/2025,Purchase,957.23,Debit Card,Success,Online,M630
TXN002648,CUST2648,3/23/2025,Purchase,505.4,Debit Card,Success,Online,M987
TXN002649,CUST2649,4/2/2024,Purchase,438.4,Debit Card,Failed,Online,M792
TXN002650,CUST2650,2/18/2024,Purchase,463.12,Credit Card,Success,Online,M763
TXN002651,CUST2651,7/6/2023,Refund,216.79,Cash,Success,Online,M144
TXN002652,CUST2652,12/29/2023,Purchase,375.02,UPI,Success,Online,M954
TXN002653,CUST2653,6/21/2023,Purchase,376.12,Debit Card,Failed,In-store,M260
TXN002654,CUST2654,6/4/2024,Purchase,61.83,Credit Card,Success,Online,M728
TXN002655,CUST2655,8/19/2024,Purchase,769.89,Cash,Success,In-store,M685
TXN002656,CUST2656,12/29/2023,Purchase,422.34,Credit Card,Success,In-store,M148
TXN002657,CUST2657,5/23/2024,Purchase,823.96,UPI,Success,Online,M881
TXN002658,CUST2658,2/28/2024,Purchase,851.84,Cash,Success,In-store,M925
TXN002659,CUST2659,10/27/2023,Purchase,219.87,Cash,Failed,Online,M331
TXN002660,CUST2660,11/15/2024,Purchase,660.78,Credit Card,Success,Online,M376
TXN002661,CUST2661,3/12/2024,Purchase,477.56,Debit Card,Failed,In-store,M646
TXN002662,CUST2662,7/1/2023,Refund,881.36,UPI,Success,Online,M762
TXN002663,CUST2663,7/19/2023,Purchase,223.58,Debit Card,Success,In-store,M119
TXN002664,CUST2664,11/9/2023,Purchase,681.04,Credit Card,Success,Online,M756
TXN002665,CUST2665,3/23/2025,Purchase,611.67,Cash,Success,Online,M403
TXN002666,CUST2666,3/3/2024,Purchase,302.35,Cash,Success,Online,M228
TXN002667,CUST2667,6/5/2024,Purchase,145.23,Debit Card,Success,Online,M400
TXN002668,CUST2668,7/28/2023,Purchase,655.12,UPI,Success,In-store,M582
TXN002669,CUST2669,1/29/2024,Purchase,741.21,UPI,Failed,Online,M695
TXN002670,CUST2670,4/20/2024,Purchase,322.47,UPI,Success,Online,M984
TXN002671,CUST2671,2/8/2025,Purchase,648.38,Debit Card,Success,In-store,M528
TXN002672,CUST2672,9/18/2023,Purchase,401.18,Debit Card,Success,Online,M151
TXN002673,CUST2673,7/13/2024,Purchase,716.07,UPI,Success,Online,M741
TXN002674,CUST2674,10/27/2024,Purchase,207.22,Cash,Failed,In-store,M131
TXN002675,CUST2675,9/23/2024,Purchase,891.31,Cash,Success,Online,M838
TXN002676,CUST2676,11/17/2023,Purchase,294.54,Debit Card,Success,Online,M151
TXN002677,CUST2677,4/13/2024,Purchase,374.11,Debit Card,Success,In-store,M681
TXN002678,CUST2678,10/17/2024,Purchase,67.51,UPI,Success,Online,M393
TXN002679,CUST2679,6/11/2024,Purchase,120.4,UPI,Success,In-store,M109
TXN002680,CUST2680,11/22/2023,Refund,520.7,Credit Card,Success,Online,M715
TXN002681,CUST2681,3/13/2025,Purchase,274.92,Cash,Success,Online,M167
TXN002682,CUST2682,1/15/2024,Purchase,837.13,Debit Card,Success,Online,M529
TXN002683,CUST2683,2/9/2024,Purchase,24.55,Cash,Success,Online,M815
TXN002684,CUST2684,2/21/2025,Refund,385.3,Credit Card,Success,In-store,M462
TXN002685,CUST2685,8/9/2024,Purchase,343.97,UPI,Success,Online,M594
TXN002686,CUST2686,7/17/2024,Purchase,29.13,UPI,Success,Online,M333
TXN002687,CUST2687,3/21/2024,Purchase,133.12,Credit Card,Success,Online,M589
TXN002688,CUST2688,4/5/2024,Purchase,419.51,Credit Card,Success,Online,M525
TXN002689,CUST2689,8/18/2023,Purchase,497.94,Debit Card,Success,In-store,M230
TXN002690,CUST2690,11/19/2024,Refund,410.25,Credit Card,Success,Online,M394
TXN002691,CUST2691,2/11/2025,Purchase,535.63,UPI,Success,In-store,M271
TXN002692,CUST2692,4/10/2025,Purchase,599.18,UPI,Success,Online,M515
TXN002693,CUST2693,12/27/2024,Purchase,19.82,UPI,Success,Online,M491
TXN002694,CUST2694,3/5/2024,Purchase,469.45,Credit Card,Success,Online,M811
TXN002695,CUST2695,3/25/2024,Refund,963.86,Credit Card,Success,Online,M897
TXN002696,CUST2696,2/8/2024,Purchase,523.84,UPI,Success,Online,M810
TXN002697,CUST2697,2/27/2025,Refund,680.77,UPI,Success,Online,M953
TXN002698,CUST2698,7/23/2023,Purchase,318.75,Cash,Success,Online,M241
TXN002699,CUST2699,4/19/2024,Purchase,776.25,Credit Card,Success,In-store,M228
TXN002700,CUST2700,11/25/2024,Purchase,775.19,Cash,Success,Online,M474
TXN002701,CUST2701,1/22/2024,Purchase,526.08,UPI,Success,In-store,M367
TXN002702,CUST2702,1/23/2024,Purchase,976.25,Debit Card,Success,Online,M708
TXN002703,CUST2703,4/5/2024,Purchase,134.29,UPI,Success,Online,M257
TXN002704,CUST2704,12/23/2024,Purchase,26.78,UPI,Success,Online,M133
TXN002705,CUST2705,12/28/2024,Purchase,772.46,Credit Card,Success,In-store,M326
TXN002706,CUST2706,6/30/2024,Purchase,809.08,Credit Card,Success,Online,M522
TXN002707,CUST2707,5/30/2023,Purchase,129.01,Cash,Success,Online,M900
TXN002708,CUST2708,4/7/2025,Purchase,272.93,Credit Card,Success,Online,M713
TXN002709,CUST2709,10/5/2023,Purchase,27.38,Cash,Success,Online,M336
TXN002710,CUST2710,11/19/2023,Purchase,300.38,Credit Card,Success,Online,M154
TXN002711,CUST2711,5/25/2023,Purchase,775.41,Credit Card,Success,Online,M709
TXN002712,CUST2712,6/23/2023,Purchase,522.78,UPI,Success,In-store,M878
TXN002713,CUST2713,3/14/2024,Purchase,354.61,Credit Card,Success,Online,M186
TXN002714,CUST2714,4/14/2025,Purchase,378.02,UPI,Success,Online,M835
TXN002715,CUST2715,11/4/2023,Refund,11.34,Credit Card,Success,In-store,M374
TXN002716,CUST2716,7/16/2024,Purchase,306.8,Credit Card,Success,Online,M950
TXN002717,CUST2717,2/2/2024,Purchase,649.99,Credit Card,Success,Online,M744
TXN002718,CUST2718,12/13/2023,Purchase,974.45,Debit Card,Success,Online,M160
TXN002719,CUST2719,12/8/2023,Purchase,848.59,Cash,Success,Online,M202
TXN002720,CUST2720,12/10/2024,Purchase,33.36,Debit Card,Success,Online,M795
TXN002721,CUST2721,11/11/2023,Purchase,899.57,Credit Card,Success,Online,M440
TXN002722,CUST2722,2/22/2024,Refund,785.37,UPI,Success,Online,M251
TXN002723,CUST2723,4/1/2025,Purchase,782.57,Cash,Success,Online,M577
TXN002724,CUST2724,8/4/2024,Purchase,463.42,Credit Card,Success,Online,M347
TXN002725,CUST2725,8/19/2024,Purchase,404.03,Debit Card,Success,Online,M211
TXN002726,CUST2726,12/10/2023,Purchase,309.89,Cash,Success,Online,M827
TXN002727,CUST2727,6/17/2024,Purchase,75.04,UPI,Success,In-store,M216
TXN002728,CUST2728,1/18/2024,Purchase,235.95,Credit Card,Success,Online,M870
TXN002729,CUST2729,6/22/2024,Purchase,254.14,Credit Card,Success,Online,M571
TXN002730,CUST2730,4/19/2024,Purchase,489.24,Credit Card,Success,Online,M288
TXN002731,CUST2731,8/21/2024,Purchase,749.97,Credit Card,Success,Online,M939
TXN002732,CUST2732,7/25/2023,Purchase,479.07,Credit Card,Success,Online,M286
TXN002733,CUST2733,2/25/2024,Purchase,67.27,Credit Card,Success,Online,M505
TXN002734,CUST2734,3/5/2024,Purchase,958.21,Cash,Success,In-store,M418
TXN002735,CUST2735,7/15/2024,Purchase,943.3,UPI,Success,In-store,M167
TXN002736,CUST2736,3/2/2025,Purchase,787.34,Cash,Success,Online,M364
TXN002737,CUST2737,4/12/2025,Purchase,991.41,Cash,Success,Online,M603
TXN002738,CUST2738,4/21/2023,Purchase,549.04,Credit Card,Success,In-store,M987
TXN002739,CUST2739,4/15/2025,Purchase,963.14,Credit Card,Success,Online,M436
TXN002740,CUST2740,8/8/2023,Purchase,84.85,Debit Card,Success,Online,M531
TXN002741,CUST2741,6/6/2024,Purchase,372.02,UPI,Success,In-store,M685
TXN002742,CUST2742,8/4/2023,Purchase,233.13,Credit Card,Success,Online,M906
TXN002743,CUST2743,4/19/2023,Purchase,203.87,Cash,Success,Online,M113
TXN002744,CUST2744,1/21/2024,Purchase,149.39,Cash,Success,Online,M999
TXN002745,CUST2745,11/11/2023,Purchase,626.19,Cash,Success,In-store,M111
TXN002746,CUST2746,8/25/2024,Purchase,783.51,Cash,Success,Online,M749
TXN002747,CUST2747,10/25/2023,Purchase,582.52,Debit Card,Success,In-store,M167
TXN002748,CUST2748,5/11/2023,Purchase,155.49,Debit Card,Success,Online,M634
TXN002749,CUST2749,1/29/2024,Purchase,813.01,UPI,Success,Online,M372
TXN002750,CUST2750,7/20/2024,Purchase,639.6,Cash,Success,In-store,M228
TXN002751,CUST2751,12/27/2023,Purchase,394.28,Cash,Success,In-store,M725
TXN002752,CUST2752,7/12/2024,Purchase,677.39,Cash,Success,Online,M916
TXN002753,CUST2753,1/7/2024,Refund,267.31,UPI,Success,Online,M328
TXN002754,CUST2754,3/19/2024,Purchase,351.74,Debit Card,Success,In-store,M322
TXN002755,CUST2755,12/24/2024,Purchase,918.31,UPI,Success,In-store,M437
TXN002756,CUST2756,10/10/2023,Purchase,297.6,Credit Card,Success,Online,M725
TXN002757,CUST2757,3/31/2025,Purchase,475.29,Credit Card,Success,Online,M640
TXN002758,CUST2758,7/26/2024,Refund,891.24,Debit Card,Success,Online,M854
TXN002759,CUST2759,8/28/2023,Purchase,710.64,Cash,Success,In-store,M379
TXN002760,CUST2760,7/10/2023,Purchase,71.58,Cash,Success,In-store,M559
TXN002761,CUST2761,1/30/2025,Purchase,155.83,UPI,Success,Online,M920
TXN002762,CUST2762,10/31/2023,Purchase,17.76,Credit Card,Success,Online,M413
TXN002763,CUST2763,6/24/2024,Purchase,634.61,UPI,Success,Online,M267
TXN002764,CUST2764,6/10/2023,Purchase,453.2,Cash,Success,Online,M261
TXN002765,CUST2765,2/14/2024,Purchase,142.93,Credit Card,Success,Online,M689
TXN002766,CUST2766,8/31/2024,Purchase,958.35,Cash,Success,In-store,M651
TXN002767,CUST2767,10/15/2024,Purchase,534.36,Credit Card,Success,Online,M752
TXN002768,CUST2768,12/16/2024,Purchase,249.47,Cash,Success,Online,M348
TXN002769,CUST2769,5/17/2024,Purchase,505.6,UPI,Success,Online,M954
TXN002770,CUST2770,1/13/2024,Purchase,682.82,Debit Card,Success,In-store,M912
TXN002771,CUST2771,12/28/2023,Purchase,85.48,Cash,Success,Online,M879
TXN002772,CUST2772,2/21/2024,Purchase,281.96,Cash,Failed,Online,M762
TXN002773,CUST2773,11/2/2024,Purchase,808.9,Credit Card,Success,Online,M880
TXN002774,CUST2774,4/30/2023,Purchase,465.07,Debit Card,Failed,In-store,M430
TXN002775,CUST2775,3/12/2025,Refund,551.11,UPI,Success,Online,M731
TXN002776,CUST2776,8/31/2023,Purchase,438.49,Debit Card,Success,Online,M527
TXN002777,CUST2777,5/27/2024,Purchase,53.46,Cash,Success,In-store,M800
TXN002778,CUST2778,9/14/2023,Purchase,174.09,Debit Card,Success,Online,M525
TXN002779,CUST2779,1/15/2024,Purchase,451.09,Debit Card,Success,In-store,M810
TXN002780,CUST2780,12/7/2023,Purchase,217.09,UPI,Success,Online,M592
TXN002781,CUST2781,10/22/2024,Purchase,59.48,Debit Card,Success,In-store,M906
TXN002782,CUST2782,9/30/2023,Purchase,845.21,UPI,Success,Online,M588
TXN002783,CUST2783,11/15/2024,Purchase,981.38,Credit Card,Success,Online,M916
TXN002784,CUST2784,7/31/2023,Purchase,795.21,Cash,Success,Online,M184
TXN002785,CUST2785,3/8/2024,Purchase,855.25,Credit Card,Success,In-store,M461
TXN002786,CUST2786,1/1/2025,Purchase,249.56,Debit Card,Success,Online,M355
TXN002787,CUST2787,2/21/2025,Purchase,961.02,Debit Card,Success,In-store,M983
TXN002788,CUST2788,8/22/2023,Purchase,204.96,Debit Card,Success,In-store,M709
TXN002789,CUST2789,8/21/2024,Purchase,951.92,UPI,Success,Online,M120
TXN002790,CUST2790,9/8/2024,Purchase,994.87,UPI,Success,Online,M908
TXN002791,CUST2791,10/1/2023,Purchase,714.61,UPI,Failed,In-store,M272
TXN002792,CUST2792,11/28/2024,Refund,981.33,Debit Card,Success,Online,M270
TXN002793,CUST2793,3/26/2024,Purchase,573.84,UPI,Success,Online,M541
TXN002794,CUST2794,4/1/2025,Purchase,266.95,Debit Card,Success,Online,M887
TXN002795,CUST2795,9/28/2024,Refund,442.63,Credit Card,Success,In-store,M267
TXN002796,CUST2796,1/28/2024,Purchase,597.63,UPI,Success,In-store,M859
TXN002797,CUST2797,5/23/2023,Purchase,82.35,Debit Card,Success,Online,M408
TXN002798,CUST2798,5/2/2023,Refund,626.12,Credit Card,Success,Online,M576
TXN002799,CUST2799,2/22/2025,Purchase,981.37,Credit Card,Success,Online,M846
TXN002800,CUST2800,9/20/2024,Refund,198.21,Debit Card,Success,Online,M898
TXN002801,CUST2801,5/23/2023,Purchase,794.67,UPI,Success,Online,M341
TXN002802,CUST2802,4/8/2024,Purchase,908.82,Cash,Success,Online,M512
TXN002803,CUST2803,6/9/2024,Refund,944.26,Debit Card,Success,Online,M432
TXN002804,CUST2804,4/7/2024,Purchase,960.53,Credit Card,Failed,Online,M110
TXN002805,CUST2805,3/22/2024,Purchase,526.25,UPI,Success,In-store,M143
TXN002806,CUST2806,6/20/2024,Purchase,977.53,Cash,Success,Online,M836
TXN002807,CUST2807,3/11/2024,Purchase,759.74,Credit Card,Success,Online,M307
TXN002808,CUST2808,5/10/2024,Purchase,170.05,Cash,Success,Online,M246
TXN002809,CUST2809,1/27/2024,Purchase,482.13,Credit Card,Success,Online,M719
TXN002810,CUST2810,1/28/2024,Purchase,721.15,Credit Card,Success,Online,M676
TXN002811,CUST2811,8/16/2024,Purchase,254.87,Debit Card,Success,Online,M116
TXN002812,CUST2812,10/28/2024,Purchase,644.21,Credit Card,Success,Online,M688
TXN002813,CUST2813,9/8/2023,Purchase,669.93,Debit Card,Success,Online,M138
TXN002814,CUST2814,10/25/2023,Purchase,171.07,Credit Card,Success,In-store,M820
TXN002815,CUST2815,2/1/2025,Purchase,569.43,Debit Card,Success,Online,M751
TXN002816,CUST2816,3/28/2024,Purchase,773.91,Debit Card,Success,Online,M156
TXN002817,CUST2817,12/3/2024,Purchase,503.91,UPI,Success,Online,M542
TXN002818,CUST2818,8/26/2023,Refund,21.98,Cash,Success,Online,M407
TXN002819,CUST2819,12/15/2024,Purchase,18.95,Credit Card,Success,Online,M962
TXN002820,CUST2820,3/28/2025,Purchase,363.46,Debit Card,Success,Online,M564
TXN002821,CUST2821,12/31/2024,Purchase,926.93,Cash,Success,Online,M516
TXN002822,CUST2822,10/1/2023,Purchase,236.39,Debit Card,Success,In-store,M169
TXN002823,CUST2823,1/25/2024,Purchase,638.02,UPI,Success,Online,M985
TXN002824,CUST2824,6/13/2024,Purchase,229.86,Credit Card,Success,Online,M960
TXN002825,CUST2825,8/9/2023,Purchase,328.45,UPI,Success,Online,M760
TXN002826,CUST2826,6/11/2023,Purchase,849.56,Credit Card,Success,Online,M419
TXN002827,CUST2827,1/29/2025,Purchase,731.57,UPI,Success,In-store,M408
TXN002828,CUST2828,11/14/2024,Purchase,104.45,Credit Card,Success,In-store,M249
TXN002829,CUST2829,11/28/2023,Purchase,434.42,Debit Card,Success,In-store,M562
TXN002830,CUST2830,4/18/2023,Purchase,38.88,Debit Card,Success,Online,M615
TXN002831,CUST2831,10/4/2023,Purchase,486.08,Debit Card,Success,Online,M600
TXN002832,CUST2832,2/7/2024,Refund,665.81,Credit Card,Success,In-store,M355
TXN002833,CUST2833,5/26/2023,Purchase,127.32,UPI,Success,In-store,M962
TXN002834,CUST2834,2/4/2025,Refund,296,UPI,Success,Online,M855
TXN002835,CUST2835,8/27/2024,Purchase,403.86,Debit Card,Success,In-store,M822
TXN002836,CUST2836,8/30/2023,Purchase,920.34,Credit Card,Failed,In-store,M432
TXN002837,CUST2837,1/10/2024,Purchase,993.32,Debit Card,Success,In-store,M425
TXN002838,CUST2838,1/1/2025,Purchase,54.46,Credit Card,Success,Online,M366
TXN002839,CUST2839,7/20/2023,Purchase,763.4,Cash,Failed,Online,M774
TXN002840,CUST2840,11/18/2023,Purchase,378.01,Cash,Success,Online,M153
TXN002841,CUST2841,11/16/2023,Refund,398.53,Debit Card,Success,In-store,M831
TXN002842,CUST2842,6/5/2024,Purchase,756.72,Credit Card,Success,Online,M390
TXN002843,CUST2843,5/31/2024,Purchase,919.24,Credit Card,Success,In-store,M280
TXN002844,CUST2844,4/22/2023,Purchase,951.42,Debit Card,Success,Online,M756
TXN002845,CUST2845,11/17/2024,Purchase,581.35,Cash,Success,Online,M354
TXN002846,CUST2846,9/1/2023,Purchase,363.55,UPI,Success,In-store,M227
TXN002847,CUST2847,3/29/2024,Purchase,789.67,UPI,Success,Online,M510
TXN002848,CUST2848,9/3/2024,Purchase,258.49,Debit Card,Success,Online,M734
TXN002849,CUST2849,1/7/2024,Refund,568.43,UPI,Success,In-store,M604
TXN002850,CUST2850,6/18/2023,Purchase,364.99,Credit Card,Success,Online,M713
TXN002851,CUST2851,2/23/2025,Purchase,660.06,Debit Card,Success,Online,M247
TXN002852,CUST2852,12/18/2024,Purchase,247.99,Debit Card,Success,Online,M841
TXN002853,CUST2853,3/31/2024,Purchase,199.68,Credit Card,Success,Online,M822
TXN002854,CUST2854,12/20/2024,Purchase,919.06,Debit Card,Success,Online,M867
TXN002855,CUST2855,4/13/2024,Purchase,110.79,Credit Card,Success,In-store,M162
TXN002856,CUST2856,8/1/2023,Purchase,510.9,UPI,Success,Online,M852
TXN002857,CUST2857,11/14/2023,Purchase,228.64,Debit Card,Success,Online,M543
TXN002858,CUST2858,5/23/2024,Purchase,48.54,UPI,Failed,Online,M553
TXN002859,CUST2859,12/2/2023,Purchase,45.66,UPI,Success,In-store,M472
TXN002860,CUST2860,8/17/2023,Purchase,183.47,UPI,Success,In-store,M930
TXN002861,CUST2861,3/27/2024,Purchase,868.1,Cash,Success,Online,M983
TXN002862,CUST2862,6/4/2024,Purchase,289.65,Cash,Success,Online,M374
TXN002863,CUST2863,6/22/2024,Purchase,950.95,Debit Card,Success,Online,M684
TXN002864,CUST2864,10/17/2024,Purchase,585.81,Credit Card,Success,In-store,M330
TXN002865,CUST2865,9/13/2024,Purchase,442.25,Credit Card,Success,Online,M736
TXN002866,CUST2866,11/14/2023,Purchase,584.29,Debit Card,Success,In-store,M301
TXN002867,CUST2867,8/25/2023,Purchase,521.53,Cash,Success,In-store,M413
TXN002868,CUST2868,6/12/2024,Refund,761.19,UPI,Success,Online,M336
TXN002869,CUST2869,7/5/2024,Purchase,289.67,Credit Card,Success,Online,M800
TXN002870,CUST2870,3/29/2024,Purchase,359.52,Cash,Success,Online,M688
TXN002871,CUST2871,10/1/2024,Purchase,895.15,Credit Card,Success,Online,M509
TXN002872,CUST2872,10/23/2024,Purchase,946.99,UPI,Success,In-store,M701
TXN002873,CUST2873,4/5/2025,Purchase,893.63,Debit Card,Success,Online,M119
TXN002874,CUST2874,12/11/2024,Purchase,425.25,Debit Card,Success,In-store,M383
TXN002875,CUST2875,9/15/2024,Purchase,782.56,Credit Card,Success,Online,M427
TXN002876,CUST2876,2/26/2024,Purchase,481.57,Cash,Success,Online,M974
TXN002877,CUST2877,5/14/2023,Purchase,502.56,Credit Card,Success,Online,M317
TXN002878,CUST2878,9/14/2023,Purchase,212.63,UPI,Success,Online,M857
TXN002879,CUST2879,11/2/2023,Purchase,595.22,Cash,Success,Online,M896
TXN002880,CUST2880,1/18/2025,Purchase,194.27,Credit Card,Success,Online,M787
TXN002881,CUST2881,11/16/2024,Purchase,338.25,Debit Card,Success,Online,M704
TXN002882,CUST2882,8/20/2023,Purchase,856.48,Cash,Success,Online,M985
TXN002883,CUST2883,5/18/2024,Refund,215.01,UPI,Success,Online,M287
TXN002884,CUST2884,4/6/2024,Purchase,80.45,UPI,Success,In-store,M910
TXN002885,CUST2885,4/24/2023,Purchase,78.32,Debit Card,Success,Online,M805
TXN002886,CUST2886,11/21/2024,Purchase,941.38,Debit Card,Success,In-store,M455
TXN002887,CUST2887,5/9/2023,Purchase,511.85,UPI,Success,Online,M278
TXN002888,CUST2888,6/21/2023,Purchase,415.32,UPI,Success,In-store,M625
TXN002889,CUST2889,1/29/2024,Purchase,812.77,Debit Card,Success,Online,M580
TXN002890,CUST2890,5/17/2023,Purchase,837.47,Credit Card,Success,Online,M671
TXN002891,CUST2891,12/6/2023,Purchase,338.87,UPI,Success,Online,M810
TXN002892,CUST2892,6/8/2024,Purchase,696.68,Credit Card,Success,Online,M327
TXN002893,CUST2893,5/11/2023,Purchase,773.41,Credit Card,Success,Online,M442
TXN002894,CUST2894,1/30/2025,Purchase,658.1,Cash,Success,Online,M567
TXN002895,CUST2895,4/16/2024,Purchase,160.08,Debit Card,Success,In-store,M302
TXN002896,CUST2896,7/12/2024,Refund,877.12,UPI,Success,In-store,M354
TXN002897,CUST2897,8/29/2024,Purchase,543.7,Debit Card,Success,Online,M947
TXN002898,CUST2898,5/31/2024,Purchase,289.65,Credit Card,Success,In-store,M917
TXN002899,CUST2899,8/1/2024,Purchase,430.98,Debit Card,Success,Online,M945
TXN002900,CUST2900,5/8/2023,Purchase,47.2,Debit Card,Success,In-store,M623
TXN002901,CUST2901,10/23/2024,Purchase,136.59,UPI,Success,Online,M200
TXN002902,CUST2902,9/30/2024,Purchase,767.89,Cash,Success,Online,M326
TXN002903,CUST2903,7/5/2023,Purchase,10.01,Cash,Success,In-store,M352
TXN002904,CUST2904,8/2/2024,Purchase,422.4,UPI,Success,Online,M120
TXN002905,CUST2905,3/28/2024,Purchase,527.29,Cash,Failed,In-store,M592
TXN002906,CUST2906,8/6/2024,Purchase,64.09,UPI,Success,In-store,M338
TXN002907,CUST2907,8/25/2024,Purchase,973.35,Cash,Success,In-store,M383
TXN002908,CUST2908,5/12/2024,Purchase,233.86,Credit Card,Success,Online,M448
TXN002909,CUST2909,2/17/2024,Purchase,311.16,Cash,Success,Online,M354
TXN002910,CUST2910,6/14/2023,Purchase,310.9,Cash,Success,In-store,M744
TXN002911,CUST2911,9/10/2024,Purchase,238.11,Credit Card,Success,Online,M958
TXN002912,CUST2912,4/7/2025,Purchase,11.46,UPI,Success,Online,M795
TXN002913,CUST2913,11/27/2023,Purchase,732.05,Debit Card,Success,Online,M313
TXN002914,CUST2914,8/7/2024,Refund,967.18,UPI,Success,In-store,M151
TXN002915,CUST2915,11/14/2023,Refund,232.05,Debit Card,Success,In-store,M285
TXN002916,CUST2916,7/7/2024,Refund,666.42,UPI,Success,Online,M335
TXN002917,CUST2917,8/20/2024,Purchase,744.48,Credit Card,Success,Online,M533
TXN002918,CUST2918,8/24/2024,Purchase,849.94,Debit Card,Success,Online,M417
TXN002919,CUST2919,2/13/2024,Purchase,428.4,Credit Card,Success,Online,M203
TXN002920,CUST2920,4/13/2025,Purchase,309.9,Credit Card,Success,Online,M965
TXN002921,CUST2921,9/9/2024,Purchase,332.04,Cash,Success,Online,M283
TXN002922,CUST2922,8/23/2024,Purchase,715.5,UPI,Success,Online,M256
TXN002923,CUST2923,3/16/2025,Refund,818.61,Credit Card,Success,Online,M400
TXN002924,CUST2924,7/27/2023,Purchase,189.8,Debit Card,Success,Online,M876
TXN002925,CUST2925,4/7/2025,Purchase,377.23,UPI,Success,Online,M587
TXN002926,CUST2926,10/26/2023,Purchase,902.92,Credit Card,Success,Online,M359
TXN002927,CUST2927,12/3/2024,Purchase,808.63,Cash,Success,Online,M122
TXN002928,CUST2928,12/28/2023,Purchase,985.01,Cash,Success,Online,M748
TXN002929,CUST2929,2/9/2025,Refund,756.71,Cash,Success,Online,M683
TXN002930,CUST2930,6/23/2023,Purchase,399.26,UPI,Success,In-store,M651
TXN002931,CUST2931,12/1/2023,Purchase,594.73,Credit Card,Success,Online,M483
TXN002932,CUST2932,10/4/2023,Purchase,664.4,Debit Card,Success,In-store,M295
TXN002933,CUST2933,12/11/2024,Purchase,87.67,Debit Card,Success,Online,M831
TXN002934,CUST2934,12/5/2023,Purchase,549.05,Cash,Success,Online,M938
TXN002935,CUST2935,3/15/2025,Purchase,712.23,Debit Card,Success,Online,M569
TXN002936,CUST2936,8/12/2023,Refund,175.65,Credit Card,Success,Online,M261
TXN002937,CUST2937,11/24/2023,Purchase,782.83,Credit Card,Success,Online,M156
TXN002938,CUST2938,5/22/2023,Purchase,587.94,UPI,Success,Online,M347
TXN002939,CUST2939,10/8/2024,Purchase,952.7,Credit Card,Success,Online,M335
TXN002940,CUST2940,10/15/2023,Purchase,52,UPI,Success,Online,M455
TXN002941,CUST2941,11/9/2023,Purchase,272.67,Cash,Success,Online,M145
TXN002942,CUST2942,8/27/2023,Purchase,605.54,Debit Card,Success,Online,M431
TXN002943,CUST2943,2/14/2024,Purchase,303.59,Debit Card,Success,Online,M174
TXN002944,CUST2944,4/7/2024,Purchase,717.28,Cash,Success,Online,M509
TXN002945,CUST2945,10/29/2023,Purchase,761.42,Cash,Success,Online,M149
TXN002946,CUST2946,7/27/2023,Purchase,111.49,Cash,Success,Online,M228
TXN002947,CUST2947,11/26/2024,Purchase,518.72,Cash,Success,Online,M354
TXN002948,CUST2948,4/7/2025,Purchase,513.8,Debit Card,Success,Online,M941
TXN002949,CUST2949,4/2/2025,Purchase,375.59,Debit Card,Success,Online,M235
TXN002950,CUST2950,11/24/2023,Refund,933.6,UPI,Success,In-store,M434
TXN002951,CUST2951,3/4/2024,Purchase,829.23,Credit Card,Success,Online,M198
TXN002952,CUST2952,1/13/2025,Purchase,700.24,Debit Card,Success,Online,M938
TXN002953,CUST2953,3/16/2025,Purchase,717.18,Cash,Success,In-store,M129
TXN002954,CUST2954,6/20/2023,Purchase,467.1,Cash,Success,Online,M599
TXN002955,CUST2955,6/14/2023,Refund,921.78,UPI,Success,In-store,M825
TXN002956,CUST2956,10/17/2024,Purchase,697.65,Credit Card,Success,Online,M191
TXN002957,CUST2957,11/24/2024,Purchase,731.69,Cash,Success,In-store,M474
TXN002958,CUST2958,10/9/2024,Refund,863.07,Credit Card,Failed,Online,M465
TXN002959,CUST2959,5/23/2024,Purchase,281.33,Credit Card,Success,Online,M432
TXN002960,CUST2960,11/25/2024,Purchase,809,Credit Card,Success,Online,M647
TXN002961,CUST2961,4/2/2024,Purchase,203.29,Credit Card,Success,In-store,M979
TXN002962,CUST2962,10/5/2023,Purchase,351.89,Cash,Success,In-store,M610
TXN002963,CUST2963,11/15/2024,Purchase,342.25,UPI,Success,Online,M155
TXN002964,CUST2964,4/20/2023,Purchase,978.74,Credit Card,Success,Online,M923
TXN002965,CUST2965,12/20/2024,Refund,857.97,UPI,Success,Online,M701
TXN002966,CUST2966,3/26/2024,Purchase,704.16,UPI,Success,Online,M373
TXN002967,CUST2967,10/8/2024,Purchase,729.79,Debit Card,Success,Online,M749
TXN002968,CUST2968,4/20/2024,Purchase,566.45,Debit Card,Success,In-store,M815
TXN002969,CUST2969,10/3/2024,Purchase,947.62,UPI,Success,Online,M153
TXN002970,CUST2970,3/15/2025,Purchase,501.3,Debit Card,Success,In-store,M379
TXN002971,CUST2971,1/17/2025,Purchase,386.71,Cash,Success,Online,M255
TXN002972,CUST2972,2/13/2024,Purchase,171.4,Cash,Success,In-store,M255
TXN002973,CUST2973,9/29/2024,Purchase,788.34,Cash,Success,Online,M763
TXN002974,CUST2974,9/5/2024,Purchase,737.1,Debit Card,Success,Online,M937
TXN002975,CUST2975,8/16/2023,Purchase,390.51,Credit Card,Success,Online,M803
TXN002976,CUST2976,7/20/2023,Purchase,34.94,UPI,Success,Online,M791
TXN002977,CUST2977,3/1/2024,Purchase,840.61,UPI,Success,Online,M406
TXN002978,CUST2978,8/8/2024,Refund,21.3,Debit Card,Success,In-store,M449
TXN002979,CUST2979,3/2/2024,Purchase,706.66,Credit Card,Success,In-store,M502
TXN002980,CUST2980,8/11/2024,Purchase,970.55,UPI,Success,Online,M412
TXN002981,CUST2981,3/5/2024,Refund,443.28,Debit Card,Success,In-store,M172
TXN002982,CUST2982,8/27/2024,Purchase,242.62,Credit Card,Success,Online,M180
TXN002983,CUST2983,4/15/2024,Purchase,707.82,Cash,Success,Online,M707
TXN002984,CUST2984,8/13/2024,Purchase,818.96,Cash,Success,Online,M735
TXN002985,CUST2985,9/23/2024,Purchase,550.97,Credit Card,Success,Online,M260
TXN002986,CUST2986,3/26/2025,Purchase,967.36,UPI,Success,Online,M480
TXN002987,CUST2987,8/1/2023,Purchase,61.15,Credit Card,Success,Online,M932
TXN002988,CUST2988,7/18/2024,Purchase,509.75,Credit Card,Success,In-store,M481
TXN002989,CUST2989,1/15/2025,Purchase,721.27,Credit Card,Success,Online,M976
TXN002990,CUST2990,2/16/2024,Purchase,864.01,Credit Card,Success,Online,M189
TXN002991,CUST2991,12/16/2024,Purchase,187.46,Credit Card,Success,In-store,M234
TXN002992,CUST2992,5/1/2023,Purchase,802,UPI,Success,Online,M428
TXN002993,CUST2993,6/25/2023,Purchase,557.18,Cash,Success,Online,M338
TXN002994,CUST2994,12/2/2023,Refund,402.59,Debit Card,Success,Online,M622
TXN002995,CUST2995,1/12/2024,Purchase,140.4,UPI,Success,Online,M920
TXN002996,CUST2996,7/21/2024,Purchase,866.64,Cash,Success,Online,M932
TXN002997,CUST2997,2/26/2024,Purchase,165.7,Credit Card,Success,Online,M136
TXN002998,CUST2998,4/22/2023,Purchase,316.69,UPI,Success,In-store,M597
TXN002999,CUST2999,6/5/2023,Purchase,297.15,Debit Card,Success,Online,M889
TXN003000,CUST3000,9/18/2024,Purchase,872.7,Cash,Failed,Online,M629
TXN003001,CUST3001,8/28/2023,Purchase,675.98,Cash,Success,Online,M177
TXN003002,CUST3002,10/2/2024,Refund,798.71,Cash,Success,Online,M700
TXN003003,CUST3003,6/21/2024,Purchase,257.96,Credit Card,Success,In-store,M193
TXN003004,CUST3004,12/17/2023,Purchase,628.63,Cash,Success,Online,M964
TXN003005,CUST3005,12/9/2023,Purchase,576.03,Credit Card,Success,Online,M355
TXN003006,CUST3006,4/8/2025,Purchase,834.5,Cash,Success,In-store,M942
TXN003007,CUST3007,12/17/2024,Purchase,907.03,Credit Card,Failed,Online,M850
TXN003008,CUST3008,6/15/2024,Purchase,22.04,Cash,Success,Online,M453
TXN003009,CUST3009,11/18/2023,Purchase,677.28,Cash,Success,Online,M121
TXN003010,CUST3010,3/21/2025,Purchase,61.32,Debit Card,Success,Online,M457
TXN003011,CUST3011,8/18/2023,Purchase,553.37,UPI,Success,Online,M832
TXN003012,CUST3012,8/25/2023,Purchase,294.76,Credit Card,Success,Online,M860
TXN003013,CUST3013,4/29/2024,Purchase,313.71,Credit Card,Success,Online,M328
TXN003014,CUST3014,11/15/2024,Purchase,359.43,Cash,Success,Online,M846
TXN003015,CUST3015,1/13/2024,Purchase,625.08,UPI,Success,Online,M805
TXN003016,CUST3016,3/19/2024,Purchase,340.71,Cash,Failed,Online,M417
TXN003017,CUST3017,7/23/2024,Purchase,735.37,Debit Card,Success,Online,M725
TXN003018,CUST3018,5/15/2023,Purchase,410.48,Cash,Success,In-store,M360
TXN003019,CUST3019,11/26/2024,Purchase,77.67,Cash,Success,In-store,M880
TXN003020,CUST3020,8/2/2024,Refund,785.92,Credit Card,Success,Online,M170
TXN003021,CUST3021,6/19/2023,Purchase,292.9,Credit Card,Success,Online,M731
TXN003022,CUST3022,6/22/2024,Purchase,438.44,Cash,Success,Online,M830
TXN003023,CUST3023,8/6/2024,Purchase,688.59,Debit Card,Success,Online,M995
TXN003024,CUST3024,2/4/2025,Purchase,339.13,Debit Card,Success,Online,M581
TXN003025,CUST3025,9/12/2023,Refund,66.02,Debit Card,Success,Online,M212
TXN003026,CUST3026,12/25/2023,Purchase,380.18,Credit Card,Success,In-store,M441
TXN003027,CUST3027,4/17/2023,Refund,945,Debit Card,Success,Online,M808
TXN003028,CUST3028,11/18/2024,Purchase,645.32,Credit Card,Success,Online,M609
TXN003029,CUST3029,12/31/2023,Purchase,674.76,Cash,Success,Online,M978
TXN003030,CUST3030,5/22/2023,Purchase,635.96,Cash,Success,Online,M874
TXN003031,CUST3031,10/21/2024,Purchase,207,Cash,Success,Online,M421
TXN003032,CUST3032,7/26/2024,Purchase,424.15,Debit Card,Success,Online,M466
TXN003033,CUST3033,6/30/2023,Refund,753.43,Credit Card,Success,In-store,M608
TXN003034,CUST3034,11/3/2024,Purchase,110.36,Credit Card,Success,Online,M224
TXN003035,CUST3035,2/4/2025,Refund,285.07,UPI,Success,Online,M501
TXN003036,CUST3036,11/2/2023,Purchase,283.56,Cash,Failed,Online,M542
TXN003037,CUST3037,4/5/2024,Purchase,437.7,UPI,Success,In-store,M916
TXN003038,CUST3038,3/4/2024,Purchase,980.57,Credit Card,Success,In-store,M336
TXN003039,CUST3039,4/30/2023,Purchase,76.83,Cash,Success,Online,M277
TXN003040,CUST3040,2/11/2024,Purchase,523.51,Cash,Success,Online,M627
TXN003041,CUST3041,5/27/2023,Purchase,187.57,UPI,Success,Online,M746
TXN003042,CUST3042,9/1/2024,Purchase,970.97,Cash,Failed,Online,M765
TXN003043,CUST3043,10/22/2023,Purchase,122.17,UPI,Success,Online,M234
TXN003044,CUST3044,2/24/2025,Purchase,409.56,UPI,Success,Online,M384
TXN003045,CUST3045,8/22/2024,Purchase,740.51,Debit Card,Success,Online,M519
TXN003046,CUST3046,5/16/2024,Purchase,707.51,Credit Card,Success,Online,M351
TXN003047,CUST3047,11/22/2023,Purchase,428.5,Cash,Success,Online,M117
TXN003048,CUST3048,6/13/2024,Purchase,353.06,Cash,Success,Online,M960
TXN003049,CUST3049,11/2/2024,Purchase,403.64,UPI,Success,Online,M902
TXN003050,CUST3050,8/4/2024,Purchase,271.63,Debit Card,Success,Online,M540
TXN003051,CUST3051,12/26/2023,Purchase,213.28,Cash,Success,Online,M223
TXN003052,CUST3052,4/9/2024,Purchase,488.21,Debit Card,Success,Online,M862
TXN003053,CUST3053,3/3/2024,Purchase,275.85,Credit Card,Success,Online,M520
TXN003054,CUST3054,5/23/2023,Purchase,294.59,Credit Card,Success,Online,M237
TXN003055,CUST3055,3/9/2024,Purchase,660.19,Debit Card,Success,Online,M965
TXN003056,CUST3056,6/2/2024,Purchase,968.85,Debit Card,Success,Online,M972
TXN003057,CUST3057,3/27/2024,Purchase,607.6,Cash,Success,Online,M176
TXN003058,CUST3058,2/22/2024,Refund,86.21,Cash,Success,In-store,M787
TXN003059,CUST3059,8/5/2024,Refund,84.83,Debit Card,Success,Online,M785
TXN003060,CUST3060,5/3/2023,Purchase,951.91,Debit Card,Success,In-store,M993
TXN003061,CUST3061,6/30/2023,Purchase,304.32,UPI,Success,Online,M649
TXN003062,CUST3062,10/15/2023,Purchase,101.15,UPI,Success,Online,M772
TXN003063,CUST3063,1/13/2025,Purchase,603.05,Debit Card,Success,Online,M473
TXN003064,CUST3064,9/20/2023,Purchase,627.41,Cash,Success,Online,M833
TXN003065,CUST3065,6/13/2023,Purchase,652.02,UPI,Success,In-store,M542
TXN003066,CUST3066,1/2/2024,Purchase,274.73,Cash,Success,Online,M343
TXN003067,CUST3067,2/27/2024,Purchase,24.96,UPI,Success,In-store,M423
TXN003068,CUST3068,11/19/2024,Purchase,965.37,Credit Card,Success,Online,M234
TXN003069,CUST3069,11/21/2024,Purchase,258.38,Credit Card,Success,Online,M109
TXN003070,CUST3070,4/9/2024,Purchase,679.27,Credit Card,Success,In-store,M994
TXN003071,CUST3071,3/18/2025,Purchase,709.56,Credit Card,Success,Online,M897
TXN003072,CUST3072,5/10/2023,Refund,613.91,Credit Card,Success,Online,M100
TXN003073,CUST3073,1/22/2025,Refund,319.78,Credit Card,Success,In-store,M569
TXN003074,CUST3074,11/14/2023,Refund,278.39,Debit Card,Success,In-store,M546
TXN003075,CUST3075,10/1/2023,Purchase,601.69,Credit Card,Success,In-store,M174
TXN003076,CUST3076,11/27/2023,Refund,867.43,Debit Card,Success,Online,M420
TXN003077,CUST3077,1/30/2024,Purchase,947.27,Cash,Success,Online,M142
TXN003078,CUST3078,1/5/2025,Purchase,114.85,UPI,Success,In-store,M396
TXN003079,CUST3079,11/4/2023,Purchase,163.28,Credit Card,Success,Online,M257
TXN003080,CUST3080,3/9/2025,Purchase,945.29,Debit Card,Success,Online,M156
TXN003081,CUST3081,4/29/2023,Purchase,739.17,Cash,Success,In-store,M421
TXN003082,CUST3082,11/9/2023,Purchase,884.16,UPI,Success,Online,M721
TXN003083,CUST3083,12/23/2024,Purchase,210.61,Cash,Success,Online,M675
TXN003084,CUST3084,5/15/2024,Purchase,591.71,Debit Card,Success,Online,M775
TXN003085,CUST3085,5/16/2024,Purchase,704.13,Debit Card,Success,Online,M494
TXN003086,CUST3086,8/9/2023,Purchase,683.31,Cash,Success,In-store,M612
TXN003087,CUST3087,11/24/2023,Purchase,414.07,Debit Card,Success,In-store,M928
TXN003088,CUST3088,8/26/2023,Purchase,25.24,Credit Card,Success,Online,M467
TXN003089,CUST3089,7/30/2023,Purchase,587.1,Credit Card,Success,In-store,M783
TXN003090,CUST3090,11/19/2024,Purchase,260.57,Credit Card,Success,Online,M767
TXN003091,CUST3091,12/14/2024,Purchase,455.75,Debit Card,Success,Online,M530
TXN003092,CUST3092,8/21/2024,Purchase,958.01,UPI,Success,In-store,M709
TXN003093,CUST3093,6/11/2024,Purchase,405.04,UPI,Success,Online,M556
TXN003094,CUST3094,2/2/2025,Purchase,841.4,UPI,Success,Online,M571
TXN003095,CUST3095,10/21/2024,Purchase,196.66,Credit Card,Success,In-store,M998
TXN003096,CUST3096,12/6/2024,Purchase,675.74,Cash,Success,In-store,M179
TXN003097,CUST3097,7/5/2023,Purchase,977.24,UPI,Success,Online,M413
TXN003098,CUST3098,10/29/2023,Purchase,110.87,UPI,Success,In-store,M294
TXN003099,CUST3099,6/23/2024,Purchase,18.24,UPI,Success,Online,M802
TXN003100,CUST3100,12/11/2024,Purchase,439.25,UPI,Success,Online,M320
TXN003101,CUST3101,10/11/2023,Purchase,101.7,Credit Card,Success,Online,M809
TXN003102,CUST3102,12/16/2023,Purchase,750.9,Credit Card,Success,Online,M532
TXN003103,CUST3103,1/18/2025,Refund,915.4,Cash,Success,Online,M124
TXN003104,CUST3104,3/7/2024,Refund,439.68,Debit Card,Success,Online,M617
TXN003105,CUST3105,11/1/2024,Purchase,266.12,UPI,Success,In-store,M143
TXN003106,CUST3106,6/19/2024,Purchase,440.06,Cash,Success,Online,M863
TXN003107,CUST3107,9/2/2024,Purchase,726.21,Debit Card,Success,Online,M883
TXN003108,CUST3108,6/21/2023,Purchase,18.96,Credit Card,Success,In-store,M707
TXN003109,CUST3109,12/25/2024,Purchase,593.56,Cash,Success,Online,M138
TXN003110,CUST3110,7/8/2023,Purchase,617.16,Credit Card,Success,Online,M211
TXN003111,CUST3111,12/19/2024,Purchase,641.31,Cash,Success,In-store,M145
TXN003112,CUST3112,12/15/2023,Purchase,249.6,Credit Card,Success,Online,M180
TXN003113,CUST3113,5/27/2024,Purchase,716.91,Debit Card,Success,Online,M391
TXN003114,CUST3114,5/17/2023,Purchase,100.48,Debit Card,Success,Online,M883
TXN003115,CUST3115,1/18/2024,Purchase,207.28,Credit Card,Success,Online,M872
TXN003116,CUST3116,7/2/2023,Purchase,878.7,Debit Card,Success,In-store,M527
TXN003117,CUST3117,8/25/2024,Refund,741.34,Debit Card,Success,Online,M850
TXN003118,CUST3118,7/17/2024,Purchase,23.61,Credit Card,Success,Online,M198
TXN003119,CUST3119,8/31/2024,Purchase,255.89,Credit Card,Success,Online,M969
TXN003120,CUST3120,10/21/2024,Purchase,222.26,UPI,Success,Online,M151
TXN003121,CUST3121,1/30/2025,Purchase,278.1,Cash,Success,Online,M850
TXN003122,CUST3122,12/21/2023,Purchase,255.08,UPI,Success,Online,M321
TXN003123,CUST3123,8/17/2023,Purchase,71.9,UPI,Success,In-store,M714
TXN003124,CUST3124,8/30/2023,Purchase,464.35,Cash,Success,Online,M252
TXN003125,CUST3125,8/10/2024,Purchase,735.41,Cash,Success,Online,M597
TXN003126,CUST3126,10/21/2023,Purchase,610.66,Credit Card,Success,Online,M951
TXN003127,CUST3127,3/17/2024,Purchase,676.14,Debit Card,Success,Online,M625
TXN003128,CUST3128,10/31/2024,Purchase,90.34,Cash,Success,Online,M637
TXN003129,CUST3129,2/2/2025,Purchase,951.98,UPI,Success,Online,M612
TXN003130,CUST3130,5/27/2024,Purchase,840.11,Credit Card,Success,Online,M670
TXN003131,CUST3131,11/21/2023,Purchase,807.04,Cash,Success,Online,M200
TXN003132,CUST3132,12/26/2024,Purchase,824.75,UPI,Success,Online,M650
TXN003133,CUST3133,7/17/2024,Purchase,933.38,UPI,Success,Online,M708
TXN003134,CUST3134,2/11/2025,Refund,548.81,Credit Card,Success,Online,M312
TXN003135,CUST3135,11/4/2023,Purchase,208.28,Cash,Success,Online,M139
TXN003136,CUST3136,8/30/2024,Purchase,620.62,UPI,Success,In-store,M387
TXN003137,CUST3137,7/28/2023,Purchase,745.45,Cash,Success,Online,M918
TXN003138,CUST3138,4/14/2024,Purchase,740.54,Cash,Success,Online,M500
TXN003139,CUST3139,6/5/2023,Refund,526.23,UPI,Success,Online,M772
TXN003140,CUST3140,9/28/2024,Purchase,77.77,Cash,Success,Online,M217
TXN003141,CUST3141,7/30/2023,Purchase,377.4,Cash,Success,In-store,M495
TXN003142,CUST3142,8/3/2023,Purchase,921.56,Debit Card,Success,Online,M348
TXN003143,CUST3143,12/10/2023,Purchase,588.6,Credit Card,Success,Online,M668
TXN003144,CUST3144,8/6/2023,Purchase,542.95,Debit Card,Success,Online,M635
TXN003145,CUST3145,7/2/2023,Refund,276.16,UPI,Failed,Online,M216
TXN003146,CUST3146,3/26/2025,Purchase,374.76,Cash,Success,Online,M517
TXN003147,CUST3147,8/25/2024,Purchase,896.39,Debit Card,Success,Online,M620
TXN003148,CUST3148,4/14/2025,Purchase,669.8,UPI,Failed,In-store,M584
TXN003149,CUST3149,4/21/2023,Purchase,789.51,Cash,Success,Online,M824
TXN003150,CUST3150,8/31/2024,Purchase,459.8,Cash,Success,Online,M648
TXN003151,CUST3151,12/17/2023,Purchase,633.94,Debit Card,Success,In-store,M851
TXN003152,CUST3152,12/25/2024,Purchase,255.9,Cash,Success,Online,M460
TXN003153,CUST3153,11/19/2024,Purchase,708.41,Debit Card,Success,Online,M190
TXN003154,CUST3154,1/16/2025,Purchase,433.33,Cash,Failed,In-store,M640
TXN003155,CUST3155,8/20/2024,Purchase,448.12,Debit Card,Success,Online,M936
TXN003156,CUST3156,9/4/2023,Purchase,652.83,UPI,Success,Online,M801
TXN003157,CUST3157,9/28/2024,Refund,936.92,UPI,Success,Online,M461
TXN003158,CUST3158,3/25/2024,Purchase,73.37,Credit Card,Success,Online,M530
TXN003159,CUST3159,9/1/2023,Purchase,826.5,Cash,Success,Online,M710
TXN003160,CUST3160,11/9/2024,Purchase,299.46,UPI,Success,Online,M146
TXN003161,CUST3161,10/18/2024,Purchase,449.48,Cash,Success,Online,M458
TXN003162,CUST3162,10/11/2024,Purchase,31.69,Debit Card,Success,Online,M742
TXN003163,CUST3163,2/26/2024,Purchase,308.04,UPI,Success,Online,M136
TXN003164,CUST3164,7/2/2024,Purchase,507.6,Credit Card,Success,Online,M776
TXN003165,CUST3165,3/6/2024,Purchase,65.61,Debit Card,Success,Online,M705
TXN003166,CUST3166,10/26/2024,Purchase,496.18,Credit Card,Success,Online,M490
TXN003167,CUST3167,9/10/2024,Purchase,927.84,UPI,Success,In-store,M442
TXN003168,CUST3168,8/10/2023,Refund,114.34,Cash,Success,In-store,M509
TXN003169,CUST3169,3/28/2025,Purchase,766.8,Debit Card,Success,Online,M876
TXN003170,CUST3170,8/5/2023,Refund,415.57,Cash,Success,Online,M670
TXN003171,CUST3171,11/16/2024,Purchase,658.62,Cash,Success,Online,M649
TXN003172,CUST3172,8/11/2023,Purchase,267.63,UPI,Success,Online,M876
TXN003173,CUST3173,7/27/2024,Purchase,167.9,Debit Card,Success,Online,M264
TXN003174,CUST3174,7/18/2023,Purchase,168.86,UPI,Success,Online,M489
TXN003175,CUST3175,10/8/2023,Purchase,79.79,UPI,Success,In-store,M590
TXN003176,CUST3176,7/28/2024,Purchase,193.79,Credit Card,Success,Online,M280
TXN003177,CUST3177,12/4/2024,Refund,667.58,Debit Card,Success,Online,M636
TXN003178,CUST3178,5/17/2023,Purchase,882.87,Cash,Success,Online,M135
TXN003179,CUST3179,10/19/2024,Purchase,815.98,Cash,Success,Online,M112
TXN003180,CUST3180,2/3/2024,Purchase,688.28,UPI,Success,Online,M590
TXN003181,CUST3181,11/9/2023,Purchase,119.33,Cash,Success,Online,M259
TXN003182,CUST3182,3/5/2024,Purchase,296.3,UPI,Success,In-store,M831
TXN003183,CUST3183,11/11/2024,Purchase,316.71,UPI,Success,In-store,M599
TXN003184,CUST3184,12/3/2024,Purchase,257.46,UPI,Success,In-store,M260
TXN003185,CUST3185,1/3/2024,Purchase,519.86,Debit Card,Success,Online,M943
TXN003186,CUST3186,5/15/2023,Purchase,540.2,UPI,Success,Online,M101
TXN003187,CUST3187,6/14/2024,Purchase,363.32,UPI,Success,Online,M841
TXN003188,CUST3188,3/23/2025,Purchase,360.25,UPI,Success,Online,M753
TXN003189,CUST3189,7/3/2024,Refund,830.27,Cash,Success,In-store,M667
TXN003190,CUST3190,8/17/2024,Purchase,791.4,Cash,Failed,In-store,M214
TXN003191,CUST3191,8/18/2024,Purchase,314.72,Cash,Success,In-store,M789
TXN003192,CUST3192,3/10/2024,Refund,914.65,Debit Card,Success,Online,M784
TXN003193,CUST3193,1/3/2025,Purchase,953.29,Cash,Success,In-store,M985
TXN003194,CUST3194,8/19/2024,Purchase,333.48,UPI,Success,Online,M397
TXN003195,CUST3195,1/31/2025,Purchase,360.88,Cash,Success,In-store,M558
TXN003196,CUST3196,11/19/2023,Refund,510.58,Cash,Failed,Online,M258
TXN003197,CUST3197,8/27/2024,Purchase,941.71,UPI,Success,Online,M747
TXN003198,CUST3198,12/19/2023,Purchase,877.56,Debit Card,Success,In-store,M297
TXN003199,CUST3199,3/28/2025,Purchase,111.54,Debit Card,Success,In-store,M569
TXN003200,CUST3200,4/10/2024,Purchase,398.8,UPI,Success,Online,M315
TXN003201,CUST3201,7/9/2024,Purchase,557.84,Debit Card,Success,In-store,M460
TXN003202,CUST3202,3/31/2024,Purchase,508.1,UPI,Success,Online,M530
TXN003203,CUST3203,4/7/2025,Purchase,201.92,Cash,Success,Online,M389
TXN003204,CUST3204,2/2/2025,Purchase,860.23,UPI,Success,In-store,M118
TXN003205,CUST3205,12/1/2023,Purchase,680.17,Credit Card,Success,Online,M577
TXN003206,CUST3206,5/22/2024,Purchase,839.53,Debit Card,Success,In-store,M628
TXN003207,CUST3207,1/23/2024,Purchase,860.18,Debit Card,Success,Online,M328
TXN003208,CUST3208,10/17/2023,Purchase,750.87,UPI,Success,Online,M844
TXN003209,CUST3209,12/17/2024,Purchase,444.82,Credit Card,Success,Online,M841
TXN003210,CUST3210,3/29/2024,Purchase,614.44,Cash,Success,Online,M829
TXN003211,CUST3211,4/14/2025,Purchase,168.76,Debit Card,Success,Online,M899
TXN003212,CUST3212,2/1/2025,Purchase,676.91,UPI,Success,In-store,M129
TXN003213,CUST3213,12/6/2023,Purchase,187.46,UPI,Success,Online,M646
TXN003214,CUST3214,4/9/2024,Purchase,697.01,Credit Card,Success,In-store,M327
TXN003215,CUST3215,3/18/2024,Purchase,237.3,Credit Card,Success,In-store,M150
TXN003216,CUST3216,3/10/2024,Purchase,126.38,UPI,Success,Online,M887
TXN003217,CUST3217,10/24/2024,Purchase,173.63,Cash,Success,Online,M509
TXN003218,CUST3218,1/16/2025,Purchase,11.97,Credit Card,Success,Online,M718
TXN003219,CUST3219,1/22/2024,Purchase,721.55,Credit Card,Success,Online,M554
TXN003220,CUST3220,12/20/2023,Purchase,735.08,Credit Card,Success,Online,M632
TXN003221,CUST3221,11/10/2023,Purchase,519.78,UPI,Success,Online,M878
TXN003222,CUST3222,12/11/2023,Purchase,169.75,Credit Card,Success,Online,M712
TXN003223,CUST3223,3/4/2024,Purchase,92.72,Debit Card,Success,Online,M698
TXN003224,CUST3224,6/6/2024,Refund,28.94,UPI,Success,Online,M743
TXN003225,CUST3225,1/18/2025,Purchase,174.09,Cash,Success,Online,M683
TXN003226,CUST3226,4/9/2025,Refund,891.95,Credit Card,Success,Online,M480
TXN003227,CUST3227,9/28/2023,Purchase,249.12,UPI,Success,In-store,M205
TXN003228,CUST3228,1/5/2025,Purchase,360.73,Credit Card,Success,Online,M756
TXN003229,CUST3229,7/9/2023,Refund,114.29,Credit Card,Success,Online,M361
TXN003230,CUST3230,8/25/2023,Purchase,230.14,Credit Card,Success,Online,M454
TXN003231,CUST3231,8/6/2023,Refund,524.03,Credit Card,Success,Online,M390
TXN003232,CUST3232,3/23/2024,Purchase,611.68,UPI,Success,Online,M722
TXN003233,CUST3233,12/19/2023,Purchase,252.9,Credit Card,Success,Online,M661
TXN003234,CUST3234,7/21/2024,Refund,67.15,Debit Card,Success,Online,M309
TXN003235,CUST3235,5/30/2024,Purchase,397.12,UPI,Success,Online,M521
TXN003236,CUST3236,7/11/2023,Purchase,241.86,Debit Card,Success,Online,M572
TXN003237,CUST3237,10/29/2024,Refund,227.36,Debit Card,Success,Online,M181
TXN003238,CUST3238,6/12/2024,Purchase,960.26,Debit Card,Success,Online,M366
TXN003239,CUST3239,2/4/2025,Purchase,620.14,Cash,Success,In-store,M496
TXN003240,CUST3240,6/2/2023,Purchase,561.31,Debit Card,Success,Online,M592
TXN003241,CUST3241,3/17/2025,Purchase,421.62,Debit Card,Success,In-store,M369
TXN003242,CUST3242,9/13/2024,Purchase,434.65,Credit Card,Success,In-store,M677
TXN003243,CUST3243,12/9/2023,Purchase,545.5,Debit Card,Success,Online,M136
TXN003244,CUST3244,9/9/2024,Refund,699.47,Cash,Success,Online,M545
TXN003245,CUST3245,12/4/2024,Purchase,705.12,Debit Card,Success,Online,M488
TXN003246,CUST3246,12/28/2024,Purchase,179.98,Cash,Success,In-store,M639
TXN003247,CUST3247,8/11/2023,Purchase,505.11,Credit Card,Success,Online,M627
TXN003248,CUST3248,10/15/2023,Purchase,417.84,Debit Card,Failed,In-store,M840
TXN003249,CUST3249,2/29/2024,Purchase,871.82,Credit Card,Success,Online,M527
TXN003250,CUST3250,7/5/2024,Purchase,635.1,Debit Card,Success,In-store,M560
TXN003251,CUST3251,1/13/2025,Purchase,537.18,Credit Card,Success,Online,M481
TXN003252,CUST3252,6/4/2024,Purchase,124.24,Cash,Success,Online,M170
TXN003253,CUST3253,7/7/2024,Purchase,609.58,UPI,Success,Online,M989
TXN003254,CUST3254,3/27/2025,Purchase,126.03,Debit Card,Success,In-store,M674
TXN003255,CUST3255,2/5/2025,Purchase,343.83,Cash,Success,In-store,M445
TXN003256,CUST3256,11/2/2023,Purchase,151.41,Credit Card,Success,Online,M881
TXN003257,CUST3257,2/5/2025,Purchase,695.15,Cash,Success,In-store,M603
TXN003258,CUST3258,7/3/2024,Purchase,214.19,Cash,Success,Online,M203
TXN003259,CUST3259,11/7/2023,Purchase,397.94,Debit Card,Success,In-store,M186
TXN003260,CUST3260,11/19/2024,Purchase,896.72,UPI,Success,In-store,M535
TXN003261,CUST3261,1/30/2025,Purchase,212.27,Debit Card,Success,In-store,M411
TXN003262,CUST3262,1/3/2025,Purchase,512.73,Credit Card,Success,Online,M462
TXN003263,CUST3263,4/14/2024,Purchase,425.08,Credit Card,Success,In-store,M541
TXN003264,CUST3264,2/25/2024,Purchase,27.94,Debit Card,Failed,Online,M146
TXN003265,CUST3265,12/21/2023,Purchase,794.83,UPI,Success,In-store,M459
TXN003266,CUST3266,3/31/2025,Purchase,78.36,Debit Card,Success,Online,M784
TXN003267,CUST3267,10/8/2024,Purchase,479.51,Cash,Success,Online,M722
TXN003268,CUST3268,8/3/2024,Purchase,565.07,Credit Card,Success,Online,M914
TXN003269,CUST3269,5/16/2024,Purchase,632.14,Cash,Success,Online,M474
TXN003270,CUST3270,12/14/2023,Purchase,691.75,Cash,Success,Online,M940
TXN003271,CUST3271,4/13/2024,Purchase,260.74,UPI,Success,Online,M511
TXN003272,CUST3272,7/6/2024,Purchase,19.88,Debit Card,Success,Online,M312
TXN003273,CUST3273,12/24/2023,Purchase,726.21,Cash,Success,Online,M410
TXN003274,CUST3274,9/11/2024,Refund,540.3,Credit Card,Success,Online,M354
TXN003275,CUST3275,3/30/2024,Purchase,837.76,UPI,Success,In-store,M868
TXN003276,CUST3276,2/6/2024,Purchase,823.17,Credit Card,Success,In-store,M191
TXN003277,CUST3277,6/21/2024,Purchase,844.89,Debit Card,Success,Online,M615
TXN003278,CUST3278,2/8/2024,Purchase,490.24,UPI,Success,Online,M149
TXN003279,CUST3279,11/11/2023,Purchase,340.29,UPI,Success,Online,M740
TXN003280,CUST3280,4/16/2024,Purchase,793.64,Credit Card,Success,In-store,M771
TXN003281,CUST3281,12/24/2023,Purchase,456.78,Debit Card,Success,Online,M549
TXN003282,CUST3282,7/22/2024,Purchase,191.61,Credit Card,Success,Online,M314
TXN003283,CUST3283,10/6/2023,Purchase,856.42,Credit Card,Success,Online,M702
TXN003284,CUST3284,9/16/2023,Purchase,883.73,UPI,Success,In-store,M250
TXN003285,CUST3285,3/11/2025,Purchase,471.65,UPI,Success,Online,M116
TXN003286,CUST3286,10/3/2024,Purchase,84.94,UPI,Success,In-store,M837
TXN003287,CUST3287,10/3/2024,Purchase,393.95,Debit Card,Success,Online,M133
TXN003288,CUST3288,9/15/2023,Purchase,805.5,Cash,Success,Online,M237
TXN003289,CUST3289,7/31/2023,Refund,902.76,Debit Card,Success,In-store,M457
TXN003290,CUST3290,11/21/2023,Purchase,211.44,Cash,Success,Online,M641
TXN003291,CUST3291,6/26/2023,Purchase,76.3,Debit Card,Success,Online,M954
TXN003292,CUST3292,8/9/2023,Purchase,878.58,UPI,Success,Online,M454
TXN003293,CUST3293,10/8/2024,Purchase,395.51,Cash,Success,Online,M538
TXN003294,CUST3294,9/14/2024,Purchase,546.34,Credit Card,Success,In-store,M439
TXN003295,CUST3295,10/20/2023,Purchase,968.39,Cash,Success,In-store,M876
TXN003296,CUST3296,7/4/2023,Purchase,75.9,Cash,Success,In-store,M909
TXN003297,CUST3297,4/22/2023,Purchase,651.83,Debit Card,Success,Online,M319
TXN003298,CUST3298,5/20/2024,Purchase,83.36,UPI,Failed,Online,M345
TXN003299,CUST3299,6/9/2023,Purchase,381.71,Debit Card,Success,Online,M889
TXN003300,CUST3300,8/10/2023,Purchase,805.78,Credit Card,Success,Online,M580
TXN003301,CUST3301,11/14/2023,Purchase,439.14,Debit Card,Success,In-store,M820
TXN003302,CUST3302,10/30/2024,Purchase,997.21,Debit Card,Success,Online,M588
TXN003303,CUST3303,3/22/2025,Refund,563.47,Credit Card,Success,In-store,M593
TXN003304,CUST3304,6/10/2024,Purchase,327.95,Credit Card,Success,In-store,M913
TXN003305,CUST3305,10/23/2023,Purchase,227.91,UPI,Success,In-store,M347
TXN003306,CUST3306,2/27/2024,Purchase,357.02,Credit Card,Success,In-store,M118
TXN003307,CUST3307,6/19/2024,Purchase,378.81,Debit Card,Success,Online,M793
TXN003308,CUST3308,9/17/2024,Refund,78.03,Credit Card,Success,Online,M304
TXN003309,CUST3309,12/21/2023,Purchase,375.88,UPI,Success,Online,M201
TXN003310,CUST3310,10/14/2023,Purchase,469.6,UPI,Success,Online,M487
TXN003311,CUST3311,5/28/2024,Refund,725.51,UPI,Success,Online,M607
TXN003312,CUST3312,12/30/2024,Purchase,660.16,UPI,Success,In-store,M804
TXN003313,CUST3313,11/25/2023,Purchase,711.68,Credit Card,Success,Online,M670
TXN003314,CUST3314,5/22/2024,Purchase,18.28,Credit Card,Success,Online,M592
TXN003315,CUST3315,3/20/2025,Purchase,225.49,Debit Card,Success,In-store,M210
TXN003316,CUST3316,4/19/2024,Purchase,665.07,Cash,Success,Online,M706
TXN003317,CUST3317,3/13/2024,Purchase,489.15,UPI,Success,Online,M901
TXN003318,CUST3318,5/20/2023,Purchase,15.26,Credit Card,Success,Online,M264
TXN003319,CUST3319,2/15/2025,Refund,806.45,Debit Card,Success,Online,M959
TXN003320,CUST3320,6/26/2024,Purchase,775.08,Cash,Success,In-store,M525
TXN003321,CUST3321,5/19/2024,Purchase,552.93,UPI,Failed,Online,M210
TXN003322,CUST3322,9/20/2023,Purchase,75.8,Credit Card,Success,In-store,M480
TXN003323,CUST3323,3/1/2025,Purchase,768.85,Credit Card,Success,Online,M389
TXN003324,CUST3324,11/5/2023,Purchase,587.88,Cash,Success,Online,M660
TXN003325,CUST3325,3/21/2025,Purchase,784.14,UPI,Success,In-store,M592
TXN003326,CUST3326,10/17/2023,Purchase,754.23,Cash,Success,Online,M789
TXN003327,CUST3327,5/26/2023,Purchase,804.97,Debit Card,Success,Online,M257
TXN003328,CUST3328,1/9/2024,Purchase,522.83,Debit Card,Success,Online,M112
TXN003329,CUST3329,6/19/2024,Refund,148.92,Cash,Success,In-store,M972
TXN003330,CUST3330,7/24/2024,Purchase,674.45,Credit Card,Success,Online,M205
TXN003331,CUST3331,12/24/2024,Purchase,624.27,Cash,Success,Online,M247
TXN003332,CUST3332,4/28/2023,Purchase,744.83,Cash,Success,In-store,M368
TXN003333,CUST3333,5/11/2023,Purchase,178.18,Cash,Success,In-store,M780
TXN003334,CUST3334,7/21/2024,Purchase,203.03,Credit Card,Success,In-store,M158
TXN003335,CUST3335,10/9/2023,Purchase,891.51,Debit Card,Success,Online,M241
TXN003336,CUST3336,1/8/2024,Purchase,752.48,Debit Card,Success,Online,M483
TXN003337,CUST3337,5/11/2024,Purchase,909.15,Cash,Success,In-store,M937
TXN003338,CUST3338,12/13/2023,Refund,761.13,Debit Card,Success,In-store,M397
TXN003339,CUST3339,7/28/2024,Purchase,601.18,Credit Card,Success,Online,M445
TXN003340,CUST3340,5/24/2024,Purchase,657.59,Debit Card,Success,In-store,M428
TXN003341,CUST3341,5/27/2023,Purchase,890.24,UPI,Success,Online,M124
TXN003342,CUST3342,12/1/2024,Purchase,583.02,Debit Card,Success,In-store,M773
TXN003343,CUST3343,3/9/2024,Purchase,636.07,Debit Card,Success,Online,M159
TXN003344,CUST3344,9/5/2024,Purchase,164.91,UPI,Success,Online,M450
TXN003345,CUST3345,1/29/2025,Purchase,479.18,UPI,Success,In-store,M402
TXN003346,CUST3346,4/16/2025,Purchase,719.23,UPI,Success,Online,M704
TXN003347,CUST3347,9/4/2023,Refund,278.23,Credit Card,Success,Online,M132
TXN003348,CUST3348,4/11/2024,Purchase,210.23,Credit Card,Success,Online,M619
TXN003349,CUST3349,5/9/2023,Purchase,320.69,Cash,Success,Online,M862
TXN003350,CUST3350,1/3/2025,Purchase,249.09,Cash,Success,Online,M837
TXN003351,CUST3351,5/24/2023,Purchase,222.76,Debit Card,Success,In-store,M137
TXN003352,CUST3352,10/23/2024,Purchase,430.6,UPI,Success,Online,M781
TXN003353,CUST3353,3/24/2025,Purchase,908.76,Debit Card,Success,Online,M677
TXN003354,CUST3354,9/27/2024,Purchase,511.99,Debit Card,Success,Online,M700
TXN003355,CUST3355,1/18/2025,Purchase,196.04,Credit Card,Success,Online,M663
TXN003356,CUST3356,10/25/2024,Refund,86.2,UPI,Success,Online,M963
TXN003357,CUST3357,9/3/2024,Purchase,699.19,Credit Card,Failed,In-store,M313
TXN003358,CUST3358,12/21/2023,Purchase,388.97,Debit Card,Success,Online,M681
TXN003359,CUST3359,8/27/2023,Purchase,823.61,Cash,Success,Online,M966
TXN003360,CUST3360,6/21/2023,Purchase,662.92,Credit Card,Success,In-store,M607
TXN003361,CUST3361,6/27/2024,Purchase,798.28,Credit Card,Success,Online,M511
TXN003362,CUST3362,5/31/2024,Purchase,279.23,Credit Card,Success,In-store,M746
TXN003363,CUST3363,6/20/2024,Purchase,695.44,Cash,Success,Online,M569
TXN003364,CUST3364,10/10/2023,Purchase,271.42,Credit Card,Success,Online,M342
TXN003365,CUST3365,7/8/2024,Purchase,939.68,Credit Card,Success,Online,M632
TXN003366,CUST3366,8/15/2024,Purchase,640.01,UPI,Success,Online,M622
TXN003367,CUST3367,9/12/2024,Purchase,331.27,Credit Card,Success,In-store,M589
TXN003368,CUST3368,3/5/2024,Purchase,276.82,Cash,Success,Online,M238
TXN003369,CUST3369,2/4/2024,Purchase,199.02,Cash,Success,Online,M417
TXN003370,CUST3370,4/25/2023,Purchase,697.69,Credit Card,Success,Online,M486
TXN003371,CUST3371,6/5/2023,Purchase,226.53,UPI,Success,Online,M199
TXN003372,CUST3372,7/23/2023,Purchase,599.35,Credit Card,Success,Online,M501
TXN003373,CUST3373,2/14/2024,Refund,271.99,UPI,Success,Online,M319
TXN003374,CUST3374,6/26/2023,Purchase,665.35,UPI,Success,Online,M113
TXN003375,CUST3375,4/8/2025,Purchase,816.79,UPI,Success,In-store,M307
TXN003376,CUST3376,2/6/2025,Refund,780.24,Credit Card,Success,Online,M917
TXN003377,CUST3377,5/24/2023,Purchase,763.24,Debit Card,Success,Online,M912
TXN003378,CUST3378,1/3/2024,Purchase,195.85,Debit Card,Success,In-store,M890
TXN003379,CUST3379,7/20/2023,Purchase,97.5,Credit Card,Success,Online,M388
TXN003380,CUST3380,8/16/2023,Purchase,701.96,Debit Card,Success,Online,M354
TXN003381,CUST3381,1/13/2025,Purchase,374.66,Cash,Success,Online,M638
TXN003382,CUST3382,5/9/2023,Purchase,438.02,Cash,Success,Online,M325
TXN003383,CUST3383,11/29/2024,Purchase,40.84,UPI,Success,Online,M890
TXN003384,CUST3384,12/11/2023,Purchase,266.98,Credit Card,Success,Online,M787
TXN003385,CUST3385,4/30/2023,Purchase,43.34,Credit Card,Success,Online,M160
TXN003386,CUST3386,10/7/2024,Purchase,880.39,Cash,Success,Online,M128
TXN003387,CUST3387,1/15/2024,Purchase,250.96,UPI,Success,Online,M130
TXN003388,CUST3388,6/16/2023,Purchase,561.76,Credit Card,Success,Online,M694
TXN003389,CUST3389,1/11/2025,Refund,48.59,Cash,Success,Online,M181
TXN003390,CUST3390,7/8/2024,Purchase,670.18,UPI,Success,In-store,M398
TXN003391,CUST3391,8/21/2023,Purchase,329.8,Cash,Success,Online,M328
TXN003392,CUST3392,8/4/2024,Purchase,898.94,Credit Card,Success,Online,M420
TXN003393,CUST3393,10/24/2023,Refund,889.24,UPI,Success,Online,M261
TXN003394,CUST3394,1/8/2025,Purchase,332.04,UPI,Success,Online,M729
TXN003395,CUST3395,4/3/2024,Purchase,901.95,Debit Card,Success,In-store,M414
TXN003396,CUST3396,12/15/2023,Purchase,996.2,Credit Card,Success,Online,M733
TXN003397,CUST3397,11/12/2024,Purchase,827.16,Debit Card,Success,Online,M331
TXN003398,CUST3398,3/25/2025,Purchase,846.42,Credit Card,Success,Online,M118
TXN003399,CUST3399,6/24/2023,Purchase,256.52,Debit Card,Success,In-store,M603
TXN003400,CUST3400,9/3/2023,Purchase,580.94,UPI,Success,Online,M808
TXN003401,CUST3401,9/7/2024,Purchase,76.58,UPI,Success,In-store,M831
TXN003402,CUST3402,8/12/2023,Purchase,103.97,Credit Card,Success,In-store,M384
TXN003403,CUST3403,8/1/2024,Purchase,998.9,Cash,Success,Online,M208
TXN003404,CUST3404,7/31/2023,Purchase,333.37,UPI,Success,Online,M548
TXN003405,CUST3405,7/18/2023,Purchase,750.7,Debit Card,Success,Online,M681
TXN003406,CUST3406,11/1/2023,Purchase,808.6,Cash,Success,Online,M679
TXN003407,CUST3407,7/25/2023,Refund,859.44,UPI,Success,Online,M759
TXN003408,CUST3408,7/18/2024,Purchase,997.65,Cash,Success,Online,M522
TXN003409,CUST3409,6/30/2023,Purchase,249.08,Credit Card,Success,In-store,M421
TXN003410,CUST3410,6/3/2024,Purchase,49.95,Cash,Success,Online,M377
TXN003411,CUST3411,4/11/2025,Purchase,417.08,UPI,Success,Online,M523
TXN003412,CUST3412,4/4/2024,Purchase,138.78,UPI,Success,Online,M872
TXN003413,CUST3413,12/17/2024,Refund,32.2,Cash,Success,Online,M496
TXN003414,CUST3414,12/3/2024,Purchase,366.82,UPI,Success,In-store,M256
TXN003415,CUST3415,9/30/2024,Purchase,785.9,Credit Card,Success,Online,M624
TXN003416,CUST3416,2/10/2025,Purchase,570.52,Cash,Success,Online,M734
TXN003417,CUST3417,10/23/2024,Purchase,319.65,Debit Card,Success,Online,M608
TXN003418,CUST3418,1/7/2025,Refund,657.8,UPI,Failed,Online,M809
TXN003419,CUST3419,4/13/2024,Purchase,239.7,Debit Card,Success,In-store,M299
TXN003420,CUST3420,10/14/2023,Purchase,24.24,Credit Card,Success,Online,M467
TXN003421,CUST3421,3/16/2025,Purchase,766.71,Credit Card,Success,Online,M202
TXN003422,CUST3422,12/31/2023,Purchase,627.51,Credit Card,Success,In-store,M634
TXN003423,CUST3423,6/7/2023,Refund,764.68,UPI,Success,Online,M720
TXN003424,CUST3424,10/8/2024,Purchase,48.55,Credit Card,Success,Online,M917
TXN003425,CUST3425,1/21/2024,Purchase,838.75,Cash,Success,Online,M486
TXN003426,CUST3426,3/24/2024,Purchase,623.33,Debit Card,Failed,Online,M260
TXN003427,CUST3427,5/16/2023,Purchase,567.76,Debit Card,Success,In-store,M248
TXN003428,CUST3428,5/9/2023,Purchase,628.37,Debit Card,Failed,In-store,M444
TXN003429,CUST3429,8/21/2023,Refund,865.79,UPI,Success,In-store,M258
TXN003430,CUST3430,4/20/2024,Purchase,591.07,UPI,Success,Online,M563
TXN003431,CUST3431,2/6/2024,Purchase,585.14,Debit Card,Success,In-store,M896
TXN003432,CUST3432,2/18/2025,Purchase,990.77,Cash,Success,Online,M435
TXN003433,CUST3433,9/9/2024,Purchase,759.16,Debit Card,Success,Online,M747
TXN003434,CUST3434,9/11/2023,Purchase,447.87,Debit Card,Success,Online,M513
TXN003435,CUST3435,10/8/2024,Purchase,710.32,UPI,Success,Online,M157
TXN003436,CUST3436,7/16/2024,Refund,395.34,Cash,Success,Online,M104
TXN003437,CUST3437,6/27/2024,Purchase,236.59,Debit Card,Success,Online,M269
TXN003438,CUST3438,6/29/2023,Purchase,600.88,UPI,Failed,Online,M230
TXN003439,CUST3439,4/27/2023,Purchase,928.9,Cash,Success,Online,M355
TXN003440,CUST3440,5/29/2023,Purchase,929.85,Cash,Success,Online,M138
TXN003441,CUST3441,1/31/2024,Purchase,348.49,UPI,Success,Online,M232
TXN003442,CUST3442,5/2/2024,Refund,532.4,Cash,Success,Online,M329
TXN003443,CUST3443,4/20/2024,Purchase,219.52,Cash,Success,Online,M393
TXN003444,CUST3444,6/19/2023,Purchase,995.67,Cash,Success,Online,M139
TXN003445,CUST3445,2/14/2024,Purchase,981.31,Debit Card,Success,In-store,M481
TXN003446,CUST3446,2/19/2024,Purchase,653.01,Credit Card,Success,Online,M491
TXN003447,CUST3447,1/7/2024,Refund,806.37,Debit Card,Success,Online,M861
TXN003448,CUST3448,1/2/2025,Purchase,717.95,Debit Card,Success,Online,M579
TXN003449,CUST3449,6/3/2024,Purchase,597.23,Cash,Failed,Online,M562
TXN003450,CUST3450,3/9/2025,Purchase,62.81,Cash,Success,Online,M973
TXN003451,CUST3451,6/4/2024,Purchase,460.22,Debit Card,Success,In-store,M968
TXN003452,CUST3452,1/17/2024,Purchase,678.04,Debit Card,Success,In-store,M204
TXN003453,CUST3453,12/25/2023,Purchase,680.76,Debit Card,Success,Online,M288
TXN003454,CUST3454,12/24/2023,Refund,379.39,Debit Card,Success,Online,M468
TXN003455,CUST3455,7/2/2024,Purchase,942.28,Cash,Success,Online,M180
TXN003456,CUST3456,3/31/2024,Purchase,175.68,Debit Card,Success,Online,M775
TXN003457,CUST3457,9/30/2023,Purchase,505.36,UPI,Success,Online,M477
TXN003458,CUST3458,9/25/2024,Purchase,693.98,UPI,Success,Online,M631
TXN003459,CUST3459,3/20/2025,Purchase,700.16,Cash,Success,Online,M677
TXN003460,CUST3460,10/28/2023,Refund,652.15,Debit Card,Success,Online,M854
TXN003461,CUST3461,9/17/2023,Purchase,282.54,Debit Card,Success,Online,M144
TXN003462,CUST3462,11/25/2024,Purchase,164.64,UPI,Success,In-store,M945
TXN003463,CUST3463,1/17/2024,Purchase,639.58,Cash,Success,In-store,M368
TXN003464,CUST3464,10/21/2024,Purchase,603.31,Debit Card,Success,Online,M204
TXN003465,CUST3465,7/28/2024,Purchase,187.56,Debit Card,Success,In-store,M628
TXN003466,CUST3466,2/7/2025,Purchase,708.09,Debit Card,Success,Online,M971
TXN003467,CUST3467,1/28/2024,Purchase,460.62,Cash,Success,Online,M744
TXN003468,CUST3468,1/6/2024,Refund,671.08,UPI,Success,In-store,M269
TXN003469,CUST3469,6/25/2024,Purchase,838.99,UPI,Success,Online,M890
TXN003470,CUST3470,6/10/2023,Purchase,178.03,Credit Card,Success,In-store,M982
TXN003471,CUST3471,1/8/2024,Purchase,28.95,UPI,Failed,Online,M619
TXN003472,CUST3472,3/17/2025,Purchase,781.31,Debit Card,Success,Online,M112
TXN003473,CUST3473,10/11/2024,Refund,613.6,Cash,Success,Online,M444
TXN003474,CUST3474,2/4/2025,Purchase,702.64,Debit Card,Success,Online,M171
TXN003475,CUST3475,10/12/2023,Purchase,839.77,Cash,Success,Online,M522
TXN003476,CUST3476,7/19/2023,Purchase,804.78,Debit Card,Success,Online,M512
TXN003477,CUST3477,12/26/2024,Purchase,961.31,UPI,Success,In-store,M541
TXN003478,CUST3478,12/2/2023,Purchase,540.58,Cash,Success,Online,M144
TXN003479,CUST3479,10/7/2024,Purchase,493.61,Credit Card,Success,Online,M826
TXN003480,CUST3480,4/4/2025,Purchase,407.87,Cash,Failed,In-store,M655
TXN003481,CUST3481,8/13/2023,Purchase,162.15,UPI,Success,Online,M920
TXN003482,CUST3482,8/13/2023,Purchase,576.88,Cash,Success,Online,M217
TXN003483,CUST3483,10/23/2024,Purchase,284.24,Credit Card,Success,Online,M970
TXN003484,CUST3484,7/24/2023,Purchase,922.09,UPI,Success,Online,M284
TXN003485,CUST3485,7/24/2023,Refund,587.36,UPI,Failed,In-store,M322
TXN003486,CUST3486,4/26/2023,Purchase,596.91,Credit Card,Success,Online,M693
TXN003487,CUST3487,6/3/2024,Purchase,361.38,Cash,Success,Online,M230
TXN003488,CUST3488,3/15/2024,Purchase,61.47,Debit Card,Success,In-store,M599
TXN003489,CUST3489,8/3/2024,Purchase,41.43,Credit Card,Success,Online,M639
TXN003490,CUST3490,11/9/2024,Purchase,429.1,Debit Card,Success,Online,M666
TXN003491,CUST3491,2/10/2024,Purchase,93.72,Debit Card,Success,Online,M400
TXN003492,CUST3492,9/13/2023,Purchase,610.78,Cash,Success,In-store,M889
TXN003493,CUST3493,9/24/2024,Purchase,882.16,Cash,Success,In-store,M382
TXN003494,CUST3494,3/3/2025,Purchase,884.09,Credit Card,Success,Online,M597
TXN003495,CUST3495,4/17/2023,Purchase,662.45,Cash,Success,In-store,M750
TXN003496,CUST3496,10/20/2023,Purchase,219.12,Debit Card,Success,Online,M728
TXN003497,CUST3497,1/29/2025,Purchase,864.37,UPI,Success,In-store,M134
TXN003498,CUST3498,12/31/2023,Purchase,887.23,UPI,Success,In-store,M697
TXN003499,CUST3499,8/15/2023,Purchase,204.69,UPI,Success,In-store,M670
TXN003500,CUST3500,7/30/2023,Purchase,740.05,Credit Card,Success,In-store,M490
TXN003501,CUST3501,5/17/2024,Purchase,293.65,Credit Card,Success,Online,M918
TXN003502,CUST3502,12/5/2023,Purchase,804.61,UPI,Success,In-store,M298
TXN003503,CUST3503,10/29/2023,Purchase,997.27,UPI,Success,In-store,M526
TXN003504,CUST3504,7/2/2023,Purchase,39.73,Debit Card,Success,Online,M184
TXN003505,CUST3505,4/5/2025,Purchase,898.39,UPI,Success,In-store,M434
TXN003506,CUST3506,6/19/2024,Purchase,626.4,Cash,Success,Online,M243
TXN003507,CUST3507,10/7/2024,Purchase,973.65,Debit Card,Success,Online,M585
TXN003508,CUST3508,2/13/2025,Purchase,470.36,Cash,Success,Online,M500
TXN003509,CUST3509,1/16/2025,Purchase,848.91,Credit Card,Success,In-store,M726
TXN003510,CUST3510,3/29/2025,Purchase,71.77,Credit Card,Success,Online,M430
TXN003511,CUST3511,6/16/2023,Purchase,341.93,Debit Card,Success,In-store,M949
TXN003512,CUST3512,4/3/2025,Purchase,76.35,UPI,Success,Online,M664
TXN003513,CUST3513,1/27/2024,Purchase,975.59,Cash,Failed,In-store,M929
TXN003514,CUST3514,12/14/2024,Purchase,818.8,Debit Card,Success,Online,M931
TXN003515,CUST3515,2/5/2024,Purchase,854.02,Debit Card,Success,Online,M976
TXN003516,CUST3516,4/26/2024,Purchase,938.59,Credit Card,Success,Online,M978
TXN003517,CUST3517,11/4/2024,Purchase,94.25,Credit Card,Success,Online,M388
TXN003518,CUST3518,5/22/2024,Purchase,391.74,Debit Card,Success,In-store,M410
TXN003519,CUST3519,3/4/2025,Purchase,80.32,UPI,Success,In-store,M410
TXN003520,CUST3520,8/30/2024,Purchase,218.69,Credit Card,Success,Online,M259
TXN003521,CUST3521,5/1/2024,Purchase,237.07,UPI,Success,Online,M115
TXN003522,CUST3522,1/4/2025,Purchase,474.42,Debit Card,Success,Online,M248
TXN003523,CUST3523,1/9/2024,Purchase,275.88,Cash,Success,Online,M263
TXN003524,CUST3524,8/9/2024,Purchase,109.97,Debit Card,Success,In-store,M918
TXN003525,CUST3525,4/29/2024,Purchase,175.82,UPI,Success,In-store,M365
TXN003526,CUST3526,8/30/2023,Purchase,155.8,UPI,Success,Online,M810
TXN003527,CUST3527,3/31/2024,Purchase,973.35,Cash,Success,Online,M668
TXN003528,CUST3528,7/15/2023,Refund,761.7,Credit Card,Success,In-store,M252
TXN003529,CUST3529,8/28/2024,Purchase,968.08,UPI,Success,Online,M357
TXN003530,CUST3530,9/14/2024,Purchase,445.34,Cash,Success,Online,M649
TXN003531,CUST3531,3/28/2025,Purchase,285.58,Credit Card,Success,Online,M657
TXN003532,CUST3532,6/23/2024,Purchase,800.31,Debit Card,Success,In-store,M956
TXN003533,CUST3533,4/28/2024,Purchase,332.99,Cash,Success,In-store,M502
TXN003534,CUST3534,9/22/2024,Purchase,306.39,Debit Card,Success,In-store,M295
TXN003535,CUST3535,1/22/2024,Purchase,240.18,Debit Card,Success,In-store,M841
TXN003536,CUST3536,11/24/2024,Purchase,138.38,Credit Card,Success,In-store,M172
TXN003537,CUST3537,9/26/2023,Purchase,263.9,Cash,Success,Online,M350
TXN003538,CUST3538,7/19/2024,Purchase,361.77,Cash,Success,Online,M989
TXN003539,CUST3539,3/17/2025,Purchase,677.25,Debit Card,Success,Online,M572
TXN003540,CUST3540,8/22/2023,Purchase,71.94,Cash,Success,Online,M340
TXN003541,CUST3541,3/17/2024,Purchase,218.4,UPI,Success,In-store,M573
TXN003542,CUST3542,2/25/2025,Refund,810.93,Credit Card,Success,Online,M178
TXN003543,CUST3543,11/17/2023,Purchase,155.45,Cash,Success,In-store,M407
TXN003544,CUST3544,2/25/2024,Purchase,349.22,Debit Card,Success,Online,M475
TXN003545,CUST3545,12/9/2024,Purchase,866.01,Credit Card,Success,Online,M142
TXN003546,CUST3546,11/11/2024,Purchase,163.38,UPI,Success,Online,M331
TXN003547,CUST3547,5/22/2023,Purchase,91.91,UPI,Success,Online,M175
TXN003548,CUST3548,1/16/2024,Purchase,489.69,Credit Card,Success,In-store,M957
TXN003549,CUST3549,10/10/2023,Purchase,309.4,Cash,Success,Online,M955
TXN003550,CUST3550,5/21/2023,Purchase,567.77,UPI,Success,In-store,M992
TXN003551,CUST3551,6/16/2024,Purchase,805.77,Credit Card,Success,Online,M212
TXN003552,CUST3552,10/24/2023,Purchase,145.78,Cash,Success,In-store,M645
TXN003553,CUST3553,6/8/2024,Purchase,584.89,UPI,Success,Online,M132
TXN003554,CUST3554,11/15/2023,Refund,510.45,Debit Card,Success,Online,M812
TXN003555,CUST3555,9/9/2024,Purchase,152.64,Debit Card,Success,Online,M256
TXN003556,CUST3556,11/7/2024,Purchase,627.76,Credit Card,Failed,Online,M489
TXN003557,CUST3557,10/27/2024,Purchase,280.9,UPI,Success,In-store,M795
TXN003558,CUST3558,1/11/2025,Purchase,492.96,Credit Card,Success,Online,M489
TXN003559,CUST3559,12/13/2023,Purchase,91.45,Debit Card,Success,Online,M746
TXN003560,CUST3560,12/30/2023,Purchase,464.99,Credit Card,Success,Online,M701
TXN003561,CUST3561,1/12/2025,Purchase,313.4,Credit Card,Success,Online,M931
TXN003562,CUST3562,11/10/2023,Purchase,824.16,Credit Card,Success,Online,M224
TXN003563,CUST3563,1/22/2025,Purchase,66.41,Credit Card,Success,In-store,M369
TXN003564,CUST3564,12/29/2023,Purchase,424.42,Credit Card,Success,Online,M906
TXN003565,CUST3565,5/12/2024,Purchase,463.85,Debit Card,Success,In-store,M224
TXN003566,CUST3566,3/25/2025,Refund,727.76,Cash,Success,Online,M718
TXN003567,CUST3567,3/12/2024,Purchase,578.54,Cash,Success,In-store,M880
TXN003568,CUST3568,4/30/2023,Purchase,670.54,Debit Card,Success,Online,M354
TXN003569,CUST3569,5/11/2023,Purchase,779.28,Credit Card,Success,In-store,M785
TXN003570,CUST3570,12/8/2024,Purchase,863.58,Credit Card,Success,Online,M687
TXN003571,CUST3571,1/6/2025,Purchase,320.74,Credit Card,Success,Online,M518
TXN003572,CUST3572,7/20/2024,Purchase,542.64,Cash,Success,Online,M106
TXN003573,CUST3573,11/27/2024,Purchase,841.71,Debit Card,Success,Online,M492
TXN003574,CUST3574,3/6/2025,Purchase,989.56,Cash,Success,Online,M187
TXN003575,CUST3575,9/21/2023,Refund,890.62,Debit Card,Success,Online,M125
TXN003576,CUST3576,8/24/2023,Purchase,377.75,Cash,Success,Online,M370
TXN003577,CUST3577,8/30/2023,Purchase,203.21,Debit Card,Success,Online,M565
TXN003578,CUST3578,11/12/2024,Purchase,494.5,Cash,Success,Online,M901
TXN003579,CUST3579,8/11/2023,Purchase,744.23,Debit Card,Success,Online,M906
TXN003580,CUST3580,8/22/2024,Purchase,497.64,UPI,Success,Online,M194
TXN003581,CUST3581,10/18/2024,Refund,488.35,Debit Card,Success,Online,M994
TXN003582,CUST3582,12/19/2023,Refund,839.85,UPI,Success,In-store,M613
TXN003583,CUST3583,5/31/2023,Purchase,367.79,Cash,Success,Online,M681
TXN003584,CUST3584,5/29/2024,Purchase,861.2,Debit Card,Success,In-store,M953
TXN003585,CUST3585,5/2/2024,Purchase,412.74,Debit Card,Success,Online,M862
TXN003586,CUST3586,8/3/2023,Purchase,334.95,Cash,Failed,Online,M227
TXN003587,CUST3587,12/1/2024,Purchase,459.45,UPI,Success,In-store,M950
TXN003588,CUST3588,12/22/2023,Purchase,764.82,Cash,Success,In-store,M204
TXN003589,CUST3589,6/16/2024,Purchase,134.74,Debit Card,Failed,Online,M934
TXN003590,CUST3590,1/9/2024,Purchase,204.46,Cash,Success,Online,M694
TXN003591,CUST3591,2/8/2024,Purchase,951.93,Cash,Success,Online,M923
TXN003592,CUST3592,4/19/2024,Purchase,183.74,Cash,Success,Online,M918
TXN003593,CUST3593,6/22/2024,Purchase,572.05,Debit Card,Success,Online,M730
TXN003594,CUST3594,8/9/2024,Purchase,583.52,UPI,Success,In-store,M228
TXN003595,CUST3595,10/1/2024,Purchase,494.73,Credit Card,Success,Online,M851
TXN003596,CUST3596,2/22/2024,Purchase,648.3,Debit Card,Success,In-store,M422
TXN003597,CUST3597,8/1/2023,Purchase,237.53,Debit Card,Success,In-store,M967
TXN003598,CUST3598,1/5/2025,Purchase,557.14,Credit Card,Success,Online,M487
TXN003599,CUST3599,3/6/2024,Purchase,378.45,Debit Card,Success,In-store,M773
TXN003600,CUST3600,11/21/2024,Purchase,665.05,Credit Card,Success,In-store,M792
TXN003601,CUST3601,12/13/2024,Purchase,149.81,Cash,Success,Online,M713
TXN003602,CUST3602,1/28/2025,Purchase,575.17,Debit Card,Success,Online,M246
TXN003603,CUST3603,11/19/2023,Purchase,193.42,Credit Card,Failed,Online,M411
TXN003604,CUST3604,5/5/2023,Purchase,285.86,UPI,Success,In-store,M843
TXN003605,CUST3605,3/27/2024,Purchase,226.52,Credit Card,Success,Online,M597
TXN003606,CUST3606,9/15/2024,Purchase,191.01,Cash,Success,In-store,M519
TXN003607,CUST3607,12/13/2023,Refund,827.45,Debit Card,Success,Online,M673
TXN003608,CUST3608,2/1/2025,Purchase,292.85,UPI,Success,Online,M665
TXN003609,CUST3609,1/14/2025,Purchase,927.85,Debit Card,Success,Online,M785
TXN003610,CUST3610,4/17/2024,Refund,970.23,Debit Card,Success,Online,M895
TXN003611,CUST3611,6/29/2023,Purchase,575.55,Debit Card,Success,Online,M316
TXN003612,CUST3612,5/6/2024,Purchase,151.57,Debit Card,Failed,Online,M396
TXN003613,CUST3613,9/27/2023,Purchase,380.8,Cash,Success,Online,M164
TXN003614,CUST3614,3/15/2025,Purchase,799.75,UPI,Success,In-store,M146
TXN003615,CUST3615,12/23/2024,Purchase,373.72,Credit Card,Success,Online,M325
TXN003616,CUST3616,5/3/2023,Purchase,96.15,Debit Card,Success,Online,M368
TXN003617,CUST3617,12/28/2024,Purchase,561.22,Credit Card,Success,Online,M180
TXN003618,CUST3618,3/23/2025,Purchase,846.67,Debit Card,Success,In-store,M387
TXN003619,CUST3619,4/28/2023,Purchase,797.97,UPI,Success,Online,M195
TXN003620,CUST3620,3/1/2024,Purchase,183.37,Debit Card,Success,Online,M302
TXN003621,CUST3621,5/21/2023,Purchase,676.04,Credit Card,Success,Online,M873
TXN003622,CUST3622,4/26/2023,Purchase,228.3,UPI,Success,In-store,M171
TXN003623,CUST3623,6/21/2024,Purchase,226.03,Cash,Success,Online,M628
TXN003624,CUST3624,12/29/2024,Purchase,875.33,Cash,Success,In-store,M206
TXN003625,CUST3625,1/11/2024,Purchase,257.17,UPI,Success,Online,M213
TXN003626,CUST3626,1/11/2024,Purchase,270.61,UPI,Success,Online,M978
TXN003627,CUST3627,5/28/2023,Purchase,10.65,UPI,Success,Online,M975
TXN003628,CUST3628,4/30/2024,Purchase,871.96,Debit Card,Success,Online,M675
TXN003629,CUST3629,4/20/2023,Purchase,794.67,UPI,Success,Online,M748
TXN003630,CUST3630,12/11/2024,Purchase,631.06,Credit Card,Success,Online,M206
TXN003631,CUST3631,7/11/2024,Refund,752.76,UPI,Success,Online,M419
TXN003632,CUST3632,11/1/2024,Purchase,160.53,Credit Card,Failed,Online,M109
TXN003633,CUST3633,6/26/2024,Purchase,463.74,Cash,Success,Online,M450
TXN003634,CUST3634,3/19/2024,Purchase,357.71,Credit Card,Success,In-store,M187
TXN003635,CUST3635,10/12/2023,Refund,102.84,Credit Card,Success,In-store,M814
TXN003636,CUST3636,10/3/2024,Purchase,491.27,UPI,Success,In-store,M820
TXN003637,CUST3637,7/12/2024,Purchase,921.53,Debit Card,Success,Online,M337
TXN003638,CUST3638,11/10/2023,Purchase,49.66,Debit Card,Failed,Online,M260
TXN003639,CUST3639,4/20/2023,Purchase,298.55,UPI,Success,Online,M422
TXN003640,CUST3640,3/14/2024,Refund,215.47,Debit Card,Success,In-store,M751
TXN003641,CUST3641,5/13/2023,Purchase,245.77,UPI,Success,Online,M218
TXN003642,CUST3642,1/15/2024,Purchase,909.35,Credit Card,Success,In-store,M555
TXN003643,CUST3643,5/18/2024,Purchase,473.39,Debit Card,Success,Online,M994
TXN003644,CUST3644,6/1/2023,Purchase,471.64,Cash,Success,Online,M701
TXN003645,CUST3645,11/6/2023,Purchase,762.97,Credit Card,Success,Online,M784
TXN003646,CUST3646,9/5/2024,Purchase,162.95,Credit Card,Success,Online,M102
TXN003647,CUST3647,3/8/2024,Purchase,492.39,Credit Card,Success,Online,M417
TXN003648,CUST3648,8/25/2023,Purchase,435.69,Cash,Success,In-store,M419
TXN003649,CUST3649,3/18/2025,Refund,600.94,UPI,Success,In-store,M561
TXN003650,CUST3650,6/7/2024,Refund,999.56,UPI,Success,Online,M139
TXN003651,CUST3651,1/31/2024,Purchase,771.75,UPI,Success,Online,M614
TXN003652,CUST3652,8/13/2023,Purchase,403.89,Credit Card,Success,Online,M469
TXN003653,CUST3653,12/6/2023,Purchase,829.28,Cash,Success,Online,M524
TXN003654,CUST3654,3/7/2024,Refund,179,UPI,Success,Online,M101
TXN003655,CUST3655,11/4/2023,Purchase,40.16,UPI,Success,Online,M686
TXN003656,CUST3656,2/12/2024,Purchase,212.4,Credit Card,Success,In-store,M862
TXN003657,CUST3657,5/25/2024,Refund,347.01,UPI,Success,Online,M381
TXN003658,CUST3658,5/15/2024,Purchase,515.47,Credit Card,Success,Online,M911
TXN003659,CUST3659,10/19/2024,Purchase,618.98,Cash,Success,In-store,M148
TXN003660,CUST3660,6/30/2024,Purchase,911.5,Credit Card,Success,In-store,M926
TXN003661,CUST3661,3/28/2024,Purchase,514.76,Credit Card,Success,Online,M495
TXN003662,CUST3662,1/21/2024,Purchase,506.26,UPI,Success,Online,M564
TXN003663,CUST3663,9/23/2024,Purchase,59.74,Credit Card,Success,Online,M202
TXN003664,CUST3664,7/20/2023,Purchase,44.56,Credit Card,Success,In-store,M403
TXN003665,CUST3665,9/29/2024,Purchase,555.65,Debit Card,Success,In-store,M776
TXN003666,CUST3666,3/24/2025,Purchase,443.8,UPI,Success,In-store,M937
TXN003667,CUST3667,1/11/2024,Purchase,840.79,Cash,Success,Online,M615
TXN003668,CUST3668,5/26/2024,Purchase,169.07,Credit Card,Success,In-store,M569
TXN003669,CUST3669,7/14/2023,Purchase,34.72,UPI,Success,In-store,M639
TXN003670,CUST3670,4/17/2023,Purchase,454.55,Credit Card,Success,Online,M317
TXN003671,CUST3671,6/30/2023,Refund,245.1,Credit Card,Success,Online,M170
TXN003672,CUST3672,5/4/2024,Purchase,59.12,UPI,Success,In-store,M122
TXN003673,CUST3673,8/15/2023,Purchase,727.35,UPI,Success,Online,M302
TXN003674,CUST3674,10/28/2024,Purchase,120.48,Cash,Success,Online,M207
TXN003675,CUST3675,4/27/2024,Purchase,612.24,Credit Card,Success,Online,M368
TXN003676,CUST3676,10/15/2023,Purchase,288.24,Cash,Success,In-store,M928
TXN003677,CUST3677,6/9/2023,Purchase,181.76,Credit Card,Success,Online,M926
TXN003678,CUST3678,2/14/2024,Purchase,385.95,Credit Card,Success,Online,M462
TXN003679,CUST3679,11/6/2023,Purchase,803.43,Credit Card,Failed,Online,M881
TXN003680,CUST3680,3/6/2025,Purchase,398.17,Credit Card,Success,Online,M499
TXN003681,CUST3681,7/1/2024,Purchase,753.26,Credit Card,Success,Online,M378
TXN003682,CUST3682,12/22/2023,Purchase,134.23,UPI,Success,In-store,M422
TXN003683,CUST3683,5/31/2024,Purchase,775.04,UPI,Success,In-store,M585
TXN003684,CUST3684,1/24/2025,Purchase,244.56,Cash,Success,Online,M228
TXN003685,CUST3685,10/2/2023,Purchase,680.62,Debit Card,Success,Online,M882
TXN003686,CUST3686,10/16/2023,Purchase,570.12,Credit Card,Success,Online,M256
TXN003687,CUST3687,10/18/2023,Purchase,929.85,Credit Card,Success,In-store,M568
TXN003688,CUST3688,8/13/2023,Purchase,393.45,Credit Card,Success,Online,M435
TXN003689,CUST3689,6/28/2024,Purchase,75.5,Credit Card,Success,Online,M777
TXN003690,CUST3690,9/7/2024,Purchase,28.96,Cash,Success,Online,M583
TXN003691,CUST3691,4/22/2024,Purchase,828.59,UPI,Success,Online,M714
TXN003692,CUST3692,2/20/2024,Purchase,529.49,Credit Card,Success,In-store,M375
TXN003693,CUST3693,5/20/2023,Purchase,777.49,Debit Card,Success,Online,M909
TXN003694,CUST3694,5/20/2024,Purchase,242.08,Credit Card,Success,Online,M155
TXN003695,CUST3695,9/4/2023,Purchase,351.63,Debit Card,Success,Online,M565
TXN003696,CUST3696,4/14/2024,Purchase,39.8,UPI,Success,Online,M843
TXN003697,CUST3697,5/24/2024,Refund,961.88,Cash,Success,Online,M374
TXN003698,CUST3698,2/5/2024,Purchase,671.19,Debit Card,Success,In-store,M127
TXN003699,CUST3699,6/26/2023,Purchase,933.87,Cash,Success,In-store,M327
TXN003700,CUST3700,4/4/2025,Purchase,272.84,Debit Card,Success,Online,M319
TXN003701,CUST3701,7/3/2023,Purchase,615.35,Cash,Success,Online,M978
TXN003702,CUST3702,3/25/2025,Purchase,681.71,UPI,Success,Online,M560
TXN003703,CUST3703,5/10/2023,Purchase,324.37,UPI,Success,In-store,M371
TXN003704,CUST3704,12/24/2023,Purchase,849.63,Debit Card,Success,Online,M364
TXN003705,CUST3705,9/3/2023,Purchase,947.69,Cash,Success,Online,M733
TXN003706,CUST3706,11/30/2024,Purchase,886.01,Cash,Success,Online,M742
TXN003707,CUST3707,9/13/2024,Purchase,741.68,Cash,Success,Online,M694
TXN003708,CUST3708,10/25/2024,Purchase,284.69,UPI,Success,In-store,M728
TXN003709,CUST3709,10/22/2024,Purchase,288.8,Cash,Success,Online,M637
TXN003710,CUST3710,6/2/2023,Purchase,963.73,Debit Card,Success,Online,M560
TXN003711,CUST3711,8/26/2024,Purchase,20.18,Cash,Success,Online,M103
TXN003712,CUST3712,1/23/2024,Purchase,718.89,Debit Card,Success,Online,M718
TXN003713,CUST3713,10/11/2023,Purchase,709.18,UPI,Success,Online,M335
TXN003714,CUST3714,6/5/2023,Purchase,626.46,Credit Card,Success,In-store,M352
TXN003715,CUST3715,3/10/2025,Purchase,990.21,Cash,Success,In-store,M723
TXN003716,CUST3716,10/23/2023,Purchase,318.76,Debit Card,Failed,Online,M209
TXN003717,CUST3717,2/25/2025,Purchase,346.57,Debit Card,Success,Online,M825
TXN003718,CUST3718,9/27/2024,Purchase,88.15,Cash,Success,Online,M334
TXN003719,CUST3719,4/20/2023,Refund,448.37,Debit Card,Success,Online,M502
TXN003720,CUST3720,8/29/2023,Purchase,268.44,Debit Card,Success,Online,M865
TXN003721,CUST3721,9/23/2023,Refund,349.95,Debit Card,Success,Online,M729
TXN003722,CUST3722,9/10/2024,Purchase,836.23,Debit Card,Success,Online,M395
TXN003723,CUST3723,8/8/2023,Refund,936.13,Credit Card,Success,In-store,M191
TXN003724,CUST3724,2/22/2024,Purchase,193.88,Credit Card,Success,Online,M290
TXN003725,CUST3725,8/23/2024,Purchase,378.78,Debit Card,Success,In-store,M935
TXN003726,CUST3726,9/1/2023,Purchase,929.34,Cash,Success,In-store,M745
TXN003727,CUST3727,6/9/2024,Purchase,71.19,Credit Card,Success,Online,M514
TXN003728,CUST3728,9/9/2023,Purchase,101.44,UPI,Success,Online,M407
TXN003729,CUST3729,2/26/2025,Purchase,171.16,UPI,Success,Online,M172
TXN003730,CUST3730,8/15/2024,Purchase,599.26,Cash,Success,Online,M104
TXN003731,CUST3731,8/1/2023,Purchase,158.97,Cash,Success,In-store,M953
TXN003732,CUST3732,8/11/2024,Purchase,968.4,Debit Card,Success,Online,M494
TXN003733,CUST3733,4/14/2024,Purchase,452.25,Credit Card,Success,In-store,M117
TXN003734,CUST3734,8/27/2023,Purchase,506.5,Credit Card,Success,Online,M329
TXN003735,CUST3735,2/20/2025,Purchase,254.19,Credit Card,Success,In-store,M271
TXN003736,CUST3736,9/8/2023,Purchase,476.25,Debit Card,Success,Online,M536
TXN003737,CUST3737,6/16/2024,Purchase,665.29,Debit Card,Success,Online,M877
TXN003738,CUST3738,9/25/2024,Purchase,753.67,Debit Card,Success,Online,M928
TXN003739,CUST3739,3/8/2024,Purchase,756.33,Debit Card,Success,Online,M561
TXN003740,CUST3740,8/15/2024,Purchase,582.11,UPI,Success,Online,M459
TXN003741,CUST3741,4/16/2024,Purchase,905.32,Debit Card,Success,In-store,M339
TXN003742,CUST3742,3/2/2025,Purchase,819.23,Debit Card,Success,In-store,M166
TXN003743,CUST3743,9/17/2024,Refund,759.48,Credit Card,Success,Online,M819
TXN003744,CUST3744,8/27/2023,Purchase,65.05,UPI,Success,Online,M761
TXN003745,CUST3745,10/18/2023,Purchase,16.81,UPI,Success,Online,M669
TXN003746,CUST3746,7/7/2024,Purchase,220.32,UPI,Success,In-store,M146
TXN003747,CUST3747,2/7/2024,Purchase,666.89,Debit Card,Success,In-store,M456
TXN003748,CUST3748,7/12/2024,Purchase,417.09,Credit Card,Success,Online,M600
TXN003749,CUST3749,5/3/2024,Purchase,408.38,Debit Card,Success,Online,M506
TXN003750,CUST3750,8/13/2023,Purchase,885.74,Debit Card,Success,In-store,M347
TXN003751,CUST3751,8/28/2023,Purchase,896.61,Cash,Success,Online,M189
TXN003752,CUST3752,7/18/2024,Purchase,910.08,Debit Card,Success,Online,M801
TXN003753,CUST3753,2/28/2024,Purchase,320.74,Cash,Success,Online,M956
TXN003754,CUST3754,9/20/2024,Purchase,694.15,Debit Card,Success,In-store,M137
TXN003755,CUST3755,1/10/2025,Purchase,278.92,Cash,Success,Online,M183
TXN003756,CUST3756,7/14/2024,Purchase,198.7,Debit Card,Success,Online,M127
TXN003757,CUST3757,11/13/2024,Purchase,192.79,UPI,Success,In-store,M646
TXN003758,CUST3758,11/19/2023,Purchase,348.69,UPI,Success,Online,M717
TXN003759,CUST3759,12/6/2023,Purchase,435.66,Debit Card,Success,Online,M515
TXN003760,CUST3760,8/27/2023,Refund,832.64,Debit Card,Success,In-store,M759
TXN003761,CUST3761,2/28/2024,Refund,128.69,Credit Card,Failed,Online,M440
TXN003762,CUST3762,8/4/2023,Purchase,737.58,UPI,Success,In-store,M402
TXN003763,CUST3763,12/26/2024,Purchase,536.14,Credit Card,Success,Online,M516
TXN003764,CUST3764,7/29/2024,Purchase,295.07,UPI,Success,Online,M905
TXN003765,CUST3765,1/17/2025,Purchase,497.89,Credit Card,Success,Online,M196
TXN003766,CUST3766,8/8/2024,Purchase,306.94,Cash,Success,Online,M269
TXN003767,CUST3767,11/24/2023,Purchase,600.12,Debit Card,Success,Online,M429
TXN003768,CUST3768,7/2/2024,Purchase,439.51,Credit Card,Success,Online,M331
TXN003769,CUST3769,8/30/2023,Purchase,172.76,Credit Card,Success,In-store,M505
TXN003770,CUST3770,1/17/2025,Purchase,125.42,Cash,Success,In-store,M138
TXN003771,CUST3771,8/24/2024,Purchase,551.23,Credit Card,Success,Online,M497
TXN003772,CUST3772,7/25/2023,Purchase,903.39,Debit Card,Success,In-store,M395
TXN003773,CUST3773,7/26/2023,Purchase,350.52,UPI,Success,Online,M121
TXN003774,CUST3774,1/2/2024,Purchase,735.67,Debit Card,Success,Online,M162
TXN003775,CUST3775,11/8/2023,Purchase,662.07,Cash,Success,Online,M387
TXN003776,CUST3776,6/30/2024,Purchase,932.24,Debit Card,Success,Online,M551
TXN003777,CUST3777,11/20/2023,Purchase,822.77,Credit Card,Success,Online,M397
TXN003778,CUST3778,4/2/2024,Refund,570.94,Cash,Success,Online,M633
TXN003779,CUST3779,4/17/2023,Refund,660.46,Credit Card,Success,Online,M509
TXN003780,CUST3780,6/17/2024,Purchase,899.4,Debit Card,Success,Online,M575
TXN003781,CUST3781,2/1/2025,Purchase,405.52,Debit Card,Success,Online,M713
TXN003782,CUST3782,9/3/2024,Purchase,333.53,UPI,Success,Online,M407
TXN003783,CUST3783,11/18/2023,Purchase,20.7,Credit Card,Success,Online,M997
TXN003784,CUST3784,12/25/2023,Purchase,828.29,UPI,Success,Online,M674
TXN003785,CUST3785,10/2/2023,Purchase,802.97,Cash,Success,In-store,M487
TXN003786,CUST3786,1/11/2025,Purchase,113.41,Cash,Success,Online,M893
TXN003787,CUST3787,7/3/2024,Purchase,581.09,Credit Card,Success,Online,M750
TXN003788,CUST3788,4/29/2024,Purchase,469.34,UPI,Success,Online,M751
TXN003789,CUST3789,1/31/2024,Purchase,127.52,UPI,Success,Online,M697
TXN003790,CUST3790,8/6/2024,Purchase,980.76,Debit Card,Success,In-store,M935
TXN003791,CUST3791,4/7/2024,Purchase,222.55,Cash,Success,In-store,M631
TXN003792,CUST3792,12/13/2023,Purchase,76.56,Debit Card,Success,Online,M705
TXN003793,CUST3793,3/3/2025,Purchase,598.9,Cash,Success,Online,M378
TXN003794,CUST3794,4/25/2023,Purchase,741.48,Debit Card,Success,Online,M620
TXN003795,CUST3795,5/28/2023,Purchase,42.12,Credit Card,Success,In-store,M358
TXN003796,CUST3796,9/27/2023,Purchase,662.13,UPI,Success,Online,M629
TXN003797,CUST3797,9/10/2023,Purchase,536.97,Credit Card,Success,Online,M171
TXN003798,CUST3798,6/16/2024,Purchase,112.23,Debit Card,Success,Online,M578
TXN003799,CUST3799,12/29/2023,Purchase,180.8,Debit Card,Success,Online,M112
TXN003800,CUST3800,8/1/2024,Purchase,572.29,Credit Card,Success,Online,M765
TXN003801,CUST3801,6/13/2024,Refund,303.39,Debit Card,Success,Online,M352
TXN003802,CUST3802,9/7/2023,Purchase,938.93,UPI,Success,Online,M515
TXN003803,CUST3803,3/29/2024,Purchase,820.55,Credit Card,Success,Online,M927
TXN003804,CUST3804,1/30/2024,Purchase,983.73,Cash,Success,Online,M209
TXN003805,CUST3805,3/12/2025,Purchase,267.07,Debit Card,Success,Online,M125
TXN003806,CUST3806,11/10/2023,Purchase,970.03,UPI,Success,Online,M154
TXN003807,CUST3807,8/20/2023,Purchase,436.92,Credit Card,Success,Online,M566
TXN003808,CUST3808,9/17/2024,Purchase,354.04,Cash,Success,Online,M917
TXN003809,CUST3809,9/9/2023,Purchase,59.85,Debit Card,Success,In-store,M579
TXN003810,CUST3810,7/12/2023,Purchase,62.24,UPI,Failed,Online,M104
TXN003811,CUST3811,11/11/2024,Purchase,695.09,Credit Card,Success,Online,M871
TXN003812,CUST3812,5/18/2024,Purchase,463.35,Credit Card,Success,In-store,M173
TXN003813,CUST3813,7/18/2023,Purchase,234.26,UPI,Success,In-store,M555
TXN003814,CUST3814,1/23/2024,Purchase,617.83,Debit Card,Success,In-store,M597
TXN003815,CUST3815,1/1/2024,Refund,260.33,Debit Card,Success,Online,M883
TXN003816,CUST3816,8/25/2024,Purchase,581.86,Credit Card,Success,In-store,M982
TXN003817,CUST3817,10/23/2024,Purchase,365.62,Debit Card,Success,Online,M327
TXN003818,CUST3818,1/14/2025,Purchase,825.32,UPI,Success,In-store,M769
TXN003819,CUST3819,9/11/2024,Refund,822.49,UPI,Success,Online,M592
TXN003820,CUST3820,5/26/2024,Refund,482.58,Debit Card,Success,Online,M420
TXN003821,CUST3821,10/24/2023,Purchase,357.31,Credit Card,Success,Online,M687
TXN003822,CUST3822,5/5/2024,Purchase,368.93,Debit Card,Success,Online,M417
TXN003823,CUST3823,4/6/2024,Purchase,807.66,UPI,Success,In-store,M709
TXN003824,CUST3824,10/1/2023,Purchase,334.9,Cash,Success,Online,M302
TXN003825,CUST3825,5/31/2023,Purchase,216.97,UPI,Success,In-store,M928
TXN003826,CUST3826,12/14/2024,Purchase,93.84,UPI,Success,In-store,M306
TXN003827,CUST3827,3/1/2025,Purchase,472.03,UPI,Success,In-store,M935
TXN003828,CUST3828,5/7/2023,Purchase,487.31,Debit Card,Success,Online,M137
TXN003829,CUST3829,10/14/2023,Purchase,842.5,Cash,Success,Online,M554
TXN003830,CUST3830,11/27/2024,Purchase,229.03,UPI,Success,Online,M640
TXN003831,CUST3831,12/28/2024,Purchase,387.18,UPI,Success,Online,M205
TXN003832,CUST3832,12/15/2023,Purchase,810.32,Debit Card,Success,Online,M213
TXN003833,CUST3833,4/29/2024,Refund,825.39,Cash,Success,In-store,M175
TXN003834,CUST3834,11/21/2023,Purchase,390.76,Cash,Success,Online,M552
TXN003835,CUST3835,1/30/2024,Refund,464.53,Cash,Success,Online,M209
TXN003836,CUST3836,6/20/2024,Purchase,310.25,UPI,Success,In-store,M687
TXN003837,CUST3837,1/28/2025,Purchase,933.23,Cash,Success,Online,M820
TXN003838,CUST3838,4/11/2025,Purchase,127.46,Cash,Success,Online,M877
TXN003839,CUST3839,9/21/2024,Purchase,934.41,UPI,Success,In-store,M533
TXN003840,CUST3840,12/14/2023,Refund,687.03,UPI,Success,Online,M952
TXN003841,CUST3841,11/11/2024,Purchase,536.26,Credit Card,Success,Online,M153
TXN003842,CUST3842,3/14/2024,Purchase,42.33,UPI,Success,In-store,M137
TXN003843,CUST3843,8/23/2024,Purchase,480.84,Debit Card,Success,Online,M384
TXN003844,CUST3844,9/15/2024,Purchase,413.67,Debit Card,Success,In-store,M730
TXN003845,CUST3845,8/18/2023,Purchase,169.61,UPI,Success,Online,M124
TXN003846,CUST3846,2/19/2024,Purchase,659.85,Debit Card,Success,In-store,M274
TXN003847,CUST3847,7/11/2024,Purchase,971.44,UPI,Success,Online,M195
TXN003848,CUST3848,5/19/2024,Purchase,566.57,UPI,Success,Online,M374
TXN003849,CUST3849,12/21/2024,Purchase,717.61,Credit Card,Success,Online,M393
TXN003850,CUST3850,8/5/2024,Refund,77.77,Cash,Success,Online,M400
TXN003851,CUST3851,6/9/2024,Purchase,423.49,UPI,Success,Online,M188
TXN003852,CUST3852,4/7/2025,Purchase,125.19,Debit Card,Success,Online,M929
TXN003853,CUST3853,8/28/2024,Refund,616.67,UPI,Success,Online,M465
TXN003854,CUST3854,11/1/2023,Purchase,939.1,Cash,Success,Online,M442
TXN003855,CUST3855,6/29/2024,Purchase,665.16,UPI,Success,In-store,M969
TXN003856,CUST3856,8/22/2024,Purchase,86.04,Credit Card,Success,Online,M706
TXN003857,CUST3857,6/26/2023,Purchase,361.12,UPI,Success,Online,M533
TXN003858,CUST3858,8/31/2023,Purchase,555.16,Debit Card,Success,Online,M558
TXN003859,CUST3859,9/23/2023,Purchase,409.18,Credit Card,Success,Online,M386
TXN003860,CUST3860,8/21/2024,Purchase,835.31,Credit Card,Success,In-store,M332
TXN003861,CUST3861,8/25/2024,Purchase,816.52,Cash,Success,Online,M337
TXN003862,CUST3862,10/18/2024,Purchase,615.71,Debit Card,Success,Online,M338
TXN003863,CUST3863,4/12/2025,Purchase,379.72,Cash,Success,Online,M781
TXN003864,CUST3864,4/6/2025,Purchase,262.78,Debit Card,Success,In-store,M777
TXN003865,CUST3865,9/20/2024,Purchase,114.82,Debit Card,Success,Online,M631
TXN003866,CUST3866,10/11/2024,Purchase,361.35,Credit Card,Success,Online,M410
TXN003867,CUST3867,8/23/2024,Purchase,419.04,Credit Card,Success,Online,M779
TXN003868,CUST3868,6/6/2023,Purchase,679.06,Debit Card,Success,In-store,M678
TXN003869,CUST3869,8/12/2024,Purchase,661.58,UPI,Success,Online,M847
TXN003870,CUST3870,7/24/2024,Purchase,79.41,Credit Card,Success,In-store,M516
TXN003871,CUST3871,2/16/2024,Purchase,401.31,Debit Card,Success,Online,M818
TXN003872,CUST3872,11/6/2023,Purchase,189.96,UPI,Success,Online,M450
TXN003873,CUST3873,1/8/2025,Purchase,165.24,Debit Card,Success,Online,M483
TXN003874,CUST3874,1/18/2025,Purchase,829.03,UPI,Failed,Online,M265
TXN003875,CUST3875,2/27/2025,Purchase,51.5,Credit Card,Success,Online,M334
TXN003876,CUST3876,4/14/2025,Purchase,424.99,Debit Card,Success,In-store,M681
TXN003877,CUST3877,7/27/2023,Purchase,176.52,Credit Card,Success,Online,M211
TXN003878,CUST3878,11/12/2024,Purchase,880.54,UPI,Success,In-store,M591
TXN003879,CUST3879,4/12/2025,Refund,561.47,Credit Card,Success,Online,M894
TXN003880,CUST3880,8/19/2024,Purchase,239.07,Credit Card,Success,Online,M796
TXN003881,CUST3881,9/14/2023,Purchase,507.4,UPI,Success,Online,M127
TXN003882,CUST3882,7/17/2024,Refund,734.17,Debit Card,Success,Online,M938
TXN003883,CUST3883,2/14/2024,Refund,958.54,UPI,Success,Online,M316
TXN003884,CUST3884,5/3/2023,Purchase,228.24,Cash,Success,Online,M844
TXN003885,CUST3885,1/27/2024,Purchase,887.32,Debit Card,Success,In-store,M339
TXN003886,CUST3886,5/26/2023,Purchase,934.96,UPI,Success,Online,M468
TXN003887,CUST3887,2/16/2025,Purchase,917.26,Debit Card,Success,In-store,M349
TXN003888,CUST3888,11/25/2023,Purchase,639.06,Cash,Success,Online,M101
TXN003889,CUST3889,7/15/2024,Purchase,633.52,Credit Card,Success,Online,M997
TXN003890,CUST3890,10/24/2024,Purchase,409.18,Credit Card,Success,Online,M875
TXN003891,CUST3891,8/5/2023,Purchase,754.87,Debit Card,Success,In-store,M156
TXN003892,CUST3892,12/18/2024,Refund,535.98,Debit Card,Success,Online,M418
TXN003893,CUST3893,3/8/2025,Refund,680.66,Credit Card,Success,In-store,M732
TXN003894,CUST3894,5/15/2023,Purchase,434.17,Credit Card,Success,Online,M811
TXN003895,CUST3895,11/3/2024,Purchase,734.18,UPI,Failed,Online,M916
TXN003896,CUST3896,6/23/2023,Purchase,826.23,Credit Card,Success,In-store,M699
TXN003897,CUST3897,11/13/2024,Purchase,154.97,Cash,Success,Online,M697
TXN003898,CUST3898,1/15/2024,Refund,834.6,Debit Card,Success,In-store,M284
TXN003899,CUST3899,5/1/2024,Purchase,544.89,Credit Card,Success,In-store,M493
TXN003900,CUST3900,5/11/2023,Purchase,846.22,UPI,Success,Online,M741
TXN003901,CUST3901,10/2/2024,Purchase,436.99,UPI,Success,In-store,M513
TXN003902,CUST3902,5/11/2024,Refund,385.25,Cash,Success,In-store,M456
TXN003903,CUST3903,8/7/2023,Purchase,915.91,UPI,Success,Online,M319
TXN003904,CUST3904,6/19/2023,Purchase,258.66,Credit Card,Success,Online,M836
TXN003905,CUST3905,2/11/2024,Purchase,845.77,Credit Card,Success,In-store,M495
TXN003906,CUST3906,4/23/2023,Purchase,489.18,Credit Card,Success,Online,M834
TXN003907,CUST3907,2/8/2025,Purchase,518.95,UPI,Success,Online,M214
TXN003908,CUST3908,5/28/2023,Purchase,315.38,Debit Card,Success,Online,M857
TXN003909,CUST3909,6/17/2024,Purchase,577.31,Cash,Success,In-store,M728
TXN003910,CUST3910,2/7/2025,Purchase,331.96,UPI,Success,In-store,M589
TXN003911,CUST3911,12/5/2023,Purchase,48.88,Debit Card,Success,Online,M763
TXN003912,CUST3912,3/24/2025,Purchase,279.28,Cash,Success,Online,M951
TXN003913,CUST3913,8/8/2023,Purchase,16.32,Credit Card,Success,In-store,M567
TXN003914,CUST3914,3/31/2024,Purchase,978.57,UPI,Success,Online,M341
TXN003915,CUST3915,8/6/2024,Purchase,966.09,Debit Card,Success,Online,M206
TXN003916,CUST3916,8/3/2023,Purchase,401.2,Credit Card,Success,Online,M565
TXN003917,CUST3917,6/26/2023,Purchase,731.09,Cash,Success,Online,M321
TXN003918,CUST3918,8/28/2023,Purchase,352.35,UPI,Success,Online,M681
TXN003919,CUST3919,9/5/2024,Purchase,674.38,Cash,Success,Online,M989
TXN003920,CUST3920,6/26/2024,Purchase,807.38,UPI,Success,Online,M410
TXN003921,CUST3921,3/28/2024,Purchase,947.29,Credit Card,Success,In-store,M881
TXN003922,CUST3922,6/20/2023,Purchase,406.21,Credit Card,Success,Online,M537
TXN003923,CUST3923,2/13/2024,Purchase,785.47,Debit Card,Success,In-store,M811
TXN003924,CUST3924,4/26/2023,Purchase,273.27,UPI,Success,Online,M258
TXN003925,CUST3925,10/14/2023,Purchase,990.43,Credit Card,Success,In-store,M379
TXN003926,CUST3926,4/16/2024,Purchase,35.51,Cash,Success,Online,M618
TXN003927,CUST3927,9/25/2024,Purchase,607.49,Cash,Success,Online,M607
TXN003928,CUST3928,8/29/2024,Purchase,662.91,Cash,Success,Online,M834
TXN003929,CUST3929,6/2/2024,Purchase,691.17,UPI,Success,In-store,M840
TXN003930,CUST3930,7/15/2024,Purchase,129.18,Debit Card,Success,Online,M255
TXN003931,CUST3931,5/1/2023,Purchase,939.14,Credit Card,Success,In-store,M300
TXN003932,CUST3932,4/1/2024,Purchase,189.37,Cash,Success,Online,M911
TXN003933,CUST3933,4/21/2024,Purchase,626.53,Debit Card,Success,Online,M864
TXN003934,CUST3934,1/14/2025,Purchase,230.45,Cash,Success,Online,M931
TXN003935,CUST3935,12/8/2023,Purchase,314.14,Cash,Success,Online,M673
TXN003936,CUST3936,3/11/2025,Purchase,550.99,Credit Card,Success,Online,M942
TXN003937,CUST3937,8/25/2023,Refund,423.02,Cash,Failed,Online,M457
TXN003938,CUST3938,11/2/2024,Purchase,168.62,Cash,Success,Online,M966
TXN003939,CUST3939,1/15/2024,Purchase,179.23,Credit Card,Success,Online,M638
TXN003940,CUST3940,4/28/2024,Purchase,423.96,UPI,Failed,Online,M485
TXN003941,CUST3941,2/22/2024,Purchase,759.71,Cash,Success,Online,M978
TXN003942,CUST3942,6/8/2023,Refund,898.99,Cash,Success,Online,M437
TXN003943,CUST3943,4/28/2023,Purchase,93.29,UPI,Success,In-store,M777
TXN003944,CUST3944,6/5/2023,Refund,399.17,Debit Card,Success,In-store,M349
TXN003945,CUST3945,7/22/2024,Purchase,109.24,Cash,Success,Online,M955
TXN003946,CUST3946,7/26/2023,Purchase,26.43,Debit Card,Success,Online,M736
TXN003947,CUST3947,10/2/2024,Purchase,665.1,Cash,Success,Online,M257
TXN003948,CUST3948,11/30/2023,Purchase,606.42,Debit Card,Success,Online,M986
TXN003949,CUST3949,11/7/2023,Purchase,171.39,UPI,Success,Online,M590
TXN003950,CUST3950,12/28/2023,Purchase,241.47,Credit Card,Success,Online,M774
TXN003951,CUST3951,7/23/2024,Purchase,33.47,UPI,Success,In-store,M931
TXN003952,CUST3952,1/29/2024,Purchase,836.6,Debit Card,Success,Online,M497
TXN003953,CUST3953,9/26/2023,Purchase,974.94,Debit Card,Success,In-store,M666
TXN003954,CUST3954,4/17/2023,Purchase,144.1,Credit Card,Success,Online,M564
TXN003955,CUST3955,7/19/2023,Purchase,239.16,Credit Card,Success,Online,M779
TXN003956,CUST3956,3/4/2025,Purchase,869.73,Credit Card,Success,In-store,M194
TXN003957,CUST3957,3/26/2025,Purchase,927.2,Credit Card,Success,Online,M367
TXN003958,CUST3958,12/1/2023,Purchase,425.43,Cash,Success,Online,M818
TXN003959,CUST3959,4/28/2023,Purchase,60.12,Credit Card,Success,In-store,M180
TXN003960,CUST3960,8/9/2024,Purchase,49,Credit Card,Success,Online,M347
TXN003961,CUST3961,7/19/2024,Purchase,578.21,Debit Card,Success,Online,M380
TXN003962,CUST3962,9/6/2023,Purchase,398.97,Credit Card,Success,Online,M690
TXN003963,CUST3963,1/7/2025,Purchase,38.37,Credit Card,Success,Online,M305
TXN003964,CUST3964,1/16/2024,Purchase,587.42,UPI,Success,Online,M910
TXN003965,CUST3965,10/10/2023,Purchase,21.19,Cash,Success,In-store,M227
TXN003966,CUST3966,7/1/2024,Purchase,789.5,Cash,Success,In-store,M883
TXN003967,CUST3967,8/27/2023,Purchase,313.37,Cash,Success,Online,M593
TXN003968,CUST3968,6/29/2023,Purchase,49.86,Debit Card,Success,Online,M723
TXN003969,CUST3969,3/30/2025,Purchase,592.47,Credit Card,Success,In-store,M499
TXN003970,CUST3970,10/19/2024,Purchase,403.71,Cash,Success,Online,M550
TXN003971,CUST3971,6/8/2023,Purchase,974.06,UPI,Success,Online,M134
TXN003972,CUST3972,6/8/2023,Purchase,548.76,Cash,Success,Online,M540
TXN003973,CUST3973,6/23/2024,Purchase,282.49,Cash,Success,Online,M106
TXN003974,CUST3974,1/22/2024,Purchase,712.34,UPI,Success,In-store,M474
TXN003975,CUST3975,2/16/2025,Purchase,278.78,Credit Card,Success,Online,M472
TXN003976,CUST3976,9/28/2023,Purchase,905.2,Debit Card,Success,Online,M672
TXN003977,CUST3977,2/29/2024,Refund,380.97,Credit Card,Success,Online,M756
TXN003978,CUST3978,4/22/2024,Purchase,554.37,Credit Card,Failed,In-store,M203
TXN003979,CUST3979,7/1/2024,Purchase,60.07,Credit Card,Failed,In-store,M589
TXN003980,CUST3980,6/10/2024,Purchase,431.86,Credit Card,Success,In-store,M993
TXN003981,CUST3981,7/30/2024,Purchase,834.04,Credit Card,Success,Online,M334
TXN003982,CUST3982,12/30/2024,Purchase,807.59,UPI,Success,Online,M944
TXN003983,CUST3983,4/29/2023,Refund,232.08,Debit Card,Failed,Online,M427
TXN003984,CUST3984,10/13/2024,Purchase,233.82,Credit Card,Success,In-store,M573
TXN003985,CUST3985,8/15/2024,Purchase,819.13,Debit Card,Success,Online,M722
TXN003986,CUST3986,6/26/2024,Purchase,931.09,Cash,Success,Online,M228
TXN003987,CUST3987,3/7/2025,Purchase,104.41,Debit Card,Success,In-store,M221
TXN003988,CUST3988,8/21/2024,Purchase,455.56,Cash,Success,Online,M834
TXN003989,CUST3989,9/21/2023,Purchase,344.08,Debit Card,Success,Online,M224
TXN003990,CUST3990,12/2/2023,Purchase,871.98,Credit Card,Success,In-store,M497
TXN003991,CUST3991,10/12/2023,Refund,92.69,Debit Card,Success,Online,M239
TXN003992,CUST3992,3/26/2024,Purchase,219.01,UPI,Success,In-store,M447
TXN003993,CUST3993,5/11/2024,Purchase,754.94,Debit Card,Success,Online,M125
TXN003994,CUST3994,3/13/2024,Purchase,60.78,Debit Card,Success,Online,M502
TXN003995,CUST3995,9/16/2024,Purchase,497.61,UPI,Success,Online,M814
TXN003996,CUST3996,1/26/2024,Purchase,447.69,Cash,Success,Online,M930
TXN003997,CUST3997,1/20/2024,Purchase,341.06,Cash,Success,Online,M701
TXN003998,CUST3998,1/25/2025,Purchase,400.63,Credit Card,Success,In-store,M670
TXN003999,CUST3999,5/27/2024,Purchase,534.64,UPI,Success,Online,M727
TXN004000,CUST4000,9/21/2024,Purchase,169.75,UPI,Success,Online,M292
TXN004001,CUST4001,11/5/2023,Purchase,576.28,Debit Card,Success,Online,M997
TXN004002,CUST4002,11/30/2023,Purchase,807.38,Debit Card,Success,Online,M479
TXN004003,CUST4003,10/11/2023,Purchase,762.56,UPI,Success,Online,M868
TXN004004,CUST4004,11/27/2023,Purchase,162.36,Credit Card,Success,In-store,M369
TXN004005,CUST4005,8/15/2023,Purchase,157.76,UPI,Success,Online,M502
TXN004006,CUST4006,7/3/2023,Purchase,275.49,Credit Card,Success,Online,M409
TXN004007,CUST4007,12/14/2024,Purchase,367.46,Cash,Success,Online,M510
TXN004008,CUST4008,7/17/2023,Purchase,414.37,UPI,Success,Online,M313
TXN004009,CUST4009,3/26/2024,Purchase,682.9,UPI,Success,Online,M939
TXN004010,CUST4010,3/17/2025,Purchase,66.11,Cash,Success,In-store,M706
TXN004011,CUST4011,6/18/2023,Purchase,44.33,Debit Card,Success,Online,M647
TXN004012,CUST4012,1/9/2024,Purchase,397.99,UPI,Success,Online,M810
TXN004013,CUST4013,3/11/2024,Purchase,700.19,Cash,Success,Online,M710
TXN004014,CUST4014,9/17/2024,Refund,201.5,Cash,Success,Online,M558
TXN004015,CUST4015,3/17/2025,Purchase,645.09,UPI,Success,Online,M115
TXN004016,CUST4016,12/5/2024,Purchase,267.23,Debit Card,Success,Online,M204
TXN004017,CUST4017,4/7/2024,Purchase,887.23,Credit Card,Success,Online,M403
TXN004018,CUST4018,9/14/2023,Refund,896.73,Debit Card,Success,Online,M778
TXN004019,CUST4019,3/19/2024,Purchase,304.31,UPI,Success,In-store,M743
TXN004020,CUST4020,1/31/2025,Purchase,237.69,Cash,Failed,In-store,M761
TXN004021,CUST4021,11/21/2024,Purchase,417.19,Credit Card,Success,Online,M435
TXN004022,CUST4022,6/14/2023,Purchase,248.13,Debit Card,Success,In-store,M469
TXN004023,CUST4023,4/22/2024,Purchase,675.66,Cash,Success,In-store,M597
TXN004024,CUST4024,11/12/2023,Purchase,827.8,Cash,Success,Online,M105
TXN004025,CUST4025,6/4/2024,Purchase,676.36,Cash,Success,Online,M967
TXN004026,CUST4026,9/15/2023,Purchase,826.11,Cash,Success,Online,M994
TXN004027,CUST4027,4/16/2024,Purchase,403.02,UPI,Success,Online,M336
TXN004028,CUST4028,8/5/2024,Purchase,164.75,UPI,Success,Online,M713
TXN004029,CUST4029,1/27/2025,Purchase,740.57,Cash,Success,In-store,M834
TXN004030,CUST4030,12/2/2024,Purchase,366.87,Cash,Failed,Online,M343
TXN004031,CUST4031,12/4/2024,Purchase,674.56,Debit Card,Failed,Online,M356
TXN004032,CUST4032,9/6/2024,Purchase,277.94,UPI,Success,Online,M777
TXN004033,CUST4033,10/24/2023,Purchase,90.42,UPI,Success,Online,M235
TXN004034,CUST4034,6/3/2023,Purchase,992.66,Debit Card,Success,Online,M586
TXN004035,CUST4035,1/11/2024,Purchase,164.64,Cash,Success,In-store,M812
TXN004036,CUST4036,7/2/2024,Purchase,988.54,Cash,Failed,Online,M960
TXN004037,CUST4037,6/12/2024,Purchase,977.51,Cash,Success,Online,M201
TXN004038,CUST4038,4/13/2025,Refund,795.88,UPI,Success,Online,M841
TXN004039,CUST4039,6/27/2023,Purchase,662.83,Credit Card,Success,Online,M653
TXN004040,CUST4040,2/9/2024,Purchase,582.03,Debit Card,Success,Online,M504
TXN004041,CUST4041,7/28/2023,Purchase,867.44,Debit Card,Success,Online,M507
TXN004042,CUST4042,7/26/2024,Purchase,296.55,Cash,Success,Online,M865
TXN004043,CUST4043,6/21/2024,Refund,473,UPI,Success,Online,M697
TXN004044,CUST4044,12/27/2023,Purchase,623.2,Debit Card,Success,In-store,M254
TXN004045,CUST4045,7/20/2023,Purchase,417.08,UPI,Success,Online,M470
TXN004046,CUST4046,9/20/2024,Purchase,433.21,UPI,Success,Online,M429
TXN004047,CUST4047,1/24/2025,Purchase,336.98,UPI,Success,In-store,M229
TXN004048,CUST4048,7/10/2024,Purchase,568.59,Cash,Success,Online,M718
TXN004049,CUST4049,6/4/2023,Purchase,852.07,Credit Card,Success,In-store,M953
TXN004050,CUST4050,12/26/2023,Purchase,209.51,Debit Card,Success,In-store,M972
TXN004051,CUST4051,2/3/2024,Purchase,935.09,Cash,Success,In-store,M764
TXN004052,CUST4052,8/16/2023,Purchase,692.2,Debit Card,Success,In-store,M156
TXN004053,CUST4053,4/14/2024,Purchase,825.04,Debit Card,Success,Online,M437
TXN004054,CUST4054,6/14/2023,Purchase,560.63,Cash,Success,Online,M124
TXN004055,CUST4055,8/17/2023,Purchase,781.72,Credit Card,Success,Online,M736
TXN004056,CUST4056,7/22/2024,Purchase,26.04,Credit Card,Success,Online,M277
TXN004057,CUST4057,12/11/2024,Purchase,820.2,UPI,Success,Online,M498
TXN004058,CUST4058,9/4/2024,Purchase,49.74,Debit Card,Success,In-store,M154
TXN004059,CUST4059,3/29/2024,Purchase,891.01,Debit Card,Success,Online,M107
TXN004060,CUST4060,4/24/2023,Purchase,992.04,Cash,Success,Online,M149
TXN004061,CUST4061,12/12/2024,Purchase,301.13,Credit Card,Success,In-store,M782
TXN004062,CUST4062,9/25/2023,Refund,218.22,UPI,Success,Online,M182
TXN004063,CUST4063,1/23/2025,Purchase,767.71,Debit Card,Success,Online,M902
TXN004064,CUST4064,6/3/2024,Purchase,260.5,Debit Card,Success,Online,M915
TXN004065,CUST4065,9/21/2023,Purchase,866.91,Debit Card,Success,In-store,M938
TXN004066,CUST4066,4/5/2024,Refund,111.81,UPI,Success,Online,M213
TXN004067,CUST4067,1/21/2025,Purchase,134.7,UPI,Success,Online,M783
TXN004068,CUST4068,9/30/2024,Purchase,979.36,Debit Card,Success,In-store,M889
TXN004069,CUST4069,10/24/2023,Purchase,677.1,UPI,Success,Online,M867
TXN004070,CUST4070,6/4/2023,Purchase,848.42,Cash,Success,Online,M156
TXN004071,CUST4071,6/12/2023,Purchase,331.09,Debit Card,Failed,Online,M185
TXN004072,CUST4072,1/23/2024,Purchase,679.72,Cash,Success,Online,M937
TXN004073,CUST4073,2/27/2024,Purchase,598.3,UPI,Success,In-store,M434
TXN004074,CUST4074,1/8/2025,Purchase,607.12,UPI,Success,Online,M534
TXN004075,CUST4075,4/10/2025,Purchase,685.71,Cash,Success,Online,M175
TXN004076,CUST4076,12/16/2023,Purchase,579.61,Debit Card,Success,Online,M525
TXN004077,CUST4077,10/13/2024,Purchase,434.77,Cash,Success,Online,M172
TXN004078,CUST4078,12/20/2024,Purchase,283.16,Credit Card,Success,In-store,M966
TXN004079,CUST4079,5/30/2023,Purchase,770.9,UPI,Success,In-store,M699
TXN004080,CUST4080,4/20/2023,Purchase,234.01,Credit Card,Success,In-store,M570
TXN004081,CUST4081,7/2/2023,Purchase,695.43,Cash,Success,In-store,M297
TXN004082,CUST4082,3/13/2025,Purchase,241,Debit Card,Success,In-store,M675
TXN004083,CUST4083,11/4/2024,Purchase,629.08,Credit Card,Failed,Online,M364
TXN004084,CUST4084,6/25/2024,Purchase,749.61,Credit Card,Success,Online,M906
TXN004085,CUST4085,2/22/2024,Purchase,226.53,UPI,Failed,In-store,M358
TXN004086,CUST4086,3/24/2025,Purchase,69.34,Cash,Failed,Online,M889
TXN004087,CUST4087,9/17/2024,Purchase,139.66,Debit Card,Success,Online,M864
TXN004088,CUST4088,6/24/2023,Purchase,609.94,Cash,Success,Online,M738
TXN004089,CUST4089,8/11/2023,Refund,850.95,Credit Card,Success,In-store,M741
TXN004090,CUST4090,8/4/2023,Purchase,54.55,Cash,Success,Online,M626
TXN004091,CUST4091,3/17/2025,Purchase,736.81,Credit Card,Success,Online,M183
TXN004092,CUST4092,4/3/2024,Purchase,347.91,Cash,Success,Online,M242
TXN004093,CUST4093,10/2/2023,Refund,483.74,UPI,Success,Online,M189
TXN004094,CUST4094,7/13/2024,Refund,929.57,Credit Card,Success,Online,M975
TXN004095,CUST4095,6/17/2023,Purchase,338.65,Credit Card,Success,Online,M336
TXN004096,CUST4096,5/1/2023,Purchase,470.68,Cash,Success,Online,M101
TXN004097,CUST4097,11/30/2023,Purchase,23.55,Debit Card,Success,In-store,M148
TXN004098,CUST4098,5/3/2024,Purchase,90.78,Cash,Success,Online,M788
TXN004099,CUST4099,11/2/2023,Refund,266.01,Cash,Success,In-store,M857
TXN004100,CUST4100,2/6/2024,Purchase,37.57,Debit Card,Success,Online,M669
TXN004101,CUST4101,1/11/2024,Purchase,635.06,UPI,Success,Online,M624
TXN004102,CUST4102,10/11/2023,Purchase,432.13,Credit Card,Success,Online,M243
TXN004103,CUST4103,3/23/2025,Purchase,552.66,Credit Card,Failed,Online,M770
TXN004104,CUST4104,8/9/2024,Purchase,182.9,Credit Card,Success,In-store,M882
TXN004105,CUST4105,8/13/2023,Purchase,302.97,UPI,Success,In-store,M297
TXN004106,CUST4106,2/18/2024,Purchase,667.19,Debit Card,Success,Online,M643
TXN004107,CUST4107,12/5/2024,Purchase,965.65,Cash,Success,Online,M974
TXN004108,CUST4108,12/23/2024,Purchase,59.91,Cash,Success,Online,M410
TXN004109,CUST4109,10/7/2023,Purchase,891.48,Credit Card,Success,Online,M781
TXN004110,CUST4110,5/12/2023,Purchase,581.11,UPI,Success,Online,M484
TXN004111,CUST4111,5/15/2023,Purchase,568.28,UPI,Success,Online,M952
TXN004112,CUST4112,6/8/2023,Refund,505.28,UPI,Success,In-store,M686
TXN004113,CUST4113,4/19/2023,Purchase,78.7,Credit Card,Success,In-store,M739
TXN004114,CUST4114,3/7/2024,Purchase,98.98,Credit Card,Success,In-store,M152
TXN004115,CUST4115,5/19/2024,Purchase,604.9,UPI,Failed,Online,M882
TXN004116,CUST4116,9/5/2024,Purchase,347.55,UPI,Success,Online,M796
TXN004117,CUST4117,1/27/2024,Purchase,918.1,UPI,Success,In-store,M803
TXN004118,CUST4118,8/12/2024,Refund,412.52,UPI,Success,In-store,M825
TXN004119,CUST4119,9/8/2023,Purchase,151.85,Credit Card,Failed,In-store,M939
TXN004120,CUST4120,10/13/2024,Purchase,717.57,Debit Card,Success,Online,M674
TXN004121,CUST4121,3/20/2025,Purchase,300.42,Credit Card,Success,In-store,M973
TXN004122,CUST4122,11/9/2024,Purchase,530.22,UPI,Success,In-store,M514
TXN004123,CUST4123,1/26/2024,Purchase,700.85,UPI,Success,Online,M589
TXN004124,CUST4124,6/13/2023,Purchase,901.26,Debit Card,Success,Online,M230
TXN004125,CUST4125,8/4/2024,Purchase,794.27,Credit Card,Success,In-store,M301
TXN004126,CUST4126,12/22/2024,Purchase,679.6,Cash,Success,Online,M790
TXN004127,CUST4127,4/2/2025,Purchase,682.84,Debit Card,Success,Online,M323
TXN004128,CUST4128,10/29/2023,Purchase,946.47,Credit Card,Success,In-store,M175
TXN004129,CUST4129,1/2/2024,Purchase,302.87,UPI,Success,Online,M162
TXN004130,CUST4130,10/12/2023,Purchase,11.1,Debit Card,Success,Online,M370
TXN004131,CUST4131,8/2/2024,Purchase,279.24,Debit Card,Success,Online,M781
TXN004132,CUST4132,1/9/2024,Purchase,225.71,Credit Card,Success,Online,M368
TXN004133,CUST4133,1/24/2024,Refund,665.22,UPI,Success,In-store,M641
TXN004134,CUST4134,12/26/2023,Purchase,637.37,Cash,Success,Online,M227
TXN004135,CUST4135,7/29/2023,Purchase,597.53,UPI,Success,Online,M605
TXN004136,CUST4136,1/18/2025,Purchase,26.08,Cash,Success,In-store,M792
TXN004137,CUST4137,1/1/2025,Purchase,731.49,UPI,Success,Online,M577
TXN004138,CUST4138,11/22/2024,Purchase,330.3,UPI,Success,Online,M743
TXN004139,CUST4139,4/15/2025,Purchase,668.41,UPI,Success,In-store,M350
TXN004140,CUST4140,3/11/2024,Purchase,561.01,Credit Card,Success,Online,M743
TXN004141,CUST4141,8/15/2023,Purchase,349.3,Debit Card,Success,Online,M522
TXN004142,CUST4142,8/8/2023,Purchase,143.23,Cash,Success,Online,M976
TXN004143,CUST4143,12/8/2024,Purchase,103.47,Cash,Success,In-store,M471
TXN004144,CUST4144,6/11/2024,Purchase,833.2,Credit Card,Success,Online,M424
TXN004145,CUST4145,5/5/2023,Purchase,919.21,UPI,Success,Online,M842
TXN004146,CUST4146,9/28/2024,Purchase,653.29,UPI,Success,Online,M529
TXN004147,CUST4147,10/23/2024,Purchase,112.4,Debit Card,Success,Online,M171
TXN004148,CUST4148,7/19/2024,Purchase,408.01,Debit Card,Success,In-store,M720
TXN004149,CUST4149,11/5/2024,Purchase,731.65,Debit Card,Success,Online,M241
TXN004150,CUST4150,1/14/2025,Purchase,782.02,UPI,Success,Online,M229
TXN004151,CUST4151,1/31/2024,Purchase,127.04,Credit Card,Success,Online,M173
TXN004152,CUST4152,2/17/2024,Purchase,10.03,Cash,Success,Online,M890
TXN004153,CUST4153,9/6/2024,Refund,715.02,UPI,Success,In-store,M643
TXN004154,CUST4154,7/23/2024,Refund,363.03,Credit Card,Success,Online,M660
TXN004155,CUST4155,8/17/2024,Purchase,261.94,Credit Card,Success,In-store,M239
TXN004156,CUST4156,3/9/2024,Purchase,22.77,Cash,Success,Online,M999
TXN004157,CUST4157,4/11/2025,Purchase,544.9,UPI,Success,Online,M243
TXN004158,CUST4158,11/5/2024,Purchase,852.64,Cash,Success,In-store,M121
TXN004159,CUST4159,7/29/2024,Purchase,958.06,Credit Card,Success,Online,M520
TXN004160,CUST4160,4/14/2024,Purchase,570.09,UPI,Success,In-store,M318
TXN004161,CUST4161,10/31/2024,Purchase,519.32,Credit Card,Success,Online,M868
TXN004162,CUST4162,7/30/2023,Purchase,94.21,Cash,Failed,Online,M183
TXN004163,CUST4163,5/18/2023,Refund,553.38,UPI,Success,Online,M638
TXN004164,CUST4164,6/2/2024,Purchase,386.18,Debit Card,Success,Online,M844
TXN004165,CUST4165,4/4/2024,Purchase,611.06,UPI,Success,In-store,M507
TXN004166,CUST4166,5/31/2024,Purchase,394.84,Debit Card,Success,Online,M941
TXN004167,CUST4167,6/16/2023,Purchase,247.9,Cash,Success,Online,M394
TXN004168,CUST4168,5/14/2023,Purchase,104.02,Credit Card,Success,Online,M224
TXN004169,CUST4169,2/27/2025,Purchase,321.77,Credit Card,Success,Online,M592
TXN004170,CUST4170,1/17/2024,Purchase,105.68,Debit Card,Success,Online,M493
TXN004171,CUST4171,5/31/2024,Refund,185.13,Credit Card,Success,Online,M164
TXN004172,CUST4172,5/2/2023,Purchase,987.46,Debit Card,Success,Online,M753
TXN004173,CUST4173,9/8/2023,Purchase,449.66,UPI,Success,Online,M744
TXN004174,CUST4174,2/27/2024,Refund,536.55,UPI,Success,Online,M742
TXN004175,CUST4175,11/12/2023,Purchase,874.88,Cash,Success,Online,M835
TXN004176,CUST4176,3/1/2025,Purchase,995.61,Debit Card,Success,In-store,M328
TXN004177,CUST4177,3/14/2024,Purchase,586.89,UPI,Success,In-store,M948
TXN004178,CUST4178,8/17/2024,Purchase,814.35,UPI,Success,In-store,M129
TXN004179,CUST4179,6/9/2023,Purchase,333.67,UPI,Success,In-store,M259
TXN004180,CUST4180,11/1/2024,Refund,312.69,Credit Card,Success,Online,M294
TXN004181,CUST4181,10/22/2023,Refund,408.68,UPI,Success,Online,M523
TXN004182,CUST4182,1/23/2025,Purchase,675.78,Cash,Success,Online,M368
TXN004183,CUST4183,6/7/2023,Purchase,685.37,Cash,Success,Online,M882
TXN004184,CUST4184,2/16/2024,Purchase,322.09,Credit Card,Success,Online,M219
TXN004185,CUST4185,8/30/2023,Purchase,141.88,Credit Card,Success,Online,M806
TXN004186,CUST4186,4/1/2024,Purchase,636.07,Debit Card,Success,Online,M742
TXN004187,CUST4187,3/14/2024,Purchase,137.04,UPI,Success,Online,M546
TXN004188,CUST4188,7/30/2023,Purchase,582.71,Cash,Success,Online,M722
TXN004189,CUST4189,9/13/2023,Purchase,696.49,Debit Card,Success,Online,M344
TXN004190,CUST4190,7/22/2024,Purchase,703.61,Cash,Success,Online,M533
TXN004191,CUST4191,7/17/2024,Purchase,755.94,Credit Card,Success,Online,M618
TXN004192,CUST4192,10/5/2024,Purchase,874.13,UPI,Success,Online,M293
TXN004193,CUST4193,8/18/2023,Purchase,504.96,Debit Card,Success,Online,M424
TXN004194,CUST4194,10/20/2023,Purchase,732.95,Debit Card,Success,Online,M740
TXN004195,CUST4195,11/25/2023,Purchase,622.98,UPI,Success,Online,M724
TXN004196,CUST4196,4/12/2025,Purchase,194.77,Debit Card,Success,Online,M705
TXN004197,CUST4197,9/30/2024,Purchase,35.43,UPI,Success,Online,M167
TXN004198,CUST4198,1/4/2025,Purchase,291.7,Credit Card,Success,In-store,M523
TXN004199,CUST4199,12/13/2024,Purchase,448.6,Debit Card,Success,Online,M967
TXN004200,CUST4200,7/16/2023,Purchase,620.93,UPI,Success,Online,M573
TXN004201,CUST4201,5/30/2023,Purchase,851.46,Credit Card,Failed,Online,M544
TXN004202,CUST4202,6/23/2023,Purchase,204.28,Debit Card,Success,Online,M380
TXN004203,CUST4203,11/29/2024,Purchase,134.29,Debit Card,Success,Online,M115
TXN004204,CUST4204,8/21/2024,Purchase,963.85,Credit Card,Success,Online,M956
TXN004205,CUST4205,8/7/2023,Purchase,116.96,Debit Card,Success,Online,M349
TXN004206,CUST4206,3/18/2024,Purchase,483.71,Debit Card,Success,Online,M250
TXN004207,CUST4207,6/28/2023,Purchase,589.71,Credit Card,Success,Online,M330
TXN004208,CUST4208,3/29/2024,Purchase,545.96,Cash,Success,Online,M900
TXN004209,CUST4209,11/16/2023,Refund,95.17,Credit Card,Success,In-store,M691
TXN004210,CUST4210,7/11/2024,Purchase,66.46,Debit Card,Success,Online,M782
TXN004211,CUST4211,4/12/2024,Refund,114.43,Debit Card,Failed,Online,M169
TXN004212,CUST4212,2/16/2024,Purchase,589.73,Credit Card,Success,Online,M830
TXN004213,CUST4213,11/18/2023,Purchase,548.9,UPI,Success,Online,M685
TXN004214,CUST4214,1/18/2025,Purchase,241.4,Debit Card,Success,Online,M851
TXN004215,CUST4215,12/15/2023,Purchase,641.4,Cash,Success,In-store,M333
TXN004216,CUST4216,6/6/2024,Purchase,821.87,UPI,Success,Online,M774
TXN004217,CUST4217,4/7/2025,Purchase,51.16,UPI,Success,In-store,M283
TXN004218,CUST4218,9/9/2024,Purchase,503.15,Cash,Success,Online,M451
TXN004219,CUST4219,2/3/2025,Refund,692.42,UPI,Success,In-store,M243
TXN004220,CUST4220,3/19/2025,Purchase,259.79,Debit Card,Success,Online,M907
TXN004221,CUST4221,3/10/2024,Purchase,314.69,Credit Card,Success,Online,M646
TXN004222,CUST4222,9/20/2023,Purchase,617.5,Debit Card,Success,Online,M252
TXN004223,CUST4223,2/24/2025,Purchase,898.96,Debit Card,Success,In-store,M750
TXN004224,CUST4224,6/28/2024,Purchase,811.83,UPI,Success,In-store,M924
TXN004225,CUST4225,4/4/2024,Purchase,587.3,Credit Card,Success,Online,M511
TXN004226,CUST4226,2/14/2024,Purchase,732.92,Credit Card,Success,Online,M924
TXN004227,CUST4227,1/22/2024,Purchase,371.17,UPI,Success,Online,M565
TXN004228,CUST4228,5/10/2024,Purchase,644.56,Credit Card,Success,Online,M204
TXN004229,CUST4229,3/2/2024,Purchase,471.52,Debit Card,Success,Online,M279
TXN004230,CUST4230,3/25/2024,Purchase,198.04,UPI,Success,Online,M489
TXN004231,CUST4231,8/23/2024,Purchase,704.72,Cash,Success,Online,M716
TXN004232,CUST4232,7/7/2024,Refund,560.9,Cash,Success,Online,M346
TXN004233,CUST4233,6/19/2024,Refund,365.04,UPI,Success,In-store,M572
TXN004234,CUST4234,8/24/2023,Purchase,912.23,UPI,Success,Online,M697
TXN004235,CUST4235,7/2/2023,Purchase,30.72,Cash,Success,Online,M366
TXN004236,CUST4236,9/14/2023,Purchase,322.62,Cash,Failed,In-store,M719
TXN004237,CUST4237,4/23/2024,Purchase,66.31,Cash,Success,Online,M966
TXN004238,CUST4238,8/25/2023,Purchase,768.86,Debit Card,Success,Online,M739
TXN004239,CUST4239,4/23/2023,Purchase,705.09,Cash,Success,Online,M681
TXN004240,CUST4240,1/6/2025,Purchase,338.04,Debit Card,Failed,Online,M428
TXN004241,CUST4241,4/10/2025,Purchase,678.91,UPI,Success,Online,M965
TXN004242,CUST4242,5/5/2024,Purchase,401.98,UPI,Success,Online,M980
TXN004243,CUST4243,8/27/2024,Purchase,758.69,Credit Card,Success,In-store,M269
TXN004244,CUST4244,11/21/2024,Purchase,459.64,UPI,Success,Online,M290
TXN004245,CUST4245,6/8/2023,Purchase,418.16,Debit Card,Success,In-store,M420
TXN004246,CUST4246,5/30/2024,Purchase,935.38,Cash,Failed,Online,M289
TXN004247,CUST4247,4/3/2024,Purchase,258.37,Debit Card,Success,Online,M729
TXN004248,CUST4248,4/28/2023,Refund,129.24,Credit Card,Success,Online,M524
TXN004249,CUST4249,3/7/2025,Purchase,588.7,Credit Card,Success,Online,M879
TXN004250,CUST4250,4/11/2025,Purchase,969.63,UPI,Success,Online,M363
TXN004251,CUST4251,5/13/2024,Purchase,384.06,Cash,Success,Online,M364
TXN004252,CUST4252,8/22/2023,Purchase,71.42,Credit Card,Success,Online,M408
TXN004253,CUST4253,12/29/2023,Purchase,345.91,Debit Card,Success,Online,M800
TXN004254,CUST4254,3/1/2025,Purchase,510.87,Debit Card,Success,In-store,M632
TXN004255,CUST4255,6/3/2023,Purchase,170.3,Debit Card,Success,Online,M385
TXN004256,CUST4256,4/12/2025,Purchase,661.52,Cash,Success,Online,M878
TXN004257,CUST4257,9/11/2024,Refund,997.77,Debit Card,Success,Online,M354
TXN004258,CUST4258,2/19/2024,Refund,457.22,Cash,Success,Online,M920
TXN004259,CUST4259,3/5/2024,Purchase,361.18,Cash,Success,Online,M864
TXN004260,CUST4260,8/9/2023,Refund,406.7,UPI,Success,Online,M744
TXN004261,CUST4261,5/29/2024,Purchase,123.99,Credit Card,Success,Online,M539
TXN004262,CUST4262,10/22/2024,Purchase,884.44,Credit Card,Success,Online,M885
TXN004263,CUST4263,3/17/2024,Purchase,420.68,Cash,Success,Online,M820
TXN004264,CUST4264,6/1/2023,Purchase,393.4,Cash,Success,Online,M847
TXN004265,CUST4265,1/22/2025,Purchase,663.09,UPI,Success,Online,M655
TXN004266,CUST4266,2/1/2025,Purchase,447.61,Cash,Success,Online,M545
TXN004267,CUST4267,3/10/2025,Purchase,651.75,Credit Card,Success,Online,M619
TXN004268,CUST4268,5/3/2023,Refund,70.83,Credit Card,Success,Online,M215
TXN004269,CUST4269,2/26/2025,Purchase,815.59,Cash,Success,In-store,M993
TXN004270,CUST4270,1/29/2025,Refund,941.1,Credit Card,Success,In-store,M218
TXN004271,CUST4271,11/3/2023,Purchase,652.28,UPI,Success,Online,M176
TXN004272,CUST4272,5/31/2024,Purchase,955.02,UPI,Success,Online,M416
TXN004273,CUST4273,10/26/2023,Purchase,159.92,Cash,Success,In-store,M901
TXN004274,CUST4274,7/8/2023,Purchase,482.64,UPI,Success,Online,M327
TXN004275,CUST4275,3/2/2024,Purchase,605.79,Credit Card,Success,Online,M326
TXN004276,CUST4276,5/23/2024,Purchase,585.92,Cash,Success,In-store,M147
TXN004277,CUST4277,10/3/2024,Purchase,407.45,Debit Card,Success,Online,M536
TXN004278,CUST4278,9/30/2024,Purchase,344.7,UPI,Success,Online,M363
TXN004279,CUST4279,5/29/2023,Purchase,135.56,UPI,Success,Online,M124
TXN004280,CUST4280,3/8/2025,Purchase,397.83,Credit Card,Success,Online,M719
TXN004281,CUST4281,1/13/2024,Purchase,171.03,Cash,Success,In-store,M824
TXN004282,CUST4282,12/25/2024,Refund,737.02,Credit Card,Success,Online,M632
TXN004283,CUST4283,6/17/2023,Purchase,216.74,Credit Card,Failed,Online,M125
TXN004284,CUST4284,2/21/2025,Purchase,67.98,Cash,Success,Online,M428
TXN004285,CUST4285,3/25/2024,Purchase,556.84,Credit Card,Success,Online,M675
TXN004286,CUST4286,12/27/2024,Purchase,599.28,Cash,Success,In-store,M611
TXN004287,CUST4287,1/24/2025,Purchase,873.19,Debit Card,Success,Online,M590
TXN004288,CUST4288,2/5/2025,Purchase,581.21,Debit Card,Success,Online,M187
TXN004289,CUST4289,1/15/2025,Purchase,352.03,Cash,Success,Online,M961
TXN004290,CUST4290,6/11/2024,Refund,804.98,UPI,Success,Online,M441
TXN004291,CUST4291,5/7/2023,Purchase,544.88,Debit Card,Success,Online,M424
TXN004292,CUST4292,6/3/2024,Purchase,88.49,Credit Card,Success,Online,M819
TXN004293,CUST4293,9/21/2023,Purchase,570.19,UPI,Success,Online,M456
TXN004294,CUST4294,2/4/2025,Purchase,908.94,Credit Card,Failed,Online,M708
TXN004295,CUST4295,1/30/2024,Purchase,402.35,Debit Card,Success,In-store,M791
TXN004296,CUST4296,5/3/2024,Purchase,303.36,Cash,Success,In-store,M775
TXN004297,CUST4297,10/6/2024,Purchase,152.03,Debit Card,Success,In-store,M900
TXN004298,CUST4298,10/18/2023,Purchase,159.93,UPI,Success,In-store,M810
TXN004299,CUST4299,6/28/2023,Purchase,438.44,Debit Card,Success,Online,M157
TXN004300,CUST4300,1/2/2024,Purchase,599.72,Credit Card,Success,Online,M889
TXN004301,CUST4301,1/23/2025,Purchase,89.81,Debit Card,Success,Online,M755
TXN004302,CUST4302,7/28/2024,Purchase,940.17,Credit Card,Success,Online,M497
TXN004303,CUST4303,12/2/2024,Purchase,757.58,Credit Card,Success,In-store,M815
TXN004304,CUST4304,8/21/2024,Purchase,590.76,Cash,Success,In-store,M270
TXN004305,CUST4305,7/8/2024,Purchase,830.15,Credit Card,Success,Online,M898
TXN004306,CUST4306,10/26/2023,Purchase,89.38,Cash,Success,In-store,M593
TXN004307,CUST4307,3/9/2025,Purchase,482.07,Credit Card,Success,Online,M643
TXN004308,CUST4308,9/22/2024,Refund,633.79,Credit Card,Success,Online,M590
TXN004309,CUST4309,1/26/2025,Purchase,830.37,UPI,Failed,Online,M724
TXN004310,CUST4310,4/12/2025,Purchase,785.63,Cash,Success,Online,M153
TXN004311,CUST4311,12/24/2024,Purchase,284.3,Cash,Success,Online,M275
TXN004312,CUST4312,10/24/2024,Purchase,941.47,Cash,Success,Online,M464
TXN004313,CUST4313,10/4/2023,Purchase,133.1,Credit Card,Failed,In-store,M690
TXN004314,CUST4314,9/15/2023,Purchase,876.38,Credit Card,Success,In-store,M200
TXN004315,CUST4315,4/23/2024,Purchase,971.23,UPI,Success,Online,M804
TXN004316,CUST4316,10/20/2023,Purchase,185.38,Cash,Success,In-store,M255
TXN004317,CUST4317,12/9/2023,Purchase,724.85,Cash,Success,Online,M116
TXN004318,CUST4318,12/18/2023,Purchase,49.88,Cash,Success,Online,M830
TXN004319,CUST4319,3/4/2025,Purchase,411.37,UPI,Success,Online,M847
TXN004320,CUST4320,5/14/2024,Purchase,521.12,Credit Card,Success,Online,M372
TXN004321,CUST4321,1/13/2024,Purchase,584.84,Credit Card,Success,Online,M499
TXN004322,CUST4322,5/24/2023,Purchase,936.58,Credit Card,Failed,Online,M341
TXN004323,CUST4323,8/15/2024,Purchase,675.53,Credit Card,Failed,Online,M579
TXN004324,CUST4324,8/18/2024,Purchase,486.47,Cash,Success,In-store,M272
TXN004325,CUST4325,11/26/2023,Purchase,811.58,UPI,Success,Online,M219
TXN004326,CUST4326,5/22/2024,Refund,951.03,UPI,Success,Online,M522
TXN004327,CUST4327,11/2/2024,Purchase,31.85,Debit Card,Success,Online,M282
TXN004328,CUST4328,10/22/2024,Purchase,982.7,Debit Card,Success,Online,M841
TXN004329,CUST4329,3/5/2024,Purchase,95.27,Cash,Success,Online,M506
TXN004330,CUST4330,6/15/2023,Purchase,816.24,Cash,Success,Online,M504
TXN004331,CUST4331,2/28/2025,Refund,287.53,Debit Card,Success,Online,M842
TXN004332,CUST4332,11/8/2024,Purchase,140.86,Credit Card,Success,In-store,M123
TXN004333,CUST4333,11/14/2023,Purchase,445.46,Cash,Success,Online,M321
TXN004334,CUST4334,2/15/2024,Purchase,647.52,Credit Card,Success,Online,M249
TXN004335,CUST4335,10/26/2024,Purchase,387.14,Debit Card,Success,Online,M294
TXN004336,CUST4336,10/31/2023,Purchase,64.02,UPI,Success,Online,M431
TXN004337,CUST4337,12/11/2023,Purchase,603.47,UPI,Success,Online,M620
TXN004338,CUST4338,2/7/2025,Purchase,903.38,Cash,Success,Online,M404
TXN004339,CUST4339,2/15/2024,Refund,389.38,Debit Card,Success,Online,M174
TXN004340,CUST4340,5/27/2023,Refund,224.17,UPI,Success,Online,M648
TXN004341,CUST4341,5/19/2024,Purchase,448.15,Debit Card,Success,In-store,M915
TXN004342,CUST4342,9/30/2024,Purchase,57.88,Debit Card,Success,In-store,M106
TXN004343,CUST4343,12/20/2024,Purchase,822.28,Debit Card,Success,Online,M279
TXN004344,CUST4344,7/23/2024,Purchase,828.08,Credit Card,Success,Online,M737
TXN004345,CUST4345,6/25/2024,Purchase,592.12,UPI,Success,Online,M427
TXN004346,CUST4346,4/16/2024,Refund,359.57,UPI,Success,Online,M452
TXN004347,CUST4347,8/10/2024,Purchase,801.79,Cash,Success,Online,M773
TXN004348,CUST4348,8/21/2023,Purchase,559.14,Cash,Success,Online,M734
TXN004349,CUST4349,8/7/2024,Purchase,827.67,Credit Card,Success,Online,M703
TXN004350,CUST4350,2/11/2024,Purchase,635.14,Credit Card,Success,In-store,M681
TXN004351,CUST4351,7/28/2023,Purchase,786.56,Debit Card,Failed,Online,M601
TXN004352,CUST4352,6/4/2023,Purchase,602.58,Debit Card,Success,Online,M579
TXN004353,CUST4353,11/26/2024,Purchase,420,Credit Card,Success,In-store,M888
TXN004354,CUST4354,5/18/2024,Purchase,958.37,UPI,Success,Online,M332
TXN004355,CUST4355,11/24/2023,Purchase,545.7,Debit Card,Success,Online,M838
TXN004356,CUST4356,3/22/2025,Purchase,609.04,UPI,Success,Online,M566
TXN004357,CUST4357,9/3/2024,Purchase,228.28,Credit Card,Success,In-store,M915
TXN004358,CUST4358,5/28/2023,Refund,629.39,Debit Card,Success,In-store,M684
TXN004359,CUST4359,11/28/2024,Purchase,575.89,Debit Card,Success,Online,M300
TXN004360,CUST4360,12/12/2023,Purchase,192.99,Credit Card,Success,Online,M716
TXN004361,CUST4361,3/10/2025,Refund,68.99,Credit Card,Success,Online,M950
TXN004362,CUST4362,8/21/2024,Purchase,608.32,UPI,Success,Online,M467
TXN004363,CUST4363,3/19/2024,Purchase,766.06,UPI,Success,Online,M600
TXN004364,CUST4364,11/24/2023,Purchase,528.17,UPI,Success,Online,M973
TXN004365,CUST4365,10/21/2024,Purchase,234.5,Debit Card,Success,Online,M692
TXN004366,CUST4366,9/13/2023,Purchase,669.86,Debit Card,Success,Online,M423
TXN004367,CUST4367,3/30/2025,Purchase,89.3,Debit Card,Success,Online,M881
TXN004368,CUST4368,7/20/2024,Purchase,447.42,Credit Card,Success,Online,M454
TXN004369,CUST4369,6/19/2024,Purchase,171.73,UPI,Success,Online,M169
TXN004370,CUST4370,2/21/2024,Purchase,192.61,Cash,Success,Online,M677
TXN004371,CUST4371,7/8/2024,Purchase,210.27,Debit Card,Success,Online,M758
TXN004372,CUST4372,11/12/2024,Purchase,392.84,UPI,Success,In-store,M935
TXN004373,CUST4373,3/9/2024,Purchase,60.64,Cash,Success,Online,M249
TXN004374,CUST4374,10/18/2024,Purchase,403.82,Cash,Success,Online,M360
TXN004375,CUST4375,4/6/2025,Purchase,516.59,Credit Card,Success,Online,M837
TXN004376,CUST4376,7/4/2023,Purchase,488.46,Debit Card,Success,Online,M562
TXN004377,CUST4377,5/13/2023,Purchase,388.96,Debit Card,Success,Online,M375
TXN004378,CUST4378,7/13/2024,Purchase,840.76,Debit Card,Success,Online,M798
TXN004379,CUST4379,6/6/2023,Refund,153.87,Credit Card,Success,Online,M187
TXN004380,CUST4380,1/26/2024,Purchase,510.64,UPI,Success,In-store,M175
TXN004381,CUST4381,8/13/2023,Purchase,71.42,Cash,Failed,In-store,M165
TXN004382,CUST4382,8/10/2023,Purchase,80.44,Debit Card,Success,Online,M590
TXN004383,CUST4383,1/4/2025,Purchase,578.13,Debit Card,Success,In-store,M791
TXN004384,CUST4384,11/1/2023,Purchase,570.36,Credit Card,Success,Online,M321
TXN004385,CUST4385,2/26/2025,Purchase,879.25,UPI,Success,Online,M500
TXN004386,CUST4386,6/11/2024,Purchase,562.29,Credit Card,Failed,Online,M566
TXN004387,CUST4387,2/24/2025,Purchase,960.19,UPI,Success,Online,M112
TXN004388,CUST4388,4/9/2025,Purchase,58.21,Debit Card,Success,Online,M323
TXN004389,CUST4389,4/14/2024,Purchase,107.03,Credit Card,Success,Online,M827
TXN004390,CUST4390,10/26/2023,Purchase,53.63,UPI,Success,Online,M640
TXN004391,CUST4391,7/5/2023,Purchase,193.42,UPI,Success,In-store,M535
TXN004392,CUST4392,5/12/2024,Purchase,545.86,UPI,Success,In-store,M251
TXN004393,CUST4393,11/3/2023,Purchase,649.12,Cash,Success,Online,M463
TXN004394,CUST4394,8/21/2023,Purchase,55.13,UPI,Success,Online,M502
TXN004395,CUST4395,11/26/2023,Purchase,946.51,UPI,Success,In-store,M768
TXN004396,CUST4396,7/31/2024,Purchase,843.74,Cash,Success,Online,M574
TXN004397,CUST4397,3/26/2024,Purchase,303.65,UPI,Success,Online,M983
TXN004398,CUST4398,5/10/2023,Purchase,86.42,Credit Card,Success,Online,M541
TXN004399,CUST4399,10/7/2023,Refund,178.19,UPI,Success,Online,M206
TXN004400,CUST4400,9/28/2024,Purchase,135.67,Debit Card,Success,Online,M205
TXN004401,CUST4401,9/4/2024,Purchase,132.05,Cash,Success,Online,M264
TXN004402,CUST4402,2/7/2024,Purchase,523.38,Cash,Success,Online,M473
TXN004403,CUST4403,10/7/2023,Purchase,253.39,Cash,Success,Online,M668
TXN004404,CUST4404,12/7/2024,Purchase,364.56,Credit Card,Success,In-store,M398
TXN004405,CUST4405,6/20/2024,Purchase,989.61,Credit Card,Success,In-store,M847
TXN004406,CUST4406,11/16/2024,Purchase,687.47,Credit Card,Failed,Online,M970
TXN004407,CUST4407,5/22/2024,Purchase,949.49,Debit Card,Failed,Online,M264
TXN004408,CUST4408,12/9/2024,Purchase,151.13,UPI,Success,In-store,M310
TXN004409,CUST4409,2/22/2025,Purchase,388.32,Debit Card,Success,In-store,M312
TXN004410,CUST4410,6/14/2024,Purchase,559.18,UPI,Success,In-store,M131
TXN004411,CUST4411,2/3/2025,Purchase,85.99,Cash,Success,In-store,M915
TXN004412,CUST4412,3/6/2024,Purchase,14.15,Cash,Success,Online,M114
TXN004413,CUST4413,11/10/2023,Purchase,673.73,Cash,Success,Online,M656
TXN004414,CUST4414,3/28/2025,Purchase,645.4,UPI,Success,Online,M143
TXN004415,CUST4415,1/10/2024,Purchase,416.68,Cash,Success,Online,M470
TXN004416,CUST4416,1/10/2025,Purchase,494.75,Debit Card,Success,Online,M507
TXN004417,CUST4417,8/17/2024,Purchase,421.29,Debit Card,Failed,Online,M355
TXN004418,CUST4418,4/20/2024,Purchase,33.76,Cash,Success,Online,M132
TXN004419,CUST4419,9/19/2023,Purchase,342.02,UPI,Success,In-store,M860
TXN004420,CUST4420,8/3/2024,Purchase,185.31,Debit Card,Success,Online,M620
TXN004421,CUST4421,9/20/2023,Purchase,107.44,UPI,Success,In-store,M816
TXN004422,CUST4422,5/9/2024,Purchase,957.15,Debit Card,Success,Online,M249
TXN004423,CUST4423,1/30/2024,Purchase,603.37,UPI,Success,Online,M691
TXN004424,CUST4424,8/20/2024,Purchase,731.37,Cash,Failed,Online,M270
TXN004425,CUST4425,2/2/2025,Purchase,322.21,Debit Card,Success,Online,M743
TXN004426,CUST4426,6/29/2023,Purchase,399.22,Debit Card,Success,Online,M358
TXN004427,CUST4427,5/17/2023,Purchase,244.55,Cash,Success,Online,M752
TXN004428,CUST4428,4/26/2024,Purchase,106,Cash,Success,Online,M672
TXN004429,CUST4429,11/27/2024,Purchase,187.24,Credit Card,Success,Online,M242
TXN004430,CUST4430,10/23/2023,Purchase,799.54,UPI,Success,Online,M623
TXN004431,CUST4431,4/18/2023,Purchase,680.77,Credit Card,Success,Online,M577
TXN004432,CUST4432,10/30/2024,Purchase,551.46,UPI,Success,Online,M328
TXN004433,CUST4433,4/25/2024,Purchase,480.34,Credit Card,Success,Online,M958
TXN004434,CUST4434,3/8/2024,Purchase,923.21,Debit Card,Success,In-store,M985
TXN004435,CUST4435,8/9/2023,Refund,82.01,UPI,Failed,Online,M275
TXN004436,CUST4436,11/22/2023,Purchase,287.79,Credit Card,Success,Online,M918
TXN004437,CUST4437,3/21/2024,Purchase,356.44,Cash,Failed,In-store,M213
TXN004438,CUST4438,11/3/2023,Purchase,784.6,UPI,Success,Online,M140
TXN004439,CUST4439,1/29/2024,Purchase,992.59,Debit Card,Success,Online,M583
TXN004440,CUST4440,1/16/2025,Purchase,248.26,Credit Card,Success,Online,M799
TXN004441,CUST4441,8/9/2023,Purchase,875.56,Cash,Success,In-store,M833
TXN004442,CUST4442,2/17/2024,Purchase,832.32,Credit Card,Success,In-store,M634
TXN004443,CUST4443,8/1/2023,Purchase,232.41,Credit Card,Success,Online,M637
TXN004444,CUST4444,9/8/2024,Purchase,405.34,Debit Card,Success,In-store,M307
TXN004445,CUST4445,12/25/2024,Refund,415.58,UPI,Success,Online,M185
TXN004446,CUST4446,3/22/2024,Refund,978.44,Debit Card,Success,Online,M275
TXN004447,CUST4447,4/29/2024,Purchase,189.08,UPI,Success,Online,M751
TXN004448,CUST4448,8/26/2023,Purchase,801.17,Cash,Success,Online,M551
TXN004449,CUST4449,1/21/2024,Purchase,340.85,UPI,Success,Online,M335
TXN004450,CUST4450,12/24/2024,Purchase,733.56,UPI,Success,Online,M833
TXN004451,CUST4451,9/12/2023,Refund,425.81,Credit Card,Success,In-store,M537
TXN004452,CUST4452,12/24/2023,Purchase,582.58,UPI,Success,Online,M461
TXN004453,CUST4453,5/4/2024,Purchase,834.29,Cash,Success,Online,M880
TXN004454,CUST4454,5/18/2023,Purchase,806.12,Credit Card,Success,Online,M397
TXN004455,CUST4455,5/19/2024,Purchase,867.76,Debit Card,Success,In-store,M657
TXN004456,CUST4456,5/23/2024,Purchase,69.02,Cash,Success,In-store,M457
TXN004457,CUST4457,6/11/2023,Purchase,695.13,Cash,Success,In-store,M252
TXN004458,CUST4458,11/3/2023,Purchase,148.59,UPI,Success,Online,M288
TXN004459,CUST4459,12/25/2024,Purchase,421.66,Credit Card,Success,In-store,M102
TXN004460,CUST4460,9/15/2024,Purchase,553.1,Debit Card,Success,Online,M583
TXN004461,CUST4461,4/14/2024,Purchase,408.71,Debit Card,Success,Online,M236
TXN004462,CUST4462,3/23/2024,Purchase,524.42,Credit Card,Success,Online,M106
TXN004463,CUST4463,6/3/2024,Purchase,996.56,UPI,Success,In-store,M165
TXN004464,CUST4464,1/30/2024,Purchase,143.87,Cash,Success,In-store,M731
TXN004465,CUST4465,1/10/2025,Purchase,678.7,UPI,Success,Online,M559
TXN004466,CUST4466,6/30/2023,Purchase,402.04,Debit Card,Success,Online,M965
TXN004467,CUST4467,5/14/2023,Purchase,141.68,UPI,Success,Online,M123
TXN004468,CUST4468,7/7/2023,Refund,167.15,UPI,Success,Online,M663
TXN004469,CUST4469,3/12/2024,Purchase,949.78,UPI,Success,In-store,M402
TXN004470,CUST4470,12/10/2024,Purchase,880.81,Credit Card,Success,In-store,M241
TXN004471,CUST4471,5/4/2023,Purchase,907.97,Cash,Failed,Online,M657
TXN004472,CUST4472,3/16/2024,Purchase,991.62,Credit Card,Success,Online,M581
TXN004473,CUST4473,9/28/2023,Purchase,216.23,Cash,Success,In-store,M359
TXN004474,CUST4474,10/22/2024,Purchase,361.88,Credit Card,Success,Online,M949
TXN004475,CUST4475,9/3/2024,Purchase,672.53,Cash,Success,Online,M789
TXN004476,CUST4476,3/2/2024,Purchase,488.96,UPI,Success,Online,M171
TXN004477,CUST4477,9/26/2023,Purchase,424.21,UPI,Success,In-store,M547
TXN004478,CUST4478,6/24/2024,Purchase,364.23,Cash,Success,Online,M798
TXN004479,CUST4479,1/26/2025,Purchase,597.84,Credit Card,Success,Online,M833
TXN004480,CUST4480,5/21/2023,Purchase,579.84,Cash,Success,In-store,M264
TXN004481,CUST4481,5/17/2023,Refund,169.84,UPI,Success,In-store,M601
TXN004482,CUST4482,11/25/2023,Purchase,477.02,Cash,Success,In-store,M727
TXN004483,CUST4483,12/6/2024,Refund,557.94,Cash,Success,Online,M814
TXN004484,CUST4484,5/19/2024,Refund,574.58,Credit Card,Success,Online,M540
TXN004485,CUST4485,1/6/2025,Refund,218.01,UPI,Success,Online,M880
TXN004486,CUST4486,3/13/2025,Purchase,744.85,Credit Card,Failed,Online,M314
TXN004487,CUST4487,3/24/2024,Purchase,34.95,Credit Card,Success,In-store,M744
TXN004488,CUST4488,11/6/2024,Purchase,361.28,Credit Card,Failed,Online,M505
TXN004489,CUST4489,3/6/2024,Purchase,782.41,UPI,Success,Online,M434
TXN004490,CUST4490,6/28/2024,Refund,568.25,Credit Card,Success,In-store,M167
TXN004491,CUST4491,6/20/2023,Purchase,268.55,Debit Card,Success,Online,M260
TXN004492,CUST4492,6/22/2023,Purchase,698,Credit Card,Success,In-store,M739
TXN004493,CUST4493,10/6/2024,Purchase,571.72,Debit Card,Success,In-store,M848
TXN004494,CUST4494,4/24/2023,Purchase,798.28,Cash,Failed,Online,M848
TXN004495,CUST4495,5/16/2023,Purchase,737.67,Credit Card,Success,In-store,M435
TXN004496,CUST4496,5/8/2023,Purchase,614.01,Cash,Success,Online,M461
TXN004497,CUST4497,11/20/2023,Purchase,493.3,Cash,Success,Online,M439
TXN004498,CUST4498,5/24/2024,Purchase,141.85,Debit Card,Success,In-store,M193
TXN004499,CUST4499,7/22/2024,Purchase,268.72,UPI,Success,Online,M800
TXN004500,CUST4500,2/10/2025,Purchase,424.91,UPI,Success,Online,M826
TXN004501,CUST4501,2/28/2024,Purchase,603.31,UPI,Success,Online,M119
TXN004502,CUST4502,6/9/2023,Purchase,518.57,Debit Card,Failed,In-store,M118
TXN004503,CUST4503,4/11/2025,Refund,295.3,Cash,Success,Online,M472
TXN004504,CUST4504,10/7/2024,Purchase,16.4,UPI,Success,Online,M182
TXN004505,CUST4505,11/16/2023,Purchase,501.28,Credit Card,Success,Online,M133
TXN004506,CUST4506,4/16/2024,Purchase,292.77,Debit Card,Success,Online,M625
TXN004507,CUST4507,5/29/2023,Purchase,737.26,Credit Card,Success,Online,M217
TXN004508,CUST4508,1/20/2025,Purchase,33.71,Credit Card,Success,Online,M733
TXN004509,CUST4509,5/25/2023,Purchase,588.98,Credit Card,Success,Online,M410
TXN004510,CUST4510,8/14/2023,Refund,942.06,UPI,Success,In-store,M805
TXN004511,CUST4511,1/24/2024,Purchase,182.67,Debit Card,Success,Online,M650
TXN004512,CUST4512,12/14/2024,Purchase,476.93,Credit Card,Success,Online,M887
TXN004513,CUST4513,12/20/2023,Purchase,100.51,Credit Card,Success,Online,M362
TXN004514,CUST4514,2/21/2024,Purchase,629.43,Credit Card,Success,In-store,M827
TXN004515,CUST4515,10/6/2023,Purchase,555.03,Debit Card,Success,Online,M231
TXN004516,CUST4516,3/23/2024,Purchase,413.29,Debit Card,Success,Online,M231
TXN004517,CUST4517,5/11/2023,Purchase,526.16,Cash,Success,Online,M539
TXN004518,CUST4518,9/24/2024,Purchase,897.61,Credit Card,Success,Online,M998
TXN004519,CUST4519,6/25/2023,Purchase,204.33,Cash,Success,Online,M277
TXN004520,CUST4520,12/6/2024,Purchase,32.34,Cash,Success,In-store,M312
TXN004521,CUST4521,8/25/2024,Purchase,863.05,UPI,Success,Online,M806
TXN004522,CUST4522,7/23/2023,Purchase,581.35,Cash,Failed,Online,M148
TXN004523,CUST4523,8/20/2024,Refund,891.75,UPI,Success,Online,M113
TXN004524,CUST4524,4/26/2023,Purchase,600.98,Cash,Success,Online,M314
TXN004525,CUST4525,4/1/2024,Purchase,812.06,UPI,Success,Online,M528
TXN004526,CUST4526,2/12/2025,Purchase,435.38,Cash,Success,Online,M110
TXN004527,CUST4527,7/24/2023,Purchase,752.36,Debit Card,Success,Online,M562
TXN004528,CUST4528,9/30/2024,Purchase,913.91,Debit Card,Success,Online,M237
TXN004529,CUST4529,10/29/2024,Purchase,576.4,UPI,Success,Online,M232
TXN004530,CUST4530,1/19/2025,Purchase,188.98,Cash,Success,Online,M346
TXN004531,CUST4531,8/16/2024,Purchase,276.11,Cash,Success,Online,M429
TXN004532,CUST4532,11/4/2024,Purchase,206.66,Credit Card,Success,In-store,M139
TXN004533,CUST4533,7/8/2024,Purchase,254.39,Debit Card,Success,In-store,M257
TXN004534,CUST4534,12/23/2024,Purchase,313.35,Credit Card,Success,Online,M863
TXN004535,CUST4535,1/25/2024,Purchase,559.58,UPI,Success,Online,M769
TXN004536,CUST4536,9/14/2024,Purchase,592.11,Debit Card,Success,Online,M641
TXN004537,CUST4537,6/1/2023,Purchase,432.23,Debit Card,Success,In-store,M336
TXN004538,CUST4538,7/7/2023,Purchase,619.27,Cash,Success,Online,M102
TXN004539,CUST4539,6/13/2023,Refund,90.76,UPI,Success,Online,M822
TXN004540,CUST4540,6/29/2024,Purchase,96.91,UPI,Success,Online,M294
TXN004541,CUST4541,12/8/2024,Purchase,180.11,UPI,Success,In-store,M785
TXN004542,CUST4542,4/10/2024,Refund,522.9,Credit Card,Success,Online,M378
TXN004543,CUST4543,12/13/2024,Purchase,221.85,Debit Card,Failed,Online,M799
TXN004544,CUST4544,6/19/2024,Purchase,290.45,UPI,Success,In-store,M245
TXN004545,CUST4545,6/2/2023,Purchase,406.31,Debit Card,Success,In-store,M998
TXN004546,CUST4546,9/7/2024,Purchase,813.75,Credit Card,Success,In-store,M938
TXN004547,CUST4547,7/9/2024,Purchase,23.72,Cash,Success,Online,M755
TXN004548,CUST4548,6/22/2023,Purchase,652.89,UPI,Failed,In-store,M381
TXN004549,CUST4549,11/29/2023,Purchase,672.19,Credit Card,Success,Online,M302
TXN004550,CUST4550,4/1/2025,Purchase,800.67,Credit Card,Success,Online,M567
TXN004551,CUST4551,1/25/2025,Purchase,933.43,Cash,Success,In-store,M438
TXN004552,CUST4552,9/28/2023,Purchase,29.94,Cash,Success,Online,M926
TXN004553,CUST4553,4/17/2023,Purchase,162.25,UPI,Success,In-store,M309
TXN004554,CUST4554,5/25/2023,Purchase,887.31,Cash,Success,Online,M688
TXN004555,CUST4555,9/13/2023,Purchase,463.93,Debit Card,Success,In-store,M217
TXN004556,CUST4556,1/17/2024,Purchase,568.94,Cash,Success,In-store,M545
TXN004557,CUST4557,2/11/2024,Purchase,666.4,Cash,Success,In-store,M885
TXN004558,CUST4558,5/1/2023,Purchase,682.28,UPI,Success,Online,M686
TXN004559,CUST4559,9/21/2024,Purchase,932.42,Credit Card,Success,Online,M244
TXN004560,CUST4560,1/4/2024,Purchase,996.98,Credit Card,Success,Online,M969
TXN004561,CUST4561,7/28/2023,Purchase,722.96,UPI,Success,Online,M673
TXN004562,CUST4562,6/19/2023,Refund,294.35,UPI,Success,In-store,M130
TXN004563,CUST4563,12/22/2024,Purchase,880.95,Credit Card,Success,In-store,M985
TXN004564,CUST4564,10/17/2024,Purchase,58.73,Credit Card,Success,In-store,M720
TXN004565,CUST4565,8/15/2023,Purchase,238.77,UPI,Success,In-store,M214
TXN004566,CUST4566,11/27/2024,Purchase,898.41,Cash,Success,Online,M992
TXN004567,CUST4567,3/10/2025,Purchase,263.63,Credit Card,Success,Online,M525
TXN004568,CUST4568,8/24/2024,Purchase,228.44,Cash,Success,Online,M826
TXN004569,CUST4569,6/24/2023,Purchase,146.74,Credit Card,Success,Online,M505
TXN004570,CUST4570,2/23/2024,Purchase,860.52,Cash,Success,Online,M326
TXN004571,CUST4571,9/13/2023,Purchase,505.06,Credit Card,Success,Online,M226
TXN004572,CUST4572,3/11/2024,Purchase,678.14,Debit Card,Success,Online,M532
TXN004573,CUST4573,7/26/2024,Purchase,246.68,Cash,Success,In-store,M960
TXN004574,CUST4574,8/15/2024,Purchase,760.46,UPI,Failed,In-store,M903
TXN004575,CUST4575,2/3/2024,Purchase,762.41,Credit Card,Success,Online,M536
TXN004576,CUST4576,1/31/2025,Purchase,319.47,Debit Card,Failed,Online,M726
TXN004577,CUST4577,11/29/2023,Purchase,416.58,UPI,Success,Online,M494
TXN004578,CUST4578,12/22/2023,Purchase,217.59,Credit Card,Success,Online,M956
TXN004579,CUST4579,5/25/2023,Purchase,976.8,UPI,Success,In-store,M671
TXN004580,CUST4580,8/7/2024,Purchase,649.15,Cash,Success,Online,M582
TXN004581,CUST4581,1/10/2025,Purchase,935.2,Credit Card,Success,Online,M844
TXN004582,CUST4582,5/21/2024,Refund,310.35,Credit Card,Success,In-store,M792
TXN004583,CUST4583,12/12/2023,Purchase,784.07,Debit Card,Success,Online,M412
TXN004584,CUST4584,9/15/2023,Purchase,768.2,Debit Card,Success,Online,M109
TXN004585,CUST4585,8/13/2023,Purchase,694.74,Cash,Success,Online,M354
TXN004586,CUST4586,10/4/2024,Purchase,965.98,Credit Card,Failed,Online,M311
TXN004587,CUST4587,5/6/2023,Purchase,399.62,UPI,Failed,In-store,M978
TXN004588,CUST4588,12/24/2023,Purchase,139.41,Debit Card,Success,Online,M101
TXN004589,CUST4589,11/9/2023,Purchase,674.99,Cash,Success,Online,M360
TXN004590,CUST4590,3/13/2024,Purchase,732.02,UPI,Failed,Online,M482
TXN004591,CUST4591,10/26/2024,Purchase,579.31,Debit Card,Success,Online,M385
TXN004592,CUST4592,8/15/2023,Purchase,214.75,Credit Card,Success,In-store,M358
TXN004593,CUST4593,1/25/2024,Purchase,509.41,Credit Card,Success,Online,M165
TXN004594,CUST4594,5/19/2023,Purchase,319.07,Credit Card,Success,Online,M119
TXN004595,CUST4595,11/10/2023,Purchase,433.19,Cash,Success,Online,M498
TXN004596,CUST4596,6/29/2023,Purchase,648.77,Credit Card,Success,In-store,M201
TXN004597,CUST4597,4/4/2025,Purchase,747.76,UPI,Success,Online,M546
TXN004598,CUST4598,4/13/2024,Purchase,239.9,Credit Card,Success,In-store,M500
TXN004599,CUST4599,9/11/2024,Purchase,411.27,Debit Card,Success,Online,M370
TXN004600,CUST4600,5/14/2023,Purchase,276.47,UPI,Success,In-store,M694
TXN004601,CUST4601,10/17/2024,Purchase,206.65,UPI,Success,In-store,M575
TXN004602,CUST4602,6/21/2024,Purchase,785.55,Cash,Success,Online,M104
TXN004603,CUST4603,7/15/2023,Purchase,910.16,Credit Card,Failed,Online,M131
TXN004604,CUST4604,10/5/2024,Purchase,376.53,Credit Card,Success,In-store,M802
TXN004605,CUST4605,1/2/2025,Purchase,753.77,UPI,Success,Online,M659
TXN004606,CUST4606,9/23/2024,Purchase,898.03,Credit Card,Success,In-store,M394
TXN004607,CUST4607,6/17/2023,Purchase,847.66,UPI,Success,In-store,M397
TXN004608,CUST4608,5/9/2024,Refund,190.99,Cash,Success,Online,M907
TXN004609,CUST4609,2/5/2024,Purchase,956.73,Debit Card,Success,Online,M852
TXN004610,CUST4610,3/2/2025,Purchase,382.91,UPI,Success,Online,M439
TXN004611,CUST4611,2/3/2024,Purchase,345.85,Cash,Success,Online,M665
TXN004612,CUST4612,10/28/2024,Purchase,71.81,Cash,Success,In-store,M128
TXN004613,CUST4613,5/10/2023,Purchase,491.31,Cash,Success,Online,M202
TXN004614,CUST4614,1/15/2025,Purchase,117.92,UPI,Success,In-store,M437
TXN004615,CUST4615,2/21/2024,Purchase,256.05,Debit Card,Success,Online,M846
TXN004616,CUST4616,4/25/2024,Purchase,323.77,Cash,Success,Online,M771
TXN004617,CUST4617,7/23/2024,Purchase,810.74,UPI,Success,Online,M197
TXN004618,CUST4618,11/10/2023,Purchase,876.73,Cash,Success,Online,M601
TXN004619,CUST4619,1/16/2025,Purchase,309.44,Debit Card,Success,Online,M516
TXN004620,CUST4620,7/19/2023,Purchase,860.11,Debit Card,Success,Online,M406
TXN004621,CUST4621,8/9/2024,Purchase,858.66,Credit Card,Success,Online,M246
TXN004622,CUST4622,8/30/2024,Purchase,767,Cash,Success,In-store,M694
TXN004623,CUST4623,2/28/2025,Purchase,155.23,Credit Card,Success,Online,M522
TXN004624,CUST4624,1/1/2025,Refund,693.42,Cash,Success,Online,M950
TXN004625,CUST4625,6/27/2024,Purchase,945.57,Cash,Success,Online,M809
TXN004626,CUST4626,1/13/2024,Purchase,685.72,Debit Card,Success,In-store,M274
TXN004627,CUST4627,6/25/2023,Purchase,338.3,Cash,Success,In-store,M628
TXN004628,CUST4628,5/11/2023,Purchase,505.57,UPI,Success,Online,M103
TXN004629,CUST4629,10/31/2024,Purchase,649.27,Credit Card,Failed,Online,M700
TXN004630,CUST4630,7/27/2023,Purchase,515.46,UPI,Success,In-store,M232
TXN004631,CUST4631,2/23/2024,Refund,128.75,Debit Card,Success,In-store,M402
TXN004632,CUST4632,7/23/2023,Purchase,318.94,Cash,Success,Online,M198
TXN004633,CUST4633,1/31/2025,Purchase,804.37,Credit Card,Success,In-store,M221
TXN004634,CUST4634,6/6/2024,Purchase,862.8,Debit Card,Success,Online,M467
TXN004635,CUST4635,7/6/2024,Purchase,145.93,Credit Card,Success,In-store,M106
TXN004636,CUST4636,6/24/2024,Purchase,952.86,Debit Card,Success,Online,M425
TXN004637,CUST4637,7/16/2023,Purchase,335.53,Credit Card,Success,Online,M937
TXN004638,CUST4638,10/17/2024,Purchase,665.69,Cash,Success,Online,M118
TXN004639,CUST4639,12/28/2023,Purchase,754.31,Credit Card,Success,In-store,M769
TXN004640,CUST4640,6/22/2023,Purchase,813.83,Debit Card,Success,Online,M724
TXN004641,CUST4641,4/11/2024,Refund,946.29,Credit Card,Success,Online,M925
TXN004642,CUST4642,5/18/2024,Purchase,319.79,Debit Card,Success,Online,M517
TXN004643,CUST4643,6/14/2023,Purchase,859.92,Debit Card,Success,Online,M730
TXN004644,CUST4644,12/6/2023,Purchase,140.37,Debit Card,Success,Online,M686
TXN004645,CUST4645,2/15/2025,Purchase,707.99,Cash,Success,Online,M822
TXN004646,CUST4646,2/16/2025,Purchase,744.56,Cash,Success,In-store,M525
TXN004647,CUST4647,1/17/2025,Purchase,680.95,Debit Card,Success,In-store,M201
TXN004648,CUST4648,1/19/2024,Purchase,259.79,Cash,Success,Online,M848
TXN004649,CUST4649,10/21/2024,Purchase,874.31,Credit Card,Success,Online,M836
TXN004650,CUST4650,5/3/2023,Purchase,177.17,Credit Card,Success,Online,M891
TXN004651,CUST4651,7/31/2023,Refund,63.1,Debit Card,Success,Online,M299
TXN004652,CUST4652,8/5/2024,Purchase,720.29,Credit Card,Success,Online,M225
TXN004653,CUST4653,9/15/2023,Purchase,480.72,Debit Card,Success,In-store,M437
TXN004654,CUST4654,1/15/2024,Purchase,850.61,Cash,Success,In-store,M956
TXN004655,CUST4655,7/15/2023,Purchase,389.56,Debit Card,Success,Online,M266
TXN004656,CUST4656,7/8/2024,Purchase,176.6,UPI,Failed,Online,M825
TXN004657,CUST4657,9/24/2024,Refund,838.08,UPI,Success,Online,M439
TXN004658,CUST4658,4/17/2024,Purchase,553.42,Debit Card,Success,Online,M481
TXN004659,CUST4659,9/3/2024,Purchase,197.3,Credit Card,Success,In-store,M263
TXN004660,CUST4660,2/6/2024,Purchase,723.18,Cash,Success,Online,M814
TXN004661,CUST4661,11/12/2023,Purchase,516,Cash,Success,Online,M350
TXN004662,CUST4662,2/14/2025,Purchase,608.27,Credit Card,Failed,Online,M813
TXN004663,CUST4663,8/22/2023,Purchase,466.29,Credit Card,Success,Online,M266
TXN004664,CUST4664,8/20/2023,Refund,830.42,Debit Card,Success,In-store,M236
TXN004665,CUST4665,11/15/2024,Purchase,831.27,UPI,Success,Online,M776
TXN004666,CUST4666,4/17/2024,Purchase,712.29,Cash,Success,Online,M912
TXN004667,CUST4667,7/13/2024,Purchase,114.35,Cash,Success,Online,M665
TXN004668,CUST4668,2/12/2025,Refund,840.47,UPI,Success,Online,M149
TXN004669,CUST4669,4/23/2023,Purchase,674.3,Credit Card,Success,Online,M432
TXN004670,CUST4670,3/23/2024,Refund,700.05,Cash,Success,Online,M615
TXN004671,CUST4671,11/19/2024,Purchase,369.35,Cash,Success,Online,M957
TXN004672,CUST4672,9/6/2024,Purchase,880.49,UPI,Success,Online,M661
TXN004673,CUST4673,11/12/2023,Purchase,728.12,UPI,Success,In-store,M297
TXN004674,CUST4674,5/2/2023,Purchase,121.46,Credit Card,Success,In-store,M566
TXN004675,CUST4675,10/8/2023,Refund,413.7,Credit Card,Success,Online,M763
TXN004676,CUST4676,11/27/2024,Purchase,887.52,Debit Card,Success,Online,M555
TXN004677,CUST4677,1/18/2025,Purchase,56.72,Credit Card,Success,In-store,M751
TXN004678,CUST4678,5/12/2024,Purchase,961.8,Credit Card,Success,Online,M411
TXN004679,CUST4679,11/11/2024,Purchase,682.37,Debit Card,Success,In-store,M340
TXN004680,CUST4680,12/7/2023,Purchase,635.06,UPI,Success,In-store,M458
TXN004681,CUST4681,7/15/2024,Purchase,277.85,Credit Card,Success,Online,M377
TXN004682,CUST4682,1/10/2025,Refund,256.3,Cash,Success,Online,M857
TXN004683,CUST4683,4/19/2023,Purchase,942.64,Cash,Success,Online,M158
TXN004684,CUST4684,5/30/2023,Purchase,305.29,Credit Card,Failed,In-store,M816
TXN004685,CUST4685,6/10/2023,Purchase,777.75,Cash,Success,Online,M971
TXN004686,CUST4686,1/5/2024,Purchase,399.19,Debit Card,Success,Online,M830
TXN004687,CUST4687,2/5/2024,Purchase,147.86,UPI,Success,In-store,M413
TXN004688,CUST4688,12/14/2024,Purchase,20.61,Credit Card,Success,In-store,M608
TXN004689,CUST4689,4/26/2024,Purchase,548.81,UPI,Success,Online,M514
TXN004690,CUST4690,10/13/2023,Refund,976.02,Debit Card,Success,Online,M278
TXN004691,CUST4691,10/4/2024,Purchase,375.44,UPI,Success,Online,M448
TXN004692,CUST4692,11/26/2023,Purchase,363.62,Cash,Success,Online,M864
TXN004693,CUST4693,1/4/2024,Refund,350.65,Debit Card,Success,Online,M991
TXN004694,CUST4694,12/23/2023,Purchase,525.34,UPI,Success,Online,M792
TXN004695,CUST4695,11/9/2023,Purchase,446.26,Cash,Success,In-store,M303
TXN004696,CUST4696,11/26/2024,Purchase,881.12,Credit Card,Success,Online,M710
TXN004697,CUST4697,9/25/2023,Purchase,510.47,Debit Card,Success,In-store,M472
TXN004698,CUST4698,12/13/2023,Refund,512.68,Credit Card,Success,Online,M147
TXN004699,CUST4699,7/26/2023,Purchase,146.99,Credit Card,Success,Online,M890
TXN004700,CUST4700,8/22/2023,Purchase,982.91,Cash,Success,Online,M209
TXN004701,CUST4701,3/7/2025,Purchase,257.47,Cash,Success,Online,M189
TXN004702,CUST4702,8/19/2024,Purchase,82.63,Debit Card,Success,In-store,M218
TXN004703,CUST4703,9/22/2024,Purchase,666.51,Credit Card,Success,Online,M437
TXN004704,CUST4704,7/7/2024,Purchase,599.41,Cash,Success,Online,M894
TXN004705,CUST4705,12/27/2023,Purchase,420.99,Cash,Success,Online,M262
TXN004706,CUST4706,9/25/2023,Purchase,427.97,Cash,Success,Online,M936
TXN004707,CUST4707,3/31/2025,Purchase,787.21,Debit Card,Success,Online,M432
TXN004708,CUST4708,6/8/2024,Purchase,203.76,Credit Card,Success,Online,M427
TXN004709,CUST4709,9/30/2024,Purchase,822.05,Credit Card,Success,Online,M618
TXN004710,CUST4710,4/10/2024,Purchase,652.26,Debit Card,Success,Online,M802
TXN004711,CUST4711,9/23/2023,Purchase,424.78,Cash,Success,Online,M545
TXN004712,CUST4712,4/8/2024,Purchase,463.45,Debit Card,Success,In-store,M954
TXN004713,CUST4713,6/15/2024,Purchase,264.08,Cash,Success,In-store,M285
TXN004714,CUST4714,1/13/2024,Purchase,754.59,Cash,Success,Online,M574
TXN004715,CUST4715,4/19/2024,Purchase,517.75,Credit Card,Success,Online,M556
TXN004716,CUST4716,6/30/2024,Purchase,327.65,Debit Card,Success,In-store,M821
TXN004717,CUST4717,3/30/2025,Purchase,600.09,UPI,Success,In-store,M656
TXN004718,CUST4718,7/25/2023,Purchase,995.78,Credit Card,Success,In-store,M665
TXN004719,CUST4719,4/30/2024,Purchase,440.91,UPI,Success,Online,M651
TXN004720,CUST4720,11/18/2024,Purchase,921.48,UPI,Success,Online,M281
TXN004721,CUST4721,4/13/2024,Purchase,351.57,Debit Card,Success,Online,M511
TXN004722,CUST4722,9/28/2023,Refund,64.19,UPI,Success,Online,M141
TXN004723,CUST4723,10/25/2023,Purchase,212.2,Debit Card,Success,Online,M326
TXN004724,CUST4724,1/21/2024,Purchase,424.51,Debit Card,Success,Online,M184
TXN004725,CUST4725,8/14/2024,Purchase,227.44,UPI,Success,Online,M555
TXN004726,CUST4726,5/9/2024,Purchase,10.22,UPI,Success,In-store,M382
TXN004727,CUST4727,1/5/2024,Purchase,915.85,UPI,Success,Online,M644
TXN004728,CUST4728,5/1/2024,Purchase,845.44,Credit Card,Success,Online,M701
TXN004729,CUST4729,10/9/2024,Purchase,744.87,Debit Card,Success,In-store,M119
TXN004730,CUST4730,7/17/2023,Purchase,176.14,Credit Card,Success,Online,M343
TXN004731,CUST4731,9/3/2023,Purchase,129.16,Cash,Success,Online,M120
TXN004732,CUST4732,3/12/2024,Refund,76.93,Debit Card,Success,Online,M360
TXN004733,CUST4733,10/6/2023,Purchase,726.79,Cash,Success,Online,M467
TXN004734,CUST4734,4/15/2024,Purchase,929.52,Debit Card,Success,Online,M921
TXN004735,CUST4735,2/7/2024,Purchase,436.23,UPI,Success,Online,M646
TXN004736,CUST4736,2/8/2024,Purchase,127.95,UPI,Success,In-store,M916
TXN004737,CUST4737,2/14/2025,Purchase,517.27,Credit Card,Success,In-store,M619
TXN004738,CUST4738,8/31/2023,Purchase,355.34,Credit Card,Success,Online,M107
TXN004739,CUST4739,8/15/2023,Purchase,381.08,Debit Card,Success,In-store,M823
TXN004740,CUST4740,12/31/2023,Purchase,625.12,Debit Card,Success,Online,M877
TXN004741,CUST4741,10/5/2023,Purchase,721.53,Debit Card,Success,Online,M707
TXN004742,CUST4742,5/31/2023,Purchase,119.5,Debit Card,Success,Online,M582
TXN004743,CUST4743,11/23/2024,Purchase,45.23,Cash,Success,In-store,M220
TXN004744,CUST4744,10/26/2024,Purchase,994.39,UPI,Success,In-store,M956
TXN004745,CUST4745,11/2/2024,Purchase,240.4,Cash,Success,Online,M656
TXN004746,CUST4746,9/5/2023,Purchase,63.29,UPI,Success,Online,M542
TXN004747,CUST4747,12/22/2024,Purchase,197.98,UPI,Success,Online,M169
TXN004748,CUST4748,4/23/2024,Purchase,48.57,Cash,Success,Online,M918
TXN004749,CUST4749,11/19/2023,Purchase,397.89,Debit Card,Success,Online,M969
TXN004750,CUST4750,3/2/2024,Purchase,804.38,Cash,Success,Online,M963
TXN004751,CUST4751,8/7/2024,Purchase,347.83,Cash,Success,Online,M416
TXN004752,CUST4752,3/2/2025,Purchase,449.74,Credit Card,Failed,Online,M946
TXN004753,CUST4753,9/11/2023,Purchase,678.83,UPI,Success,Online,M234
TXN004754,CUST4754,10/16/2024,Purchase,513.81,Debit Card,Success,Online,M282
TXN004755,CUST4755,12/24/2023,Purchase,862.83,UPI,Success,In-store,M723
TXN004756,CUST4756,12/30/2023,Refund,867.38,Debit Card,Success,Online,M325
TXN004757,CUST4757,1/7/2024,Purchase,19.81,UPI,Success,Online,M476
TXN004758,CUST4758,6/4/2023,Purchase,780.27,Credit Card,Failed,In-store,M819
TXN004759,CUST4759,10/17/2024,Purchase,466.13,Cash,Success,In-store,M436
TXN004760,CUST4760,8/9/2023,Purchase,988.95,Credit Card,Success,Online,M808
TXN004761,CUST4761,4/13/2024,Purchase,488.4,Cash,Success,In-store,M886
TXN004762,CUST4762,9/10/2024,Purchase,987.03,Credit Card,Success,In-store,M402
TXN004763,CUST4763,11/12/2024,Purchase,757.02,UPI,Success,In-store,M776
TXN004764,CUST4764,1/26/2024,Refund,256.12,Credit Card,Success,Online,M848
TXN004765,CUST4765,4/21/2023,Purchase,543.01,UPI,Success,In-store,M473
TXN004766,CUST4766,7/12/2024,Purchase,992.21,Credit Card,Success,In-store,M710
TXN004767,CUST4767,11/5/2023,Purchase,858.96,UPI,Success,In-store,M285
TXN004768,CUST4768,4/7/2024,Purchase,106.39,Debit Card,Success,In-store,M146
TXN004769,CUST4769,3/30/2025,Purchase,709.31,UPI,Success,Online,M433
TXN004770,CUST4770,1/20/2025,Purchase,352.12,Debit Card,Success,Online,M854
TXN004771,CUST4771,7/1/2023,Purchase,16.91,Debit Card,Success,In-store,M912
TXN004772,CUST4772,10/10/2024,Purchase,409.45,Cash,Success,In-store,M461
TXN004773,CUST4773,7/13/2023,Purchase,242.41,Debit Card,Success,Online,M677
TXN004774,CUST4774,8/5/2023,Purchase,820.68,Credit Card,Success,Online,M516
TXN004775,CUST4775,1/30/2025,Purchase,343.96,Credit Card,Success,Online,M553
TXN004776,CUST4776,2/24/2025,Purchase,829.25,Credit Card,Success,Online,M428
TXN004777,CUST4777,12/7/2024,Purchase,10.59,Credit Card,Success,In-store,M555
TXN004778,CUST4778,12/6/2024,Purchase,314.74,Cash,Success,Online,M607
TXN004779,CUST4779,5/12/2023,Purchase,248.75,Cash,Success,Online,M713
TXN004780,CUST4780,8/22/2024,Purchase,241.23,Cash,Success,Online,M721
TXN004781,CUST4781,3/29/2025,Purchase,77.5,UPI,Success,In-store,M973
TXN004782,CUST4782,3/12/2024,Purchase,195.25,Cash,Success,Online,M190
TXN004783,CUST4783,12/11/2024,Purchase,559.99,Cash,Success,Online,M209
TXN004784,CUST4784,7/2/2024,Purchase,298.45,Credit Card,Success,In-store,M796
TXN004785,CUST4785,10/5/2024,Purchase,423.22,Cash,Failed,In-store,M292
TXN004786,CUST4786,1/19/2025,Purchase,383.1,Cash,Success,Online,M904
TXN004787,CUST4787,3/30/2024,Purchase,877.15,Credit Card,Success,Online,M559
TXN004788,CUST4788,10/7/2023,Purchase,906.25,Credit Card,Success,Online,M706
TXN004789,CUST4789,5/7/2024,Purchase,498.03,Debit Card,Success,Online,M916
TXN004790,CUST4790,9/30/2023,Purchase,336.85,Debit Card,Failed,In-store,M661
TXN004791,CUST4791,4/25/2024,Purchase,115.73,Credit Card,Success,In-store,M328
TXN004792,CUST4792,5/19/2024,Purchase,953.87,UPI,Success,In-store,M118
TXN004793,CUST4793,1/14/2024,Purchase,69.62,UPI,Success,Online,M825
TXN004794,CUST4794,2/13/2025,Purchase,304.67,Cash,Success,Online,M412
TXN004795,CUST4795,5/11/2024,Purchase,305.09,UPI,Success,Online,M876
TXN004796,CUST4796,1/10/2024,Purchase,327.2,UPI,Success,In-store,M439
TXN004797,CUST4797,1/9/2024,Purchase,172.64,Cash,Success,Online,M578
TXN004798,CUST4798,2/10/2024,Purchase,785.33,Cash,Success,Online,M521
TXN004799,CUST4799,4/30/2024,Purchase,131.27,UPI,Success,Online,M246
TXN004800,CUST4800,9/24/2023,Purchase,638.56,Debit Card,Success,Online,M552
TXN004801,CUST4801,6/7/2023,Purchase,132.61,Debit Card,Success,Online,M995
TXN004802,CUST4802,2/4/2024,Purchase,79.83,Debit Card,Success,In-store,M356
TXN004803,CUST4803,8/25/2023,Purchase,910.34,Cash,Success,Online,M432
TXN004804,CUST4804,3/21/2024,Purchase,198.23,Debit Card,Success,In-store,M885
TXN004805,CUST4805,10/5/2024,Refund,823.04,Cash,Success,Online,M988
TXN004806,CUST4806,9/9/2024,Purchase,549.18,UPI,Success,In-store,M799
TXN004807,CUST4807,8/24/2023,Purchase,87.08,UPI,Success,In-store,M206
TXN004808,CUST4808,12/27/2023,Purchase,955.89,Credit Card,Success,Online,M189
TXN004809,CUST4809,3/29/2024,Purchase,254.49,Credit Card,Success,Online,M498
TXN004810,CUST4810,7/30/2023,Purchase,861.05,UPI,Success,In-store,M100
TXN004811,CUST4811,3/11/2024,Purchase,177.12,UPI,Success,Online,M662
TXN004812,CUST4812,12/9/2024,Purchase,855.4,Credit Card,Success,In-store,M683
TXN004813,CUST4813,7/18/2023,Purchase,23.1,Credit Card,Success,Online,M969
TXN004814,CUST4814,8/2/2024,Purchase,516.66,UPI,Success,In-store,M465
TXN004815,CUST4815,7/25/2024,Purchase,771.75,Credit Card,Success,Online,M643
TXN004816,CUST4816,7/26/2024,Purchase,935.45,Credit Card,Success,Online,M684
TXN004817,CUST4817,12/12/2023,Purchase,910.11,Cash,Success,In-store,M575
TXN004818,CUST4818,9/17/2023,Purchase,821.43,UPI,Success,In-store,M139
TXN004819,CUST4819,10/22/2024,Purchase,889.31,Credit Card,Success,In-store,M917
TXN004820,CUST4820,7/2/2023,Purchase,207.23,Debit Card,Failed,Online,M874
TXN004821,CUST4821,1/22/2025,Refund,291.34,Debit Card,Failed,Online,M211
TXN004822,CUST4822,12/31/2023,Purchase,296.08,Cash,Success,Online,M999
TXN004823,CUST4823,2/16/2025,Purchase,383.28,Debit Card,Success,Online,M456
TXN004824,CUST4824,11/1/2024,Purchase,399.39,Debit Card,Success,Online,M775
TXN004825,CUST4825,6/9/2023,Purchase,549.11,UPI,Success,Online,M271
TXN004826,CUST4826,5/25/2023,Purchase,168.28,Credit Card,Success,Online,M285
TXN004827,CUST4827,5/28/2023,Purchase,694.33,Cash,Success,Online,M219
TXN004828,CUST4828,2/9/2025,Purchase,175.89,Debit Card,Success,In-store,M895
TXN004829,CUST4829,8/22/2023,Purchase,317.21,Credit Card,Success,Online,M310
TXN004830,CUST4830,7/11/2024,Purchase,508.31,Cash,Success,Online,M306
TXN004831,CUST4831,12/7/2024,Purchase,798.48,Credit Card,Success,Online,M488
TXN004832,CUST4832,10/27/2023,Purchase,742.07,Debit Card,Success,Online,M826
TXN004833,CUST4833,1/2/2025,Purchase,649.08,UPI,Success,Online,M634
TXN004834,CUST4834,11/21/2024,Purchase,164.22,Credit Card,Success,Online,M709
TXN004835,CUST4835,11/13/2023,Purchase,551.57,Credit Card,Success,In-store,M895
TXN004836,CUST4836,2/5/2025,Purchase,96.57,Debit Card,Success,Online,M484
TXN004837,CUST4837,1/3/2025,Purchase,383.59,Credit Card,Success,Online,M162
TXN004838,CUST4838,9/20/2023,Purchase,419.38,Credit Card,Success,Online,M107
TXN004839,CUST4839,3/18/2024,Purchase,49.41,Cash,Success,In-store,M626
TXN004840,CUST4840,4/16/2025,Refund,281.25,UPI,Success,Online,M300
TXN004841,CUST4841,4/19/2024,Purchase,956.09,Debit Card,Success,Online,M378
TXN004842,CUST4842,4/12/2024,Purchase,954.1,Cash,Success,Online,M569
TXN004843,CUST4843,11/10/2023,Purchase,358.8,Credit Card,Success,Online,M543
TXN004844,CUST4844,4/23/2024,Purchase,52.67,Debit Card,Success,Online,M797
TXN004845,CUST4845,4/15/2025,Purchase,187.3,Debit Card,Success,In-store,M866
TXN004846,CUST4846,4/14/2024,Purchase,398.3,UPI,Success,In-store,M172
TXN004847,CUST4847,8/6/2024,Purchase,948.3,Cash,Success,Online,M233
TXN004848,CUST4848,12/12/2023,Purchase,149.79,UPI,Success,In-store,M787
TXN004849,CUST4849,6/6/2024,Purchase,765.88,Debit Card,Success,Online,M619
TXN004850,CUST4850,11/20/2023,Purchase,117.6,Credit Card,Success,In-store,M750
TXN004851,CUST4851,7/3/2024,Purchase,981.45,Cash,Success,Online,M691
TXN004852,CUST4852,2/27/2024,Purchase,387.8,UPI,Success,In-store,M628
TXN004853,CUST4853,2/1/2024,Purchase,777.48,Cash,Success,In-store,M700
TXN004854,CUST4854,8/1/2023,Purchase,349.17,Cash,Success,Online,M732
TXN004855,CUST4855,8/13/2024,Purchase,631.39,Credit Card,Success,Online,M838
TXN004856,CUST4856,9/27/2023,Purchase,200.1,Debit Card,Success,Online,M332
TXN004857,CUST4857,6/26/2023,Refund,154.56,Debit Card,Success,In-store,M107
TXN004858,CUST4858,10/14/2023,Refund,938.68,Debit Card,Success,In-store,M803
TXN004859,CUST4859,12/2/2024,Purchase,918.47,Credit Card,Success,Online,M607
TXN004860,CUST4860,10/25/2024,Purchase,888.59,UPI,Success,Online,M387
TXN004861,CUST4861,4/5/2024,Purchase,629.18,Cash,Success,Online,M499
TXN004862,CUST4862,8/30/2023,Refund,810.19,UPI,Success,Online,M208
TXN004863,CUST4863,9/28/2024,Purchase,78.35,Debit Card,Success,In-store,M858
TXN004864,CUST4864,12/1/2023,Purchase,341.44,Cash,Success,Online,M219
TXN004865,CUST4865,9/30/2024,Purchase,320.57,Debit Card,Success,Online,M865
TXN004866,CUST4866,3/20/2024,Purchase,639.29,Cash,Success,Online,M352
TXN004867,CUST4867,8/14/2024,Purchase,362.4,UPI,Failed,Online,M848
TXN004868,CUST4868,11/4/2023,Purchase,157.02,Cash,Success,Online,M957
TXN004869,CUST4869,12/20/2024,Purchase,600.5,UPI,Success,Online,M685
TXN004870,CUST4870,4/27/2023,Purchase,816.24,Debit Card,Success,Online,M718
TXN004871,CUST4871,7/4/2024,Purchase,388.3,Debit Card,Success,Online,M873
TXN004872,CUST4872,12/14/2023,Purchase,140.95,Debit Card,Failed,In-store,M754
TXN004873,CUST4873,2/26/2024,Purchase,204.72,Debit Card,Success,In-store,M590
TXN004874,CUST4874,5/26/2023,Purchase,245.11,UPI,Success,Online,M691
TXN004875,CUST4875,7/24/2023,Purchase,306.9,Credit Card,Success,In-store,M980
TXN004876,CUST4876,10/29/2024,Purchase,646.37,Cash,Success,In-store,M965
TXN004877,CUST4877,1/30/2024,Purchase,604.94,Credit Card,Success,Online,M708
TXN004878,CUST4878,8/12/2024,Purchase,699.12,Credit Card,Success,Online,M229
TXN004879,CUST4879,8/10/2023,Purchase,368.88,UPI,Success,Online,M577
TXN004880,CUST4880,4/23/2023,Refund,825.76,Credit Card,Success,In-store,M207
TXN004881,CUST4881,6/3/2024,Purchase,212.05,Credit Card,Success,Online,M748
TXN004882,CUST4882,1/30/2024,Purchase,474.35,Credit Card,Success,In-store,M436
TXN004883,CUST4883,4/3/2024,Purchase,802.93,UPI,Success,Online,M812
TXN004884,CUST4884,9/5/2023,Purchase,188.36,Cash,Success,In-store,M503
TXN004885,CUST4885,8/19/2023,Purchase,118.76,Credit Card,Success,Online,M149
TXN004886,CUST4886,1/27/2025,Refund,884.85,Debit Card,Success,Online,M901
TXN004887,CUST4887,3/3/2025,Purchase,349.5,UPI,Success,Online,M976
TXN004888,CUST4888,2/8/2024,Purchase,687.03,Credit Card,Success,In-store,M969
TXN004889,CUST4889,11/24/2023,Purchase,35.1,UPI,Success,Online,M325
TXN004890,CUST4890,6/8/2023,Purchase,693.15,Credit Card,Success,Online,M316
TXN004891,CUST4891,7/30/2024,Refund,322.94,Credit Card,Success,Online,M633
TXN004892,CUST4892,7/18/2024,Purchase,65.18,Debit Card,Success,Online,M793
TXN004893,CUST4893,5/3/2024,Purchase,613.71,Debit Card,Success,Online,M597
TXN004894,CUST4894,9/20/2023,Purchase,248.4,Cash,Success,Online,M866
TXN004895,CUST4895,7/16/2024,Purchase,392.94,Credit Card,Success,Online,M653
TXN004896,CUST4896,3/29/2025,Purchase,89.78,Credit Card,Success,In-store,M631
TXN004897,CUST4897,10/2/2023,Purchase,155.69,Credit Card,Success,Online,M792
TXN004898,CUST4898,5/6/2023,Purchase,305,UPI,Success,Online,M461
TXN004899,CUST4899,1/23/2025,Purchase,98.86,Debit Card,Success,In-store,M948
TXN004900,CUST4900,10/6/2024,Refund,911.72,UPI,Success,Online,M249
TXN004901,CUST4901,1/29/2024,Purchase,15.99,Cash,Success,Online,M625
TXN004902,CUST4902,1/24/2025,Purchase,489.02,Credit Card,Failed,Online,M474
TXN004903,CUST4903,10/2/2023,Refund,132.01,Cash,Success,Online,M851
TXN004904,CUST4904,10/31/2023,Purchase,314.6,Debit Card,Success,In-store,M758
TXN004905,CUST4905,12/1/2023,Purchase,926.8,UPI,Success,Online,M674
TXN004906,CUST4906,11/8/2023,Purchase,170.08,Debit Card,Success,Online,M981
TXN004907,CUST4907,8/15/2023,Purchase,966.17,Cash,Success,Online,M729
TXN004908,CUST4908,6/12/2024,Purchase,213.74,UPI,Success,In-store,M624
TXN004909,CUST4909,1/12/2025,Purchase,744.15,Cash,Success,In-store,M506
TXN004910,CUST4910,9/11/2023,Purchase,551.21,UPI,Success,Online,M624
TXN004911,CUST4911,10/4/2023,Purchase,885.63,UPI,Success,In-store,M767
TXN004912,CUST4912,11/21/2023,Purchase,558.45,Debit Card,Success,In-store,M207
TXN004913,CUST4913,7/15/2023,Purchase,539.21,UPI,Success,Online,M659
TXN004914,CUST4914,10/29/2023,Purchase,203.5,Credit Card,Success,Online,M891
TXN004915,CUST4915,10/13/2024,Purchase,174.57,Debit Card,Success,In-store,M885
TXN004916,CUST4916,7/9/2023,Purchase,917.32,Cash,Success,Online,M364
TXN004917,CUST4917,2/14/2025,Purchase,334.56,UPI,Failed,Online,M894
TXN004918,CUST4918,5/25/2024,Purchase,378.36,UPI,Success,Online,M340
TXN004919,CUST4919,1/18/2025,Purchase,762.23,UPI,Success,Online,M689
TXN004920,CUST4920,1/30/2024,Refund,345.44,Debit Card,Success,In-store,M578
TXN004921,CUST4921,3/15/2024,Purchase,952.54,Credit Card,Success,In-store,M505
TXN004922,CUST4922,2/14/2024,Purchase,740.55,UPI,Success,Online,M813
TXN004923,CUST4923,2/9/2024,Purchase,601.45,UPI,Success,Online,M348
TXN004924,CUST4924,1/2/2024,Refund,882.09,Cash,Success,Online,M152
TXN004925,CUST4925,9/9/2024,Purchase,59.11,Cash,Success,Online,M828
TXN004926,CUST4926,11/14/2024,Purchase,264.49,Debit Card,Success,Online,M682
TXN004927,CUST4927,9/4/2024,Purchase,470.39,Credit Card,Success,Online,M108
TXN004928,CUST4928,6/19/2024,Purchase,234.71,Cash,Success,Online,M760
TXN004929,CUST4929,3/19/2025,Purchase,746.47,Cash,Success,In-store,M104
TXN004930,CUST4930,7/17/2024,Purchase,920.02,Credit Card,Success,In-store,M581
TXN004931,CUST4931,8/27/2023,Purchase,429.53,Credit Card,Success,Online,M342
TXN004932,CUST4932,11/7/2024,Purchase,348.71,Debit Card,Success,Online,M608
TXN004933,CUST4933,11/17/2023,Purchase,961.94,Cash,Success,Online,M701
TXN004934,CUST4934,11/27/2023,Purchase,450.4,Credit Card,Success,Online,M391
TXN004935,CUST4935,9/7/2023,Purchase,494.16,UPI,Success,Online,M730
TXN004936,CUST4936,10/11/2023,Purchase,358.13,Cash,Success,Online,M696
TXN004937,CUST4937,7/2/2024,Purchase,910.45,UPI,Success,Online,M726
TXN004938,CUST4938,1/21/2024,Purchase,573.27,Cash,Success,Online,M970
TXN004939,CUST4939,3/10/2024,Purchase,764.55,Credit Card,Success,In-store,M901
TXN004940,CUST4940,11/13/2024,Purchase,813.69,Debit Card,Failed,In-store,M845
TXN004941,CUST4941,1/13/2024,Purchase,348.43,Cash,Success,Online,M769
TXN004942,CUST4942,3/18/2024,Purchase,439.36,UPI,Success,Online,M943
TXN004943,CUST4943,2/8/2025,Purchase,849.99,Cash,Success,Online,M404
TXN004944,CUST4944,7/6/2023,Purchase,369.62,Debit Card,Success,Online,M900
TXN004945,CUST4945,1/12/2024,Purchase,796,Debit Card,Success,Online,M383
TXN004946,CUST4946,7/17/2023,Purchase,941.58,UPI,Success,Online,M420
TXN004947,CUST4947,8/6/2024,Refund,626.98,Debit Card,Success,Online,M573
TXN004948,CUST4948,3/27/2024,Purchase,744.21,Cash,Success,Online,M800
TXN004949,CUST4949,3/25/2024,Purchase,807.05,Cash,Success,Online,M757
TXN004950,CUST4950,9/8/2024,Purchase,846.59,UPI,Success,In-store,M775
TXN004951,CUST4951,12/18/2024,Purchase,401.1,Debit Card,Success,Online,M358
TXN004952,CUST4952,12/28/2024,Purchase,60.75,Cash,Success,In-store,M990
TXN004953,CUST4953,5/29/2023,Purchase,407.86,UPI,Success,Online,M919
TXN004954,CUST4954,6/9/2024,Purchase,677.02,UPI,Success,Online,M417
TXN004955,CUST4955,11/24/2023,Purchase,455.85,Cash,Success,Online,M383
TXN004956,CUST4956,12/8/2023,Purchase,751.47,UPI,Success,Online,M212
TXN004957,CUST4957,7/10/2023,Purchase,363.41,Cash,Success,In-store,M970
TXN004958,CUST4958,9/1/2024,Purchase,638.4,UPI,Failed,In-store,M144
TXN004959,CUST4959,7/15/2023,Purchase,194.56,Cash,Success,Online,M562
TXN004960,CUST4960,5/25/2024,Purchase,751.88,Cash,Success,In-store,M512
TXN004961,CUST4961,9/29/2024,Purchase,550.24,UPI,Success,Online,M695
TXN004962,CUST4962,5/8/2024,Purchase,212.02,UPI,Success,Online,M948
TXN004963,CUST4963,8/17/2023,Purchase,298.99,Credit Card,Success,In-store,M274
TXN004964,CUST4964,2/23/2024,Purchase,751.12,Cash,Success,Online,M861
TXN004965,CUST4965,10/8/2024,Purchase,487.78,Credit Card,Success,Online,M536
TXN004966,CUST4966,11/18/2023,Purchase,223.87,UPI,Success,Online,M238
TXN004967,CUST4967,7/23/2023,Purchase,967.6,Cash,Success,Online,M494
TXN004968,CUST4968,8/31/2023,Purchase,717.97,Cash,Success,Online,M755
TXN004969,CUST4969,9/25/2024,Refund,957.56,Cash,Success,Online,M889
TXN004970,CUST4970,4/10/2025,Refund,432.83,Credit Card,Success,Online,M451
TXN004971,CUST4971,4/18/2024,Purchase,480.35,Cash,Success,Online,M391
TXN004972,CUST4972,7/17/2024,Purchase,898.98,Debit Card,Success,In-store,M769
TXN004973,CUST4973,9/30/2023,Purchase,529.8,UPI,Success,Online,M337
TXN004974,CUST4974,5/16/2024,Purchase,710.21,UPI,Success,Online,M404
TXN004975,CUST4975,7/22/2024,Refund,259.65,Cash,Success,Online,M887
TXN004976,CUST4976,2/25/2025,Purchase,452.26,UPI,Success,In-store,M562
TXN004977,CUST4977,7/29/2023,Purchase,132.22,UPI,Success,Online,M950
TXN004978,CUST4978,1/7/2024,Purchase,213.92,UPI,Success,In-store,M463
TXN004979,CUST4979,9/1/2023,Refund,10.93,UPI,Success,Online,M681
TXN004980,CUST4980,3/10/2025,Purchase,48.87,Credit Card,Success,Online,M211
TXN004981,CUST4981,11/2/2023,Purchase,977.51,UPI,Success,Online,M805
TXN004982,CUST4982,1/24/2024,Purchase,249.93,UPI,Success,Online,M500
TXN004983,CUST4983,3/25/2025,Purchase,666.68,Credit Card,Success,Online,M131
TXN004984,CUST4984,2/11/2025,Purchase,840.71,UPI,Success,In-store,M919
TXN004985,CUST4985,9/12/2024,Purchase,555.15,UPI,Success,Online,M851
TXN004986,CUST4986,3/30/2025,Refund,161.61,Debit Card,Success,In-store,M365
TXN004987,CUST4987,10/5/2023,Purchase,730.84,Cash,Success,Online,M355
TXN004988,CUST4988,7/26/2024,Purchase,604.25,UPI,Success,Online,M449
TXN004989,CUST4989,3/20/2024,Purchase,733.94,Credit Card,Failed,Online,M693
TXN004990,CUST4990,6/26/2023,Purchase,772.05,Cash,Success,Online,M767
TXN004991,CUST4991,3/28/2024,Purchase,975.66,Credit Card,Success,Online,M627
TXN004992,CUST4992,11/4/2023,Purchase,577.83,Cash,Success,Online,M314
TXN004993,CUST4993,3/9/2024,Purchase,348.22,Credit Card,Success,Online,M725
TXN004994,CUST4994,4/15/2024,Purchase,651.98,Cash,Success,Online,M628
TXN004995,CUST4995,2/3/2024,Purchase,77.76,Debit Card,Success,Online,M437
TXN004996,CUST4996,6/3/2023,Refund,898.42,Debit Card,Success,In-store,M741
TXN004997,CUST4997,7/28/2023,Purchase,128.19,UPI,Success,Online,M752
TXN004998,CUST4998,5/10/2024,Purchase,334.56,Cash,Success,Online,M827
TXN004999,CUST4999,8/5/2023,Purchase,817.59,Credit Card,Success,In-store,M982
TXN005000,CUST5000,4/14/2025,Purchase,601.34,Credit Card,Success,Online,M681
