Customer_ID,First_Name,Last_Name,Email,Phone,Address,City,State,Registration_Date
CUST0001,Michelle,Williams,lauren69@lawson-collins.com,6015211043,"932 Elizabeth Dale Suite 624, Toddmouth, ND 55400",Murphymouth,Mississippi,8/22/2022
CUST0002,Natalie,Jackson,matthew94@lynch.biz,001-505-631-1528x58308,"7745 Ralph Lodge, Trevinostad, ID 35564",Abigailton,Louisiana,11/5/2022
CUST0003,Elizabeth,Stevens,amorgan@bean.biz,793-270-0515x3485,"535 Mcconnell Ridges Apt. 115, East Kevinview, NM 13335",Lake Maryport,Michigan,10/21/2022
CUST0004,Trevor,Sandoval,jeremy03@yahoo.com,(415)434-1907x864,"USCGC Casey, FPO AE 26931",Sullivanmouth,Illinois,7/1/2024
CUST0005,John,Brown,kristen47@holmes.com,001-749-206-4999x010,"2228 Velazquez Overpass Suite 247, South Ashley, DE 73644",New Mark,Arkansas,8/22/2024
CUST0006,Jeffery,Nelson,hinesbruce@ayala-patterson.com,001-535-315-5927x70619,"77623 Smith Lock, Lake Jeremyton, GA 62718",Christineton,Texas,8/17/2023
CUST0007,Sandra,Anthony,burchlinda@gmail.com,001-575-800-4943x29229,"7324 Pittman Road Suite 684, Johnfurt, MT 38613",Martinezstad,Iowa,6/21/2023
CUST0008,Rebecca,Booker,ambermitchell@mason.biz,273-669-9407x1336,"223 Hannah Mountains, Davidborough, WI 96337",Lake Trevor,Idaho,1/31/2023
CUST0009,Kyle,Osborne,mario51@reilly.net,467.609.1191x407,"2530 Marcus Hills, Marystad, MO 24505",West Brianna,New Hampshire,7/10/2023
CUST0010,Danny,Hill,james36@hotmail.com,1505622859,"021 Caleb Light Apt. 794, Lake Bruce, AR 97293",Port Deannastad,Mississippi,6/26/2024
CUST0011,Caitlin,Cooper,frazieredward@hodge-bridges.biz,756-926-5452x28759,"14382 Amber Harbors Apt. 963, Crystalburgh, TN 46111",South Jesse,Hawaii,6/20/2022
CUST0012,Kyle,Lawrence,patricia27@yahoo.com,182-622-5720,"5949 Randy Parkways Suite 835, Fischerbury, NE 92096",Lake Robertmouth,Kentucky,1/26/2023
CUST0013,Katherine,Harris,brandylang@english.com,757-116-0800,"78818 Lynn Cove, Ericfurt, KS 91058",Port Victoria,Maine,2/20/2023
CUST0014,Richard,Tyler,castillogregory@grant-griffin.com,(725)522-3221x5041,"5519 Laura Common, North Geraldchester, KS 37968",West Fredbury,Illinois,11/17/2022
CUST0015,Cheryl,Guerrero,bauerbrian@crosby-johnson.net,001-336-859-0159,"168 Shawn Circle Suite 571, Lake Ryan, NM 73645",South Cameronburgh,Florida,11/7/2022
CUST0016,Thomas,Black,matthew04@hotmail.com,019.753.9677x8789,"7268 Nicole Creek Suite 694, Kennethville, RI 81584",Carpenterbury,Wyoming,7/27/2022
CUST0017,Sabrina,Zimmerman,jameshicks@austin.com,+1-553-023-0330x5408,"19582 Doris Rue Suite 998, South Marychester, CO 36951",Williamsland,Washington,11/4/2023
CUST0018,Jeffery,Wallace,crystalgordon@yahoo.com,(461)098-5820,"552 King Passage Suite 373, New Patriciaville, SD 36858",Port Jonathan,Rhode Island,5/9/2023
CUST0019,Jeff,Guerra,millerscott@gmail.com,(421)912-8328x455,"85491 Brown Causeway, New Patrick, CA 56705",Port Thomas,Colorado,1/22/2024
CUST0020,Joseph,Schultz,mooredavid@gmail.com,001-168-568-2917x4065,"8231 Ware Spring Suite 712, Smithmouth, KS 64211",Christopherview,Texas,8/16/2023
CUST0021,Brian,Dixon,djefferson@snyder.com,(445)879-1323x2901,"6795 Anthony Port, Lake Tonya, NE 12446",Vegaside,Minnesota,3/14/2024
CUST0022,Catherine,Fox,katie81@hall-joyce.com,285.040.0364x520,"0562 Madison Gateway Suite 944, South Austinmouth, NV 83583",Rochamouth,Hawaii,2/17/2023
CUST0023,Catherine,Fisher,ukirk@yahoo.com,949.830.2396,"90356 Theresa Freeway Suite 407, Meltonberg, CT 20386",Lowerytown,South Carolina,9/30/2022
CUST0024,Jeremy,Miller,egilmore@hall-peterson.com,001-485-609-9042x3965,"75602 Morgan Row, West Troy, ND 83142",West Thomashaven,Hawaii,8/20/2024
CUST0025,Jacqueline,Myers,blove@roth.com,001-784-947-2702x53825,"3045 Cody Fork Suite 129, Johnsonborough, HI 97133",East Austin,Tennessee,5/18/2023
CUST0026,Brenda,Miller,nguyenhenry@smith.com,001-242-996-7102x75278,"324 Jared Wall, West Sarahport, MN 91080",Angelastad,South Dakota,8/6/2024
CUST0027,Courtney,Horton,swells@williams.com,699.117.4719,"8130 Olivia Ports, Smithbury, OK 92725",Port Michelleville,New Hampshire,1/20/2023
CUST0028,Larry,Jackson,michelebrown@hotmail.com,(856)036-8405x0184,"690 Douglas Inlet, Farmerport, LA 22308",Nicholsbury,Oregon,9/9/2024
CUST0029,Daniel,Gregory,cameron41@gmail.com,637.870.5204,"77215 Jones Vista, Port Tonya, AZ 44040",Gregoryville,South Dakota,1/16/2025
CUST0030,Elizabeth,Morris,joycecarol@robinson-bailey.com,280.362.8823,"896 Delgado Orchard, Gordonchester, SD 98300",Port Caitlynborough,Oregon,4/25/2023
CUST0031,John,Knapp,choward@yahoo.com,838.053.2573x603,"21542 Wilson Bridge Apt. 704, South Kyleville, MT 80218",Michaelshire,Rhode Island,4/27/2022
CUST0032,Jason,Phelps,uhayes@jackson.org,001-081-789-9972x077,"4390 Alexandria Hills Suite 462, North Davidtown, MD 93540",Wattsbury,Maryland,9/26/2023
CUST0033,Jamie,Mitchell,hermanjason@griffin.org,+1-992-118-4666x175,"43104 Samantha Overpass Suite 320, North Keith, GA 90751",Walshbury,Mississippi,3/31/2025
CUST0034,Robert,Alvarado,kimberlygonzalez@gmail.com,-2224,"104 Hayden Forest Suite 795, North Joannaberg, OK 96371",Christensentown,Oregon,12/19/2023
CUST0035,Melanie,Santos,autumn37@hotmail.com,860-915-8114x208,"009 Hodges Station Apt. 572, North Faithside, LA 93573",Port Jeffrey,Idaho,12/11/2023
CUST0036,Kelsey,Wilkerson,bgarcia@ayers-adams.info,734-850-3264x6243,"998 Page Land Suite 460, East Amy, CO 32485",Danielborough,Hawaii,11/22/2022
CUST0037,Amanda,Davis,stephaniepotter@day-pham.com,001-463-123-5729x36987,"12245 Martin Valley Suite 609, New Nicholasstad, IL 02879",Thomasville,West Virginia,2/3/2023
CUST0038,Kayla,Lee,luisvasquez@yahoo.com,001-207-259-1289x417,"85543 Paul Square Apt. 314, South Ashley, WA 45388",New Margaret,Utah,3/19/2024
CUST0039,Robert,Clay,morrisonmia@yahoo.com,001-871-850-2343x26096,"5200 Allison Isle Apt. 944, Johnhaven, CA 80099",Finleyview,Utah,9/10/2022
CUST0040,Courtney,Little,inguyen@miller-randall.com,4747449747,"509 Lisa Fall Apt. 725, Rileyland, AK 13751",Mcdonaldshire,Montana,10/4/2023
CUST0041,Renee,Chapman,lisa05@hotmail.com,238.986.3966x989,"624 Smith Ways, Lake Morgan, MT 06338",Lake Carolyn,Illinois,10/3/2022
CUST0042,Joseph,Smith,megan91@yahoo.com,720.745.9840,"37760 Michelle Mission, South Robertfurt, LA 88891",Michaelview,Wisconsin,3/6/2023
CUST0043,Allison,Spears,buchananrebecca@carter.com,(521)154-1748,"4834 Jones Meadows Suite 947, North Zacharymouth, NH 30179",East Jonathan,Florida,2/18/2023
CUST0044,Jessica,Boyd,fgreene@gmail.com,(918)512-3687x715,"19368 Washington Dale, Douglasport, SD 89505",Frankchester,Arkansas,1/17/2025
CUST0045,Theresa,Foster,hallwendy@hotmail.com,163-848-1961,"953 Williams Street, Grantchester, AK 62581",New Richardmouth,Mississippi,3/8/2023
CUST0046,Jason,Calderon,qandrade@henry-hood.com,594-615-9835x62824,"8831 Clark Station, New Rebecca, MN 01304",Danielborough,Alaska,2/5/2024
CUST0047,Christine,Garcia,ejohnson@taylor.com,+1-332-809-5281x418,"702 Kari River, North Scott, WY 37711",Byrdmouth,Minnesota,1/5/2024
CUST0048,Daniel,Waters,jschneider@hernandez.net,(783)627-1517x3321,"99118 Travis Terrace, Stanleyfurt, WI 91130",West Theresastad,Iowa,3/4/2023
CUST0049,Amanda,Collins,flee@woods.com,(726)669-3437,"392 Matthew Parkway Suite 857, Lake Amanda, GA 28700",Parkerhaven,Oregon,4/16/2025
CUST0050,Richard,Baker,adrian44@adams.com,(462)511-0337x40723,"6298 Cannon Trail, Rachelmouth, MA 86809",North Wayneton,California,12/25/2023
CUST0051,Robert,James,john95@hotmail.com,307.394.0013x1117,"1385 Reid Ville Suite 817, Lake Lindafort, NY 55010",Lake Derrickmouth,Texas,1/7/2023
CUST0052,Donald,Butler,dalexander@porter.net,001-721-832-2755x394,"209 Phillip Fall Apt. 938, Lake Zacharybury, AZ 74329",Lake Bradleystad,Colorado,10/18/2023
CUST0053,Jose,Williams,kristielamb@yahoo.com,628-472-9796,"424 Williams Junctions Suite 380, South Ginaview, WI 29053",Nielsenmouth,New Jersey,10/12/2023
CUST0054,Francisco,Diaz,jbrown@hotmail.com,074.571.8219,"PSC 5414, Box 4277, APO AE 87159",Kristenshire,Kansas,7/3/2022
CUST0055,James,Lee,nperez@hotmail.com,001-413-162-8570x15260,"938 Hicks Well Suite 356, Tinahaven, PA 71461",Travisside,West Virginia,12/1/2024
CUST0056,Emily,Brown,brooke39@hotmail.com,(743)676-4202,"7298 Kathryn Mount Suite 902, Joshuafurt, GA 12847",Feliciaville,North Dakota,8/10/2022
CUST0057,Michael,Smith,nancypark@lester.com,001-464-692-6085x4092,"USNS Hernandez, FPO AA 68456",Florestown,Nevada,11/22/2024
CUST0058,Meghan,Burke,christopher46@hotmail.com,001-762-175-0585x1389,"61255 Coleman Crest Suite 187, Markton, OK 88795",West Lisa,Pennsylvania,3/16/2024
CUST0059,Michael,Johnson,jvillarreal@graham.info,(773)233-9788,"45398 Charles Isle Suite 270, New Annette, FL 70934",Lake Kristineborough,Georgia,12/21/2022
CUST0060,John,Kelly,dyang@ray.com,492-983-3374,"8833 Megan Station Suite 009, West Micheal, KY 04826",South Sandra,New Jersey,1/9/2024
CUST0061,Robert,Brown,lopeztodd@yahoo.com,+1-601-993-1164x81448,"235 Loretta Shores Apt. 840, Williamsside, CO 68211",Donnaton,Wisconsin,8/25/2023
CUST0062,Cynthia,Moore,boconnor@dominguez.com,+1-674-570-3136x070,"51405 Calvin Burgs Suite 197, Fieldsbury, MT 96701",West Brooke,Florida,8/10/2023
CUST0063,Emily,Blackwell,upham@henry-allen.net,-2001,"Unit 3448 Box 0053, DPO AE 71580",North Cynthia,Connecticut,5/12/2024
CUST0064,Matthew,Mendoza,tina49@smith.biz,7873244360,"07088 Anderson Isle, Catherineland, WY 41041",Valenciaside,Wyoming,2/6/2024
CUST0065,Nicole,Valentine,marvinhall@stephenson.com,027-090-1281x3908,"95124 Linda Points, East Scott, PA 30121",Port Robert,Virginia,9/18/2022
CUST0066,Amanda,Jones,smurphy@hotmail.com,484.312.4822,"91141 Robert Oval Apt. 936, Port William, ND 03937",Port Julia,Florida,5/23/2023
CUST0067,Jonathan,Chapman,michael06@hotmail.com,(948)123-5625x6022,"USS Smith, FPO AA 96203",New Jesse,Pennsylvania,10/16/2023
CUST0068,Brandon,Fowler,belldawn@hotmail.com,(820)556-7531,"Unit 1541 Box 3157, DPO AE 27640",Lake Natasha,Texas,1/9/2023
CUST0069,Emily,Fischer,moseskenneth@gmail.com,(651)936-9879,"8997 Carlson Walk Apt. 119, Castrobury, DE 50560",New Kylehaven,West Virginia,9/28/2024
CUST0070,Wesley,Cantrell,pamelapowell@meadows.com,+1-004-020-9570x0436,"84846 Sheila Canyon, Huntborough, WV 51260",Pinedatown,Vermont,3/29/2025
CUST0071,Michelle,Howard,david16@king.com,+1-874-854-2337x907,"24362 Nicole Expressway, East Timothyport, ID 54548",Michelleshire,Michigan,7/24/2024
CUST0072,Marie,Benson,melissavasquez@gmail.com,909.722.4255x43677,"759 Laurie Lights Apt. 901, South Helenton, HI 13655",Laurieton,New Jersey,12/4/2022
CUST0073,Mark,Warren,paulcosta@diaz-hunter.com,(822)812-5106,"253 Rivera Meadow Suite 193, Leeton, GA 35496",New Roystad,Wisconsin,5/22/2023
CUST0074,Ashley,Vang,zachary94@collins-lopez.com,001-546-246-4793x80021,"USCGC Byrd, FPO AP 98576",Oscarchester,Wisconsin,11/7/2023
CUST0075,Erin,Wiggins,christinecarter@yahoo.com,(225)183-2402x5250,"458 Linda Plaza Suite 222, North Jessicaville, FL 31531",Lake Chase,Ohio,8/22/2022
CUST0076,Sherry,Bailey,kennethgriffith@yahoo.com,430.146.9929x25180,"5821 Ronald Avenue Suite 608, Jessemouth, WV 90072",New Johnville,North Dakota,2/1/2024
CUST0077,Jonathan,Mcintosh,mgraham@martinez.com,877-087-3945x3970,"1714 Smith Row, East Samuel, MI 06546",Carterside,Wisconsin,9/14/2022
CUST0078,Rebecca,Brown,lhall@long.com,+1-386-529-2908x184,"6700 Virginia Ranch, East Josebury, SD 88112",Elizabethton,New Mexico,8/27/2024
CUST0079,Justin,Hunt,tylerrobinson@snyder.net,(076)158-5237x429,"6827 Nathaniel Station Suite 632, North Crystaltown, CT 65294",Cochranshire,Maryland,4/12/2023
CUST0080,Cody,Reese,chapmancharles@cobb.org,467-478-9547x379,"9374 Sherry Springs Suite 458, Burnettmouth, FL 72436",North Geoffreyton,Utah,4/9/2023
CUST0081,Timothy,Garcia,tony88@taylor.com,619-499-5721x760,"5231 Armstrong Shores, South Kimberly, KS 24468",East Angela,Nebraska,9/23/2022
CUST0082,Matthew,Jackson,nathanestrada@williams.com,(228)283-6390,"038 William Row, Kyleport, KS 30084",South Robert,Georgia,1/28/2024
CUST0083,Michael,Martin,judyparker@wallace.com,(769)533-0774x944,"PSC 7786, Box 5021, APO AP 70069",Thomasmouth,Kansas,7/8/2023
CUST0084,Matthew,Smith,ann43@yahoo.com,750-298-5661,"82844 Christopher Ferry Apt. 368, Port Saraberg, VA 57678",Lake Amy,Montana,6/26/2024
CUST0085,Anna,Hensley,johnjohnson@sharp.com,082.581.5569,"8874 Holly Meadows Suite 701, Smithside, TX 52852",New Maria,Illinois,10/9/2022
CUST0086,Jill,Page,stevensonrenee@white.net,789-784-1600x40157,"86504 Bryant Tunnel, Summerchester, MO 42100",Jasmineton,Kentucky,7/26/2022
CUST0087,Patrick,Hernandez,hicksmadison@gmail.com,638.535.7110x1516,"032 Donna Spurs Suite 387, Thomashaven, RI 44057",Deniseshire,Wisconsin,6/1/2023
CUST0088,Christian,Stephens,jasonlewis@hotmail.com,686-576-5900,"715 Travis Station, Thomaston, WV 49288",Bishopberg,Utah,4/6/2024
CUST0089,Gregory,Chapman,carterjennifer@gmail.com,(080)295-0598x372,"PSC 0488, Box 2836, APO AP 06077",East Justintown,Rhode Island,4/1/2024
CUST0090,Kelly,Johnson,bryanteric@baker-torres.net,097-211-6157x633,"26048 David Throughway Suite 565, Aprilfort, SC 63003",East Kyle,Nebraska,4/19/2024
CUST0091,Stephen,Obrien,dale82@rodriguez.org,001-516-693-1672x83190,"15556 Robert Fords Suite 527, Michaelbury, MO 24218",Hughesview,West Virginia,7/7/2023
CUST0092,Joy,Ramirez,pmitchell@hotmail.com,+1-279-175-2392x2286,"30416 Martinez Roads Apt. 794, Jamesmouth, WV 33913",Nancyton,Connecticut,1/9/2025
CUST0093,Tracy,Pratt,owenthomas@dalton.com,5514282295,"3233 Fitzgerald Fort Suite 552, Josephberg, CT 92346",New Timothyburgh,Oregon,11/16/2022
CUST0094,Susan,Barnes,huffryan@gmail.com,001-640-114-7180x80820,"2429 Alyssa Rapids, East Corey, DC 14052",Priscillatown,Texas,3/10/2024
CUST0095,Sonya,Miller,qdavis@singleton.info,717.703.3861x932,"45711 Richard Street Apt. 184, South Katieshire, MN 30274",Gregoryborough,South Carolina,9/12/2022
CUST0096,Ryan,Hughes,brownkathleen@hotmail.com,577-285-9636,"03270 Orr Summit, Michaelberg, LA 72690",Schmittchester,Delaware,9/3/2023
CUST0097,Donna,Miller,olong@yahoo.com,(852)950-2251x711,"73638 Hall Ways, Seanburgh, TN 72001",Carlachester,Massachusetts,12/17/2022
CUST0098,Joseph,Hayes,johnsonzachary@cox.com,832.951.9723x8951,"98378 Ballard Plaza Suite 462, Michelletown, CT 70597",Christophermouth,Tennessee,1/8/2023
CUST0099,David,Singleton,lreeves@jennings-valdez.net,001-002-315-3238,"676 Deanna Lake Apt. 572, Vanessafurt, WA 33615",Hansontown,West Virginia,1/2/2025
CUST0100,Isaac,Alvarado,rsteele@yahoo.com,764-132-9049,"8725 Kimberly Knolls, Port Alexa, IL 67290",Esparzafurt,Louisiana,2/11/2025
CUST0101,Cole,Jackson,williamsjacob@hotmail.com,(615)629-1737x42638,"0855 James Stream Suite 170, Medinaland, AZ 39724",Kristinmouth,Kansas,1/24/2025
CUST0102,Lori,Scott,hayesandrea@steele-newman.com,1789908629,"261 Mary Shoals, Brandytown, WV 52384",West Antonio,North Carolina,10/2/2023
CUST0103,Michelle,Pennington,mallory83@yahoo.com,(034)076-5666x483,"80652 Francis Dale Apt. 725, Reyesburgh, MS 24339",North Jessicabury,Georgia,1/1/2023
CUST0104,Kelly,Rice,wlee@yahoo.com,864-623-4748,"422 Sherman Roads Suite 252, Taylorshire, VA 22789",Amandahaven,Alabama,12/4/2024
CUST0105,Jordan,Cook,grios@gmail.com,379.816.1845x7227,"7156 Larsen Haven Suite 098, Hahnburgh, OH 07117",Lindaside,Indiana,10/29/2022
CUST0106,Carolyn,May,vwheeler@white.biz,001-693-690-6735x944,"USS Howell, FPO AP 69808",North Kevinburgh,Maine,7/25/2023
CUST0107,Laura,Parks,cindyrichardson@harris.com,-4520,"PSC 1961, Box 1382, APO AA 89721",Ronaldburgh,Arkansas,9/29/2023
CUST0108,Justin,Jackson,schwartzerica@gmail.com,(632)903-2264x39770,"16336 Riley Island Suite 292, Hawkinsmouth, GA 09396",Thomasland,New Mexico,10/1/2022
CUST0109,Holly,Chaney,jill84@salas-carpenter.com,+1-134-440-6073x2082,"USS Potter, FPO AE 18783",Wellsbury,Minnesota,3/17/2023
CUST0110,Adam,Perez,debbie33@miller.com,001-930-688-3158x103,"888 Kayla Lights Suite 538, Port Ariana, IA 36283",New Stevenside,Illinois,4/13/2023
CUST0111,Gary,Warner,larrylong@hotmail.com,8446114283,"33829 Beth Drive, Wardhaven, SC 18363",Evanshaven,Delaware,7/3/2024
CUST0112,Jessica,Rice,snydergina@scott.org,999.036.7485x6837,"616 Meyer Cape Apt. 015, South Feliciashire, AK 47084",Lake Dwayneton,California,12/11/2024
CUST0113,Emily,Chandler,john87@hansen.com,534042036,"218 Frederick Trail, Juliemouth, WV 49552",New Xavier,North Dakota,6/18/2023
CUST0114,Nicholas,Duran,mossjason@jones-beasley.biz,395.309.4502x89554,"31575 Wilcox Harbor Suite 480, Lake Michael, MA 28929",Deborahfurt,South Dakota,2/22/2024
CUST0115,Sheena,Nichols,powellkenneth@hotmail.com,(403)187-0950x62509,"5074 Johnson Stream Apt. 343, Lake Joshuabury, MA 66792",Port Marie,North Carolina,2/27/2024
CUST0116,Tina,Lopez,adamserrano@ayers.com,085-204-5158x70286,"70176 Elizabeth Lock Apt. 260, Port Garyshire, WY 01837",East Andrewville,Virginia,7/17/2022
CUST0117,Michael,Walker,heather89@hotmail.com,(882)156-7577x3833,"319 Simpson Point Suite 351, Sanchezport, TN 04786",Taylorhaven,Florida,3/23/2023
CUST0118,Brittney,Smith,kmooney@curry.com,+1-873-341-1823x9593,"117 Gilbert Gateway Suite 677, Collierside, AK 17263",East Jared,Illinois,2/4/2025
CUST0119,Rachael,Gardner,brownpeter@gmail.com,(281)795-0821x10638,"1608 Miller Oval, New Jacobton, AL 22992",Katelynburgh,North Carolina,12/14/2022
CUST0120,Elizabeth,Acosta,vboyd@valencia.com,(348)715-0222,"PSC 8809, Box 2760, APO AE 14985",North Lisa,Pennsylvania,7/9/2024
CUST0121,Rebecca,Buchanan,abigailflores@yahoo.com,(737)684-2026x35981,"37085 Robert Lakes Apt. 593, Port Amy, AR 00582",Craigfort,North Dakota,10/12/2024
CUST0122,Lisa,Williams,adrian87@gmail.com,001-149-375-9241x03056,"07210 Kelly Roads, Curtisshire, MA 50073",Port Kelly,Maine,1/7/2025
CUST0123,Sharon,Torres,patrick93@hotmail.com,001-263-698-9891,"380 Lopez Harbors, Williamton, PA 75740",Port Justin,New Jersey,10/18/2022
CUST0124,Michele,Martinez,debra53@gmail.com,524-510-1087x6435,"19667 Richard Glens, East Latashashire, AZ 99417",Lozanoshire,Connecticut,1/12/2023
CUST0125,Andrea,Warner,rogersjohn@ayala.com,001-941-548-9777x167,"69752 Escobar Land, Tyronetown, TX 79074",Cunninghamville,Nebraska,3/10/2023
CUST0126,Lisa,Church,nancy37@hotmail.com,443-604-3822x601,"8066 Mcintyre Valleys, North Helenbury, IA 21043",Sanchezfurt,Minnesota,1/10/2025
CUST0127,Kevin,Gonzales,danielwalls@gmail.com,001-312-067-7189x298,"PSC 0003, Box 3705, APO AP 71476",Staceymouth,Florida,11/6/2024
CUST0128,Lindsey,Mcdowell,ashley66@carpenter-jackson.com,001-823-094-2152x25255,"PSC 1297, Box 9803, APO AP 40047",West Jeffreyton,Washington,12/31/2022
CUST0129,Tracy,Thomas,mooremeagan@hotmail.com,5446984644,"Unit 6083 Box 8355, DPO AE 81408",Sweeneytown,Illinois,6/16/2024
CUST0130,Kenneth,Miller,oadams@gmail.com,+1-219-309-6033x91814,"5884 Pratt Run, Hinesmouth, OK 18901",New Matthewview,Iowa,1/14/2023
CUST0131,Nicole,Sanchez,spencerdaniel@hotmail.com,953-943-3916x8593,"829 Amy Estate Apt. 859, East Brianmouth, RI 33401",Lake Charles,Nebraska,12/17/2024
CUST0132,Michelle,Sherman,amy94@hotmail.com,928.007.7378,"PSC 9744, Box 7920, APO AP 79415",Port Matthew,Minnesota,5/30/2022
CUST0133,Ryan,Wilkinson,xnelson@fox.org,-760,"04496 Jordan Creek Suite 390, Jacksonville, OK 29791",Vazquezview,Hawaii,9/7/2023
CUST0134,Mary,Weeks,xcrane@cook-hutchinson.info,+1-695-019-1118x66627,"0876 Bryan Isle, Meganmouth, MI 33161",Port Deborahstad,North Dakota,5/10/2024
CUST0135,Jose,Ramirez,greenesydney@yahoo.com,+1-537-786-7919x15589,"2045 Martinez Prairie Apt. 913, Adamfurt, NJ 59420",Port Joseph,Utah,7/30/2022
CUST0136,Casey,Odom,alison55@yahoo.com,184-128-8218x8370,"28124 Benjamin Bypass Suite 064, South Alyssa, WA 12610",Lake Kevin,Iowa,10/26/2023
CUST0137,Thomas,Logan,littlestanley@davis.com,+1-284-996-0662x10579,"7819 Spears Unions Suite 568, West Pamela, RI 84182",Amandaville,Kentucky,3/2/2025
CUST0138,Nicholas,Maxwell,farmerdebra@smith.info,031.225.4526x540,"PSC 6856, Box 8081, APO AP 59125",Barnesmouth,Maine,12/5/2024
CUST0139,Ryan,Barry,adamroberts@yahoo.com,001-513-259-7557,"191 Sherry Via, South Nicholasfurt, WV 49760",Wernerview,Iowa,8/1/2024
CUST0140,Eric,Meyers,coffeynicole@peterson.com,620-097-2530x296,"711 Timothy Mountain Apt. 982, Lisamouth, ME 39793",Lake Richard,New Jersey,12/2/2024
CUST0141,Maria,Pearson,barry72@hotmail.com,(523)739-0051x3837,"628 Rosario Views, South Scotttown, MN 54364",Stonefurt,Indiana,12/6/2024
CUST0142,Bernard,King,ericamclaughlin@russo.com,+1-228-833-6443x8613,"44260 Allison Track Suite 459, South Kimberly, NC 73207",Johnsonport,Kansas,8/12/2022
CUST0143,Edwin,Martin,ilowe@gmail.com,260-979-0643x40040,"USNS Miller, FPO AP 94067",Emilymouth,Nevada,2/4/2023
CUST0144,Zachary,White,idudley@gmail.com,061-160-8210x497,"7613 Brown Plaza Suite 792, Johnsontown, WV 60795",Michaelton,Michigan,7/10/2023
CUST0145,John,Parrish,alvarezjohn@gmail.com,986788087,"52137 Joanna Dam Apt. 790, South Seanside, LA 79984",North Edgarstad,Nevada,7/13/2023
CUST0146,Juan,Carrillo,kelly97@gmail.com,(459)497-2161x79270,"240 Nancy Inlet, Griffithfurt, IL 90421",West Steven,South Dakota,6/6/2023
CUST0147,Leslie,Everett,xmorales@yahoo.com,(019)646-4718x6007,"81617 Angela Island Apt. 552, West Jeffreyport, OH 78206",West Arthur,North Carolina,1/20/2024
CUST0148,Julie,Wilson,lydiabrewer@yahoo.com,(354)512-3121,"3546 Smith Parks Suite 762, Browningshire, ID 59212",North Aaron,Connecticut,3/6/2025
CUST0149,Vanessa,Hebert,moorekatherine@gmail.com,(026)388-1695x473,"20486 Jordan Ramp Suite 247, North Carolyn, FL 11405",Timothychester,North Dakota,12/30/2023
CUST0150,David,Holmes,kellycooper@hotmail.com,001-431-218-8359x1858,"972 Matthew Cove, Harrisonfort, OH 59973",New Amytown,Hawaii,2/26/2025
CUST0151,Edgar,Bowman,williamsamanda@clayton.info,+1-194-697-5974x5559,"Unit 5858 Box 9764, DPO AP 75667",Andersonville,Alabama,7/29/2024
CUST0152,Amanda,Davis,brandystein@garcia-brown.com,+1-667-098-5793x84240,"1809 Mason Branch, Lake Kathryn, NH 96616",Lake Stephaniechester,South Carolina,11/10/2024
CUST0153,Amy,Smith,robertwalker@yahoo.com,637-797-5228x993,"3053 Ruiz Square Suite 102, West Oliviaport, KY 42314",South Rachel,New Hampshire,12/2/2024
CUST0154,Courtney,Baker,cruiz@yahoo.com,(629)331-6213x4794,"49461 Sandy Well, Port Seanport, IA 62715",South Kristin,Missouri,2/11/2025
CUST0155,Maria,Brewer,thomasmoore@hotmail.com,001-605-286-1733x785,"093 James Lock Suite 088, North Donnamouth, SC 73561",Port James,New Jersey,6/8/2024
CUST0156,Shawn,Velez,ubrown@melendez-taylor.com,001-476-682-2650x327,"59568 Lee Crest, Dannybury, IA 77058",Lake Michael,West Virginia,8/27/2022
CUST0157,Paul,Rodriguez,clarkjill@wood.info,+1-157-037-0094x49409,"0549 Meghan Island Apt. 040, Frankborough, MD 92004",Meganstad,Wyoming,8/1/2024
CUST0158,Michael,Mitchell,tbrown@cooper.info,183-747-8684,"PSC 0511, Box 0380, APO AA 46482",Shannonmouth,Kansas,1/12/2024
CUST0159,Stephanie,Kidd,daviddavis@yahoo.com,833990379,"9995 Harrison Course, North Jessicaland, MT 88225",Jennybury,Rhode Island,10/16/2022
CUST0160,Jon,Miller,randall99@smith.net,001-231-968-8398x893,"62109 Reese Crest Apt. 998, East Meredithville, UT 48666",Jamieville,Hawaii,2/11/2023
CUST0161,David,Estrada,smarshall@robinson.org,(757)204-0439x06154,"8477 Sanders Crossroad, Kochchester, MI 07389",Howellborough,South Carolina,5/15/2022
CUST0162,Kevin,Moore,alex79@larson-gonzalez.com,001-164-674-6963x57528,"USNS Sims, FPO AA 12377",Beckburgh,Delaware,5/2/2022
CUST0163,Cathy,Smith,martinjillian@johnson.com,806-184-5952x95261,"26949 Smith Orchard Apt. 710, Rodriguezburgh, PA 93134",New Patrick,Iowa,7/9/2023
CUST0164,Jeffery,Gibson,charles04@gmail.com,(169)215-9510x219,"7727 Jackson Ville Apt. 691, Port Timothy, MA 84693",Port Vincentberg,California,5/16/2024
CUST0165,Michelle,Hays,adamsaaron@salas-cunningham.com,(292)439-7560,"2780 Best Plaza, Rileyton, ID 82001",Fordburgh,Oregon,2/4/2025
CUST0166,Shannon,Sherman,brooksjohn@gmail.com,984.576.7853x57365,"Unit 0633 Box 2535, DPO AA 84357",West Austinberg,Ohio,8/16/2024
CUST0167,Isabel,Johnson,troysmith@wilkins.com,3789251155,"4687 Cooper Mews Suite 529, Nicholasmouth, OR 50541",West Lawrence,Kentucky,4/7/2024
CUST0168,Linda,Shaw,tony44@flynn-mcpherson.net,001-574-043-6866x193,"8206 Mccall Bridge Suite 999, Danielville, ME 35788",Evanland,Wisconsin,2/11/2024
CUST0169,Rebecca,Shea,gregorypeterson@yahoo.com,001-794-198-2825,"31287 Dana Walks, North Colleenport, ID 68106",Huntstad,Hawaii,4/27/2022
CUST0170,Christopher,Schultz,thomasjason@walker.com,077.237.8451x988,"7388 Mitchell Union, North Cynthiamouth, AK 62982",Williamshaven,Arkansas,11/21/2023
CUST0171,Margaret,Rodgers,sean09@yang.com,823-125-4229,"01874 Jared Harbor, South Kristin, NC 44261",West Kevinton,New Jersey,4/1/2025
CUST0172,Kim,Mahoney,atodd@moore-anthony.net,001-075-789-0070x937,"8527 Kaufman Unions Suite 942, Jamesfort, MS 27915",East Austinview,Kentucky,10/11/2024
CUST0173,Christopher,Holden,michaeldavis@yahoo.com,725.596.3595x83641,"36181 Andrew Route, East Whitneyton, NH 68463",Amandaview,New Mexico,6/10/2022
CUST0174,Jessica,Shepherd,vbell@yahoo.com,+1-895-231-9862x128,"27457 Mark Crossroad Suite 677, North Jonathanmouth, ID 47035",West Robertstad,South Dakota,5/8/2023
CUST0175,Zachary,Green,benjamin36@hotmail.com,001-036-129-9452x98502,"7396 Miller Hill Suite 289, Julieberg, NC 98498",Youngbury,Wyoming,6/30/2022
CUST0176,Charles,Smith,melanie67@king.net,6587757861,"42061 Walker Island Suite 591, Lake Frances, NY 28223",East Timothy,Wisconsin,7/17/2024
CUST0177,Valerie,Bennett,jacksonamy@garner.com,187-229-9929x8315,"Unit 1708 Box 3901, DPO AA 81859",Johnburgh,Mississippi,1/7/2025
CUST0178,Denise,Martin,esmith@hotmail.com,(793)553-0621,"66435 Gonzalez Forges, Thorntonchester, AZ 53572",Aprilland,Utah,3/1/2025
CUST0179,Judith,Rodriguez,hendersonjustin@brown-montoya.org,761.569.9481x453,"715 Joshua Loop Suite 738, West Jorgeview, DC 02283",West Joannaborough,Arizona,10/14/2024
CUST0180,Regina,Marsh,andrewsdiane@bautista-raymond.info,(572)754-7274x5710,"0084 Kelly Club Suite 235, Port Amanda, SC 30769",New Jessemouth,Arkansas,1/15/2023
CUST0181,Lucas,Gates,lindseyrodriguez@campos-doyle.org,874-146-6344,"0849 Patrick Mount, Lake Anna, ND 71347",New Markland,Tennessee,3/8/2025
CUST0182,Timothy,Patterson,esparks@brown-murphy.com,-3083,"42627 Lucas Light, Williamsbury, PA 74371",Lake Barryland,Vermont,7/31/2023
CUST0183,Paula,Hartman,gmathis@alexander.com,758-690-5776,"6869 Yvette Plains Apt. 867, Tuckerfurt, FL 39588",Hubbardton,Missouri,6/26/2024
CUST0184,Peter,Hart,palmerkelsey@hotmail.com,984.822.7100x08143,"88896 Jason Neck, Lake Hunterland, VA 88408",Lauraton,Rhode Island,12/29/2023
CUST0185,Samantha,Mitchell,nixonstephen@norris.com,+1-825-472-0468x9192,"5378 Jeremiah Corner, Lake Elizabethchester, VT 39223",Riveramouth,Minnesota,2/20/2024
CUST0186,Toni,Hess,jeremiahyoung@bailey.com,+1-965-542-7577x85591,"07638 Ochoa Way Suite 975, East Megan, VT 60742",East Kathy,Maine,12/5/2023
CUST0187,Lori,Perry,kiarabrown@hotmail.com,130-091-3826x3325,"13241 Stafford Unions Apt. 831, Port Jonathanland, MA 47141",West Gina,Indiana,9/14/2022
CUST0188,David,Hall,hallholly@gmail.com,944.029.9495x29807,"348 Christine Tunnel Apt. 987, East Andreafurt, MS 62673",Kimberlyhaven,Oklahoma,9/2/2022
CUST0189,Steven,Jones,samuel85@manning.com,028.810.8921x30641,"3871 Wilson Ways, East Michaelport, AL 02280",West Steven,Florida,3/22/2024
CUST0190,Kelly,Munoz,carterronnie@rodriguez.com,(675)314-1897,"Unit 0090 Box 9172, DPO AP 20741",East Sandra,North Dakota,1/17/2025
CUST0191,Seth,Arnold,christopherray@gmail.com,991.235.9203x9625,"837 Kenneth Terrace, South Melody, AZ 04242",Rodriguezchester,Utah,3/14/2023
CUST0192,Allison,Thomas,orogers@hotmail.com,659.900.0824x970,"350 Rodriguez Falls, East Hollyshire, NM 57588",Robertbury,Tennessee,11/23/2024
CUST0193,Karen,Leonard,josephgeorge@yahoo.com,001-074-880-8555x008,"4942 Vincent Valley, Port Kristina, FL 05437",West Alicia,Connecticut,3/8/2025
CUST0194,Lisa,Dennis,kevinkelley@brown.com,528.784.6008x738,"6949 Berry Land Apt. 298, East Jennifer, IA 19311",North Andrewstad,Nevada,11/3/2024
CUST0195,Russell,Shaw,shirley44@scott.com,129.944.4890,"9194 Stacy Mountains, Melindatown, OR 02335",West John,Virginia,12/26/2023
CUST0196,Courtney,Zamora,nalvarez@yahoo.com,1335512456,"795 Eric Springs Suite 228, Barbarachester, NV 15368",Angelicastad,New York,8/23/2024
CUST0197,Michelle,Gonzalez,myerscameron@peters-ferguson.biz,925.302.2104x258,"44006 Anna Crest, Cookville, OR 19759",Robinsonberg,Missouri,5/17/2022
CUST0198,Aaron,Watts,gromero@barr.com,594-799-8809x4807,"619 Collins Drives, Port Alexfort, CT 93749",West Donna,New Jersey,10/17/2024
CUST0199,Krista,Marshall,hardyanne@dennis-villanueva.info,+1-223-989-3738x546,"888 Davidson Alley, North Amy, NV 01995",North Lucaston,Michigan,10/3/2023
CUST0200,Russell,Richards,sayers@murphy.com,1426636223,"291 Melinda Brook, Port Manuelland, TN 06116",Lauraburgh,Ohio,9/23/2024
CUST0201,Aaron,Mccoy,moralesedwin@molina.net,-8781,"3362 Justin Walk, Lauramouth, GA 76301",West Meganberg,Maryland,12/30/2024
CUST0202,Jasmine,Luna,seth15@yahoo.com,3570743106,"4891 Morrison Vista Apt. 222, Port Cherylport, IL 97506",Amandaburgh,South Dakota,5/9/2023
CUST0203,Robin,Franco,kristenjohnson@fritz.com,780-308-2649x6329,"78036 Jasmine Cliff, Jamesfurt, MA 45094",Lisamouth,Vermont,4/24/2022
CUST0204,Mario,Williams,joshua72@haley.net,395-889-9309x95360,"0261 Grant Grove, South Garrett, IA 47999",West Ryan,Mississippi,12/29/2024
CUST0205,Brittney,Snyder,michael19@hotmail.com,(383)748-2990x634,"9822 Martinez Route, Port Vicki, TN 59896",Kelleyview,North Dakota,5/20/2023
CUST0206,Amy,Kelly,bmatthews@yahoo.com,+1-064-468-3030x79333,"8750 Montoya Vista Apt. 568, Morganfurt, KY 72642",West Stephanie,Tennessee,4/10/2025
CUST0207,Matthew,Simpson,griffinsamantha@rosales-sanchez.org,(173)975-2858x11355,"684 Michael Turnpike Suite 974, Lake Melissa, MI 86194",Bridgesberg,Georgia,10/2/2024
CUST0208,Shane,Gonzalez,joseph68@gmail.com,-8117,"983 Ethan Lodge Apt. 325, North Nicoleview, WI 35920",Woodardland,Kentucky,9/12/2024
CUST0209,Olivia,Johnson,jamesdoyle@yahoo.com,001-415-278-5588,"300 Moore Villages, Michaeltown, VT 55822",West Brian,Wyoming,11/6/2024
CUST0210,Kimberly,Shields,roy75@craig-harris.com,(501)636-8364,"PSC 3622, Box 4007, APO AE 34104",New Jessica,Georgia,9/22/2024
CUST0211,Austin,Vasquez,raychristopher@hotmail.com,(888)485-4736x13663,"897 Sara Port Apt. 955, Lake Melissafurt, OR 71476",Jamieside,Massachusetts,2/24/2025
CUST0212,Nicole,Taylor,danny10@mejia.info,-10564,"6295 Crosby Glens, Port Antonio, MA 67098",Steelefort,Montana,6/13/2023
CUST0213,Matthew,Stone,nancyreynolds@greene.com,174.095.5985,"694 Peterson Prairie Apt. 095, Port Derrickview, OK 25621",Port Priscillaland,Minnesota,1/12/2023
CUST0214,William,Gaines,spencesamantha@carlson-nelson.com,(980)296-4768,"Unit 1389 Box 6786, DPO AA 31483",Mitchellhaven,Arizona,10/28/2023
CUST0215,Michael,Vazquez,blackwellgary@patterson.com,-3177,"USS Kelly, FPO AE 17352",Lake Matthewtown,Mississippi,1/29/2025
CUST0216,John,Freeman,shellythomas@yahoo.com,003-365-1363x80221,"30755 Mcdonald Passage Apt. 197, Hughesbury, DE 55409",New Scottborough,Arizona,10/12/2022
CUST0217,Angela,Martin,morenojames@hotmail.com,048.984.8801x262,"464 Michael Stravenue, West Michaeltown, VA 16962",East James,Virginia,11/29/2022
CUST0218,Ashley,Reid,kimberlymoore@clark-raymond.com,523.377.0587,"39096 Rachel Forge, Johnmouth, ID 51875",Benjaminfort,Utah,9/3/2022
CUST0219,Terry,Jackson,kimberly52@reed.biz,(154)169-5006x62161,"32634 Patrick Terrace Apt. 262, East Kenneth, CA 47121",Port Stevenbury,Iowa,3/5/2025
CUST0220,Debbie,Lucas,loridunn@baker.org,+1-969-488-6438x97796,"USNS Johnson, FPO AE 58138",West Shawn,Idaho,11/16/2024
CUST0221,Jill,Wheeler,lisawalker@gmail.com,-10836,"488 Patrick Turnpike Apt. 649, New Melanie, NH 89741",Lewisville,Oklahoma,3/2/2023
CUST0222,Rebecca,Becker,williamscourtney@garrett-johnson.com,001-555-333-8740,"558 Jensen Grove, North Seth, HI 72154",Baileyburgh,Georgia,9/26/2023
CUST0223,Diane,White,hboone@fischer-roberts.com,154-052-2966x971,"876 Wilson Mountains Suite 998, Shannonhaven, VT 36359",East Elizabeth,Colorado,4/21/2022
CUST0224,Patricia,Pollard,jenniferwest@everett.com,+1-612-915-9691x547,"87225 Gonzalez Mission, Lake Corey, ID 39412",East Joseph,Delaware,3/9/2024
CUST0225,Andrew,Castaneda,meredith01@gmail.com,+1-286-570-5962x09285,"80266 Jacqueline Keys, Brandonstad, ID 55148",Port Ashleyport,New Hampshire,12/21/2022
CUST0226,David,Buck,abaker@campbell-roy.net,606-157-9970x2259,"9860 Robert Run Suite 696, South Christopherton, AZ 98819",Emilymouth,Nebraska,10/27/2024
CUST0227,Danielle,Buck,michele30@hotmail.com,2529585647,"4417 James Forest Suite 499, North Juliaburgh, KY 87213",Audreyland,Ohio,10/30/2023
CUST0228,Colin,Cain,kaylawright@hotmail.com,749-584-4265,"72883 Chad Junctions Suite 407, Dunnburgh, TX 97250",Moralesstad,South Carolina,9/13/2024
CUST0229,Hannah,Baker,uwood@johnston.net,074.743.0332x28134,"40772 Diana Dale Apt. 763, Sarahville, NV 38630",North Rachelton,Arkansas,9/14/2024
CUST0230,Xavier,Andrews,mcphersonrebecca@hotmail.com,(230)538-2486x441,"82592 Claudia Creek Suite 939, Lake Madisonmouth, MD 86676",Christophermouth,New York,10/19/2024
CUST0231,Crystal,Smith,leemargaret@gmail.com,096.444.6154,"209 Reed Trail Apt. 229, Reneeville, HI 65542",Mannshire,Ohio,8/31/2023
CUST0232,Jessica,Davis,nicholaslivingston@yahoo.com,868.628.9753x38687,"506 Cruz Ports, East Shanefurt, MS 24408",Hillland,Michigan,8/30/2023
CUST0233,Elizabeth,Gallagher,krobinson@fisher-moran.com,010.522.3657x368,"914 Dakota Pass, Brooksfort, KS 67930",Smithshire,Connecticut,11/10/2022
CUST0234,Charles,Cruz,keith08@gmail.com,634-093-4982x794,"2218 Erin Falls, North Heiditown, WY 68762",West Kimside,Kansas,2/15/2025
CUST0235,Christina,Moss,garciaanthony@warren-romero.com,+1-328-106-0284x1404,"08595 King Well Suite 600, Jeffreyside, VA 32517",Reevesmouth,Florida,3/11/2025
CUST0236,Peter,Rivera,steven26@heath.com,+1-244-059-6522x855,"1439 Thomas Plain, Port Alexander, KS 07310",Mcintyreside,Oklahoma,10/11/2024
CUST0237,Sophia,Mcdowell,spencerlambert@ortiz.com,+1-496-031-0170x4284,"USNV Wilson, FPO AA 04050",Brandonberg,West Virginia,11/26/2024
CUST0238,Kevin,Barton,jose72@hotmail.com,396-735-8375,"573 Amy Vista Apt. 676, New Brad, AL 68627",North Tyler,Colorado,4/24/2022
CUST0239,Rebecca,Hill,katherinewarren@gallagher.com,888-881-4606x6842,"4801 Adam Via, New Chadside, AR 20355",West Valerie,West Virginia,9/15/2023
CUST0240,Gary,Williams,robert63@wood-diaz.net,954.720.0725x742,"72876 Caldwell Club Suite 875, Phillipburgh, VT 72810",Port Calebville,Idaho,4/15/2025
CUST0241,James,Lopez,matthewserica@hotmail.com,368.763.9409x86415,"48037 Brown Plain, New William, VT 21905",Lake Erin,Arizona,1/20/2024
CUST0242,Alan,Stewart,christopher64@abbott.com,(958)316-3123,"4578 Lacey Brook Suite 261, East Michelleville, MA 91461",Lake Ruth,Virginia,9/16/2023
CUST0243,Timothy,Cohen,izimmerman@gmail.com,001-902-667-3125x76455,"86559 Christopher Wall, Doughertyborough, NM 31605",Wilsonchester,Virginia,2/11/2023
CUST0244,Jerome,Hobbs,stevenshepard@yahoo.com,791.320.0858,"640 Tucker Brooks Suite 865, Lake Ellenburgh, GA 88711",Teresastad,Kansas,10/23/2022
CUST0245,Caleb,Spears,valenzuelagary@williams-moreno.info,357.038.4634x03312,"38031 Harris Plains, Newmanhaven, VA 53834",Moorehaven,Idaho,12/13/2024
CUST0246,Victoria,Johnson,amydavis@yahoo.com,001-537-690-2989x296,"162 Francisco Court Suite 028, South Kristina, UT 05898",Jodiberg,Pennsylvania,10/22/2024
CUST0247,Justin,Hale,michellekelly@hawkins.com,001-329-733-7640x706,"4642 Young Gardens Apt. 276, Stevenstad, MI 71830",South Brandon,Indiana,1/1/2024
CUST0248,Dawn,Porter,zherrera@yahoo.com,001-140-491-7924x87911,"866 Dean Freeway, East Wanda, NJ 98595",Watkinsberg,Nevada,3/1/2023
CUST0249,Tabitha,Johnson,calvinjones@fisher.com,268.966.5524x2236,"3308 Crystal Pines, New Matthewburgh, WV 01714",Pittmanland,Rhode Island,3/23/2023
CUST0250,Deborah,Escobar,thopkins@barber.net,001-021-975-3193x8215,"551 Chavez Forge Apt. 959, Theresaport, AR 99010",North Juliemouth,Ohio,1/4/2024
CUST0251,Christopher,Ramirez,vfranklin@hotmail.com,478-102-7818x89333,"PSC 5133, Box 0165, APO AE 29261",Jessetown,Maine,11/3/2024
CUST0252,Jonathan,Martinez,gwest@yahoo.com,011-600-0778x21386,"0891 Norma Ferry Apt. 294, New Amy, PA 98312",Yodermouth,Arkansas,10/12/2022
CUST0253,Heather,Green,nhamilton@gmail.com,619-518-2216x204,"35896 Laurie Point, New Michael, AR 70407",Barrville,Tennessee,9/13/2023
CUST0254,Melissa,Fox,williamschristian@yahoo.com,312.254.5507x90005,"USS Edwards, FPO AE 60013",Allisonfurt,Washington,11/11/2022
CUST0255,Jennifer,Sanders,rodriguezlori@gmail.com,(443)847-5734,"30427 Karen Rapids Apt. 724, Petersenland, TN 77130",Jessicamouth,New Hampshire,10/8/2024
CUST0256,John,Anderson,caleblewis@bean.com,001-288-329-4700x7435,"USNS Taylor, FPO AP 70987",New Cheryl,Illinois,9/1/2024
CUST0257,Mary,Lawrence,lauriehoffman@johnson.org,(199)654-5348x942,"95977 Walls Ridges, Smithchester, VT 08390",New Tylerland,Mississippi,6/8/2023
CUST0258,Valerie,Meyer,martinezalexis@hamilton.com,+1-465-333-8983x04476,"66180 Cruz Garden, East Richardfurt, SD 88108",Jaimetown,Massachusetts,6/15/2023
CUST0259,Geoffrey,King,anita15@miller.biz,138.008.0212x01126,"15615 James Land Suite 536, Russoland, CO 79133",North Tracey,Vermont,1/14/2024
CUST0260,Victor,Gentry,gcox@gmail.com,001-456-170-3127x65835,"281 David Crossroad Apt. 964, Ashleyview, AZ 79834",North Jessica,Utah,1/17/2023
CUST0261,Kaitlyn,Myers,dcook@gmail.com,6132720057,"021 Johnny Camp, West Susan, ME 22012",Chaneystad,Colorado,7/30/2023
CUST0262,Ashley,Stewart,pmunoz@harrell-robinson.com,001-115-396-9368x016,"066 Kenneth Fork, Port Brianshire, WV 53395",Schmidtberg,Iowa,8/28/2024
CUST0263,Jeffrey,Rogers,hallnicholas@combs-ewing.org,+1-577-862-0032x446,"76437 Michelle Parkways Apt. 417, New Michael, VA 46367",Jamesbury,Delaware,10/26/2023
CUST0264,Jennifer,Hardin,hkemp@hotmail.com,819.356.4719x127,"364 Briana Plains, North Calebberg, MS 62429",North Craig,Kansas,10/11/2022
CUST0265,Alexis,Herrera,amber86@wallace.com,-2214,"55206 Doris Forge, Jennifershire, GA 48932",South Samanthahaven,Rhode Island,5/16/2023
CUST0266,Edward,Kemp,amandacabrera@dean.com,+1-176-223-9269x3136,"10936 Christina Tunnel, South Lisa, OK 09715",North Leslie,Kansas,2/23/2023
CUST0267,Pamela,Gregory,susanpollard@yahoo.com,063.261.5214,"Unit 5049 Box 9351, DPO AP 27233",New Matthew,Arizona,12/7/2022
CUST0268,Carol,Wilcox,nicholas41@banks.com,097.340.3857x982,"554 Tracy Mission, Lindsayport, AZ 21798",East Kristenfort,Connecticut,5/14/2022
CUST0269,Rebecca,Garrett,stevensjacob@yahoo.com,-5065,"33981 Fisher Loop Apt. 493, New Brendachester, VA 92481",Webbmouth,Wyoming,6/11/2023
CUST0270,Richard,Bryant,daustin@gmail.com,001-077-289-4701x0281,"7157 James Flats, Port Loriside, NM 01922",Williamsborough,Iowa,9/6/2024
CUST0271,Randy,Robinson,danieljenkins@reynolds.com,+1-693-803-8092x6873,"73371 Clark Plains, Joshuaside, AR 46328",North Stephen,Illinois,3/24/2024
CUST0272,Daniel,Barnes,williamrasmussen@gibson.com,+1-126-719-3811x03902,"8061 Ryan Trail Apt. 101, West Matthewshire, CO 62747",New Michaelmouth,South Carolina,11/14/2024
CUST0273,Alexis,Patel,abigailmunoz@maddox.com,001-771-245-9166,"32259 Ball Ville Suite 737, Hickmanville, VA 36806",Rubenhaven,South Dakota,12/21/2023
CUST0274,Michael,White,huntgregory@hotmail.com,171-262-2524x107,"94647 Rick Ramp, New Rebecca, AK 86803",Salinasfurt,Arkansas,3/4/2024
CUST0275,Terri,French,allenbarton@gmail.com,678-877-8989x444,"88290 Clark Plains Apt. 970, Wilsonfort, NV 33023",West Glenn,Florida,6/30/2024
CUST0276,Charles,Contreras,pvillarreal@smith.net,5369515590,"0008 Mcdonald Extensions, South Andrew, WA 28211",Brendafort,Georgia,2/18/2024
CUST0277,Douglas,Nash,benjamin24@cortez-davis.com,(066)740-5469x6325,"Unit 2958 Box 9395, DPO AA 03415",Chelseatown,Massachusetts,6/17/2024
CUST0278,Claire,Perry,cwhitaker@gmail.com,691-165-1985x3431,"066 Jason Drive, Lake Carl, OH 68141",Reynoldsmouth,Delaware,5/4/2022
CUST0279,John,Santiago,gcampos@johnston.com,(416)516-2844x95224,"66399 Lester Terrace, Ryanbury, OR 02178",West Jeremy,Alabama,8/16/2022
CUST0280,Bobby,James,michelle27@hotmail.com,(558)790-8015x02164,"90878 Rodriguez Rapid Apt. 681, Devinberg, NE 93856",Weaverhaven,Montana,8/4/2023
CUST0281,Samantha,Robinson,shortjason@hotmail.com,544.039.8070,"946 Paula Mount, West Gregory, TX 54522",North Kristina,New York,8/28/2022
CUST0282,Scott,Vaughan,bhamilton@gmail.com,001-172-675-7447x3657,"3395 Scott Walks, Andradeside, NY 01977",South Thomastown,Indiana,6/29/2022
CUST0283,Louis,Evans,levymichael@fletcher.com,666-733-0289x80617,"371 Barnes Estates Suite 513, Michaelside, FL 67279",North Cassandraborough,New Hampshire,3/12/2023
CUST0284,Sara,Middleton,kellermichael@gmail.com,+1-679-215-9970x34807,"9065 Johnson Station Suite 899, Anthonyport, IN 44314",East Lesliefort,Indiana,5/3/2022
CUST0285,Brian,Castillo,baldwinstacy@gmail.com,(815)457-8001,"0925 Tiffany Field Apt. 339, Johnport, MN 45714",Heidiside,South Dakota,4/20/2023
CUST0286,Candace,Rocha,daniel10@hotmail.com,+1-740-626-4051x43900,"3513 Rhonda Stravenue Suite 395, Salazarview, LA 60405",Lopezmouth,Texas,2/6/2023
CUST0287,Tracey,Hebert,andrew38@cooke-galloway.com,725.295.8512x37742,"97203 Jason Mills Suite 595, Eddiemouth, VT 21067",Susanview,South Carolina,10/8/2023
CUST0288,Rachel,Gomez,lydia95@sanchez-duarte.com,(065)672-9230x7782,"51714 Mccullough Lodge Suite 878, New Debra, NJ 61306",Johnsonbury,Pennsylvania,8/4/2023
CUST0289,Jason,Clay,redwards@stevens.net,+1-379-332-5893x91891,"5427 Evans Squares Suite 787, South Meganland, LA 83590",East Gina,Massachusetts,11/18/2024
CUST0290,James,Gardner,diazelizabeth@yahoo.com,001-739-957-7640x1810,"8050 Rebecca Shoals, Lake Angela, AK 35096",Morganchester,Oregon,5/9/2022
CUST0291,Jennifer,Dawson,david61@hotmail.com,001-818-377-2909x6931,"9353 Brandon Alley, Brownbury, GA 46205",Cherylside,Alabama,4/17/2023
CUST0292,Crystal,Cannon,caitlinwhite@manning.info,674.534.8350x876,"81396 Jones Knoll, West Jacob, NH 51737",Zacharyborough,Wisconsin,12/30/2022
CUST0293,Matthew,Cook,schroederrichard@yahoo.com,+1-727-966-4316x3164,"47897 Hall Lane Suite 989, West Christianton, WI 85567",Smithville,Massachusetts,12/19/2023
CUST0294,Bryan,Sharp,joshua93@hotmail.com,920313924,"633 Austin Falls Apt. 632, Vincentview, OK 75851",East Rebeccaland,South Dakota,9/18/2022
CUST0295,Tina,Green,daniellevance@yahoo.com,744.163.5451x0560,"377 Joseph Neck Apt. 359, West Victor, DC 56701",Lake Carl,New Jersey,4/11/2025
CUST0296,Stephanie,Evans,anthonyhines@hotmail.com,141.460.2135x3887,"604 Hill Cliffs, Mccoybury, KY 95080",Hendersonview,Virginia,12/2/2023
CUST0297,Scott,Garrett,john80@gmail.com,370-178-6387x2773,"Unit 7758 Box 1918, DPO AE 88528",North Lisachester,Kentucky,12/26/2023
CUST0298,Carla,Rubio,ehale@schultz.com,976.119.0826,"8864 Paula Turnpike Suite 612, Erikafort, LA 13365",Combsmouth,Connecticut,7/31/2022
CUST0299,Larry,Wright,grantmichael@jimenez.net,127.091.3273x518,"90498 Brett Inlet, Port Georgeshire, SD 46097",Samanthaville,Texas,12/11/2023
CUST0300,Bradley,Hendrix,robert06@vazquez.info,934.478.7560x78357,"3402 Chad Via, Port Staceyhaven, OK 45517",Ashleyberg,Utah,9/10/2024
CUST0301,Christopher,Leblanc,julieleon@jenkins.com,+1-424-529-1023x30112,"00721 Phillips Rapids, North Tonyfurt, VA 56949",Nicholehaven,Idaho,10/8/2023
CUST0302,Brian,Lester,barbararodriguez@sanders-reyes.info,636.803.3815,"8997 Howell Squares Suite 634, New Vincentton, DE 54117",New Abigail,Minnesota,10/18/2022
CUST0303,Shelly,Wilson,znelson@yahoo.com,001-527-339-3147x8529,"88420 Thompson Spur, Lake Jaclynside, SC 25894",Candiceland,North Dakota,4/30/2023
CUST0304,Gary,Hansen,robinsonrobert@bowman.info,017-230-1237x26591,"5399 Steven Ville, West Timothy, IA 46011",Mooreport,Minnesota,7/13/2022
CUST0305,Chris,Doyle,deannicole@yahoo.com,733.081.5870x796,"361 Keith Brook Suite 137, South Michaelshire, NM 82547",Jamesside,New Mexico,8/7/2022
CUST0306,Kara,Strong,colleenpeters@yahoo.com,119.849.0831,"PSC 1109, Box 2261, APO AA 10902",Allisonstad,California,8/8/2024
CUST0307,William,Rosales,rcox@hotmail.com,(321)210-1045,"USS Tucker, FPO AP 41121",Sotoview,South Dakota,6/17/2024
CUST0308,Yolanda,Crane,caseyjeffrey@hotmail.com,800.922.4211,"87927 Jason Highway, Maxwellmouth, MT 84601",Susanburgh,New Jersey,7/13/2022
CUST0309,Anthony,Klein,atkinsstacy@garcia.com,+1-512-025-4467x17156,"49504 Douglas Drive, Emilyfurt, MO 36830",Oconnellland,Delaware,1/2/2023
CUST0310,Mary,Smith,jacksonmichelle@murphy.com,+1-272-109-6591x363,"2387 Scott Crest Apt. 420, Port Ryan, AK 63061",Kingmouth,Montana,2/27/2025
CUST0311,Jorge,Lewis,flester@wright.info,(305)875-4503x98168,"4836 Black Turnpike, Hallshire, MA 97813",Garyland,Montana,10/7/2023
CUST0312,Cheryl,Gonzalez,evansgregory@hotmail.com,001-427-091-8398x1984,"699 Cynthia Prairie, Claytonfurt, MN 43264",Amandaview,Connecticut,10/12/2022
CUST0313,Andrew,Miles,aprilbeck@yahoo.com,(385)218-3142,"654 Allison Route Apt. 351, New Keith, MI 23642",Smithbury,New Mexico,4/13/2025
CUST0314,Tara,Williams,kimberlywright@hotmail.com,(793)032-2236,"52304 Benton Brook Suite 349, West Jamesmouth, MI 77776",West Keithburgh,Virginia,11/21/2022
CUST0315,Benjamin,Lewis,susan68@hotmail.com,001-404-704-6781,"709 Hicks Lakes Suite 440, Rowlandborough, DE 90098",South Jeromeberg,Georgia,12/1/2024
CUST0316,Thomas,Mcmillan,tammy31@norris.com,930.630.1747x45653,"3353 Jefferson Plaza, Wrightfurt, MI 78077",Liland,New Jersey,8/22/2023
CUST0317,Jessica,Glenn,rgomez@anderson.com,(814)818-1175,"75054 Stacey Walks, Lake Richard, TX 89140",North Dawn,Maine,12/21/2024
CUST0318,Hannah,Vincent,selena40@pena.com,001-990-536-1949,"478 Tammy Turnpike, Mayerland, DC 09218",West Russell,New Mexico,7/20/2023
CUST0319,Robert,Simpson,daviddelacruz@smith-williams.com,471-040-1902,"PSC 6333, Box 7651, APO AE 05018",Kellyberg,Tennessee,1/10/2024
CUST0320,Brett,Frey,jasonwhite@davis.com,964-054-4558x028,"883 Michael Mews, Alyssaville, MO 26624",Jonesmouth,Georgia,2/29/2024
CUST0321,Jennifer,Fitzpatrick,pconley@gmail.com,550.086.8309x454,"3329 Garza Knolls Suite 336, North Tony, NE 81136",Port Whitney,New Hampshire,6/20/2024
CUST0322,Ronald,Thompson,cheryl60@mcguire-green.net,-7525,"480 Rodriguez Tunnel Suite 127, Johnsonstad, KY 86969",Jamesview,Pennsylvania,1/17/2024
CUST0323,Jeffrey,Roach,angela29@gmail.com,606-422-4104x9814,"970 Joel Springs Apt. 086, Mikeshire, KY 20441",Karenville,Minnesota,11/14/2023
CUST0324,Angela,Barber,johnrodriguez@yahoo.com,3669598295,"22514 Morgan Trafficway, Joneshaven, NM 96917",Boydchester,Rhode Island,10/22/2022
CUST0325,Sean,Ellis,dmonroe@gmail.com,(609)354-8056,"PSC 9805, Box 2726, APO AP 08990",Michaelfurt,Ohio,9/25/2023
CUST0326,David,Contreras,monica63@gmail.com,(948)096-8536,"328 Kent Valleys Suite 991, New Crystalmouth, MI 97380",Lake Martin,Rhode Island,4/18/2024
CUST0327,Renee,Johnson,francisdanielle@hotmail.com,898-151-3254x436,"1242 Irwin Spur Suite 574, North Marctown, VA 69313",Lake Douglas,Alaska,8/8/2024
CUST0328,Jeremy,Farrell,morganevans@hotmail.com,-3510,"749 Dominguez Rue Apt. 604, Lake Scottville, UT 90024",Markborough,Virginia,9/25/2024
CUST0329,Francisco,Johnson,travisanne@yahoo.com,001-399-456-1747,"3597 Riley Branch, New Stephanie, LA 76011",Claytonfurt,North Dakota,4/8/2025
CUST0330,Susan,Chavez,schneidermelvin@garcia-lopez.org,001-136-730-2025x187,"Unit 6571 Box 1022, DPO AA 39602",Vasquezberg,New Mexico,7/23/2022
CUST0331,Jennifer,Jennings,matthew72@newton-smith.com,001-972-086-4714,"96656 Williams Pine Suite 602, East Desiree, AL 50432",West Justin,Rhode Island,11/12/2023
CUST0332,Sarah,Tanner,perezjackson@carey.biz,520.822.8756x77408,"18789 Penny Locks Apt. 197, Jessicaland, PA 89870",North Adam,California,8/8/2024
CUST0333,Michelle,Moreno,john74@gmail.com,277.237.3626x941,"179 Mejia Point, Knightstad, NY 75869",Lake Courtneymouth,South Carolina,1/2/2025
CUST0334,Anthony,Burke,landerson@gmail.com,001-765-556-5572x6219,"85886 Brown Terrace Apt. 589, Lake Kari, LA 95376",Nelsonside,Louisiana,3/14/2024
CUST0335,Heidi,Bruce,riosrachel@bell.com,482.865.9203,"73130 Lucas Squares, Hensonview, NH 20659",Lake Lori,North Dakota,4/10/2024
CUST0336,Lisa,Bautista,rangelgina@campbell-klein.info,6760929645,"8047 Russell Junctions Apt. 423, Lake Kevinmouth, ND 35224",New Stevenside,New Jersey,12/31/2023
CUST0337,Megan,Church,lbarrett@gmail.com,296-189-9402,"USNV Bailey, FPO AE 92026",Alyssaberg,Hawaii,4/10/2025
CUST0338,Daniel,Stewart,stewartchristina@barrera-white.com,921-767-7848x711,"281 Farmer Roads, East Brianberg, IL 06345",Smithview,Arkansas,10/1/2023
CUST0339,Gwendolyn,Hall,burkegina@ho.com,(195)442-7096x2384,"442 Hernandez Square Suite 849, Amandaport, MI 77451",Codychester,Washington,6/6/2024
CUST0340,Elizabeth,Griffin,brooksveronica@craig-mckinney.net,609.765.5320,"408 Tiffany Route Suite 034, Lake Gilbertstad, SC 83710",Sharpstad,South Dakota,2/24/2025
CUST0341,Michael,Irwin,pcampbell@gmail.com,806-730-6606,"581 Jennifer Spring, Port Felicia, KY 99077",Anthonyberg,New Jersey,2/1/2024
CUST0342,Linda,Phillips,rward@duncan-spencer.com,370.648.8879,"437 Reginald Drive, Soniashire, CA 80362",East Rebeccafurt,Minnesota,7/4/2023
CUST0343,Daniel,Rangel,bmartinez@riggs.com,3570753775,"17047 Randall Unions, Johnsonville, VT 03997",Daleport,Maryland,1/30/2025
CUST0344,Rachel,Gutierrez,smithjoel@hotmail.com,001-399-774-5619x670,"721 Rebecca Rapid Suite 617, New Cynthiastad, OR 80935",New Amyville,West Virginia,3/2/2023
CUST0345,Tim,Washington,josephfrederick@gmail.com,319.519.7815x21126,"USNV Edwards, FPO AE 96806",Lake Stephanie,New Mexico,5/5/2023
CUST0346,Jesse,Douglas,rebecca90@yahoo.com,867-559-4574,"4489 Alan Rest, New Crystalside, CO 14080",Ellisfort,Maryland,8/3/2022
CUST0347,Richard,Phillips,phyllis87@mckinney.com,(685)187-7015x00770,"0844 Renee Heights, Hernandezfort, LA 56348",Braunview,Virginia,3/5/2025
CUST0348,Douglas,Holloway,ylewis@benitez.com,001-414-049-1464x6873,"43845 Michael Way, New Taylorton, AL 55767",New Jacob,Vermont,9/17/2024
CUST0349,Wayne,Cortez,grimeskristin@marshall.com,(201)994-7800,"6195 Carr Motorway Suite 672, Perryside, PA 80459",Arthurside,Georgia,9/30/2022
CUST0350,Kelly,Mueller,zacharyyoder@hotmail.com,(383)933-5703x101,"PSC 5631, Box 7904, APO AP 82274",Jamesland,Michigan,10/31/2024
CUST0351,Dakota,Lee,luis40@garza-chambers.com,974.679.4869x9376,"3436 Mitchell Walks Apt. 017, Jeanport, FL 52190",Lake Adam,Mississippi,12/29/2022
CUST0352,David,Chandler,lmyers@silva-ramirez.biz,779-272-6212x0671,"323 Wright Light Apt. 776, Rossmouth, RI 44948",North Brian,Texas,8/14/2022
CUST0353,Tonya,Rosales,christopher37@smith-ortega.com,(873)425-5303x466,"0067 Erickson Island Apt. 281, Lake Larry, WA 70700",Lake Charlesmouth,Delaware,12/27/2023
CUST0354,Michael,Wilson,fritzyvonne@yahoo.com,+1-100-886-6380x7409,"971 Rose Union, Smithburgh, WA 90714",East Samanthaview,Vermont,1/31/2023
CUST0355,Jennifer,Mitchell,nicholascastillo@peters.com,001-459-502-6322,"0445 Santiago Spurs, New Ashleyhaven, IA 04258",Jenniferview,South Dakota,8/2/2024
CUST0356,Pamela,Livingston,stonemolly@quinn-phillips.biz,+1-600-832-2934x699,"203 Lori Viaduct Apt. 517, Chasetown, ND 55060",East Danafurt,New York,4/4/2025
CUST0357,Sheryl,Martinez,sandra59@yahoo.com,538.425.9672,"9358 Eric Camp Apt. 160, Port Jane, MT 05762",East Franceschester,California,6/9/2024
CUST0358,Daniel,Roberson,nmelendez@yahoo.com,+1-473-697-0592x075,"186 Gibbs Mews Suite 575, Brockton, PA 09098",Port Dianechester,Arizona,7/9/2023
CUST0359,John,Gutierrez,carlawilliams@owen.com,(328)457-4895x666,"29941 Paul Forest Suite 551, Longmouth, CO 11202",Lake Lauren,Maryland,4/17/2022
CUST0360,Jeremy,Miller,mbecker@wright.biz,371929610,"569 Garcia Isle Apt. 758, Michaelburgh, AR 45910",Thompsonport,Michigan,5/10/2023
CUST0361,Whitney,Stokes,jennifer86@ramirez.com,539.420.2413,"7458 Alexis Well Suite 867, Juliafort, FL 29708",Bretthaven,Wyoming,6/1/2024
CUST0362,Jessica,Short,ilawson@yahoo.com,1665836820,"151 Atkinson Stream, Josephmouth, IA 70324",West Bryanborough,Louisiana,1/7/2024
CUST0363,Michael,White,tgarrett@hotmail.com,(732)006-5365,"37270 Jonathan Extension, Reeseberg, IN 33919",Robinsontown,Oklahoma,12/3/2022
CUST0364,Julie,Huang,nsimpson@rodriguez.org,(415)380-1986x75482,"70292 Nancy Field, Port Jerry, NV 02839",Richardsonton,Michigan,9/7/2022
CUST0365,Jacob,Gould,cliffordboone@hotmail.com,137.624.5441x4564,"9575 Patrick Stream, Josephborough, VA 04653",New Rebecca,Florida,2/4/2024
CUST0366,Terrance,Dean,camachopatrick@yahoo.com,(461)111-5269,"5565 Cheryl Manor, West Larrychester, VT 15290",West Lisa,Nebraska,10/20/2024
CUST0367,Johnny,Ross,richard32@fletcher.org,001-398-239-6028x3994,"62100 Nunez Radial, North Edward, IN 64002",Kathyview,Nevada,12/18/2023
CUST0368,Summer,Grant,coreywaters@gmail.com,+1-766-352-5357x77140,"329 Amy Ports Suite 019, New Jonathan, MD 71103",Lake Charles,Alaska,1/13/2023
CUST0369,Jodi,Wright,tinamiller@robinson-dean.info,028.420.1791x1467,"1011 Christina Islands Suite 237, Perezchester, IL 89571",Williamsport,South Carolina,12/16/2024
CUST0370,Jason,Snyder,staceyhuang@gmail.com,001-197-533-8332,"553 Laura Ridge, New Mackenzie, WI 36982",Stephaniefort,South Dakota,12/17/2024
CUST0371,William,Rollins,debra67@yahoo.com,208-235-8751x3332,"22386 Shelly Mountain Suite 585, Websterville, TN 54377",Nielsenfort,Nevada,7/13/2023
CUST0372,Cody,Wong,ellislynn@saunders-diaz.com,001-516-637-9968,"31459 Bryant Bridge, Jaredburgh, ID 45145",Perryfort,Nebraska,5/28/2024
CUST0373,Jacob,Smith,diaztyler@gmail.com,9577217294,"PSC 9049, Box 4978, APO AP 04545",Bergburgh,Michigan,9/17/2023
CUST0374,Katrina,Obrien,ccarter@gmail.com,(088)384-9337,"158 Laura Meadows, Jonathanville, CO 72531",South Francesfurt,Maryland,7/25/2023
CUST0375,Barbara,Herrera,yshannon@hotmail.com,(290)777-2776,"093 Allen Plains, Andersonton, MD 02117",North Derekfort,Oklahoma,6/22/2022
CUST0376,Christopher,Price,jacksonkatie@hotmail.com,076-944-8096,"38333 Jennifer Knoll, Bensonside, CA 38551",Lake Dominiquechester,Kentucky,1/8/2024
CUST0377,Jennifer,Sullivan,barbara57@campos.com,(422)320-0234x013,"666 Miller Radial Apt. 275, Port Megan, GA 99158",Rossport,North Dakota,11/29/2023
CUST0378,Tracy,Ward,john68@hotmail.com,6572861232,"293 Arroyo Green Suite 402, North Peterfurt, WV 74049",West Melissa,Nebraska,8/23/2022
CUST0379,Jennifer,Harmon,seanwright@gmail.com,8868046479,"15091 Bruce Orchard Suite 569, Port Derrickside, LA 64718",Glenville,Maine,5/27/2023
CUST0380,Jamie,Morgan,wendy68@fernandez.com,487.912.3647x289,"PSC 0823, Box 9022, APO AP 40957",Brownport,New Mexico,10/1/2022
CUST0381,Erik,Bray,murraysharon@gmail.com,+1-943-182-8706x4290,"5044 Pratt Drive, Powellmouth, MN 33563",Port Hannah,North Carolina,11/30/2022
CUST0382,Matthew,Hampton,stephanie73@hotmail.com,457-893-2448x8589,"3373 James Walk Apt. 562, Aliciabury, NJ 73997",Andersonmouth,Oregon,8/19/2023
CUST0383,Brandon,Williams,heather92@hotmail.com,113-873-9880,"Unit 5766 Box 7785, DPO AA 57316",Courtneytown,Maryland,4/29/2023
CUST0384,Linda,Brown,joshuagrimes@gmail.com,001-870-304-8999x9601,"45922 Tami Locks, Lisatown, TN 58690",Melissaland,Maine,10/3/2023
CUST0385,Brian,Sanchez,williamsonbeth@garrison.biz,963-646-2281,"369 Richard Field Apt. 961, East Derrickchester, UT 16333",Port Cody,Maryland,1/31/2025
CUST0386,Lauren,Dickson,darrensanders@gmail.com,866-429-6586,"34959 Gonzalez Lakes Apt. 253, East Emilyborough, MN 16737",West Markshire,New York,8/7/2023
CUST0387,Henry,Burns,andersonmichael@hotmail.com,355-147-6809x12615,"998 Cook Points Suite 699, Lake Josephton, SD 68951",West Daleview,New Mexico,3/18/2025
CUST0388,Lisa,Moon,llyons@hotmail.com,114-524-2326,"Unit 6012 Box 0570, DPO AE 55196",Stephaniechester,New Jersey,11/24/2022
CUST0389,Robert,Padilla,janetcoleman@gmail.com,001-540-426-4627x946,"784 Gray Grove, Greeneport, VT 38927",Christopherchester,New Mexico,1/19/2024
CUST0390,Nathaniel,Hayes,jessicaelliott@yahoo.com,188-950-1416x8328,"146 Randall Junctions Suite 824, Grahamport, VA 11469",Johnsonshire,New Hampshire,1/11/2025
CUST0391,Anna,Esparza,alex30@yahoo.com,1772401213,"854 Green Harbors, Tammymouth, ID 63020",West Marcus,Ohio,6/5/2024
CUST0392,Lorraine,Terry,paul71@olson-day.com,109.045.2769x4059,"Unit 8253 Box 6012, DPO AA 13931",West Tamiport,South Carolina,11/1/2022
CUST0393,Robin,Andrews,lknight@smith.biz,573-791-9993x58412,"2817 Christina Trace Suite 111, Perezmouth, CT 13781",Fryeside,New Hampshire,9/25/2022
CUST0394,Jeff,Nelson,joseph90@wilson-thomas.com,+1-617-127-8499x72722,"032 Tommy Green, Port Teresaborough, ID 70226",Gibsonton,Virginia,2/28/2023
CUST0395,Jennifer,Torres,anarice@hotmail.com,710-239-9379x513,"68548 Todd Stream, Orrton, MI 51838",Kristineborough,Connecticut,11/21/2022
CUST0396,Emily,Allen,meghan55@gmail.com,(611)536-3584,"3060 Smith Glens Suite 041, East Anthony, MA 56692",North Kevinmouth,Alabama,10/31/2022
CUST0397,Dorothy,Harvey,marie65@yahoo.com,001-322-492-7302x20042,"3789 Douglas Plain, Hopkinsview, WA 57123",Port Charlesmouth,New York,7/21/2024
CUST0398,Jennifer,Mckinney,robert77@gmail.com,054-897-9410x57391,"8876 Foley Curve Suite 110, New Haley, MT 44426",Jeffreyton,Montana,7/25/2024
CUST0399,Christopher,Sanders,bobby11@johnson.info,-8291,"0760 Paige Inlet Suite 289, South Kayla, CT 33270",Elizabethmouth,Missouri,3/10/2023
CUST0400,Sabrina,Anderson,jlewis@yahoo.com,736.233.1988,"PSC 1841, Box 2719, APO AE 06939",Washingtonport,Oklahoma,11/6/2024
CUST0401,Adam,Guerra,michaelhunter@rogers.net,933-288-4205,"0070 Rachael Key Suite 276, East Douglas, NH 63743",North Brittany,Pennsylvania,7/21/2024
CUST0402,Mark,Cannon,matthewstewart@wright-dunn.biz,001-784-821-9534,"PSC 9931, Box 6607, APO AA 06802",New Vincentberg,Texas,5/29/2023
CUST0403,Gregory,Pope,vincentrodriguez@maynard-reed.com,001-652-341-6554,"USNS Sweeney, FPO AE 68269",Kristentown,Vermont,10/22/2022
CUST0404,Danielle,Gibson,stephenhicks@yahoo.com,267.868.0968,"Unit 0246 Box 3711, DPO AA 96284",West Loganfurt,Wyoming,5/31/2022
CUST0405,Raymond,Whitaker,jaclynchavez@wright.com,337-366-6545x82548,"2893 Wilkins Trace, Rhondashire, WI 06047",East Joshuastad,New Jersey,6/18/2023
CUST0406,Sherry,Preston,jacksonlisa@gmail.com,001-167-203-4804x083,"90262 Garcia Way, Jenniferton, MS 72047",Gentrystad,Alabama,5/29/2023
CUST0407,Jeffrey,Morrow,laurenrice@gmail.com,+1-882-692-8872x674,"27651 Jessica Avenue, North Ann, SC 46015",Martinport,Montana,6/3/2024
CUST0408,John,Ward,moralesshawn@hotmail.com,(375)951-5289,"USCGC Savage, FPO AP 16564",Elliottport,Michigan,9/7/2023
CUST0409,Raymond,Armstrong,daniel52@gmail.com,577782670,"37985 Emily Estate Apt. 913, Jamesside, MI 69945",Vasquezview,Kansas,12/23/2023
CUST0410,Ricardo,Rios,xdominguez@arnold.info,(532)397-8661x1044,"091 Nicole Springs, Lorettaborough, NE 49392",Philliphaven,Connecticut,9/24/2023
CUST0411,Evan,Hill,isullivan@brown.biz,+1-315-761-7616x66561,"Unit 6083 Box 6017, DPO AE 30851",Danielsfurt,Alaska,6/29/2023
CUST0412,Sierra,Cunningham,whitakerjoel@hess-cruz.info,200-117-6974x404,"3755 Swanson Ridges Suite 505, Jeffreymouth, NH 56923",Johnsonview,Minnesota,4/25/2023
CUST0413,Oscar,Coffey,mlyons@gmail.com,+1-990-423-7952x626,"81204 Jason Street, Sandraton, TN 84289",Johnshaven,Iowa,3/19/2025
CUST0414,Amy,Peters,sanchezbrandon@gmail.com,561.591.1513x226,"0699 Howell Parkway Suite 927, Smithmouth, NM 50470",West Clayton,Massachusetts,2/17/2024
CUST0415,April,Bender,fosteryolanda@wilson-stewart.info,001-585-478-3109,"1408 Torres Throughway Suite 916, Wallacefort, UT 20443",Harrisport,Iowa,12/12/2022
CUST0416,Eugene,Mccormick,katherinesnow@yahoo.com,817-754-2819x40977,"USNV Kelly, FPO AP 26288",Norrismouth,South Dakota,2/24/2024
CUST0417,Crystal,Arnold,voconnor@hotmail.com,(592)129-1346,"253 Thomas Ramp, Coxside, ND 08185",Palmershire,Florida,6/30/2023
CUST0418,Adrian,Townsend,kyle39@hood.com,136-298-2624,"8484 Harmon Meadow Apt. 212, West Kelly, CA 75122",North Reginastad,Arkansas,3/11/2025
CUST0419,Michael,Morales,albert51@rodriguez.com,281.497.9170,"4148 Padilla Throughway, Annview, OK 54765",Angelachester,Vermont,11/29/2024
CUST0420,Michael,Bray,fcooper@edwards.com,045-471-2846,"35170 Grant Ways Suite 841, Stevensstad, KY 27306",East Ronald,Utah,9/23/2023
CUST0421,Sara,Lopez,eball@yahoo.com,788-744-3474x092,"65666 Richard Keys, Lake Mike, WV 47060",Rebeccaville,Maryland,6/17/2024
CUST0422,Rebekah,Nelson,courtneyrose@williams.org,705.891.0288x36271,"5356 Dillon Vista Apt. 205, East Gregoryberg, OK 28543",Karenbury,Oklahoma,10/4/2022
CUST0423,Michael,Mills,debra73@foster.biz,355.164.2313x35377,"57013 Davis Brooks Suite 050, East Pamelaview, OR 22489",East Brendaland,Idaho,9/22/2023
CUST0424,John,Johnson,brownbenjamin@hotmail.com,001-187-174-5547x379,"15656 Jennifer Heights, East Aaronburgh, MT 39541",Sheppardport,Connecticut,10/21/2023
CUST0425,Susan,Harris,scottmichael@edwards-kelly.com,-9867,"586 Roberts Point, Lake Makaylamouth, UT 83534",Port Matthew,Rhode Island,12/5/2024
CUST0426,Curtis,Vargas,dclark@gmail.com,857.811.2617x84963,"PSC 3513, Box 5156, APO AE 31561",Jamesborough,New Jersey,3/18/2023
CUST0427,Maria,Lloyd,hernandezmichelle@hotmail.com,001-857-176-0218,"8000 Moore Bypass Suite 106, West Jonathan, NE 17497",Ericbury,Wyoming,8/13/2023
CUST0428,Vickie,Fernandez,josephcourtney@perez.org,+1-646-585-9379x131,"2121 Arnold Lights Suite 061, Williamsview, NJ 13534",North Amyside,North Dakota,6/12/2023
CUST0429,William,Costa,jessicawright@hotmail.com,+1-100-307-6885x4047,"07552 Johnny Place, New Sara, AK 82958",Kennedyland,Louisiana,7/26/2024
CUST0430,Andrew,Mueller,mitchellmartin@dean-wall.com,(024)018-7162x4035,"617 Karen Land, North Dennismouth, ME 09339",New Keith,Wyoming,7/27/2023
CUST0431,Joshua,Powell,brownkayla@hernandez.com,-9553,"401 Davis View, Port Janice, UT 02482",Jonesshire,Ohio,3/17/2025
CUST0432,Nicole,Barton,pattyrichards@curtis.com,(791)391-9910x2962,"5383 Hernandez Street Suite 057, Brentburgh, MA 15438",North Todd,Arkansas,12/4/2022
CUST0433,Nicholas,Ruiz,jason27@jackson-crosby.org,001-579-943-2189x109,"46257 Wyatt Stravenue Apt. 534, New James, NV 64597",Maxwellport,New York,10/27/2023
CUST0434,Benjamin,Peters,angelwright@grant-hansen.com,331.669.4388x2892,"68013 Carl Cliff, New Shelley, RI 10776",Justinstad,Ohio,1/18/2024
CUST0435,Aaron,Johnson,sarah24@hanna.com,583-901-4825x7888,"78943 Ponce Corners Suite 748, Joneshaven, WY 11100",South Anne,Arkansas,4/7/2025
CUST0436,Daniel,Thompson,riveradonald@gmail.com,241.263.6846x52637,"398 Amber Cliff Apt. 486, Port Jennifer, GA 43653",Johnsonborough,California,8/24/2024
CUST0437,Thomas,Lopez,wpruitt@yahoo.com,982.914.4841,"4058 Janice Junctions Suite 700, Obrienstad, HI 13214",West Aaronchester,Tennessee,12/2/2024
CUST0438,Anna,Walters,sheilalawrence@yahoo.com,142-283-1520,"360 Alexander Drive Apt. 768, Port Jon, NY 23947",East Erika,Indiana,12/8/2022
CUST0439,Julie,Jones,colleenhenderson@yahoo.com,001-142-992-7321,"9943 Robert Station, Juliehaven, VA 28869",New Brendaville,New York,12/9/2023
CUST0440,John,Johnson,williambailey@anderson-mata.info,190-553-4202x44527,"USS Cooper, FPO AA 62134",Simmonsland,North Carolina,7/16/2022
CUST0441,David,Miller,rlopez@robinson.info,951.964.8700x0578,"809 Zachary Village, Lake Amanda, UT 73612",Whitakerbury,South Dakota,6/25/2024
CUST0442,Michael,Becker,williamstravis@barron.com,496-654-4791,"USNV Waters, FPO AA 06178",Cheyenneview,Louisiana,8/5/2024
CUST0443,Brenda,Williams,ambermontgomery@gmail.com,001-421-286-2182x5126,"34390 Alvarez Roads Apt. 227, North Penny, NV 43272",Gomezfurt,Hawaii,8/11/2023
CUST0444,Brenda,Francis,rperkins@hotmail.com,2283525785,"3525 Anderson Manors, Lake Matthewberg, KS 17812",Port Williamburgh,Wyoming,6/4/2024
CUST0445,Stephen,Marshall,englishlonnie@gmail.com,782.022.8461x338,"482 Heather Ports, Calebstad, NY 20158",Gailstad,Missouri,5/20/2022
CUST0446,Carlos,Aguirre,rfoster@nguyen-craig.net,330-850-1066x17050,"29127 Chandler Parks, Port Michelle, WI 71061",Guzmantown,Arizona,8/6/2023
CUST0447,Chelsea,Murphy,leonsamantha@huber-smith.net,3425602050,"Unit 4077 Box 8331, DPO AA 18503",South Matthewmouth,Texas,11/22/2024
CUST0448,Nicole,Gonzalez,hardinryan@yahoo.com,884.389.5288x6439,"02334 Clayton Gateway, Floydmouth, MN 58665",Brownstad,Arizona,1/2/2025
CUST0449,Brandy,Moreno,burnssandra@gmail.com,128.034.2452x84258,"77039 Smith Squares Apt. 693, Lake Nicoleland, NC 49788",North Patricia,Rhode Island,8/18/2022
CUST0450,Angela,Hines,robinsonjames@white-garcia.com,-1132,"PSC 6967, Box 5113, APO AE 19175",North Brianberg,Indiana,4/27/2023
CUST0451,Anthony,Martinez,sydney33@hotmail.com,001-280-589-2956x0293,"26237 Michael Village Suite 961, New William, KS 77694",East Markport,Delaware,5/8/2023
CUST0452,Alex,Miller,julie77@gmail.com,749.829.5039x64595,"91323 Holloway Trafficway Apt. 806, Cartertown, PA 20570",South Christopher,Maine,5/3/2023
CUST0453,Daniel,Kelley,mjones@hotmail.com,001-868-128-7249x342,"9279 Patrick Ramp Apt. 920, Port Melanieburgh, DC 48302",Reedmouth,Rhode Island,4/20/2023
CUST0454,Maria,Barker,robert72@campbell.info,481.062.0214x4295,"651 John Camp, South Elizabethmouth, AL 13263",South Ryanberg,Hawaii,3/8/2023
CUST0455,Brenda,Rodriguez,nguyenkenneth@hotmail.com,726-825-0980x0317,"102 Courtney Flat, Johnfort, CO 01282",New Michael,Connecticut,1/30/2024
CUST0456,Emily,Salas,ovaughan@miles-smith.com,892-943-8337,"15374 Butler Mission Apt. 681, North Alexhaven, NH 04119",Haleyfort,California,12/29/2024
CUST0457,Jennifer,Wilson,rfoster@roman.net,(178)627-4134,"6445 Jessica Lodge Suite 550, New Trevorside, NE 97193",East Danielville,Maine,7/30/2024
CUST0458,Gregory,Murphy,beth03@bryant-alvarado.com,706-650-2865,"5875 Adam Islands Suite 547, Port Omarshire, PA 54403",Khanton,Wisconsin,1/16/2024
CUST0459,Brian,Caldwell,gregoryscott@russell.com,570.777.7994x2599,"97437 Gonzalez Square, Washingtonfurt, MS 79610",East Nicholasview,Louisiana,2/9/2023
CUST0460,Shirley,Harris,shane55@phillips.com,-4148,"962 Stephanie Harbors Apt. 660, Richardstad, MI 16915",East Jeffreyfort,South Carolina,10/27/2022
CUST0461,James,Jones,kimberly05@wilson-johnson.info,284.444.4313x67014,"181 Knight Manors, New Jonathanport, SD 87318",Lake Elizabeth,Minnesota,2/18/2023
CUST0462,Bryan,Brooks,caldwellmegan@yahoo.com,-5964,"47397 Wright Garden, North Christopher, TN 22181",West Cynthia,Oregon,10/13/2024
CUST0463,Janet,Thompson,lsoto@carter.info,718-377-8478,"3756 Wright Locks Suite 125, New Eddiebury, AK 10341",New Brianna,Wyoming,3/28/2025
CUST0464,Rebecca,Weiss,kimberly69@yahoo.com,025-009-7947x175,"760 Robert Way, New Amandaview, IN 65630",Williamport,Virginia,12/17/2022
CUST0465,Paula,Robinson,sandersjoshua@yahoo.com,001-239-435-8130x463,"Unit 2416 Box 8281, DPO AE 09746",Port Kaitlynport,Arizona,5/16/2024
CUST0466,Sydney,Moore,reedlauren@yahoo.com,+1-342-573-0216x788,"65574 Roger Trail Apt. 203, New Kenneth, CT 21483",Joshuaside,Florida,12/30/2022
CUST0467,Timothy,Huff,ian46@horne.info,936-309-6485x0180,"940 Hooper Spurs Suite 580, Lake Yvetteview, KS 78153",Geraldburgh,Oregon,2/5/2024
CUST0468,Christopher,Sharp,timothy99@gmail.com,+1-321-121-2077x34064,"954 Renee Inlet Suite 431, Campbellbury, PA 13202",Susanton,Connecticut,1/15/2025
CUST0469,Roger,Rodriguez,edwardsjose@hotmail.com,436.870.6306,"97863 Kevin Dale Apt. 466, Port Olivia, NE 47412",Murphyberg,Hawaii,3/15/2023
CUST0470,David,Boone,kimberlywalsh@compton.info,(659)077-3091x8542,"95115 Michele Cliff, South Bethany, NH 72416",North Nicholas,Illinois,9/27/2022
CUST0471,Susan,Morris,bensonruth@gmail.com,4364912389,"4067 Andrew Green, Petersonfort, IA 09762",Mullinsfurt,Wisconsin,7/24/2022
CUST0472,Monica,Brown,lopezzachary@weaver.com,602.122.5062,"797 Howell Isle Suite 290, Lake Nicoleside, OR 93613",North Deannastad,North Carolina,7/11/2022
CUST0473,Anthony,Moore,karen63@goodman.com,+1-246-084-5715x626,"862 Price Knolls, North Jenniferhaven, NE 68139",Port Alvintown,Florida,1/31/2025
CUST0474,Jonathan,Garcia,jonesmike@hunt-hernandez.biz,+1-481-194-7371x51765,"137 Murray Shoal Suite 213, North Vanessatown, DE 81771",West Michele,Utah,10/16/2024
CUST0475,George,Patterson,chaneychristian@tapia.com,865-527-5598,"512 Bradshaw River Apt. 860, Amyville, IL 03617",East Kimberlytown,North Carolina,3/11/2024
CUST0476,Joanne,Smith,critter@miller.com,+1-737-030-4054x5361,"029 Ayala Turnpike Suite 355, Adamhaven, NE 53670",North Heidihaven,Montana,2/28/2024
CUST0477,Bradley,Wade,wjones@house-pierce.biz,6747398516,"42988 Evans Unions Apt. 788, Saraville, RI 36190",Coopertown,Michigan,5/15/2024
CUST0478,William,Brown,cochranrobert@miller-hawkins.com,001-053-853-8669x599,"99498 Garcia Mountains Apt. 761, Josephburgh, NM 70944",East Gina,Indiana,7/7/2022
CUST0479,Eric,Quinn,calebpitts@gmail.com,001-385-610-8543x861,"03704 Haley Villages Suite 326, Brittanychester, FL 33124",Gonzalezhaven,Idaho,9/2/2023
CUST0480,Chad,Lamb,danielle36@colon-thompson.info,-8571,"959 Aaron Rapid Suite 836, East Codyside, IA 83128",Goodwinburgh,Montana,2/4/2023
CUST0481,Jeffery,Freeman,ksullivan@yahoo.com,+1-049-781-0815x6081,"04595 Randy Road Suite 427, Lake Vincent, IL 06726",Richardsonville,Rhode Island,10/4/2024
CUST0482,Katelyn,Hernandez,cynthia44@yahoo.com,(412)942-4801x37361,"944 Andrews Throughway Apt. 597, Johnsonville, SC 37923",Lake Jeremymouth,North Carolina,6/20/2023
CUST0483,James,Harrington,claudialee@salas-horn.org,+1-366-259-0884x484,"99163 Wolfe Stream, Mcdonaldfort, MN 67735",Michaelmouth,New Hampshire,11/21/2023
CUST0484,David,Powell,turnerian@hotmail.com,001-848-687-2454,"1358 Gordon Spring Suite 645, East Carrie, NM 01054",North Mary,Virginia,8/6/2022
CUST0485,David,Brown,eschaefer@hotmail.com,+1-539-282-6675x33371,"78973 Tucker Station, New Amyberg, TN 05081",Tinaberg,Connecticut,3/28/2025
CUST0486,Steven,Gibson,nburns@carter.com,520-978-0285,"Unit 6578 Box 9087, DPO AA 28763",West Hannah,Hawaii,6/27/2022
CUST0487,Adrienne,Osborne,patricia50@yahoo.com,+1-740-149-3280x5189,"562 Stevenson Ports Suite 550, North Tammy, NY 44984",Julietown,Hawaii,9/26/2023
CUST0488,Alison,Hicks,ftorres@hotmail.com,764-676-7155x809,"74593 Ellis Ferry Apt. 762, Matthewborough, ID 74400",Smithfort,Vermont,6/13/2022
CUST0489,Rachel,Beltran,josephkevin@gmail.com,001-901-533-7508x070,"03090 John Oval Suite 065, Jasonhaven, VA 78793",Bushfort,Delaware,11/7/2024
CUST0490,John,Scott,elizabethpalmer@hayes-luna.com,811.640.5382x774,"6745 Francisco Spur Apt. 788, East Davidhaven, RI 59917",Lake Christopher,Hawaii,7/15/2022
CUST0491,Jennifer,Nichols,michael77@shannon.com,001-025-020-6684x2588,"PSC 3100, Box 0086, APO AP 53331",Port Jacquelineport,North Dakota,1/1/2025
CUST0492,Dean,Lewis,bbrown@sampson.net,001-483-446-3661x87144,"632 Doyle Valley Apt. 217, Rojasfurt, FL 83938",Lawrenceburgh,Nevada,12/14/2024
CUST0493,Taylor,Moore,elizabethwallace@yahoo.com,007.967.3444x522,"71854 Elizabeth Trafficway Suite 104, Jamesshire, WI 47651",Richardsonborough,Louisiana,12/7/2023
CUST0494,Donna,Sanders,jessica65@gmail.com,+1-716-017-1613x329,"2206 John Neck, Joshuaborough, CO 37698",Hernandezville,Oregon,3/16/2025
CUST0495,Heidi,Gibbs,hamiltonpatricia@morse-collins.com,001-195-348-8250x00559,"404 Torres Cliffs, Sarahbury, NV 55938",North Nicoleburgh,Wyoming,9/22/2022
CUST0496,Michael,Jimenez,shannonholden@yahoo.com,156.388.3842,"90692 Margaret Gardens, Mccarthyborough, CT 91400",South Linda,Minnesota,12/17/2023
CUST0497,Natasha,Cox,tiffany92@gmail.com,001-427-328-2585x8810,"USS Manning, FPO AE 91283",South Jody,Missouri,12/7/2022
CUST0498,Jeremy,Peterson,dstark@yahoo.com,+1-282-647-2244x142,"158 Martinez Station, Bradyton, VA 71303",New Eileenhaven,Arizona,3/26/2024
CUST0499,Morgan,Blackwell,amanda70@yahoo.com,432.214.8614x8124,"20917 Cruz Knoll, Lake Melissafort, NY 05641",Port Michaelberg,Texas,11/27/2023
CUST0500,Kyle,Rowe,ellen76@yahoo.com,761.391.9400,"24164 Michael Stravenue Suite 879, Johnsfurt, CO 81340",Hallmouth,Nevada,6/29/2023
CUST0501,Manuel,Johnson,thomaslewis@lewis.biz,816.253.8849,"50451 Joshua Parks Suite 347, Jasonside, OH 67205",Lake Adriennetown,New Mexico,7/23/2024
CUST0502,Bruce,Jimenez,klloyd@martin-wilson.com,001-996-651-3804x905,"5305 Mcclure Forge Suite 197, Kimberlystad, TN 56720",Lake Kylefurt,Nebraska,11/10/2023
CUST0503,Monique,Gilbert,audrey66@yahoo.com,260-671-4876x1509,"96348 Debbie Heights Apt. 636, East Dylanfort, TX 21481",Kellytown,Michigan,9/8/2024
CUST0504,Katherine,Wilson,stephanie98@raymond.com,+1-880-840-3471x5493,"8323 Andrea Junction Suite 240, North Stevenstad, OR 52176",Jessicaview,Arkansas,12/21/2023
CUST0505,Cory,Duffy,pughashley@hotmail.com,001-743-939-3733,"13755 Jennifer Islands Suite 183, New Kimberly, VA 87492",Katrinaton,North Carolina,3/22/2024
CUST0506,Bobby,Hicks,lopezandrea@hotmail.com,673.887.3242x4440,"783 Patterson Lodge Suite 640, New Donna, MO 43788",Port Stephanie,Nebraska,10/26/2022
CUST0507,David,Callahan,roywesley@miller.com,320-335-2597,"956 Carolyn Field Suite 034, New Amanda, NC 63569",East Jeffreytown,Louisiana,5/9/2023
CUST0508,Jason,Parker,taylor83@kirby.com,476-958-3105,"47888 Haley Point, West Jack, NE 22646",North Carlos,Nebraska,7/4/2023
CUST0509,Christopher,Bush,hmiller@gmail.com,7611567404,"046 Murray Turnpike, Rossborough, ME 42253",West Joel,Missouri,11/8/2023
CUST0510,David,Guzman,carpenterjacob@gmail.com,441-755-9908x11918,"3419 Shawn Forks Suite 150, West Cheryl, WY 04925",West Peter,Pennsylvania,3/21/2024
CUST0511,Stephen,Shepard,clarkandrew@shah-martin.com,643-770-7127x448,"55101 Ramos Forest, New Kimberlychester, WA 30250",Port Paul,Minnesota,10/26/2023
CUST0512,Andrea,Ortiz,michaelrodriguez@lopez.com,001-634-138-1131,"72999 Gonzalez Valleys Apt. 588, Tranfurt, AK 94790",West Cassandra,Maine,3/20/2023
CUST0513,John,Stevenson,zcunningham@yahoo.com,(905)468-6466,"5105 Hoffman Harbor, Julieport, TN 43080",Charleschester,Kentucky,3/23/2024
CUST0514,John,Aguilar,eric75@gonzalez.com,-1345,"11143 Miller Villages, Mollyfurt, ID 99838",Beltranchester,Missouri,4/29/2024
CUST0515,John,Anthony,browncheryl@yahoo.com,587.888.9508,"0468 Graham Ferry, East Teresamouth, WI 24218",South Bryan,Vermont,8/19/2024
CUST0516,Tracy,Caldwell,fosterjasmine@curtis.com,+1-492-495-0675x99220,"USNS Weber, FPO AE 53443",West Sarah,Missouri,12/30/2024
CUST0517,Michael,Berry,garciabrandon@hotmail.com,2866101401,"92390 Walker Lodge, Amandaside, CO 27851",West Ritachester,Maryland,10/15/2022
CUST0518,Sandra,Berg,ztucker@gmail.com,6182749902,"5192 Rodgers Center, North Ernest, MN 79511",West Lindaberg,Maine,4/27/2024
CUST0519,Jeffrey,Davis,cdennis@hotmail.com,821.723.6911x129,"9933 Alexandra Glens Suite 903, South Brandifort, NY 45675",East Ashleychester,Mississippi,3/2/2025
CUST0520,Tina,Reyes,landryjoshua@trujillo.org,(552)180-4356x7778,"7652 George Crest, Lake Carlfort, RI 56826",Rodriguezchester,California,10/7/2022
CUST0521,Michael,Keller,linda74@hotmail.com,7218272359,"728 Smith Falls Suite 395, Teresaburgh, NV 60361",Joshuabury,Oregon,3/1/2025
CUST0522,Mary,Sloan,kwilliamson@french.net,666-459-0035x306,"1848 Robinson Well, Floresfurt, IA 41769",Lake Emilyburgh,Wisconsin,11/11/2023
CUST0523,Ryan,Johnson,schwartzcatherine@yahoo.com,001-141-079-8978x9796,"67234 Chapman Dale, Port Tara, ND 51347",Port Christina,South Dakota,10/11/2023
CUST0524,Michael,Petersen,hendrixtyler@gmail.com,(391)957-1074x331,"683 Steven Way, New Brendaville, IA 07746",Lake Coryfurt,West Virginia,8/12/2023
CUST0525,Deborah,Gould,joneseric@hotmail.com,556-458-9710,"7921 Douglas Passage, Port Paul, MD 66196",Jenniferborough,Georgia,5/28/2022
CUST0526,Kevin,House,rodgersdanielle@nguyen.biz,(425)986-0261,"12523 Karen Centers Apt. 283, Tannermouth, OR 15198",Stephentown,Alaska,9/16/2023
CUST0527,Chad,Johnson,donna70@hotmail.com,(584)036-0454x791,"47160 Powers Harbors, Edwardstown, MT 88892",Joshuamouth,Rhode Island,12/10/2023
CUST0528,Sydney,Perez,kathleencabrera@rodriguez.biz,(977)794-1352x5112,"230 Virginia Loaf, Anthonyshire, DC 89200",New Vanessa,Idaho,1/25/2023
CUST0529,Kevin,Ruiz,david43@jordan-robinson.com,(409)123-0039x1872,"151 Thomas Isle, Torreshaven, DE 49796",Port Jessica,Illinois,6/11/2023
CUST0530,Ashley,Frazier,rachellee@oliver.com,1928522089,"586 Michelle Court Apt. 027, Anthonychester, UT 58561",Port Chrisview,Florida,3/7/2023
CUST0531,David,Cortez,huangjodi@smith.info,378-540-5115x9875,"9015 David Groves Apt. 041, North Jenniferfort, ME 55928",New Jodi,Alaska,8/9/2024
CUST0532,Mitchell,Miller,dalvarez@peterson.info,110-177-6354x968,"696 Jennifer Groves, Gregorystad, IA 55306",West Erika,New Mexico,3/4/2025
CUST0533,Eric,Mcintosh,michael72@gmail.com,533-505-2003x903,"61510 Monique Route Suite 173, Kyleberg, NJ 21545",Castroborough,Illinois,3/9/2025
CUST0534,Lauren,Mathis,stephen65@blanchard.net,666.477.7397x49413,"93751 Selena Curve, Lindseymouth, AR 08558",Brianside,New Jersey,4/16/2023
CUST0535,Ryan,Gutierrez,bellkrystal@curry.com,(350)031-3417x377,"37775 Blair Village Suite 149, Port Maryhaven, NH 28262",Weaverfurt,West Virginia,2/16/2024
CUST0536,Steven,West,alvaradoscott@wood-sullivan.com,241-551-1898x6383,"PSC 8523, Box 3944, APO AP 41137",Robinsonport,Wisconsin,11/25/2024
CUST0537,Wesley,Vance,walterstheresa@moore.org,(553)490-5390x55909,"934 Diane Place Suite 479, New Daniel, IA 95425",South Kimberlyton,Wisconsin,4/26/2023
CUST0538,Laura,Russo,crystal23@gmail.com,4356206806,"7345 Ruiz Isle Suite 058, Tinafort, NJ 03994",Dicksonfort,New Hampshire,3/19/2024
CUST0539,Charles,Everett,gvalentine@gmail.com,(452)321-3067x593,"772 Wong Flats Apt. 432, East Jennifermouth, WI 28760",Sharonchester,Utah,6/3/2022
CUST0540,Rebekah,Dodson,conleyangie@campbell-lopez.info,001-172-822-4522x4602,"5366 Melissa Ville Apt. 199, South Craigfurt, OH 10722",Karenport,Florida,3/16/2024
CUST0541,James,Rodriguez,stanley64@jimenez-moss.biz,+1-755-768-1631x18517,"8563 Nelson Heights, Stoneborough, CO 13115",Lake Jeremyborough,Wisconsin,2/24/2023
CUST0542,Kylie,Perez,robertroth@yahoo.com,(818)672-5761,"36471 Nathan Flats, East Williamville, IL 64549",South Charlenemouth,Georgia,8/12/2023
CUST0543,Nancy,Wheeler,patricialewis@suarez.org,4167349172,"816 Danielle Shoals Apt. 360, Waltersbury, WI 79439",Lake Heather,Oklahoma,2/7/2025
CUST0544,Gina,Smith,eatonmichelle@gmail.com,001-281-436-1668x2979,"9852 Johnson Run, South David, SC 03849",Piercehaven,Missouri,6/4/2022
CUST0545,Joseph,Guzman,farleydaniel@gmail.com,(522)993-0442,"36112 Clayton Summit, Kramermouth, AR 84876",Jenniferville,North Carolina,1/31/2023
CUST0546,Matthew,Baker,flynnmiranda@gmail.com,764-089-1738x597,"70510 Jennifer Ports Suite 605, Lake Ruth, ID 57609",Maryshire,Oklahoma,3/26/2024
CUST0547,Julie,Fry,dhall@gmail.com,+1-141-651-0970x99866,"6610 David Well, North Coltonmouth, OH 15804",West Joshuachester,Alaska,5/17/2023
CUST0548,Mark,Valdez,kaitlyngarcia@cortez.com,(528)722-6280x0481,"963 Brown Prairie Suite 551, Lake Kyle, AR 68979",South Michaelburgh,Maryland,8/23/2024
CUST0549,Sara,Simmons,plewis@gmail.com,+1-632-529-9728x579,"60456 Timothy Walk, South Robinburgh, AZ 25750",West Dana,Hawaii,5/15/2022
CUST0550,Vanessa,Watkins,theresa41@farley.com,(943)003-0146,"266 Susan Lodge Apt. 499, Tonyaland, OR 05261",Port Ann,Virginia,2/7/2025
CUST0551,Deborah,Gray,bmartin@turner.biz,(212)199-5466,"49726 Sharon Course, Lake Nancy, ID 49293",Lake Amberfurt,New Jersey,4/6/2024
CUST0552,Joseph,Farmer,jenniferknapp@smith-haas.biz,001-023-215-1789x6946,"069 Nelson Mount Suite 977, Vasquezview, TX 00975",East Kelly,Wisconsin,4/30/2023
CUST0553,Kristina,Davis,elliottpaul@harris.org,+1-985-382-7525x732,"PSC 6855, Box 3284, APO AA 71449",Lisamouth,South Carolina,4/21/2024
CUST0554,David,Williams,ashleybraun@gmail.com,(995)121-6322,"95016 Veronica Circle, Nancyview, MI 45814",Escobarton,Indiana,6/28/2022
CUST0555,Raven,Scott,andrea29@yahoo.com,954-087-5035x62215,"392 Barr Alley, Solishaven, MN 54669",Sandovalview,Illinois,9/21/2022
CUST0556,Victoria,Thomas,eolson@gmail.com,712.463.1364,"15166 Christina Manor Apt. 753, Michaelberg, KS 68065",North Victor,Arkansas,7/23/2022
CUST0557,Frank,Downs,greed@perez.com,001-887-488-0720,"40765 Santos Underpass, Brianland, SC 12830",West Stephanie,South Dakota,5/26/2024
CUST0558,Leah,Werner,rachelflores@hotmail.com,(643)810-4399x73812,"254 Jerry Falls Suite 667, New Marcusview, TN 93877",Yangchester,Nevada,4/17/2024
CUST0559,Marcus,Bird,michaelharrison@yahoo.com,048-217-3865x56579,"41704 Keith Bypass, Garciaberg, NM 70765",New Justin,Hawaii,1/15/2025
CUST0560,Elizabeth,Smith,krausealyssa@hotmail.com,147-858-3191,"4545 Ruiz Trace Apt. 230, South Xavier, ID 10340",South Dominicview,Minnesota,5/13/2022
CUST0561,Troy,Jackson,martinezsara@hotmail.com,641-063-5956x790,"122 Roberson Divide, New Nicole, VT 37258",East Stevenfort,Mississippi,3/13/2023
CUST0562,Kelsey,Sanders,howardrobert@williams-parker.com,(805)813-7919,"47759 Newman Cliff Apt. 799, North Benjamintown, HI 26095",Martinfort,Louisiana,10/10/2022
CUST0563,George,Rogers,arnoldamanda@gmail.com,-7518,"290 Miller Orchard Apt. 371, Joetown, SC 95993",New Michael,Wisconsin,8/19/2022
CUST0564,Timothy,Jones,baileymelanie@hotmail.com,356-169-6972,"62015 West Ford Apt. 317, Daniellechester, OH 44259",East Adam,Texas,3/20/2024
CUST0565,Leslie,Howell,watsonamanda@turner.com,+1-693-137-6330x2917,"364 Benjamin Trail Apt. 281, Lake Linda, ID 13628",Alexisburgh,North Dakota,3/24/2025
CUST0566,Steven,Smith,angela85@yahoo.com,(433)610-1120,"3891 Mills Crescent Suite 078, Mcdanielshire, MD 93941",Stevenfort,North Carolina,1/14/2023
CUST0567,Joseph,Conner,brittanypadilla@hotmail.com,322-486-2348x32836,"55701 Mcconnell Ferry, Port Valerie, HI 26309",Sanchezborough,Florida,5/7/2022
CUST0568,Chelsea,Ross,micheal65@gmail.com,(778)093-2329x389,"8536 Bailey Plaza Apt. 064, New Shelbymouth, WI 48589",New Marciamouth,Indiana,12/3/2024
CUST0569,Andrew,Floyd,baileyerin@gmail.com,(051)642-3384x74326,"08230 Christine Underpass, North Steven, MT 28950",Bruceton,Kansas,9/18/2023
CUST0570,Tamara,Smith,steven08@gmail.com,237.177.3526,"3488 Long Passage, North Nicholasstad, AK 28215",East Natalie,Colorado,12/8/2023
CUST0571,Allison,Carpenter,rwilson@hotmail.com,(435)379-8133x74211,"Unit 5462 Box 4658, DPO AA 55612",Danielmouth,Oregon,12/27/2023
CUST0572,Jason,Conway,johnhernandez@johnson-gibbs.org,-7051,"2820 Rice Islands, South Amy, MN 45652",Port Kevin,Alabama,9/17/2024
CUST0573,Madison,Jones,andrew70@poole.com,+1-241-640-7792x8081,"PSC 9317, Box 1019, APO AA 09232",South Holly,Oklahoma,8/24/2022
CUST0574,William,Sanders,mlewis@randolph.com,2815016750,"73226 Sanford Shoal Apt. 807, Dianaborough, WA 48423",Brooksmouth,Wyoming,2/17/2025
CUST0575,Pamela,Freeman,powellsean@clark.biz,734-535-7676x059,"9287 Moore Pass Suite 294, Lake Williammouth, MN 72685",Adamsville,North Carolina,1/4/2025
CUST0576,Brett,Brown,jamesgreen@yahoo.com,-10012,"280 Nelson Orchard, Gardnerview, TX 93203",Angelaland,Vermont,2/27/2024
CUST0577,Natalie,Marsh,gblake@yahoo.com,001-519-741-4759,"0178 Harrell Extensions, North Ianton, TN 17572",Pamelahaven,Georgia,3/24/2024
CUST0578,Courtney,Coleman,james36@gmail.com,521-009-5299,"5938 Devin Ridges, Port Philip, DC 69555",Rebeccaburgh,Vermont,4/16/2025
CUST0579,Nicole,Olson,kenneth16@richardson.com,658-781-4949x08767,"57269 Hines Forest, Kevinfurt, AR 18832",West Courtney,Delaware,2/17/2025
CUST0580,Erica,Day,velazquezjessica@hotmail.com,213.292.2387,"8287 Mcdonald Station Suite 598, Arthurshire, WV 60091",Smithfurt,Wisconsin,5/24/2022
CUST0581,Antonio,Richardson,elizabethhines@yahoo.com,001-858-098-8769x75874,"31683 Jeffrey Plains, Obrientown, HI 05004",Lake John,South Dakota,1/19/2023
CUST0582,Ronald,Duncan,andersoncrystal@walters-reyes.com,654.286.9241x593,"700 Christina Summit, Port Tammyshire, NE 84696",Gutierrezshire,Massachusetts,1/11/2024
CUST0583,Brian,Elliott,christopher67@cain-clayton.info,001-986-486-3139,"8177 Timothy Isle, South John, CA 93964",South Alexandraburgh,New York,2/14/2025
CUST0584,Laura,Richmond,brendadiaz@hotmail.com,944-147-4399x6014,"124 Amanda Cape, West Patty, CT 20253",Port Elizabethview,West Virginia,9/25/2024
CUST0585,Lori,Giles,nholden@yahoo.com,(335)765-1265x39027,"PSC 1527, Box 4329, APO AA 51518",Silvaside,West Virginia,1/30/2025
CUST0586,Wendy,Barber,ryan76@yahoo.com,850-012-7654,"95302 Kendra Crescent, Steinchester, CA 71084",New Audreymouth,Oregon,9/22/2024
CUST0587,Howard,Gomez,shelbybaker@blackburn.com,(135)570-1637,"233 Patricia Lane Apt. 838, South Sharon, MD 82794",Courtneychester,West Virginia,4/28/2022
CUST0588,Terri,Taylor,epugh@rubio.com,295-060-7414x8949,"507 Michael Stream, Derrickfort, IA 37553",North Jennifer,Iowa,9/13/2024
CUST0589,Kelly,Jenkins,lauraburns@hayes-martin.com,(304)217-5899x5171,"7165 Bradford Parkways Suite 632, Lake Justinstad, MO 13387",Osborneburgh,Iowa,2/25/2023
CUST0590,Virginia,Melton,bdennis@gmail.com,+1-350-598-4654x581,"194 Heidi Island, Josephville, NM 83385",Lake Joshua,Texas,9/27/2022
CUST0591,Glenn,Bell,bcain@smith.com,+1-187-330-6508x5793,"318 Herman Isle Suite 821, Cruzhaven, VT 45692",Port Erinville,Virginia,5/8/2023
CUST0592,Micheal,Williams,qrojas@wallace.com,004-141-2127,"134 Mary Garden Apt. 216, North Tiffanyhaven, KY 40829",Mooreshire,West Virginia,8/31/2023
CUST0593,Christine,Stewart,ann38@mason.com,+1-062-793-7202x2985,"493 Brown Summit Apt. 375, Lisaberg, TX 64192",North Jacktown,Wyoming,1/10/2024
CUST0594,Janet,Sims,dmiller@harris.com,528-276-9428x1039,"550 Powers Passage, Kleinside, GA 24809",Jonmouth,South Carolina,7/10/2023
CUST0595,Michelle,Anthony,ashleycollins@hotmail.com,652.396.3632x09052,"Unit 3366 Box 8650, DPO AE 20667",Beckytown,Kansas,7/4/2024
CUST0596,Dylan,Nash,chadfrench@khan.com,001-699-967-3020x335,"048 Melanie Stream Suite 200, Mitchellborough, KS 78539",Evansstad,Missouri,11/12/2023
CUST0597,Brandon,Munoz,cartercarrie@stein-johnson.net,001-175-865-1302x044,"83033 Brown Parkways Suite 576, Lake Billy, VA 59336",Bethview,Iowa,6/4/2023
CUST0598,Amy,Stanley,sonya96@yahoo.com,919-503-6647,"Unit 3300 Box 9140, DPO AP 23156",Ericchester,Delaware,3/25/2024
CUST0599,Chad,Campbell,greed@dickerson-barber.com,(472)045-0284,"081 Lewis Falls Apt. 200, Port Russellport, NV 23816",Heathhaven,South Dakota,3/9/2024
CUST0600,Dustin,Mullen,krodgers@hotmail.com,001-598-289-4950,"3802 Jason Viaduct, Joshuamouth, CO 22733",Cobbside,Maryland,6/17/2022
CUST0601,Emily,Kirk,tracyanderson@hernandez.biz,(003)640-8151x71909,"620 Thomas Grove Apt. 591, Matthewsmouth, MD 21144",East Antonio,Tennessee,7/12/2023
CUST0602,Laura,Williams,justin65@lynch.com,6330015109,"737 Carmen Key Suite 221, Lopezhaven, CA 60237",East Annabury,Hawaii,5/30/2024
CUST0603,Jennifer,Werner,zacharygraham@hotmail.com,+1-053-527-9045x36093,"PSC 4312, Box 7704, APO AP 90149",Garyville,Arkansas,12/6/2024
CUST0604,Joshua,Moore,hughesaustin@ramos-evans.com,(595)955-7638x8602,"9185 Anthony Villages, North Nicholaschester, ND 02629",Port David,Alaska,11/7/2022
CUST0605,Stephanie,Morgan,laurenphelps@gmail.com,+1-684-827-5647x24136,"4450 May Junctions, Lindsaytown, WI 54772",Port Ericashire,Oklahoma,5/12/2024
CUST0606,Grant,Cervantes,richardmason@wilson.com,(555)896-7943x016,"508 Carlson Bridge, East Maryburgh, MD 01626",Christinabury,Montana,9/11/2024
CUST0607,Kenneth,Wright,coleaaron@gmail.com,271.516.4182,"65730 Steven Throughway Apt. 244, North Bryan, NY 56054",North Robin,Oregon,9/14/2022
CUST0608,Martin,Russell,sfoster@jensen.com,5603277814,"487 Christina Circles Apt. 209, West Kim, ND 76550",Lake Jefferyview,Utah,5/1/2023
CUST0609,Travis,May,udickson@hendricks.info,+1-275-286-9616x017,"80770 Daisy Wall, Armstronghaven, OR 81415",Williamsport,Mississippi,6/3/2022
CUST0610,Chloe,Rodriguez,maria57@gmail.com,102-988-1710x1035,"2104 Joseph Dale, New Christophermouth, NM 39215",Kinghaven,Minnesota,12/30/2023
CUST0611,Oscar,Wallace,kathrynford@hotmail.com,067-515-4994x349,"100 Perez Turnpike Apt. 719, Harperbury, AR 85815",Kevinshire,New York,8/29/2022
CUST0612,Jennifer,Andrade,mooretyler@yahoo.com,(073)500-1599x307,"Unit 0302 Box 5022, DPO AA 38945",Butlershire,Idaho,6/28/2024
CUST0613,Kelsey,Smith,ygonzales@carlson-white.com,001-985-057-4295x62711,"086 Laura Plaza Suite 784, South Roberto, FL 41015",Sharonhaven,New York,6/22/2024
CUST0614,Julian,Wu,erik29@saunders.info,788-611-9488x3803,"073 Griffith Lights Suite 651, Rachelland, OH 13869",South Isabella,Ohio,8/30/2023
CUST0615,Rebecca,Potts,hernandezveronica@hotmail.com,179568124,"22156 Timothy Rapid, East Megan, FL 12450",West Ericfort,Massachusetts,6/13/2024
CUST0616,Beth,Dixon,yburke@hotmail.com,+1-844-158-8730x458,"416 Garcia Court, Port Jessica, TX 77451",North Garrett,Iowa,12/6/2024
CUST0617,Lisa,Frank,christinemorgan@craig.com,855.982.5476x9337,"970 Alyssa Coves, West John, SC 00597",Alvareztown,Ohio,1/17/2025
CUST0618,Michelle,Caldwell,mejiasusan@moreno.org,8998236490,"54066 Floyd Dam Suite 935, Shepherdfurt, CA 26562",Millsfort,Iowa,1/22/2024
CUST0619,Matthew,Wiley,jacob49@yahoo.com,001-923-124-4619x13840,"66652 Williams Prairie Suite 989, East Jeremystad, TX 55277",West Eric,Louisiana,2/24/2025
CUST0620,Lindsey,Simon,ewade@yahoo.com,(336)998-9891,"395 Kelly Mills Apt. 878, Maryfurt, AK 18890",Francisstad,Rhode Island,12/20/2022
CUST0621,Steven,Torres,ibrown@gmail.com,001-819-182-1026,"930 Parker Haven, South Timothy, MS 05529",North Michael,Massachusetts,4/16/2025
CUST0622,Matthew,Underwood,ypayne@hotmail.com,(415)906-8339,"Unit 6576 Box 0842, DPO AP 18403",North Timothy,Hawaii,11/20/2023
CUST0623,Kenneth,Lewis,jhawkins@yahoo.com,001-971-527-4029x7317,"52946 Anderson Cliff Apt. 033, Lake Stephanie, CA 15433",Bryanthaven,North Carolina,5/14/2024
CUST0624,Ray,Perez,jaclynlong@lane.net,1199938598,"Unit 3482 Box 6618, DPO AA 04872",Griffithshire,Minnesota,3/30/2023
CUST0625,Christine,Gilmore,charles16@murray-cameron.com,8046035386,"062 Brittney Course Apt. 340, West Alexander, WV 96244",East Anna,Georgia,6/10/2024
CUST0626,Anne,Myers,rita79@nunez.biz,809.132.6764x14092,"26390 Patterson Cape, Mckayberg, VT 07045",Amyside,Rhode Island,10/30/2022
CUST0627,Tamara,Holland,priceashley@gmail.com,+1-982-055-9731x106,"65177 Kimberly Summit, East Mathew, NY 05107",South Amy,Arizona,5/3/2023
CUST0628,Wanda,Perez,jonesmariah@gmail.com,001-548-824-1850x257,"083 Collins Haven, Brianborough, NM 65109",West Willieview,Wisconsin,3/19/2024
CUST0629,Janice,Jackson,danieledwards@gmail.com,406-991-4016,"9815 Donald Roads Suite 943, Jarviston, NE 29656",Carsontown,Alabama,12/2/2024
CUST0630,William,Livingston,bennettgavin@yahoo.com,001-591-232-0652x50334,"737 Edward Ranch, Diazside, NM 43493",Willisstad,New Jersey,10/27/2023
CUST0631,Jacob,Harris,vickie81@hood-sherman.com,037.461.1934x142,"USS Smith, FPO AA 83387",East Richard,Texas,3/29/2025
CUST0632,Monique,Perez,brendathompson@rivera.com,001-795-387-6627,"12162 Smith Ports, East Benjamin, SD 52991",Michaelchester,North Carolina,2/28/2025
CUST0633,Jordan,Watson,melvingraves@fisher.com,280.898.7241x485,"30339 Prince Mount, North Chadton, FL 97816",Davidmouth,Delaware,12/27/2024
CUST0634,Laura,Edwards,dominique09@hotmail.com,001-145-085-4374x372,"65438 Novak Junction, Perryhaven, SD 54900",Liland,New York,6/27/2023
CUST0635,Tina,Garza,molinaryan@obrien.biz,780-245-9737,"9265 Frazier Walk, Lorimouth, AL 44843",Stevenchester,Kentucky,12/1/2024
CUST0636,Francisco,Mathis,navarroscott@gmail.com,572-392-7982x34573,"616 Denise View Suite 756, Karenside, UT 79974",East Lindsay,Connecticut,1/16/2023
CUST0637,Anna,Vaughn,bonnie36@edwards.info,(148)123-6037x1608,"20009 Maria Radial, South Maureenfort, SD 66978",Jasontown,Georgia,3/12/2025
CUST0638,Patty,Duran,stonesamuel@yahoo.com,4328517295,"61238 Stokes Pike Suite 428, North Kyle, SC 66756",Stanleyfort,West Virginia,5/14/2023
CUST0639,Lindsay,Taylor,jamesgreen@yahoo.com,8199569011,"38693 Hernandez River, East Susanview, WA 36333",Gibsonside,Maine,4/16/2024
CUST0640,April,Martin,raydonna@yahoo.com,922.635.0601,"413 Singleton Roads, Lake Edward, AR 68367",New Matthewstad,Connecticut,11/19/2024
CUST0641,Jamie,Roberts,sharoncox@jimenez.com,+1-085-876-1575x97475,"532 Beard Gardens, New Tina, MO 69852",Orrfurt,California,8/30/2022
CUST0642,Timothy,Padilla,smallmathew@gmail.com,-3232,"52493 James Meadow Suite 856, West Bettytown, MS 05989",West Annfort,Indiana,2/9/2025
CUST0643,Ryan,Watts,michelle69@turner.biz,555-711-7652x26078,"675 Kimberly Dam Suite 195, Clementstown, CT 02712",West Robertside,Colorado,9/26/2022
CUST0644,Roy,Davis,benjaminrangel@gentry-ward.biz,001-700-528-8827x833,"64134 Tony Cliff Apt. 504, Morrisonfurt, MA 52099",Williamview,New York,6/20/2023
CUST0645,Louis,Faulkner,karl00@york-soto.net,-9610,"10434 Rodriguez Viaduct Apt. 175, Gomezborough, MI 21006",Kathleenbury,Wyoming,2/13/2023
CUST0646,Melissa,Myers,nunezheather@lindsey.com,001-086-652-9865x080,"29624 Hudson Burgs Suite 658, Boylemouth, OK 05637",Mcintyreport,Indiana,7/12/2024
CUST0647,Victoria,Chandler,iquinn@gmail.com,(363)867-0351,"8501 Robert Vista, South Jessica, MT 09451",Stevenshaven,South Carolina,8/29/2023
CUST0648,Laura,Walters,vmack@hotmail.com,554-002-1027x5933,"34631 Richmond Mountain, East Breannaburgh, WI 14793",Moorechester,Louisiana,2/14/2024
CUST0649,Dylan,Burgess,gwhite@wallace.com,001-641-392-7479x20466,"6860 May Radial Apt. 880, West Jordanburgh, KY 69341",Kyleton,Missouri,9/23/2023
CUST0650,Mario,Carney,adkinsjulie@moore.biz,437.344.7468x742,"7441 David Walk, Pageshire, OH 16306",North Adammouth,Alaska,6/27/2022
CUST0651,John,Walters,fordmaria@gmail.com,001-929-615-8843x886,"924 Johnson Ports, North Laurashire, NV 74633",Port Jacob,Tennessee,7/6/2023
CUST0652,Martin,Sullivan,elizabeth33@gmail.com,694-103-4410,"91885 Christopher Village, New Johnhaven, OH 09354",South Dylan,Idaho,3/23/2024
CUST0653,Jennifer,Russell,mollygrant@yahoo.com,(976)665-4468x91188,"192 Chad Pine Apt. 893, Rachelburgh, HI 29611",Brendanside,Mississippi,8/28/2023
CUST0654,Patrick,Dorsey,murphyjames@yahoo.com,(825)207-4789,"7875 Oconnor Wall, Pattonfort, WI 59863",Gomezmouth,Alabama,11/9/2022
CUST0655,Steve,Johnson,kristy03@hotmail.com,001-532-884-9001x846,"361 Webb Pass, Jameschester, AK 19930",North Ashleystad,Wisconsin,3/26/2024
CUST0656,Audrey,Macdonald,lramos@simmons-stevenson.com,225-180-7398x141,"5416 William View, Gonzalezchester, OH 62010",Matthewtown,Alaska,4/2/2025
CUST0657,Jennifer,Archer,modonnell@gonzalez.com,591.352.6825x079,"71509 Stephanie Fall, New Brittanyview, NV 72662",Lake Amberchester,Maryland,11/9/2023
CUST0658,Katrina,Mclaughlin,micheal71@hickman.com,+1-929-335-7695x42644,"69333 Karen Ramp Suite 262, Lake Julianberg, NH 56880",West Jesse,Mississippi,9/15/2022
CUST0659,Thomas,Mcdaniel,davidlewis@watson.com,303-857-2883x80000,"130 Lori Estates Suite 708, New Anthony, NJ 06723",Port Dawnstad,Rhode Island,5/25/2022
CUST0660,Sandra,Robertson,wsmith@yahoo.com,(952)441-8331,"9771 Sandoval Trail, Katherinemouth, MO 16407",South Mitchellmouth,Idaho,7/27/2024
CUST0661,Dawn,Wilson,zwright@gmail.com,031.572.7952,"577 Adams Lights, Morrisfurt, SD 25594",Port Brian,Massachusetts,11/8/2024
CUST0662,Julie,Schroeder,brooksemily@yahoo.com,+1-798-770-2535x2655,"88608 Ronald Ville Apt. 410, West Ericshire, AK 75606",South Kaitlinshire,Massachusetts,12/20/2022
CUST0663,Lisa,Gonzalez,robertandersen@paul.biz,163.118.3906x714,"1759 Grant Plaza, South Mary, HI 82531",Josephshire,North Dakota,9/12/2024
CUST0664,Monica,Duarte,robinsonheather@terrell.com,-1818,"98440 Golden Drive Apt. 349, Lake Kellichester, SC 64285",Lake Jacqueline,Utah,6/8/2023
CUST0665,Michelle,Harrell,srobertson@west-mata.org,(868)659-3683,"9957 James Park Suite 544, Lake Jeremyborough, HI 12053",Goodwinstad,Alabama,12/20/2023
CUST0666,Scott,Gonzalez,gadams@yahoo.com,+1-724-075-7284x49788,"066 Jim Row Suite 136, East Davidport, WI 02039",Ericshire,California,10/23/2023
CUST0667,Arthur,Taylor,bradley59@strickland.com,+1-847-588-5889x6316,"48465 Amanda Loaf Suite 811, Katelynville, AK 23938",Paynemouth,Maryland,5/26/2023
CUST0668,Lisa,Lambert,xdiaz@richardson.com,+1-818-021-7849x3422,"6515 Wang View, Mitchellland, TN 97301",East Troy,Connecticut,5/28/2022
CUST0669,William,Burke,fhart@hotmail.com,147.921.6299x9702,"56415 Gibson Avenue, South Melissa, IL 56667",West Michelehaven,Ohio,7/17/2022
CUST0670,Frank,Cooper,zanderson@gmail.com,4710853636,"211 Brandon Greens Suite 785, Port Mark, CA 56564",Richardfort,North Dakota,11/4/2023
CUST0671,Scott,Martin,wilcoxjeremy@gmail.com,155-611-1268x3744,"723 Walsh Via Suite 845, South Cherylmouth, RI 22947",New Michelle,Arizona,6/14/2022
CUST0672,Robert,Martin,natalie22@myers.com,(166)907-7673,"8160 Stafford Hills, Owensberg, MA 79752",Carrview,Indiana,3/8/2023
CUST0673,Keith,Robinson,bhanson@roberts.com,557-864-6310,"89239 John Point Suite 828, South Dalefurt, MA 07946",North Johnmouth,Alaska,8/31/2022
CUST0674,Clayton,Le,shaffermichael@patton.com,024-480-4005x65402,"346 Walker Center, Saraport, IL 11360",Lake Christopher,Vermont,1/15/2023
CUST0675,Jamie,Williams,janice35@hotmail.com,074.297.0936x89555,"USS Alvarez, FPO AA 41722",Howardbury,Oklahoma,9/20/2023
CUST0676,Carla,Johnson,laura13@grimes.net,413-342-5311,"0638 Emily Divide Apt. 136, South Katrina, ND 50408",Lorrainetown,Tennessee,4/23/2023
CUST0677,Lori,Barajas,uhardy@gmail.com,865.102.3477,"21932 Jennifer Corner, Maryborough, WI 19828",Port David,South Carolina,7/28/2024
CUST0678,Kristin,Ward,pacesharon@bowman.com,(480)594-5008,"6573 Holt Oval Apt. 858, Gabriellaberg, TN 40049",West Ginamouth,Delaware,6/6/2023
CUST0679,Linda,Whitehead,egreene@lee-carter.com,686-532-7475,"43906 Stark Mews, East Stephaniefort, FL 33985",Jillfort,Mississippi,8/20/2024
CUST0680,James,Bowen,michaelgreen@gmail.com,122-874-7702,"358 Thomas Vista, Elizabethshire, OR 20646",Noahfurt,New Jersey,9/18/2022
CUST0681,Toni,Huff,brooksloretta@yahoo.com,+1-651-484-3797x47287,"Unit 5592 Box 2253, DPO AA 40779",Julieland,South Carolina,8/13/2023
CUST0682,Michael,Andersen,amyfarmer@yahoo.com,(903)104-2642,"837 Tiffany Trafficway Apt. 916, Davisview, VA 24107",West Christopher,New Hampshire,1/4/2024
CUST0683,Teresa,Reyes,howard22@parker.com,436-643-7992x4118,"218 Karen Field Apt. 322, Susanburgh, ME 75166",Port Barbara,North Carolina,1/21/2025
CUST0684,Judith,Robinson,walkerteresa@hunt-smith.com,252-932-0892x69147,"25440 Kevin Crossroad Suite 462, Millermouth, RI 08631",Daniellehaven,Virginia,4/8/2024
CUST0685,Matthew,Perkins,julie16@parrish-garcia.com,(903)811-0945x38530,"66815 Caitlin Fork, Port Lonnieport, VA 53090",Hallborough,Alabama,11/18/2023
CUST0686,Mary,Johnson,justin69@yahoo.com,+1-803-029-6631x834,"6226 Clinton View Suite 641, North Kevinchester, VA 82648",East Robert,Massachusetts,6/8/2022
CUST0687,Kristie,Jacobs,mmarshall@gomez-gonzalez.com,001-662-306-8324x4155,"29798 Emily Prairie, Smithton, AZ 15768",North Josephview,Idaho,6/17/2024
CUST0688,Rebecca,Smith,james86@walker-clark.com,112.619.0929x70132,"4184 King Cliff Apt. 560, East Bradley, AL 35734",Richardtown,Montana,6/10/2022
CUST0689,Courtney,Barnes,xhenderson@carter-young.com,(348)353-9372x393,"5186 Garcia Pass, Banksstad, MD 90554",Brewerfurt,Nevada,9/8/2023
CUST0690,Luke,Smith,wilsonelizabeth@yahoo.com,001-062-369-3096x23950,"2792 Cory Views, Bakerbury, MA 41310",South Kathrynbury,South Carolina,2/6/2023
CUST0691,Gina,Guerrero,baileyjohn@gmail.com,815-853-3232x2022,"260 Lisa Common, Garciaport, AR 44606",Walkershire,Connecticut,12/24/2023
CUST0692,Devin,Melendez,robertroberts@duncan-sanders.com,001-280-444-2205,"91264 Sarah Meadow Apt. 407, Port Kara, TN 04615",Michaelland,Idaho,2/28/2025
CUST0693,Amy,Anderson,mroberts@yahoo.com,(222)206-7573x019,"22336 Henderson Forge, Lake Teresaview, MT 49676",East Samanthaburgh,Wyoming,6/8/2024
CUST0694,Michelle,Stanley,andrea30@middleton.org,499-688-9395x3387,"72190 Cuevas Trafficway Apt. 344, East Jason, MO 96659",Ashleyburgh,Mississippi,10/30/2024
CUST0695,Chris,Brown,david71@boyer-pittman.net,911-318-1462x93007,"18911 Tara Square, Carrollton, NV 56360",Port Frank,Washington,9/2/2022
CUST0696,Keith,Jones,kevin37@hotmail.com,+1-700-102-2797x676,"983 Fernandez Drive Apt. 859, West Amandaport, NC 12558",Port Davidborough,Rhode Island,5/1/2024
CUST0697,Jodi,Martinez,wrodriguez@hotmail.com,001-165-815-3090x52853,"186 John Ramp, Arthurberg, WY 79205",Lake Bradley,Tennessee,9/12/2023
CUST0698,Kelly,Mahoney,bonnie55@hotmail.com,332-810-8407x05700,"596 Chandler Station, North Danaborough, AK 03427",South Dannyport,Arkansas,7/31/2022
CUST0699,Kristi,Pace,reginald06@bailey-cruz.net,(413)932-3492x6953,"20695 Donna Greens, East Maryfort, NM 01169",North Andrewside,West Virginia,4/9/2025
CUST0700,Jessica,Ramos,reginahorne@thomas.net,+1-348-804-0319x535,"03667 Kimberly Extensions, East Lindsay, AZ 53636",Christophermouth,Oregon,8/8/2024
CUST0701,Brian,Christensen,amber62@yahoo.com,3725994940,"594 Hensley Tunnel Suite 999, South Cheyennetown, FL 99728",Williamview,Hawaii,7/29/2022
CUST0702,Bryan,Scott,michaelhorn@gmail.com,9438720205,"31658 Abbott Ridges Apt. 567, Martinmouth, KY 69962",South Craigside,Nebraska,11/24/2023
CUST0703,Eddie,Wilson,susanroach@beard.biz,(702)817-8661x0594,"76771 Tate Prairie Suite 425, Port Ryan, HI 65889",Smithland,Oregon,11/23/2023
CUST0704,Shawna,Le,gwilliams@hotmail.com,2514695290,"7995 Stephanie Canyon, West Keithview, FL 27429",East Jonathanton,Arizona,10/4/2024
CUST0705,Danny,Scott,dstokes@yahoo.com,(373)415-7820,"9709 Anita Passage, New Jeffrey, GA 33395",Danielleton,Oregon,5/18/2022
CUST0706,Heather,Houston,zgoodman@davidson.com,001-657-670-7944x06187,"06238 Ross Ville Suite 155, North Stacy, NY 10781",Tammychester,Minnesota,12/2/2023
CUST0707,Arthur,Williams,rogersjay@yahoo.com,694-944-0546x459,"001 Oconnor Inlet, West Morganburgh, OK 14086",South Lisa,Washington,5/27/2022
CUST0708,Christopher,Matthews,dennisjose@hotmail.com,(835)527-0009,"704 Smith Wall, West Brittanybury, ND 44783",New Calebborough,Iowa,2/8/2023
CUST0709,Amy,Brown,agrimes@lang.com,203.081.0656,"351 Hopkins Road, Jamesmouth, AK 65960",Robertsstad,Washington,10/20/2024
CUST0710,Michael,Clark,rodney95@yahoo.com,651.151.3846x467,"38095 Jennifer Heights, Lake Timothyville, MS 23693",Elizabethberg,Tennessee,9/16/2022
CUST0711,Donna,Wilson,julia59@sanchez-medina.com,506-782-2672x76011,"0886 Donna Cliff Apt. 362, Bettyfort, AZ 72481",North Loretta,Michigan,7/7/2023
CUST0712,Kathleen,Greene,djackson@yahoo.com,(528)413-0208,"9771 Darius Road Suite 116, North Luisburgh, NC 08646",Jessicaland,Tennessee,4/3/2025
CUST0713,Kelly,Kim,amandacooper@gmail.com,001-984-248-0333x102,"780 Ann Court Suite 940, South Samanthaborough, NE 11945",Contrerasland,California,9/22/2024
CUST0714,Michael,Mcmahon,sdawson@hotmail.com,001-635-414-9388,"2006 Petty Islands, East Amyshire, ME 66825",Angelahaven,South Dakota,2/2/2023
CUST0715,Tracy,Allen,juanreed@gmail.com,001-847-519-7123,"699 Steven Fall Apt. 455, Christopherland, CA 31992",Barberhaven,New Jersey,12/11/2022
CUST0716,James,Mendoza,michellestone@yahoo.com,3703868252,"197 Brown Centers Apt. 860, New Brookefort, GA 35478",Jenniferhaven,Kansas,3/21/2024
CUST0717,Autumn,Harding,cardenasmelvin@anderson.com,899.126.8950,"617 Ashley Spurs, Amandatown, NE 51467",East Crystal,South Dakota,12/22/2022
CUST0718,Carol,Wright,garzaalicia@orozco.com,-9389,"94198 West Ways, Ryanland, VT 85261",Tracifurt,Vermont,9/27/2024
CUST0719,Richard,Richmond,welchdawn@yahoo.com,525-941-4007x903,"571 Hannah Corners, Anitaside, NH 43709",Riverabury,Tennessee,8/30/2023
CUST0720,Jasmine,Francis,richardslevi@watson.com,+1-231-469-7229x1859,"56048 Jimmy Cliff, Alexanderbury, AK 51425",Brownmouth,California,6/15/2022
CUST0721,Willie,Sloan,smedina@hotmail.com,+1-127-140-0829x9289,"571 Collins Ferry Apt. 185, Port Nancystad, AZ 11025",Lake Jeffery,Indiana,5/28/2024
CUST0722,Marvin,Smith,christopher21@weaver.net,(738)723-9595,"4958 Molly Divide Suite 125, North Allison, MS 95752",Mitchellview,New Mexico,2/8/2023
CUST0723,Zachary,Harper,prowe@lopez.net,001-471-134-3874x3956,"828 Judith Cliffs Suite 771, Jaredshire, PA 11962",Timothyton,Vermont,8/31/2024
CUST0724,Brandy,Price,hickstabitha@gmail.com,001-615-882-3222x98778,"401 Lewis Light Apt. 938, Lake Jamiefurt, AL 31323",Munozmouth,Tennessee,7/28/2023
CUST0725,David,Carlson,dawnfrancis@boyer.biz,(083)785-0359,"USNS Carroll, FPO AA 23049",Meganberg,West Virginia,9/23/2024
CUST0726,Darrell,Schneider,alicia71@kennedy-brown.info,017-280-2064,"65451 Paul Ford, Brandifort, IA 49982",Michaelton,Nebraska,1/9/2024
CUST0727,Kevin,Jones,matthewclark@gutierrez.com,902-175-5546x0537,"38380 Robles Freeway Apt. 397, West Courtneyton, HI 41658",Mckinneyberg,Oregon,7/22/2024
CUST0728,Tina,Webster,sgomez@yahoo.com,(372)788-0680x168,"473 Amy Forge, North Susanmouth, MD 98072",East Russell,Michigan,8/24/2022
CUST0729,Dawn,Davidson,svelez@henry.info,464.126.6796x275,"4757 Atkinson Shores Suite 848, East Laurenshire, NE 99117",Lake Arianafurt,Washington,3/21/2025
CUST0730,David,Garrett,jennifer90@hotmail.com,+1-825-275-9625x654,"7421 Mckinney Motorway Apt. 234, Lopezstad, CA 18786",Turnerside,Indiana,3/21/2023
CUST0731,Brandon,Garcia,campbellspencer@yahoo.com,(628)021-8635,"05479 Tucker Squares, Lake Elizabethberg, WA 06099",South Timothybury,Mississippi,8/13/2023
CUST0732,Nicole,Poole,jeremybishop@gmail.com,642.917.2536,"5345 Coleman Path, Port Dorothy, MI 53439",Medinaburgh,Idaho,8/26/2023
CUST0733,Laura,Wheeler,sjackson@elliott.com,284-456-6564,"832 Kim Islands, West Christopher, MT 66805",Coleberg,Louisiana,6/18/2022
CUST0734,Kevin,Day,marcus37@gordon.biz,(518)660-3305,"3254 Kenneth Square Apt. 931, West Stephanieview, IA 70271",Lake Carolynville,Massachusetts,1/31/2023
CUST0735,David,Jackson,robertross@rodriguez.com,1522660867,"96215 Wade Fall Suite 884, New Theresaport, MN 94268",South Aliciafort,Indiana,4/7/2023
CUST0736,Michael,King,yrice@hudson-west.biz,4457753345,"1399 Tina Trafficway Suite 638, Rickyville, NH 03045",New Debrafurt,Washington,11/18/2022
CUST0737,Donald,Porter,abigailjacobs@sanchez.info,001-361-762-4616,"516 David Island Suite 725, Lake Oliviamouth, MO 16946",Jamesside,Mississippi,5/15/2022
CUST0738,Leah,Smith,phamregina@hunter-smith.biz,513-692-6900x85750,"Unit 3973 Box 4114, DPO AP 25960",Williamsbury,West Virginia,5/6/2024
CUST0739,April,Thompson,joseguzman@yahoo.com,(805)409-8894x805,"73413 Michael Fort Suite 289, Thomasland, VT 80646",Frankchester,Nebraska,6/30/2022
CUST0740,Susan,Morgan,fletcherwendy@yahoo.com,3423858360,"373 Martin Glen Suite 228, Kristenland, LA 08339",Emilyburgh,Florida,9/25/2024
CUST0741,Eugene,Johnson,antoniobeasley@hood.com,001-799-438-8897,"277 Young Lock Apt. 416, New Ashleyshire, NM 68071",South Haydenberg,Florida,11/4/2022
CUST0742,Mary,Cooke,tiffany03@stewart.com,990-095-5798x801,"28151 Green Well, Robersonport, TN 29039",North Brian,New York,9/11/2024
CUST0743,Megan,Sanders,ashley83@scott-lopez.com,+1-276-417-8908x420,"43618 James Flats, Jacksonstad, KS 75665",Karenville,Nebraska,6/26/2023
CUST0744,Carol,Leach,prattbrian@rodriguez.info,(747)576-9537x44847,"87265 Chavez Road Apt. 570, Sullivanhaven, TN 77968",Devinburgh,Minnesota,4/24/2024
CUST0745,Michelle,White,qkoch@davis-lewis.info,+1-267-759-8745x5069,"22683 Camacho Ridges, Brownville, ID 29628",South Mackenzieberg,Iowa,9/9/2022
CUST0746,Michele,Macias,william98@hotmail.com,663-681-5387x1386,"Unit 6680 Box 7051, DPO AA 74964",Brownside,Utah,4/27/2022
CUST0747,Kevin,Norman,lemelissa@hotmail.com,8094316378,"56325 Morales Spring, West Waynemouth, WV 04859",East Vanessaville,Massachusetts,1/9/2025
CUST0748,Cody,Green,wrightcynthia@yahoo.com,(104)826-4108x36584,"709 Hill Hills Suite 193, Cassidychester, KS 46227",New Elizabeth,Nevada,4/15/2024
CUST0749,Deborah,Walter,lindseycarroll@carter-shelton.info,+1-960-405-4048x7201,"7302 Christina Street Apt. 215, North Stephanieborough, HI 22213",Mcgrathberg,Virginia,10/6/2023
CUST0750,Nicole,Patrick,bakerelijah@davis-white.com,072-184-7020,"940 Day Spurs Suite 318, Lake Joshuastad, NJ 43609",Charlesport,Illinois,12/12/2024
CUST0751,Tyler,Grant,wrightsteven@smith-norman.com,001-241-936-5319x39387,"75630 Neal Motorway Apt. 862, Perezborough, GA 90736",Lake Carlside,Maine,3/12/2024
CUST0752,Matthew,Torres,acox@newman-king.com,+1-614-174-9025x21631,"PSC 4732, Box 7383, APO AE 53846",South Thomas,North Dakota,1/19/2023
CUST0753,Scott,Banks,hollandmelissa@yahoo.com,001-828-499-5984x8044,"13089 Susan Road Suite 365, Port Carlfurt, TN 13554",Elliottport,Massachusetts,10/7/2024
CUST0754,April,Gibson,collieraaron@gmail.com,(709)816-5506x8177,"3907 David Forks, New Melissa, CT 02008",Nicholasstad,Arkansas,4/8/2025
CUST0755,Robert,Hall,robertshaw@hotmail.com,748-683-4699x320,"26795 Harris Groves Apt. 401, Wattsstad, IA 90076",Brettfort,Pennsylvania,7/6/2022
CUST0756,Patrick,Brooks,fmoses@hernandez.com,(535)584-6775x0322,"650 Morgan Cliffs, New Karenville, IL 32279",Port Johnberg,Hawaii,5/4/2024
CUST0757,Brandon,Bailey,martinkathleen@aguilar-tyler.com,281-124-8814x154,"887 Willie Village, Annamouth, DE 26847",Franklinhaven,Georgia,2/28/2023
CUST0758,Debra,Myers,william91@chavez.info,6712870904,"946 Andrea Plaza, Adamsburgh, WA 93351",Lorifurt,New Mexico,12/1/2022
CUST0759,Nathan,Ortega,katiemoyer@henderson-smith.org,3194434456,"855 Jody Rapids Apt. 525, East Adrienne, IA 52237",Medinamouth,Tennessee,7/19/2023
CUST0760,Mario,Simmons,brandon93@hotmail.com,895.592.8232,"4721 Martin Lodge Apt. 959, North Kevinburgh, ID 18993",Lake Jenniferland,Maine,3/30/2023
CUST0761,Connie,Khan,fdaniels@petersen.com,+1-792-294-3893x41996,"1603 Rice Center Suite 273, East Keith, MA 89336",New Janiceville,Colorado,8/5/2024
CUST0762,Tracy,Roberts,curtis50@thomas-young.com,+1-585-844-5787x801,"PSC 5673, Box 1314, APO AA 92435",Maryshire,Virginia,8/7/2024
CUST0763,Ashley,Bullock,ppotter@gmail.com,594.402.2814x0256,"974 Nicole Roads, Salazarbury, MI 56432",Fernandoborough,Mississippi,1/30/2024
CUST0764,Anthony,Hurst,clewis@hotmail.com,1539777333,"661 Anna Stravenue Suite 153, New Timothyport, MS 79547",Port Andrewside,Wisconsin,12/16/2022
CUST0765,Kaitlyn,Gray,popejose@yahoo.com,(975)175-4839,"9218 Crystal Lights Suite 979, Cherylmouth, RI 58295",West Jason,Florida,4/16/2024
CUST0766,Tamara,Hall,mbrown@yahoo.com,(253)883-4644,"7594 Harrison Mall, New Debrashire, MN 93563",North Erika,Ohio,5/15/2023
CUST0767,Jessica,Zamora,christophervaldez@yates-kirk.com,251.475.5119,"909 Howard Expressway Suite 918, Ruizchester, LA 69006",Alexandraport,Alaska,11/23/2024
CUST0768,Jennifer,Parsons,kathleenbrown@castillo-choi.net,001-531-917-4242x602,"6489 Robin Forks Suite 709, West Justinville, DE 98650",West Danielle,Ohio,8/15/2024
CUST0769,James,Valenzuela,roger57@yahoo.com,856.618.9005,"326 Mike Garden Apt. 128, Whitemouth, TX 58621",Youngmouth,Kansas,5/6/2022
CUST0770,David,Shea,jeremy06@hotmail.com,(675)638-0808,"426 Billy Squares, Nathanstad, WY 85755",East Jennifer,Alabama,7/19/2022
CUST0771,Terri,Johnson,mary20@gmail.com,001-835-554-2261,"Unit 9546 Box 1242, DPO AP 83909",New Traceyview,Arizona,2/10/2023
CUST0772,Betty,Cooper,pbrown@hotmail.com,001-434-338-4532x5589,"Unit 6098 Box 9035, DPO AE 68074",North Haley,California,7/26/2024
CUST0773,Chad,Bartlett,michael07@bass-cantu.com,(548)948-3247x927,"21642 Charles Circle, Port Susanport, FL 49448",Myerston,Vermont,5/10/2024
CUST0774,Kendra,Fuller,mike92@gmail.com,001-198-461-5458x8548,"738 Brenda Cove, Lindsayview, MI 80747",Port Lisa,New Jersey,2/3/2024
CUST0775,Daniel,Robinson,dlee@gmail.com,-9213,"Unit 5035 Box 7203, DPO AP 35480",Williamsside,Montana,11/29/2023
CUST0776,Yvonne,Brown,bobbyholt@torres-wright.com,+1-874-365-8963x63821,"3903 Mark Terrace, Gilbertton, LA 56120",Jonesfurt,Nevada,1/9/2024
CUST0777,Dennis,Cook,rlivingston@yahoo.com,509-778-8525x3002,"48932 Annette Pass, Port Richard, MT 39864",Watsonhaven,Virginia,1/27/2024
CUST0778,Julia,Williams,miajefferson@yahoo.com,765-250-8089x8814,"5607 Harrison Plains Apt. 584, South Sara, HI 45908",Holtburgh,Texas,4/19/2024
CUST0779,Kyle,Flores,traviskathryn@hotmail.com,284-462-8283x3373,"5405 Benitez Fords Suite 741, Port Justinhaven, WY 66270",East William,New Jersey,9/26/2023
CUST0780,Thomas,Smith,daniel88@hotmail.com,+1-038-895-9833x20171,"122 Sharon Extensions, North Jorgeshire, CT 45831",Port Allenstad,Colorado,7/10/2022
CUST0781,Cynthia,Gates,dawn53@hotmail.com,071-616-2911,"503 Mitchell Crossing, Lake Rachel, OH 26108",Hallburgh,Florida,8/23/2024
CUST0782,Robert,Boyd,traceylynn@gmail.com,(909)603-2165,"626 Reed Cape, Port Meganmouth, NC 71515",West Allisonshire,Kansas,2/29/2024
CUST0783,Michael,Rivera,abrewer@yahoo.com,647.353.8182x12698,"4109 Michael Forges, Port Michaelborough, MO 68888",Joseton,Kentucky,2/5/2025
CUST0784,Clifford,Morris,mcbridekimberly@byrd-fletcher.com,+1-159-547-9962x14779,"801 Joshua Grove Suite 700, Kaneburgh, WI 48765",Jessicabury,Illinois,11/16/2023
CUST0785,Christopher,Daniel,vjackson@steele.com,+1-339-405-2303x408,"Unit 9774 Box 7335, DPO AP 10884",South Jose,Florida,12/10/2022
CUST0786,Connie,Perkins,gcarr@hotmail.com,173.317.1569,"75059 Thompson Flats Suite 985, Campbellmouth, OH 05596",Jacksonburgh,Tennessee,7/24/2023
CUST0787,Christina,Stevens,eberger@oconnor.com,886-369-5615x6687,"64034 Chris Overpass Apt. 722, Jefferybury, IL 62311",Bryanchester,Louisiana,3/26/2024
CUST0788,James,Patel,kingpamela@bentley-sherman.com,-5696,"USNS Snow, FPO AA 91468",East Charles,Arizona,8/10/2024
CUST0789,Sherry,Christensen,lpitts@gmail.com,6895078051,"41292 Philip Valley Apt. 899, Brucehaven, UT 24072",South Melissa,Massachusetts,4/7/2023
CUST0790,Erika,Clark,christophersmith@yahoo.com,(710)906-1081,"9575 Amanda Manor Suite 366, South Jill, NC 40343",Nicoleton,Wyoming,5/13/2022
CUST0791,Molly,Abbott,amandamurray@gmail.com,001-305-712-9205,"USCGC Marshall, FPO AP 85921",Ericview,Wisconsin,11/19/2024
CUST0792,Heather,Reeves,yrose@hotmail.com,(016)753-2145,"20342 Roberts Road Apt. 263, Campbellfort, VT 70089",Melissaborough,North Carolina,11/5/2023
CUST0793,Leslie,Robinson,amy34@valencia.com,209-684-9347,"USS Sharp, FPO AE 28534",Paulshire,Michigan,2/12/2023
CUST0794,Christopher,Brooks,christinegonzalez@graham-patterson.com,+1-319-440-6613x16418,"63195 Green Parkway Suite 506, East Juliefort, AR 50430",Castillomouth,Vermont,10/26/2023
CUST0795,Spencer,Griffin,mbennett@moore-lopez.com,776-394-2100,"550 Dennis Canyon Suite 810, West Michelleside, HI 62810",Rickeyville,Rhode Island,3/17/2024
CUST0796,Scott,Costa,fieldstoni@gmail.com,810.756.3679x8965,"009 Harris Lodge, North Jesse, VT 49481",South Michael,Virginia,7/30/2023
CUST0797,Kirsten,Porter,david72@yahoo.com,(736)184-4620x851,"190 Tina Streets Suite 287, Thomasfurt, HI 19809",Lake Barbarafort,Illinois,8/8/2023
CUST0798,Michael,Thompson,caroljohnson@hotmail.com,18229440,"954 Dennis Meadows, Warnerview, IL 72421",Lewisport,Wisconsin,4/13/2024
CUST0799,Breanna,Taylor,vkeith@gmail.com,859.982.5284,"38502 Johnson Ranch, North Melissaton, NM 14021",Clarkstad,Maryland,12/11/2022
CUST0800,Teresa,Morgan,richard53@yahoo.com,000-175-1438x701,"17979 Morgan Overpass, Clarkbury, OK 25975",Elizabethberg,Indiana,4/13/2024
CUST0801,Harry,Hamilton,rbrown@gmail.com,(229)341-7468x246,"898 Hill Village Apt. 602, East Christyfort, TN 77221",Roymouth,Massachusetts,5/12/2023
CUST0802,Joyce,Garcia,janice73@gmail.com,(162)034-1762x1597,"98022 Brown Lodge, Brettfurt, PA 50615",Acevedohaven,Kansas,1/14/2023
CUST0803,Leslie,Chaney,caroline53@hall.com,788-781-8160x76329,"81611 Brown Crest, Amandaborough, MD 43234",South Thomas,Florida,8/1/2022
CUST0804,Brian,Taylor,jacksondavid@yahoo.com,+1-632-736-8445x86212,"68653 Michelle Parkways Suite 457, Port Donnahaven, AZ 62537",Nicholsonshire,Kansas,1/28/2023
CUST0805,Tanya,Short,jeffrey34@jones-horn.com,412-586-1652x2852,"2268 Fisher Stravenue, North Elizabeth, NE 34225",Port Williamchester,Minnesota,12/19/2023
CUST0806,Theresa,Brown,melissasmith@crane.com,815-988-4829,"189 White Court Apt. 715, Reyesside, TX 91892",Lake Davidview,Texas,6/9/2023
CUST0807,Bryan,Dean,byork@rodriguez-edwards.com,507.218.3173x66973,"62493 Snyder Plain, Brooketon, VA 50917",New Morganshire,Texas,4/3/2023
CUST0808,Kelsey,Tate,danielle99@ali.net,(158)456-8219,"471 Megan Mall Apt. 961, West Edwinberg, OK 12607",Angelamouth,New Mexico,12/20/2024
CUST0809,Nathan,Bell,fitzpatricksabrina@yahoo.com,132-553-0357,"4975 Robin Villages Suite 476, Josephmouth, MD 97304",Reyeschester,Arizona,11/23/2022
CUST0810,Regina,Anderson,harrisonjohn@koch.com,125-015-5325x69702,"547 Brandon Isle Suite 045, Harrisonchester, NH 79499",East Scott,Kentucky,2/26/2024
CUST0811,Jason,Hess,rnelson@pearson.com,+1-913-592-2904x080,"95382 Kelly Manors, Port Stephenview, NM 09627",Chapmanfurt,Nevada,8/3/2023
CUST0812,Evelyn,Wilson,claydana@hotmail.com,559-897-4573,"131 Miller Centers Apt. 726, New Michaelfort, LA 11971",Dannytown,Iowa,9/23/2024
CUST0813,Glenn,Huynh,urobinson@yahoo.com,231.798.5218,"119 Smith Centers Suite 312, Manningfort, AZ 15120",Heidiport,Florida,7/4/2024
CUST0814,Kara,Conley,figueroaashley@reese.com,820-449-1672,"42802 Patrick Grove Suite 972, North Rachelhaven, DE 76378",Jennifershire,South Carolina,2/25/2024
CUST0815,Joe,Cook,james66@yahoo.com,(108)037-2479x55617,"PSC 6333, Box 3898, APO AA 12914",South Catherine,Maine,10/16/2022
CUST0816,Jason,Chandler,montgomerycassandra@carr.org,001-087-930-3592x8616,"116 Anthony Fork, Sarahport, AL 04768",Yorkville,South Dakota,8/25/2024
CUST0817,Nicole,Lewis,mcphersonbobby@davis.com,7786795143,"38976 James Track Suite 074, Randyberg, NE 09418",North Sarah,Connecticut,8/4/2024
CUST0818,Autumn,Brown,yrodriguez@hotmail.com,001-252-767-4665x05435,"29106 Rebecca Walk Apt. 887, South Deborah, WI 48486",Evansburgh,California,12/16/2022
CUST0819,Vickie,Jackson,andersonpatricia@hotmail.com,001-383-322-0698x88603,"2717 Gardner Burgs, North Kim, WI 61746",Pattersonchester,Wisconsin,9/13/2022
CUST0820,Nathaniel,Baker,mullenlaura@gmail.com,551-401-1473,"7107 Eric Mission Suite 708, Lake Carlaland, OR 14893",South Miguelview,Nebraska,1/27/2024
CUST0821,Robert,Davis,kaylaharmon@cummings.com,(236)825-2637,"107 Robinson Views, Jeffreyfurt, MT 54291",Hannahtown,Ohio,8/24/2024
CUST0822,Amy,Norman,douglasoneal@hotmail.com,+1-201-638-0040x51986,"519 Jimmy Groves Suite 008, Julieshire, MT 01232",Heathermouth,New Mexico,7/31/2022
CUST0823,Nicole,Roberts,marystokes@hotmail.com,969-064-2100,"2443 Allison Heights Suite 417, North Corey, NH 68738",Jacksonton,Louisiana,10/21/2024
CUST0824,Valerie,Moore,evansnicole@hotmail.com,+1-673-922-8605x740,"225 Lauren Stream, Parkershire, NY 10169",Rachelmouth,Georgia,7/18/2024
CUST0825,Sarah,Vaughn,samuel99@hotmail.com,(748)760-9826,"51249 Walker Mountain, Lindsayfort, OR 64948",Taylorside,Mississippi,10/22/2022
CUST0826,Abigail,Taylor,aguerra@riley.com,(180)624-3191x6049,"3754 Bryan Prairie Apt. 380, South Juliestad, ND 81224",Travisbury,Kentucky,12/14/2024
CUST0827,Erica,Edwards,jonathanbrown@valdez.com,001-803-711-8740x441,"Unit 5567 Box 2245, DPO AE 26653",Andersonbury,Kentucky,1/25/2024
CUST0828,Andrea,Spencer,wallacestephen@santos.org,001-846-984-2093x715,"28457 Davis Ramp, Port Katherinestad, WY 22623",Hillview,Wisconsin,2/28/2025
CUST0829,Frank,Johnson,samanthabrady@avila.com,001-377-840-1232x39786,"9302 Jesus Stream, Jacobmouth, WI 64851",Beckyborough,Colorado,8/25/2023
CUST0830,Janet,Thomas,kellydorothy@gmail.com,+1-191-822-4608x441,"7813 Denise Avenue Apt. 499, New Charlestown, FL 17102",Pagefort,North Dakota,5/11/2022
CUST0831,Jason,Castillo,christina13@nichols.org,250-965-6744x586,"701 William Islands Apt. 728, Lake Kayla, MN 05480",Williamsmouth,South Carolina,1/18/2025
CUST0832,Emma,Dominguez,jill44@graham-wood.com,(263)117-5563x5516,"7162 Kathryn Heights, Lake Brandonton, MO 97743",Lawsonport,Connecticut,12/29/2023
CUST0833,Michelle,Freeman,rodriguezjesse@hotmail.com,105-275-9657,"3813 Darin Drive, West Stephanie, ME 18911",Port Sherry,Oregon,6/26/2024
CUST0834,Kim,Turner,leon76@yu-montgomery.com,+1-217-385-9178x98252,"5705 Rogers Rapids Suite 344, Paulville, TX 90112",Derekstad,North Dakota,8/15/2023
CUST0835,Nathan,Wilkerson,amber64@durham.info,-7091,"USNV Stone, FPO AP 26331",Hornehaven,Washington,11/25/2022
CUST0836,Andres,Wade,smithyolanda@gmail.com,340-022-1647x85184,"56361 Evelyn Stravenue Apt. 979, Jessicachester, KS 23423",New Lisabury,Nebraska,7/31/2024
CUST0837,Kathy,Allen,xodonnell@hotmail.com,+1-976-252-2127x85673,"386 Kimberly Ranch Apt. 512, South Nicholas, KS 82027",West Catherine,South Carolina,4/9/2024
CUST0838,Susan,Higgins,schultzcheryl@lowery-campbell.com,001-969-111-8034,"334 Perez Villages Apt. 474, Meltonmouth, CO 31343",South Colin,Arizona,9/10/2024
CUST0839,Kelly,Davis,lnguyen@hansen.com,286.802.3176x71243,"1821 Roberts Pass Suite 332, Roblesview, NV 25940",Kelleychester,Tennessee,1/25/2023
CUST0840,Matthew,Davis,lucasnielsen@lewis.net,001-448-298-9959x18586,"9104 Harris Summit Apt. 314, Lake Ericfort, MS 51970",Haletown,Virginia,12/25/2024
CUST0841,Richard,King,brittanybrowning@hamilton.com,404-443-5818x925,"90071 Christopher Knolls Suite 173, Port Robert, ID 78559",West Christineshire,Louisiana,4/10/2025
CUST0842,Cameron,Morales,sandra91@raymond.com,001-834-399-6772x334,"3764 Oliver Plaza Apt. 371, New April, TN 38250",New Robertview,Wyoming,4/19/2024
CUST0843,Christine,Robinson,harveycraig@marsh-gates.com,558.222.4942x440,"6580 Troy Plaza Suite 239, Lake Robert, TN 34996",Leemouth,Michigan,7/31/2022
CUST0844,Lori,Thompson,gregorylloyd@greer-robertson.com,+1-528-267-5893x11985,"73139 Philip Plaza, Simonberg, UT 57999",South Johnchester,Tennessee,5/13/2022
CUST0845,Bradley,Barrett,theresa13@hotmail.com,037-266-5493x271,"6412 Stacey Mews, East Christopher, UT 09198",Port Erica,Vermont,6/16/2023
CUST0846,Lance,Flores,debra84@yahoo.com,127.945.4409,"5355 White Point, Cannonland, CA 13601",Port Hayleyburgh,Connecticut,1/22/2024
CUST0847,Samuel,Stark,sharonbennett@hotmail.com,104.077.6250x63263,"1662 Martin Locks Suite 628, Jeremiahton, FL 98331",North Kristenport,South Dakota,3/27/2023
CUST0848,Amber,Ho,tclayton@thomas.net,+1-193-751-3330x474,"91549 Tony Passage Apt. 272, East Thomas, KY 41522",Millsview,South Carolina,9/27/2022
CUST0849,Martin,Christensen,rebeccafisher@yahoo.com,(900)054-2384,"67066 Ball Common, Rivershaven, WV 76457",Maryville,Nebraska,3/12/2024
CUST0850,Nicholas,Miller,gmedina@yahoo.com,3546834488,"208 Jon Meadow Apt. 448, Lake Michaelland, KY 24226",Michellemouth,Oklahoma,4/2/2025
CUST0851,Jennifer,Greer,johnsonangela@harris-rivera.com,008.488.8121x2389,"2914 Roy Island, North Alexandraport, KS 87543",Smithtown,Michigan,1/4/2023
CUST0852,Carolyn,Evans,fnelson@munoz.info,028.807.3068,"26904 Joshua Meadow Suite 973, Nealton, SC 01768",East Laurenstad,Utah,8/29/2023
CUST0853,Ryan,Delgado,daniel76@ramos.org,306.381.6909x940,"53571 Denise Meadows, Port Brianbury, NY 10857",Samanthaborough,Pennsylvania,9/2/2022
CUST0854,Christopher,Murray,patricia15@gmail.com,184-850-6691x61055,"34170 Chen Inlet Apt. 274, West Lisaburgh, WA 37720",Ronaldhaven,Arkansas,2/2/2023
CUST0855,Michael,Wilson,wcuevas@gmail.com,308.693.0671x4272,"185 Moore Mount Apt. 864, Williamsmouth, CO 57936",Port Donald,Maryland,10/3/2023
CUST0856,Stacy,Williamson,hlloyd@norris.com,519-765-8432,"311 Deleon Prairie Suite 581, Chungfurt, NH 39628",New Rebekah,Nebraska,12/31/2022
CUST0857,Tiffany,Rodriguez,erin67@lynch-gonzales.com,+1-021-933-5502x9822,"022 Veronica Cliff, Lake Karenfurt, ME 12234",Perezfort,Hawaii,4/27/2022
CUST0858,Allen,Price,mwilliams@yahoo.com,(171)544-5850x73855,"Unit 3909 Box 8444, DPO AP 08968",Dianaberg,Utah,12/24/2024
CUST0859,Matthew,Ramos,lesliethompson@yahoo.com,475-524-2322x01233,"775 Randall Path, East Francisco, NV 57985",North Richard,Nebraska,5/16/2022
CUST0860,Justin,Stewart,jenniferoconnor@fitzgerald-richardson.com,+1-081-046-1788x476,"437 Veronica Pines, Markhaven, PA 70827",Maryton,Rhode Island,9/16/2022
CUST0861,Erin,Smith,qscott@yahoo.com,+1-642-476-7855x60082,"815 Cooke Pine, New Ethan, HI 96997",South Bryan,Ohio,1/3/2025
CUST0862,Katherine,Leonard,jasmine95@hotmail.com,(497)790-6970,"826 Douglas Rue Suite 046, Osbornebury, MA 85033",Lake Betty,Alabama,5/22/2022
CUST0863,Tracy,Rogers,trandonald@bryant.com,+1-382-696-1895x9150,"29924 Powers Coves, Baldwinville, VT 39205",Gloriaburgh,Arkansas,5/11/2022
CUST0864,Raymond,Clark,iabbott@johnson.com,001-400-271-0345x411,"679 Deborah Creek Apt. 064, Moonville, NE 33012",Lake Cristina,New Jersey,10/28/2022
CUST0865,David,Stanley,davidboyle@hotmail.com,4135940627,"53590 Jennifer Forks, Halestad, VT 00961",South Nicholasmouth,Maine,10/11/2023
CUST0866,Gerald,Fuller,amyhaney@gmail.com,(949)247-1684x08968,"483 Michelle Viaduct, Cruzside, FL 55583",Erinmouth,Maryland,10/3/2024
CUST0867,Guy,Anderson,wilsonjeffrey@kelley.org,886-641-6389,"66196 Latoya Isle Apt. 776, Stewartton, CT 88660",West Tyler,Indiana,10/27/2024
CUST0868,Kayla,Ortiz,stephanie15@lewis-moreno.com,(732)649-2731x2678,"8244 Thomas Points Suite 147, East Ashleyborough, NH 40422",West Allison,Arkansas,1/28/2024
CUST0869,Gina,Adams,jordangomez@olson.org,056-968-1606,"7062 Williams Garden, North Randyport, LA 26098",New Bruce,Missouri,9/23/2024
CUST0870,Nicholas,Owens,stephenwinters@davis.com,001-235-458-5351x056,"01970 Griffin Drive, North Desiree, MT 51487",East Brandonville,Mississippi,12/19/2024
CUST0871,Erin,Taylor,josedaniels@byrd-welch.com,2930977172,"4083 Derek Expressway, East Zacharyshire, NC 95697",Lake Gene,Missouri,11/29/2023
CUST0872,Nicholas,Kim,johnhubbard@gmail.com,(408)345-2687x4675,"6154 Moreno Isle Suite 990, North Vanessa, RI 64615",Danielleton,New Hampshire,3/3/2023
CUST0873,Tamara,Peterson,apierce@hotmail.com,408.678.7750,"4970 Joy Shores Suite 012, Barbarafort, VT 47236",Port Kim,Illinois,10/17/2024
CUST0874,Bill,Berry,smithjennifer@yahoo.com,832.279.6285,"7734 Vanessa Isle Suite 879, Davidstad, RI 55497",Lake Ronald,Massachusetts,1/9/2023
CUST0875,Eric,Cook,justin06@hotmail.com,001-539-217-0670,"70798 Floyd Curve, South Jamesside, SD 27815",Sanchezview,Oklahoma,7/11/2023
CUST0876,Tammy,Ramirez,scott86@stein-mcpherson.net,-9282,"147 Taylor Landing Apt. 194, Port George, CA 32606",Reidfort,Rhode Island,11/29/2022
CUST0877,John,Key,brian50@yahoo.com,(052)586-8324,"649 King Place, North Vanessaborough, MN 60759",Nicholasport,North Carolina,6/3/2024
CUST0878,William,Mann,chelsea98@richardson.com,(126)335-5816,"62452 Mary Plaza Apt. 756, Port Amyland, ND 06667",North Amber,Nebraska,10/3/2022
CUST0879,Daniel,White,andrew47@glover-johnson.biz,079-981-8585x08308,"05277 Jones Dam Suite 821, North Cheryl, KY 40322",Matthewbury,Alaska,7/18/2023
CUST0880,Samantha,Young,ygarrett@gmail.com,001-764-875-4724x862,"770 Thomas Underpass Suite 872, New Tonya, MA 47398",Port Ryanland,Iowa,4/12/2024
CUST0881,Frank,Heath,jgoodman@phillips.biz,(042)108-4184,"792 Tanya Rest, South Amy, KY 86530",East Erinport,Hawaii,8/24/2023
CUST0882,Jay,Miles,skelley@hotmail.com,001-533-503-6312x33107,"694 Henry Plains Suite 279, Masonville, IA 83104",Macdonaldberg,South Carolina,8/17/2022
CUST0883,Bryce,Smith,davieskenneth@gmail.com,921-588-9396x0568,"641 Meyer Springs Suite 391, New Miguelside, FL 00674",New Ryan,Kentucky,11/1/2024
CUST0884,Lindsey,Howell,ccooper@gmail.com,+1-010-722-9150x60616,"2932 Ford Hollow Suite 396, Rodriguezton, ND 24160",Raymondhaven,Louisiana,1/26/2023
CUST0885,Randy,Garcia,chelsea55@powell-mason.com,(989)111-3232x240,"467 Cynthia Roads Apt. 000, Dixonland, MD 38763",Johnsonborough,Louisiana,3/1/2023
CUST0886,Latoya,Walton,gjames@mcclain.com,+1-490-859-9602x3220,"Unit 6677 Box 5307, DPO AP 01940",Georgefurt,Colorado,8/3/2024
CUST0887,Gary,Soto,barnescharles@todd.com,531-446-9827x54064,"9912 Daniel Stravenue, Hansonborough, VA 78428",South Jeanette,Ohio,12/17/2023
CUST0888,Jessica,Buckley,jay53@quinn.com,+1-553-999-0365x9568,"934 White Mews Apt. 306, South Michelle, AR 30817",Salinasmouth,Washington,11/14/2023
CUST0889,Michael,Orozco,reneeduarte@hancock.com,762-740-6417,"0719 Vargas River Suite 535, Mcculloughland, NV 40835",Ashleyfort,Mississippi,6/30/2023
CUST0890,Thomas,Atkins,francojoshua@medina.com,056.740.2821x76942,"6726 Jill Mission Apt. 830, Jonathanmouth, WV 72295",North Kevin,Delaware,7/16/2023
CUST0891,Nicholas,Robinson,dannyellis@gmail.com,(382)106-4040,"9435 Brittney Circles, Taylorhaven, NV 95573",Christopherville,Nebraska,5/11/2024
CUST0892,Dylan,Smith,wendycarr@davis.info,+1-006-312-2011x91135,"2252 Davis Loop, Dawnborough, CO 14479",Colleenchester,Idaho,9/16/2023
CUST0893,Phillip,Solomon,bwright@yahoo.com,567-191-8718x602,"49703 Amanda Stream, West Jessicaview, MI 14434",West William,Alaska,12/24/2022
CUST0894,Michael,Allen,brownkelly@yahoo.com,001-267-706-2852,"788 Bryce Centers Suite 445, Port Donaldmouth, ME 13607",East Rhondachester,Utah,5/19/2024
CUST0895,Steven,Wise,elizabeth84@lewis.info,385.501.5603x14894,"297 Williams Station, Alexanderfort, GA 10635",Lisafurt,Connecticut,7/15/2024
CUST0896,Travis,Lopez,gilmorecarlos@yahoo.com,+1-117-371-8755x2472,"74323 Jasmine Trace Suite 039, East John, TX 49411",Port Evan,Washington,12/4/2023
CUST0897,Michael,Jacobson,jeremy73@gonzalez.com,129.681.9919x326,"2610 Anthony Inlet, Rogerstown, NH 99076",Danielton,South Dakota,1/28/2025
CUST0898,Benjamin,Dunn,shaffermonica@joyce-davidson.org,(529)595-6307x11471,"10414 Baker Court Suite 770, Peggyland, NC 60462",Kaitlinfurt,Kentucky,11/12/2022
CUST0899,Grace,Williams,bellchristie@christensen-vaughan.com,619-961-0936x6759,"327 Adam Vista Apt. 247, Tylerburgh, NJ 83978",Hansenstad,Nebraska,2/21/2024
CUST0900,Andre,Potter,josephcampbell@yahoo.com,(183)190-1037x0068,"425 Gutierrez Mall, Lake Gary, KY 92816",Christophermouth,California,4/14/2025
CUST0901,Sara,Smith,greendalton@gmail.com,(349)315-2127x742,"64104 George Mall, Lake Joseph, SD 18543",Andersonmouth,Alabama,10/30/2024
CUST0902,Brandy,Morrison,vnelson@gmail.com,992-710-8485,"761 Moore Lodge, New Jerryfort, AL 19675",Lake Ronnie,Texas,2/7/2023
CUST0903,Mark,Lambert,jasonmaynard@gmail.com,(385)515-3606,"59879 Gray Isle Apt. 933, Griffinview, TN 52684",Port Marisastad,Rhode Island,7/3/2022
CUST0904,Richard,Wells,vfranklin@hopkins.com,766.569.5994,"057 Miller Port Suite 436, Sarahtown, CA 65504",Port Christinaland,Indiana,6/26/2023
CUST0905,Stephen,Davis,craig17@shields-friedman.org,333.988.4902,"3424 Kathleen Brooks Suite 820, Chapmantown, MS 60963",Lisafort,Indiana,11/29/2022
CUST0906,Samantha,Stein,iroberts@riley-cook.biz,(011)679-7951x90152,"3644 Whitney Stravenue, New Grant, MT 77816",Port Jeremy,Wisconsin,8/9/2024
CUST0907,Christina,Rivera,larryzimmerman@yahoo.com,715.791.6407,"47997 Choi Inlet Apt. 993, Chasebury, UT 64539",Lake Christopherhaven,Missouri,7/18/2022
CUST0908,Michele,Williams,nancyburke@jones.com,001-855-885-4432x647,"5280 Hannah Springs, Garciaview, SC 80120",Christopherfurt,Nevada,4/12/2025
CUST0909,Robert,Becker,williamshector@cordova.com,(615)018-0847x15400,"6098 Williams Parkway, Tammystad, IL 59606",Dianeland,Delaware,12/14/2022
CUST0910,Angela,King,levyautumn@white.com,001-648-099-3793x44966,"632 Stephanie Shore Apt. 109, East Stevenchester, CT 14916",Shellyburgh,Kansas,11/17/2023
CUST0911,Julie,Parker,bjohnson@hotmail.com,(019)050-4085x142,"5873 Rachel Center Apt. 598, West Nancy, VT 79977",Schmittfurt,South Carolina,12/22/2022
CUST0912,Emily,Sandoval,myersmichele@hotmail.com,752.716.4573x27630,"4467 Cantu Tunnel Suite 174, West Karenmouth, NV 43352",Reedfurt,Vermont,8/29/2024
CUST0913,Daniel,Cunningham,lvincent@marquez.com,+1-631-495-4726x05365,"USNS Evans, FPO AP 63327",Richardland,Louisiana,12/20/2024
CUST0914,Kimberly,Nelson,nhayden@brown-stone.com,068.058.0557x308,"4081 Rivera Mount, Tiffanyfort, MD 58204",Ericport,Iowa,7/24/2024
CUST0915,Edward,Case,emilyeaton@hotmail.com,(213)475-4102,"488 Allison Groves, South Mary, UT 85842",Lake Katherine,Delaware,7/3/2022
CUST0916,Joseph,Garcia,larsonbenjamin@elliott-lara.com,038.370.5798x878,"5195 Mathews Route Suite 739, West Jason, UT 41501",Kimbury,Florida,3/28/2023
CUST0917,Travis,Gutierrez,arnoldkristina@gmail.com,155.516.0021x1916,"5890 Jennifer Points Apt. 931, Port Danielborough, IN 93181",Port Ashleybury,South Carolina,8/22/2022
CUST0918,Derek,Zhang,thendricks@blevins-smith.com,502.671.9882x2204,"978 Brandi Ports, Jessicaland, IA 90077",Lake Traci,North Dakota,7/24/2024
CUST0919,Diana,Hensley,kellylucero@hotmail.com,-3426,"73043 Harris Ridge Apt. 951, Henryside, RI 71193",Robinsonfort,Arkansas,5/25/2024
CUST0920,Kenneth,Savage,zfarmer@yahoo.com,262-214-4429x7562,"74952 Thomas Mission Apt. 593, North Sarahtown, OK 80635",South Rachelhaven,Massachusetts,8/31/2023
CUST0921,Brandi,Hill,perezdebra@yahoo.com,119-125-4345x6985,"158 Smith Parkways Apt. 012, New Lisaburgh, OR 29995",South Virginia,California,3/18/2025
CUST0922,Timothy,Rose,yreyes@olson-woods.org,756-057-9660x453,"4790 Walton Views Suite 207, Lynchchester, FL 73204",New Charleston,Alaska,5/20/2023
CUST0923,Julie,Richards,raymond57@gmail.com,717.980.1257,"78768 Williams Lake, North Stephanie, KY 94591",East Jenniferville,Tennessee,5/15/2024
CUST0924,Danielle,Rodgers,zgonzales@gmail.com,(327)503-2739x8665,"704 Glenn Burgs, Randallmouth, VA 48262",Jasminefort,North Dakota,5/7/2023
CUST0925,Paul,Hood,charles72@yahoo.com,-752,"3942 Juan Cove Suite 580, Lake Kristenfort, NE 69231",Kaylamouth,New York,10/29/2022
CUST0926,Kelly,Hunt,kjohnson@hill.net,063.203.2872x1249,"8995 Vanessa Trafficway Suite 869, South Lauren, MT 14554",East Nicole,North Dakota,11/7/2024
CUST0927,Linda,Mitchell,ryan60@gmail.com,(999)893-6101x007,"12287 Susan Heights Suite 452, North Jessica, MI 71326",West Laurie,Arizona,6/12/2023
CUST0928,Caroline,Simmons,fisherdenise@johnson.com,707-658-5676,"Unit 9121 Box 9065, DPO AE 85458",Ortizside,North Carolina,4/10/2023
CUST0929,Elizabeth,Gomez,gmyers@yahoo.com,772-144-2543x3966,"37851 Tamara Motorway, Port Tonichester, AL 04573",Dannyfort,Florida,11/29/2022
CUST0930,Randy,Boyle,matthew20@gmail.com,592-436-3960x542,"85081 Dustin Forks Apt. 938, North Tracychester, DC 84849",Courtneymouth,Vermont,12/21/2022
CUST0931,Stephen,Pugh,tracy20@martinez.com,005.157.9575x50260,"333 Estrada Summit Apt. 504, New Jennifer, OH 90464",Wiseton,California,11/26/2023
CUST0932,Victoria,Warren,robert38@gmail.com,001-251-996-9961x15570,"967 Stewart Island Suite 757, West Dianamouth, FL 32802",West Rebeccamouth,Oklahoma,7/15/2024
CUST0933,Jennifer,Brown,steven80@gmail.com,001-379-614-4477x46619,"5051 Parsons Cliff Suite 251, Mcdonaldbury, MD 14703",Christopherfort,Kansas,7/15/2024
CUST0934,Vincent,Pugh,isavage@weaver.biz,-11275,"610 Derek Rapid Apt. 950, Wilkinsonshire, IL 11347",North Sandra,Mississippi,3/19/2023
CUST0935,Austin,Gonzales,john03@rogers.com,729.388.2493,"813 Amanda Port Suite 577, South Jamie, PA 42369",Solistown,Arizona,4/4/2023
CUST0936,Angela,Humphrey,antoniobates@hotmail.com,+1-281-333-4746x0771,"78101 Denise Crest Suite 603, West Anne, ID 11706",Port Danielleville,Minnesota,5/12/2024
CUST0937,Marcus,Morales,katelynterrell@hodge.com,277.003.4888x530,"157 Brian Mount Suite 397, Clarkberg, NC 83388",North Jill,Mississippi,1/23/2024
CUST0938,Jade,Gonzalez,keithvelez@yahoo.com,-1126,"033 Elizabeth Plaza Suite 986, Stricklandmouth, MO 85648",South Joyce,South Dakota,2/5/2024
CUST0939,Kiara,Rodriguez,wjohnston@ferguson.com,519.356.4219x2686,"496 Dominic Common Suite 762, Edwardsburgh, TX 84368",West Lindahaven,Michigan,10/28/2024
CUST0940,Barbara,Stuart,andrewtorres@gmail.com,(711)923-5068,"2278 Bell Station, Toddfurt, MO 53946",Phillipshire,Oregon,12/10/2024
CUST0941,Lee,Harris,akaiser@hotmail.com,(028)260-4969,"2944 Boyd Park, Barnettshire, WV 72048",Catherineville,Kentucky,8/26/2024
CUST0942,Alan,Juarez,braunclaire@yahoo.com,834837794,"834 Lambert Expressway Suite 172, New Jennifer, TX 63960",Joburgh,Michigan,1/24/2023
CUST0943,Keith,Roberts,whitedavid@yahoo.com,303.188.7144x400,"10106 Sarah Islands, West Kimberlyville, NJ 97068",Jamesfurt,West Virginia,10/19/2022
CUST0944,Robert,Robertson,limichael@cuevas.biz,(908)456-8220x59679,"067 Simmons Ranch, Lake Edwardport, IN 34229",Kimberlyport,Pennsylvania,3/15/2024
CUST0945,Richard,Gutierrez,andrealopez@mason-jimenez.com,001-537-601-6849x8450,"9772 Mitchell Fords Apt. 537, Lake Deanna, KS 48482",Campbellmouth,Wyoming,10/30/2022
CUST0946,Mike,Cole,hawkinsapril@mccarthy.com,(643)321-8428x36708,"Unit 8588 Box 2463, DPO AE 60502",South Kevin,North Dakota,6/3/2022
CUST0947,Keith,Richardson,carterjames@hancock.com,743.453.1609x62127,"393 Michael Station Suite 758, Hufffort, MS 02409",South Caitlin,Rhode Island,3/7/2023
CUST0948,Daniel,Mcgee,alexiskennedy@valentine.com,-10993,"85335 Ronald Motorway Suite 173, Greenmouth, SD 77702",Theresachester,New Mexico,9/7/2023
CUST0949,Kevin,Ray,john54@evans-palmer.org,(568)995-1129x8580,"USCGC Gonzalez, FPO AA 70391",West Lacey,Washington,7/5/2024
CUST0950,Gene,Farmer,erin66@clark.com,779.634.5237,"9717 Estes Inlet, Jamesview, TN 93642",Campbellfort,Connecticut,4/18/2024
CUST0951,Mitchell,White,kellysoto@yahoo.com,631-121-6799x0285,"5407 Long Mews, West Carol, ID 02612",Floresshire,Nevada,4/8/2024
CUST0952,Philip,Arellano,wilkinsmichele@gmail.com,001-142-568-1482x1886,"87217 Patterson Port Suite 112, Juliemouth, NE 69709",Longfort,Texas,10/8/2022
CUST0953,Frances,Jefferson,maria47@day.com,(053)678-3569,"7014 Robinson Motorway, Port Kathleen, OR 52531",Lake Lisaville,Montana,11/1/2023
CUST0954,Eric,Fowler,phelpsdeanna@yahoo.com,+1-957-847-3435x92070,"8896 Ronald Mews, Schneidermouth, IA 55917",South Samuel,Massachusetts,3/12/2023
CUST0955,Julie,Boyle,kelseyboone@gmail.com,428-433-3375x8155,"987 Patricia Way, Harrisside, DE 86732",Shannonborough,Utah,11/16/2024
CUST0956,Tina,Roman,iross@yahoo.com,017.928.4789x79889,"180 Meghan Plains, Franklinfort, GA 70030",South Abigailberg,Alaska,9/17/2024
CUST0957,Emily,Washington,gloria21@yahoo.com,(957)084-9921x3532,"704 Moore Highway Apt. 098, Hughestown, NE 10594",Port Charlesfurt,Washington,7/26/2022
CUST0958,Colleen,Perez,heatherhammond@blackwell-burke.org,+1-806-260-3550x509,"90918 Garcia Via Apt. 511, East John, UT 91826",South Meghanshire,Michigan,6/16/2022
CUST0959,Vanessa,Reynolds,vthornton@kelly.net,2570200618,"PSC 4511, Box 9306, APO AP 37862",South Desireeshire,Arkansas,5/2/2024
CUST0960,Daniel,Day,hwarren@gmail.com,001-317-084-1764x564,"233 Wood Mall, West Michael, OH 91428",Port Carolynville,Mississippi,11/7/2022
CUST0961,Claire,Martinez,kevinrivera@mccoy.com,(896)515-1802x8080,"Unit 4870 Box 4817, DPO AE 18681",Lake Matthewside,New Mexico,1/5/2024
CUST0962,Catherine,Ellis,stephensullivan@mathis.info,+1-449-525-1521x59819,"80460 Gonzalez Squares Suite 059, North Morganfort, IA 62079",Robertport,Virginia,9/13/2024
CUST0963,Katelyn,Marshall,john11@gmail.com,-773,"USNS Jackson, FPO AE 73955",Allenhaven,Utah,11/18/2024
CUST0964,Cathy,Hurley,lisa78@hotmail.com,+1-630-206-7856x9229,"4600 Michael Summit Suite 410, East Rebeccafurt, KS 58383",Lindaview,Minnesota,1/2/2023
CUST0965,Jason,Williams,christopherbranch@gmail.com,671-303-5463,"366 Kelly Cliff, Christopherberg, MD 79887",Cynthiachester,Idaho,3/17/2023
CUST0966,Jeffery,Beck,mark20@hotmail.com,001-411-411-1694,"06563 Rhonda Loaf, Crystalland, NJ 96556",North Hannah,North Dakota,4/1/2025
CUST0967,Stephanie,Sanders,elizabeth11@yahoo.com,(066)277-3542,"958 Powers Mountains Apt. 223, Snowstad, NM 74560",North Joseph,Virginia,5/25/2023
CUST0968,Donna,Baker,tammywallace@wolfe.org,(540)558-7711x866,"PSC 4000, Box 8542, APO AE 63986",North Kristen,Illinois,8/10/2023
CUST0969,Emily,Grimes,joan72@robinson-booker.biz,001-354-516-7469,"5966 Simon Summit, West Brenda, GA 06980",Birdton,Arizona,4/14/2025
CUST0970,Sean,Anderson,courtney84@roth.com,-10425,"78991 Troy Ville, Edwardview, NE 16629",Williamsside,North Carolina,2/7/2025
CUST0971,Michael,Hendricks,osmith@yahoo.com,244-574-0166x6177,"Unit 3534 Box 9455, DPO AP 91238",West Larry,Louisiana,11/24/2022
CUST0972,Joseph,Campbell,ellistroy@gmail.com,-8075,"USNS Campbell, FPO AA 04756",West Brianton,Washington,11/26/2022
CUST0973,Nichole,Sutton,nwatson@conner.com,001-487-243-8719x376,"6386 Wagner Rest, Martinberg, CA 03200",Port Caseyhaven,Indiana,12/7/2024
CUST0974,Shawn,Lee,mark82@hotmail.com,918-728-5097,"108 Huynh Street, North Louisfort, MT 32909",Lake Richard,Alaska,10/28/2024
CUST0975,Nicholas,Richardson,omorales@conway.biz,+1-688-192-8054x058,"9376 Richard Street Apt. 333, Meghanport, DE 22957",Port Tammy,Idaho,7/11/2023
CUST0976,Kayla,Hayden,rhampton@yahoo.com,(688)379-2128,"2963 Jason Ville, Dianabury, CO 15764",Brownville,Nebraska,8/26/2023
CUST0977,Teresa,Allen,csmith@graves-carroll.com,184.688.3481x304,"61868 Courtney Union, Port Scott, HI 20254",South Brenda,Montana,11/18/2023
CUST0978,Anthony,Dixon,danarussell@yahoo.com,856-751-8961,"Unit 5033 Box 9590, DPO AA 45777",Timothychester,South Dakota,5/6/2023
CUST0979,Matthew,Lee,michaelwatson@young-hartman.com,313-400-6985x67716,"4615 Dickerson Estates, Port Stevenland, TN 22705",Chavezview,Alaska,7/27/2023
CUST0980,Andrew,Prince,aclark@gmail.com,781.850.3687x306,"5686 Edwards Streets Apt. 857, East Nathan, WA 98167",Juantown,Tennessee,3/28/2025
CUST0981,Robin,Reynolds,bettyprince@hotmail.com,073.396.2927x7051,"6391 Kelly Inlet, North Ian, ID 84357",Blackwelltown,Nebraska,1/21/2025
CUST0982,John,Cooper,tramirez@yahoo.com,001-490-701-1701x63413,"8293 Courtney Road Suite 454, West Johnport, IN 87406",Cassandraville,Idaho,9/12/2022
CUST0983,Claudia,Herrera,rebeccajenkins@santiago.org,-8112,"153 James Center, Martinezside, AZ 98029",North Daniel,Colorado,11/23/2022
CUST0984,Felicia,Pope,stephaniejohnson@coffey.org,(368)781-6248,"758 White Stream, Gonzaleshaven, DC 67551",Nancyborough,Hawaii,7/14/2023
CUST0985,Christina,Grimes,sheilavaughn@knight-maxwell.com,001-426-997-0854x10551,"44207 Hernandez Islands Suite 935, Lake Patrick, NY 85047",New Rebeccaport,Rhode Island,8/2/2023
CUST0986,Francisco,Smith,johnsonamanda@burton.com,6193595376,"412 Kristi Viaduct, North Lauren, MI 39427",Port Davidburgh,Mississippi,11/5/2023
CUST0987,Mary,Pena,joseph16@hotmail.com,904-325-3788x12420,"0102 Henry Light Apt. 622, Joannastad, SC 26035",Castilloshire,Kentucky,7/21/2024
CUST0988,Veronica,Long,qsanchez@gutierrez.com,001-092-866-6542x162,"4427 Baker Mountain Suite 923, New Beverly, CA 73574",Larsonland,Minnesota,2/13/2023
CUST0989,Joseph,Vasquez,alvarezshannon@delgado.com,001-389-628-7969x637,"28959 Michelle Views Suite 141, Edwardsfort, AR 17914",South Alexisport,North Carolina,4/4/2023
CUST0990,Christina,Smith,vaughnlori@hotmail.com,+1-045-959-2420x003,"8455 Jennifer Common Apt. 289, West Andrewton, TX 09864",Osborneside,Delaware,5/17/2022
CUST0991,Amanda,Carr,powellricky@yahoo.com,757.758.9020x7245,"Unit 5357 Box 2345, DPO AE 72087",New Toddview,Illinois,6/22/2023
CUST0992,Kristen,Curry,bholt@gmail.com,724-959-7719x979,"64742 Sarah Unions, Port Samantha, AR 61813",Perryland,Delaware,7/14/2024
CUST0993,Brittany,Barrett,hgonzalez@hotmail.com,664.221.7023x77506,"7135 Daniel Alley Apt. 449, South Lawrenceberg, MT 54358",Moorefurt,South Carolina,9/10/2022
CUST0994,Dorothy,Smith,hgill@yahoo.com,299-544-0392x3507,"171 Carter Locks, Pearsonborough, NJ 47743",South Matthewborough,North Carolina,7/13/2023
CUST0995,Renee,Dixon,michael23@gillespie.com,(301)781-6355x947,"12054 Lauren Valley Suite 695, Markchester, CT 64527",Thomasmouth,Kansas,8/17/2023
CUST0996,Ernest,Brown,maria84@valentine.com,001-952-719-3995x1678,"380 Davila Hills, New Lisa, GA 47830",West Kimberlyland,New Mexico,9/25/2022
CUST0997,Matthew,Morales,grayangela@yahoo.com,-5863,"5514 James Creek, Henryside, LA 10104",South Allen,Illinois,4/3/2025
CUST0998,Ashley,Mitchell,zpowers@hotmail.com,4671023702,"99677 Lucas Groves, West Williamborough, OK 92524",Floresville,Nebraska,9/22/2024
CUST0999,Sharon,Olsen,jeremyweber@hotmail.com,+1-991-444-5117x649,"77813 Noah Stravenue Suite 527, Port Brentside, MA 80271",West Sherri,Connecticut,10/6/2024
CUST1000,Sherry,Norton,moodychristopher@hotmail.com,970-958-8000x20626,"Unit 4323 Box 3140, DPO AE 99904",Johnborough,Maine,2/25/2023
CUST1001,Chad,Brown,crystal20@irwin.info,523-447-2853,"475 Reed Drive Suite 759, Michaelside, AL 64435",East Chelsea,Texas,3/25/2025
CUST1002,Laura,White,adamsian@gmail.com,542.855.5372x28105,"72211 Maria Mountains, Williamshaven, MS 60051",Jenniferberg,Missouri,7/28/2024
CUST1003,Tommy,Murphy,shawn69@gmail.com,972.173.8842,"743 Mary Trail, Lake Rachel, SD 78728",Harrisberg,Michigan,6/6/2022
CUST1004,Erin,Hernandez,mitchellwalker@montgomery-savage.org,(753)347-3343,"147 Tammie Green, Port Andrew, AZ 74904",New Carmenview,Colorado,7/6/2022
CUST1005,Brian,Acevedo,falvarez@yahoo.com,730.573.7072x6220,"1606 Jordan Fall, Edwinshire, AL 56837",New Jerry,Wyoming,9/22/2023
CUST1006,Travis,Finley,hawkinsjennifer@hotmail.com,918.442.6230,"USNV Davila, FPO AE 65623",Port Heathermouth,Delaware,11/28/2023
CUST1007,Diane,Jensen,brandon15@hotmail.com,(649)182-4356x296,"USCGC Cruz, FPO AE 16393",Kleinhaven,Illinois,10/27/2022
CUST1008,Jonathan,Cruz,jasontran@yahoo.com,+1-231-292-3298x09906,"5643 Baker Pines, Samanthaland, SC 68648",South Debbie,Colorado,11/4/2022
CUST1009,Morgan,Wood,codybenson@gmail.com,5220866875,"414 Jones Corners, Maryport, MO 92280",Aguilarland,Kansas,1/21/2025
CUST1010,Stephanie,Vance,brendacastillo@gmail.com,(621)338-8935x649,"270 Thomas Terrace Apt. 602, East Debraberg, TX 36010",Pattersonmouth,New Hampshire,6/23/2022
CUST1011,Marcus,Cox,sethellis@brown.com,001-332-596-6864,"320 Davis Mall Suite 674, Brownfurt, UT 33397",South Steve,Florida,10/18/2022
CUST1012,Tammy,Smith,ramosmark@gmail.com,3570706516,"094 Ramos Land Apt. 746, New Timothyfurt, RI 73724",Michealville,Connecticut,9/7/2024
CUST1013,Joshua,Brown,danieljoyce@gmail.com,609-518-3592,"288 Kyle Union Suite 816, New Breannaville, WY 12561",North Josephberg,Ohio,7/29/2023
CUST1014,Michelle,Jackson,browndana@hotmail.com,8954503486,"07987 Hunter Drive, New George, ME 72525",East Darleneberg,Colorado,9/15/2022
CUST1015,Michael,Ball,qmendez@stewart-davis.com,+1-419-764-9526x3998,"079 Kara Loop Suite 349, South Steven, CO 79620",Garciachester,New Hampshire,5/26/2023
CUST1016,Jennifer,Anderson,smithnathaniel@hotmail.com,703.618.4722x17927,"878 Joseph Creek, Caseyside, MS 52832",West Craigfort,Georgia,11/5/2023
CUST1017,Christopher,Reese,brendahart@matthews-roberts.com,566752183,"Unit 8429 Box 7917, DPO AE 83793",Thomasside,Colorado,10/9/2024
CUST1018,Mary,White,breanna42@gmail.com,+1-141-570-7817x59710,"85185 Alexander Harbor, South Randall, IA 91242",North Taylor,New Mexico,9/20/2024
CUST1019,Christina,Larson,peterbender@hotmail.com,783-966-9060,"25095 Tristan Gardens Apt. 082, Taylorfort, MI 34368",Lake Donaldfurt,Michigan,2/16/2023
CUST1020,Leslie,Howard,caseyjeffery@yahoo.com,(296)363-7493x94486,"26069 Robert Inlet Suite 471, New Codyton, KY 75335",Angelaton,Florida,2/13/2023
CUST1021,Phyllis,Russell,hernandezluis@gmail.com,340-374-5804x720,"1241 Hayes Inlet, Leonardfort, LA 76593",Port Tammy,Wyoming,1/28/2025
CUST1022,Lori,Brooks,melissa82@prince.com,(695)610-3987x489,"USS Hicks, FPO AA 18907",North Marcoville,Alabama,10/16/2022
CUST1023,Elizabeth,Strickland,jhardy@gibson-powers.com,878-580-4627x139,"06812 Elizabeth Gateway, Bradyberg, CT 70403",Estradatown,Maryland,10/3/2024
CUST1024,Edward,Brown,sarah56@yahoo.com,489.893.7522,"60927 Johnson Port, Brookestad, SD 31299",South Ariel,Wyoming,8/11/2022
CUST1025,Audrey,Nelson,leonardbullock@gmail.com,+1-872-797-0329x70268,"8294 Jessica Mill, North Charlene, IA 97969",Williamston,Arkansas,10/18/2024
CUST1026,Jeffery,Montgomery,angelsanders@friedman.com,001-618-871-8458x227,"059 Jose Orchard, New Kimberlyburgh, OK 50822",Johnsonhaven,Maine,8/4/2024
CUST1027,Paul,Lewis,delacruznatalie@williams.com,(375)728-0155,"28072 Anthony Alley, West Maria, TX 74560",Port Jamiechester,Louisiana,12/29/2024
CUST1028,Michael,Watkins,jonathan15@clayton.com,-10420,"32589 Brandon Walk, Newmanside, LA 61074",Josephmouth,Tennessee,2/2/2023
CUST1029,Mary,Bailey,burnsjames@barnes-powell.com,(002)160-6608x23177,"48821 Tiffany Shore, Luisborough, MO 21706",New Michaelberg,Texas,6/24/2024
CUST1030,Jason,Owens,crogers@yahoo.com,713-047-9429x44394,"7763 Larry Mountains, Montesfort, CA 84374",Ochoafurt,Connecticut,9/12/2023
CUST1031,Kevin,Smith,anthonyjones@yahoo.com,631-157-2438,"388 Chen Burg, West Josephmouth, HI 27692",South Brianmouth,Hawaii,10/17/2023
CUST1032,Ryan,Moss,jeffrey64@gmail.com,5912051070,"076 Mary Union Apt. 916, Lake William, AR 42478",Port Jacob,Washington,8/5/2022
CUST1033,John,Wood,wolfeanna@peters-butler.net,343-749-2590x811,"7829 Ford Avenue, South Tiffanyburgh, WI 24336",West Shane,Georgia,9/24/2023
CUST1034,Dean,Williams,laurenmartinez@wright.com,505.189.8325,"3975 Brandon Falls Apt. 341, Velezton, HI 97106",South Jenniferville,Kentucky,1/19/2023
CUST1035,Monique,Rogers,tholmes@garcia-rubio.com,001-944-215-3930x9822,"40735 Blackburn Meadow Apt. 716, West Timothyville, UT 50152",North Jenniferhaven,West Virginia,9/10/2024
CUST1036,Gary,Juarez,ashleycrosby@hotmail.com,001-557-172-9149x74572,"5669 Lopez Terrace, West Stephanieberg, SD 01816",West Patrick,Pennsylvania,11/15/2023
CUST1037,Shari,Peterson,rreid@gmail.com,(578)129-4438x774,"491 Karen Mill, Daniellemouth, LA 87351",East Kimberlyport,Mississippi,11/7/2024
CUST1038,William,Rogers,whitney88@hill.com,152-383-6376x254,"90256 Clay Valley, Jessicaport, MI 43127",New Aaronside,South Carolina,1/28/2025
CUST1039,Tiffany,Anderson,sara32@gmail.com,(519)454-4410,"356 Kimberly Plaza, Port Adam, LA 60090",Knappmouth,Oklahoma,11/23/2022
CUST1040,Marc,Johnson,oscott@gmail.com,5519863655,"00507 Caitlin Trace, Allenton, IL 28539",Walkerburgh,Kentucky,12/13/2023
CUST1041,Donald,Hutchinson,sandersamanda@gmail.com,927.144.2116x168,"6915 Fernandez Underpass Apt. 289, Jonesburgh, WV 58058",North Heidishire,Virginia,3/11/2023
CUST1042,Rebecca,Snyder,emoody@yahoo.com,995-186-5613,"52462 West Falls, South Brandyberg, TX 10031",North Jeffery,Alabama,4/27/2022
CUST1043,John,Nichols,kcunningham@rodriguez-walker.com,001-576-389-5545,"4224 Rosario Way, Matthewborough, MA 77270",Castromouth,New Hampshire,9/12/2024
CUST1044,Jared,Jones,jenkinspatrick@roberts.com,001-973-197-5960,"51158 Stephanie Centers Suite 417, East Melissaborough, NM 41050",North Marioberg,Maine,12/27/2023
CUST1045,Jennifer,Riggs,emontes@evans.com,917-479-4871x016,"96447 Bryant Island, Watsonport, IL 43354",North Annette,Hawaii,7/24/2022
CUST1046,Sharon,Wilson,cturner@hotmail.com,124.319.0015x7526,"7531 Gomez Prairie Suite 944, East Christophermouth, VT 05442",South Samuel,Oregon,4/3/2024
CUST1047,James,Garcia,rpatterson@gmail.com,(363)457-4840,"9373 Abigail Valleys, Gillespieland, NV 50320",Paulbury,New York,7/1/2022
CUST1048,Luke,Rocha,amy48@gmail.com,7494626906,"9518 Ramos Walk Apt. 701, West Ericshire, DE 80995",New Robinfort,South Dakota,7/21/2024
CUST1049,Theresa,Rodriguez,sabrinamay@gmail.com,(499)091-1369x1873,"5007 Nichols Union Suite 472, North Michelleview, IN 01569",New Christophermouth,Massachusetts,9/25/2023
CUST1050,James,Copeland,charles99@white-villarreal.biz,001-379-383-8706x848,"7294 Moore Bypass, East Elijahfurt, WY 36572",South Scott,Utah,7/10/2022
CUST1051,Lisa,Reid,guerrerojackie@ferguson.com,(956)860-8540x95704,"6919 Green Mount, Ashleyton, HI 56089",Kimberlybury,Nebraska,9/29/2022
CUST1052,Johnny,Curtis,alexlawrence@gaines.info,(477)128-9905x029,"PSC 0280, Box 9000, APO AP 12246",South Jeffreyton,New Hampshire,2/13/2024
CUST1053,Rhonda,Sandoval,toddwyatt@smith.com,(584)135-1757x89765,"48127 Logan Park Suite 883, Leeville, CA 21586",East Dariusborough,Kentucky,12/11/2024
CUST1054,Elizabeth,Davis,hopkinsbrian@gmail.com,087.660.8137x33325,"740 Katie Dale Suite 994, Ronaldshire, NJ 62561",Lake Christopherhaven,Wisconsin,2/23/2023
CUST1055,Kelly,Hughes,bwilliams@wright.net,(401)301-9666x12549,"07818 Larry Course, Nancymouth, HI 57715",Donnaport,Ohio,7/4/2023
CUST1056,Shelby,King,zjones@gilbert.com,001-391-224-1674,"705 Stark Mall, North Amandaport, ID 35243",Emilyville,Oregon,2/19/2023
CUST1057,Mikayla,Garcia,troy01@hotmail.com,+1-861-660-2224x830,"952 Hughes Fords, Michellestad, IL 93830",West Timothy,Washington,6/29/2024
CUST1058,Joseph,Duran,xthomas@yahoo.com,594.778.4328,"852 Obrien Way Suite 575, Caldwellchester, VT 04860",West David,Pennsylvania,11/2/2022
CUST1059,Matthew,Holmes,samuel40@gmail.com,001-743-257-3857x111,"USNV Cunningham, FPO AP 43814",Donnaport,North Dakota,3/12/2025
CUST1060,Cynthia,Nielsen,austin66@yahoo.com,7819732938,"47053 David Gateway, Higginsside, RI 63068",Port Peterburgh,Wisconsin,12/29/2022
CUST1061,Sonya,Davis,fmccullough@gmail.com,-9841,"501 Long Forks Suite 721, West Norma, NV 38680",Port Hannah,Tennessee,12/4/2024
CUST1062,Sara,Reynolds,adamsrandall@smith.com,-1327,"96089 Berger Lights, Rodneyside, NM 07069",Valeriefurt,Tennessee,4/20/2024
CUST1063,Jason,Graves,danielnoble@brooks.biz,(903)210-0519x9189,"5592 Melissa Canyon, Karenfort, PA 56376",North Victoria,West Virginia,10/27/2024
CUST1064,Elizabeth,Thomas,dmiller@anderson.com,750.617.7471,"523 Reed Spring Suite 018, Mayostad, WV 67661",Blackburnview,Utah,11/20/2024
CUST1065,Alexander,Smith,dhenry@fisher.org,001-116-952-6244,"Unit 8830 Box 4098, DPO AP 07249",Carterstad,Washington,3/8/2025
CUST1066,Christian,Murphy,kellydavid@hotmail.com,9345415872,"35977 Martinez Point Apt. 264, New Sharon, SD 67760",Jordanhaven,Tennessee,3/26/2023
CUST1067,Brenda,Bullock,garciamanuel@gmail.com,001-620-847-6006x532,"768 John Way Suite 873, Kellyview, ID 22201",Lake Chad,Utah,7/16/2022
CUST1068,James,Cameron,kaitlynolsen@yahoo.com,606.076.5609x5883,"7891 David Junctions Apt. 421, Lake Linda, NH 78700",Kevinville,Alaska,1/15/2024
CUST1069,Barbara,Hanna,bdunn@wilkerson.com,701-199-0956,"4264 Martin Meadows, East Justin, SD 61159",New Stephenport,Vermont,9/22/2023
CUST1070,Kaitlyn,Foster,taylorjason@hotmail.com,4799027226,"33831 Katherine Inlet, Stevenfurt, OH 18724",West Michael,Rhode Island,11/21/2022
CUST1071,Anthony,Medina,hmay@tucker.biz,(151)736-2598,"47355 Crawford Divide Apt. 513, Freemanberg, AK 14657",Lake Aaronmouth,Alaska,7/2/2024
CUST1072,Tara,Hoffman,khuynh@williamson-hart.biz,4121158156,"3933 Catherine Lodge, South Jeffrey, ID 96945",Nicholasmouth,Wyoming,1/29/2025
CUST1073,Brian,Sims,qgarner@gmail.com,218-061-2939x532,"3468 Barbara Falls Suite 123, Josebury, MD 72788",Evanside,Florida,8/13/2023
CUST1074,Brandon,Rivera,nicolealexander@lee.com,001-840-833-1393,"3816 Tiffany Tunnel, Lake Brittany, NJ 46258",North Valeriehaven,South Carolina,10/4/2024
CUST1075,Matthew,Hansen,rita93@sullivan-collier.org,727.195.6404x220,"896 Marc Neck Suite 070, New Brittany, KS 48637",New Aaronhaven,Texas,5/30/2023
CUST1076,Kristen,Smith,maciastina@love.com,+1-063-737-8584x1949,"PSC 9124, Box 0868, APO AP 93332",Port Katherine,Ohio,4/27/2022
CUST1077,James,Gonzalez,tcollins@gmail.com,+1-143-520-1406x617,"Unit 2253 Box 0633, DPO AA 74565",Wagnerborough,Montana,7/9/2024
CUST1078,Jose,Turner,chase84@james.biz,216.413.5684x5413,"88214 Sparks Rue, South Douglas, NJ 38789",New Holly,Kentucky,10/2/2023
CUST1079,Eric,Cohen,mmorse@yahoo.com,001-714-065-4549x9428,"2490 Hall Spur Suite 733, Christopherhaven, AR 26376",New Ashley,Illinois,6/29/2023
CUST1080,John,Mann,lstanley@hotmail.com,200.176.2995x845,"824 Walters Mountain Apt. 872, South Katrinachester, OK 73488",North Matthew,Connecticut,3/11/2024
CUST1081,Angie,Smith,hinesjonathan@wood.info,9686039967,"17825 Ortiz Valley, East Danaborough, WI 54895",Penastad,Oregon,8/17/2024
CUST1082,Felicia,Anderson,melissa59@diaz.com,575-267-4387,"8140 Ryan Green, West Nicole, MD 79936",Kleinhaven,Kentucky,1/27/2024
CUST1083,Gwendolyn,Rose,angel99@gmail.com,+1-077-315-6062x114,"4411 Wendy Cliffs, Port Megan, HI 84711",Lake Emily,South Carolina,11/25/2023
CUST1084,Danielle,Schneider,amandafranco@ochoa.biz,001-735-040-4125x66492,"5852 Garcia Garden Apt. 549, Robertberg, IL 30363",Williamsside,Alabama,5/28/2024
CUST1085,Kristin,Rogers,carriemills@finley-marshall.info,001-134-117-5278x607,"10643 Mckenzie Brooks Suite 380, Lake Kayla, ND 63849",Lake Jason,Illinois,8/24/2024
CUST1086,Ryan,Carroll,rodney48@yahoo.com,(549)143-0114,"Unit 2859 Box 8692, DPO AP 42282",Jenkinstown,Louisiana,5/30/2022
CUST1087,Michael,Mata,holly39@hotmail.com,2263631776,"44209 Stephen Trail Apt. 404, East Taylor, MD 78317",East Alanmouth,North Carolina,10/13/2024
CUST1088,Kevin,Sheppard,willie94@yahoo.com,615-633-3070,"02725 Dixon Fields, Brittanystad, OH 70261",Williamsside,California,2/5/2024
CUST1089,Tammy,Clark,mturner@hotmail.com,-965,"7301 Boyd Oval, Rebeccafurt, MT 05737",South Michael,Louisiana,2/12/2023
CUST1090,Jessica,Shepherd,juan58@henry.com,(683)288-0134x156,"47236 Jill Prairie Suite 535, Millerberg, TN 69412",North Eric,Texas,1/14/2024
CUST1091,Jason,Dawson,dustinbriggs@yahoo.com,(700)602-0589,"79107 Hogan Turnpike Apt. 238, North Jeff, IN 03582",Lake Julia,Hawaii,12/28/2024
CUST1092,Mitchell,Simmons,montgomerycalvin@mills.com,640.107.3445x2895,"2786 Pacheco Glen, South Michaelside, WY 59913",Whiteborough,Missouri,6/9/2022
CUST1093,Michael,Woods,richardgrant@yahoo.com,054.082.6470x0017,"610 Michele Track, East Jasonberg, VA 59566",Castroside,New Hampshire,6/10/2024
CUST1094,Megan,Conway,jbowers@stein.com,(909)485-7619,"500 Martinez Square Suite 837, West Michael, FL 22544",East Cassandra,Virginia,10/31/2024
CUST1095,Jessica,Merritt,smithjames@turner-thomas.com,793.428.3535x1638,"51566 Quinn Manors, Castanedafurt, MN 08057",North Jacobtown,Virginia,6/14/2023
CUST1096,Jacob,Price,amythomas@french.com,1142638000,"655 Hester Hollow, Shawnborough, IL 28174",Lauraside,New Hampshire,3/1/2025
CUST1097,Howard,Barrett,elizabethwade@hill.com,(742)996-2772,"PSC 7738, Box 0589, APO AA 34855",Harrisshire,Montana,3/5/2024
CUST1098,Allison,Stanton,sandrafernandez@olson.info,(080)617-8617x3240,"USNS Lynch, FPO AA 81101",Marshfort,Kentucky,5/12/2022
CUST1099,Cynthia,Jarvis,tyler16@berry.net,+1-679-011-8183x90548,"9371 Karen Rapid, Port Gregory, NY 32522",North Sierrafurt,Missouri,2/17/2025
CUST1100,Katherine,Ballard,alexanderyoung@hotmail.com,684-127-8772x071,"326 Bradley Drive Suite 687, Nicoleville, IA 14601",Diazmouth,California,6/5/2024
CUST1101,Aaron,Richardson,gaycindy@gmail.com,(287)682-0712x7033,"283 Larry Stream, East Amy, MD 27477",Anthonyburgh,Illinois,2/18/2025
CUST1102,Dakota,Church,kathryn96@jacobson.com,-8345,"315 Kristine Village, East Mitchellton, ND 90442",Simonton,Kentucky,7/3/2024
CUST1103,Tyler,Wright,codydawson@yahoo.com,721.133.5200x1281,"91875 Ramos Union, East Aaron, MA 12808",Lake Kenneth,Wyoming,2/14/2023
CUST1104,Kimberly,Bonilla,katherine50@yahoo.com,1828335714,"682 Cruz Throughway, South Ashleychester, LA 93850",South Lisa,New Jersey,5/21/2022
CUST1105,Tara,Garcia,bberger@hotmail.com,887.294.9030x1278,"392 Clark Mountain Suite 880, Lake Joy, OR 30874",South Felicia,Missouri,6/14/2023
CUST1106,Tony,Daugherty,torr@hotmail.com,+1-660-196-6293x00537,"10308 Torres Ridges, Douglasstad, AK 45983",Donaldport,Minnesota,8/25/2024
CUST1107,James,Snyder,eadams@gmail.com,098-960-0065,"9344 Acevedo Isle, Port Jilliantown, OK 85356",South Julian,Pennsylvania,11/21/2022
CUST1108,Michelle,Hunt,cwilson@yahoo.com,772-014-8743,"265 Katherine Crossing, Lozanofort, ME 86220",New Garyshire,Nevada,1/1/2024
CUST1109,Brian,Fritz,jamesburgess@yahoo.com,162.099.9030x921,"8559 Booker Vista, Matthewhaven, VT 65823",East Keith,Louisiana,2/26/2024
CUST1110,Amber,Raymond,mallorychoi@ortiz.com,001-378-789-1861x257,"773 John Crossroad Suite 506, Elizabethburgh, AZ 59552",South Briana,California,1/7/2024
CUST1111,Jay,Salazar,gelliott@hotmail.com,(770)056-8713x09022,"67417 Jody Stream, Garytown, CA 92356",Port Traci,Maryland,3/26/2023
CUST1112,Kimberly,Davis,ygarza@ramos.org,+1-581-490-5443x935,"Unit 3266 Box 0824, DPO AE 96197",West Ryan,Minnesota,6/18/2024
CUST1113,Crystal,Tran,tina72@hotmail.com,(302)882-9692x2059,"1296 Harry River Suite 736, Lake Rebeccaland, OK 33638",South Anthonyland,Texas,5/29/2024
CUST1114,Jason,Stewart,johnathangardner@cross.com,001-541-316-5299x321,"57503 Williams Mill Suite 198, Calvinfort, KY 85594",Matthewburgh,Michigan,2/4/2024
CUST1115,Walter,Stewart,afernandez@smith.net,613-314-6393x70715,"461 John Row Suite 798, Lake Evan, MD 32312",South Oscarhaven,Colorado,4/6/2025
CUST1116,Gerald,Werner,erik16@griffith.com,(559)362-1803x839,"481 Navarro Roads Apt. 109, Priceborough, AR 66204",South Vanessa,New Jersey,8/30/2022
CUST1117,Jaclyn,Martinez,evelyn27@gmail.com,+1-425-399-2063x77131,"684 Barton Wall, Cameronstad, IL 84718",Jessicashire,Iowa,3/31/2024
CUST1118,Joshua,Warner,sglass@johnson-casey.info,052.432.4279x185,"376 Terry Orchard, Munozside, KS 11128",Port Elizabeth,Virginia,1/2/2024
CUST1119,Rachel,Robinson,thomasgarcia@yahoo.com,001-473-284-2196,"222 Rachel Skyway, Jacobchester, NM 40203",Port Leonardside,Nevada,5/29/2022
CUST1120,Kenneth,Smith,michael64@bond-williams.net,001-807-897-0284x79675,"4985 David Ranch, South Susan, ID 22731",Brendamouth,Nebraska,11/30/2024
CUST1121,Timothy,Hughes,lowesharon@howe.net,576-792-9392,"1099 John Vista, Port Shannonport, IA 37708",Davischester,Delaware,3/20/2023
CUST1122,Amy,Perry,parkskelly@hotmail.com,(866)268-2128,"849 Smith Tunnel, Hatfieldberg, GA 05481",West Jamie,Iowa,5/23/2024
CUST1123,Joshua,Rivera,masonmichael@hotmail.com,(687)949-7090,"370 Alexander Landing, Thomasfort, NM 04715",Andreaside,Maine,8/7/2022
CUST1124,Kevin,Baker,jensenshannon@davis-lee.com,(654)921-0891,"098 Michael Extension Suite 563, Ritterhaven, NJ 26050",Matthewside,Texas,4/3/2024
CUST1125,Jacob,King,uschmidt@harris-gonzales.com,306.950.7018x22619,"916 Zimmerman Mountains, East David, IA 48197",Port Warren,North Dakota,2/6/2023
CUST1126,Anna,Hurst,fvelez@yahoo.com,+1-288-886-1861x4226,"6518 Woods Alley, Jessicaville, TN 30687",Hickston,Louisiana,11/15/2022
CUST1127,Jacqueline,Leonard,xhernandez@hotmail.com,551.242.6969x3937,"4338 Molina Parkways Suite 384, Tonyhaven, OH 73970",Warnerchester,Louisiana,1/31/2024
CUST1128,Thomas,Parrish,yblankenship@frank.com,974.582.7774,"3238 Joseph Rue Apt. 105, Joshuaburgh, MI 90240",Matthewfurt,Rhode Island,5/27/2022
CUST1129,Elizabeth,Lozano,coffeymaria@gmail.com,+1-689-473-4063x24051,"9071 Green Route, Meganbury, NV 19479",Alexandrastad,Alabama,2/20/2024
CUST1130,Nicholas,Haynes,andradetimothy@yahoo.com,(855)198-5384,"36836 Chambers Mill Suite 629, Brandonbury, VA 93616",Chelseaborough,New Hampshire,10/17/2023
CUST1131,Darryl,Edwards,rodriguezjamie@wood.com,+1-836-986-1213x5831,"02227 Sharon Junctions Apt. 729, Saundersmouth, IL 41170",Lake Alexmouth,Wyoming,4/13/2025
CUST1132,Wendy,Olson,kristy63@gmail.com,001-213-069-9352,"988 Ashley Islands Apt. 581, East Genebury, IA 89546",Johnsonfurt,Hawaii,3/28/2024
CUST1133,Jenny,Wilson,ashleydavis@hotmail.com,516-590-7801,"21850 Hinton Meadow Suite 575, East Carmenhaven, TX 98996",Andersonside,North Dakota,6/23/2022
CUST1134,Jennifer,Reeves,david02@yahoo.com,001-701-874-0322x7878,"Unit 8415 Box 1332, DPO AA 33663",Daviston,Maine,2/13/2023
CUST1135,Louis,Henderson,jacksonkimberly@yahoo.com,+1-898-193-5186x123,"PSC 9778, Box 5267, APO AP 44021",New Nathan,Louisiana,10/19/2022
CUST1136,Lindsey,Glass,richardwalker@dougherty.com,587.246.1666x02545,"92926 Olson Plain, Benjaminside, AK 35239",West Kevin,Maine,6/9/2024
CUST1137,Jeremy,Lewis,tinahudson@gmail.com,483.739.1121,"21660 Abbott Knoll Apt. 182, Amyland, CO 25254",New Keith,Hawaii,4/1/2024
CUST1138,Dana,Hernandez,ulee@yahoo.com,643-694-0850,"25072 Candace Ridges, Barkerborough, LA 99256",West Bethmouth,Arkansas,9/4/2024
CUST1139,Kelly,Cooper,skerr@yahoo.com,299.594.5999x10347,"99253 Moore Overpass Suite 684, North Lucas, FL 51026",Roachview,Arkansas,7/21/2022
CUST1140,Haley,Wu,villajason@yahoo.com,048-008-1638,"27297 Kathleen Stravenue, South Monica, MT 78129",Masonshire,West Virginia,8/11/2023
CUST1141,Brandon,Gordon,jenningskeith@gmail.com,5254191295,"8959 Ian Meadow Suite 607, New Alicia, AZ 16533",Michelleborough,Kansas,5/5/2023
CUST1142,Bradley,Burton,greenjoshua@gmail.com,(992)441-5603x857,"192 Christina Crest, West Jenniferland, WI 14735",Thompsonland,Arizona,8/25/2024
CUST1143,Emily,Brooks,rosemary@yahoo.com,151.747.2575x0006,"1422 Ruiz Inlet, North Kylehaven, GA 62730",Port Natalie,Louisiana,10/6/2024
CUST1144,Jerry,Moore,nguyenangela@roman-carrillo.org,001-521-538-1683x7026,"63711 Joshua Forges, Port Timothybury, AR 09008",Shellyville,Oklahoma,12/27/2023
CUST1145,Stephanie,Cole,jameswarren@yahoo.com,970-137-2432,"8879 Thomas Junction, Lake Rebeccaville, IL 68242",South Angelaborough,South Dakota,7/2/2022
CUST1146,Nicole,Ramirez,gcarey@reese.net,848-059-9106x03675,"1060 Samuel Walk, Jacobsville, WV 26376",East Destinyton,Indiana,4/27/2024
CUST1147,Alec,Anderson,zamoraandrea@holt.com,983-607-0321x6180,"95511 Mary Square Apt. 756, North Rachel, UT 93418",New Amy,Nebraska,5/27/2022
CUST1148,Emily,Johnson,justin93@odom.net,(903)001-5555,"Unit 5411 Box 7376, DPO AA 40681",Sherriland,Maryland,7/24/2022
CUST1149,Kenneth,Alexander,christine72@floyd.com,(086)026-6180x4261,"Unit 6940 Box 2466, DPO AE 84068",Port Austin,Alaska,2/15/2025
CUST1150,Troy,Thomas,jensenmartha@yahoo.com,(555)414-9093x22941,"0728 Rachel Isle Suite 579, West Paul, OR 73350",South Kevinberg,Wyoming,1/28/2023
CUST1151,Isaiah,Mejia,adam14@gmail.com,385-538-4297,"Unit 4061 Box 6864, DPO AA 90202",North Markside,New York,12/27/2023
CUST1152,Kyle,Fitzgerald,michaelrowland@wilkerson.com,001-274-201-3924x5998,"134 Parks Mountains Suite 418, West Daniel, ID 15711",Wilsonmouth,Delaware,3/31/2024
CUST1153,Christina,Rose,parksrobin@mcdonald-kent.org,366-247-2727x233,"426 Poole Route, Natashabury, WV 08474",North Williammouth,Kansas,7/3/2022
CUST1154,Tina,Barber,dianewagner@gmail.com,5869455786,"367 Garcia Skyway, Cookport, MA 19267",New Beth,Minnesota,10/2/2023
CUST1155,Matthew,Jacobson,lsmith@boyer.com,927.656.3667,"2763 Anderson Dale, South Dominique, OR 87379",Hamiltonchester,Wyoming,9/9/2024
CUST1156,Jessica,Simpson,flemingphilip@macias.net,644-771-9209,"144 Gary Ranch Apt. 497, North Eric, NH 75936",Gregoryburgh,North Dakota,1/13/2024
CUST1157,Jonathan,Cole,crystalmoreno@hotmail.com,+1-194-094-7696x5041,"820 Cordova Springs Apt. 877, East Yvonne, AL 41713",South Robert,Illinois,8/25/2022
CUST1158,Valerie,Boyd,qmorgan@miller-key.net,632.400.9199,"153 Jessica Camp, West Jose, SD 77480",Emilybury,Montana,11/23/2024
CUST1159,Eduardo,Miller,vvaldez@perkins.com,001-593-547-5007x30439,"249 Richard Throughway Suite 409, Jessicastad, HI 76888",Kaylaland,Rhode Island,4/5/2023
CUST1160,Kathy,Gonzales,ksantiago@gmail.com,(591)488-3206x9669,"969 Fisher Skyway, Edwardtown, MO 29284",Mendozaview,Iowa,6/20/2023
CUST1161,Chris,Thompson,hmendez@yahoo.com,(119)578-5507x23530,"333 Maldonado Harbors, South Jonathan, WV 68956",Lloydland,Alabama,8/10/2023
CUST1162,Jonathan,Patton,markswanson@yahoo.com,+1-120-044-0549x158,"23590 Jennifer Forest Suite 743, Jillchester, MN 37040",East Amber,South Carolina,8/23/2023
CUST1163,Jeff,Patel,jason73@harris.com,-2698,"936 Newman Fort Suite 558, Harringtonshire, MA 24191",West Keith,Arkansas,6/25/2024
CUST1164,John,Pope,toddcarolyn@yahoo.com,001-119-772-3709x5572,"04968 Aimee Bridge, Norrisshire, IN 63420",Christyfort,Wisconsin,7/20/2022
CUST1165,Michael,Smith,bernardmichael@archer.com,009-313-6978x9693,"23234 Samantha Passage Apt. 536, South Luis, ND 35182",Lopezborough,Colorado,3/26/2025
CUST1166,Lauren,Graham,ftaylor@clark.com,+1-459-529-1561x20921,"425 Jim Mills Apt. 230, Castillotown, WA 19841",North Sara,Nevada,7/11/2023
CUST1167,Yolanda,Martin,hrobinson@cordova.org,4905439635,"05780 Michelle Station, Lake Andrew, AR 45667",West Sandymouth,Wisconsin,9/28/2024
CUST1168,Lindsay,Sullivan,jeff96@anderson.org,(065)467-1313x362,"424 Cindy Canyon, Woodstad, MT 45228",Lake Juan,Kansas,8/8/2024
CUST1169,Joshua,Beasley,qwilliams@bond.com,878.207.9928x47758,"0906 Stevens Mount Suite 813, Charlesmouth, DE 41386",New Melissa,Washington,7/26/2023
CUST1170,Jordan,Guerrero,lauren99@martin-walker.biz,043-577-1892x41388,"1276 Laura Spring, Lake Williamchester, ND 24294",Timothymouth,Michigan,10/24/2022
CUST1171,Paul,Williams,michellestewart@gmail.com,001-050-681-4540x10072,"69383 Christie Wall Apt. 949, Lake Daniel, OH 53626",West Claudia,Washington,5/26/2024
CUST1172,Jessica,Todd,meyeralicia@fowler.biz,037-837-1818x360,"076 Jennifer Shoals Suite 275, Bethanyview, MN 22068",West Amandaton,Ohio,4/9/2024
CUST1173,Jeremy,Nichols,mackenziemclean@rodriguez.com,(319)997-9399,"Unit 9624 Box 3550, DPO AP 69178",Dennisport,New Jersey,9/10/2023
CUST1174,Daniel,Williamson,iali@yahoo.com,492.504.5908x8972,"067 Nathan Coves Apt. 157, Curtisside, KS 02501",Moyerbury,Tennessee,11/27/2022
CUST1175,Lucas,Curtis,mmata@kirk.org,949.256.9595x432,"5489 Zachary Square, South Janetfurt, ME 46349",Lauraview,Alaska,11/4/2022
CUST1176,Jody,Mills,ronaldperry@jackson.com,6252357726,"1872 Edward Islands Suite 242, South Patricia, IA 46038",North Zachary,Massachusetts,7/21/2024
CUST1177,Michael,Wallace,roy65@gregory.biz,907-555-4367,"86347 Jeremy Isle, Tiffanyside, RI 65494",Marybury,New Jersey,5/20/2024
CUST1178,Charles,White,hchase@yahoo.com,557-195-6049,"5919 Blake Hills, East Brettport, NM 55409",Ashleychester,Virginia,7/5/2024
CUST1179,Ryan,Duncan,william87@howard.com,078.567.6026x2173,"2987 Corey Fork, North Joshuaborough, OR 19463",Lake Davidview,Minnesota,12/5/2022
CUST1180,Jose,Rice,brian14@sweeney.biz,+1-199-812-7737x36527,"08851 Hodges Loop Apt. 817, New Carlfurt, KY 72716",Jamesborough,Colorado,11/3/2023
CUST1181,John,Pena,bobby08@rodriguez.com,407-416-8516,"035 April Extension, East Aaron, CA 46253",North Daniel,California,5/26/2024
CUST1182,Sara,Foster,kimberlyanderson@gmail.com,5504471072,"66527 Chris Walk Suite 466, Lake Ianmouth, OH 32928",Port Brittany,Vermont,8/17/2023
CUST1183,Kirsten,Oneal,rodriguezdaniel@hotmail.com,001-785-667-1963x91112,"223 Ramirez Mountain Suite 236, North Michaelville, NC 28553",Stevenborough,Delaware,12/12/2023
CUST1184,Colin,Velez,npeck@werner.com,-6764,"89671 Ashley Plains, East Jennifer, WA 89408",Evelynside,Minnesota,9/26/2024
CUST1185,Meghan,Reyes,sawyermichael@figueroa.com,(123)291-1732,"Unit 0184 Box 5067, DPO AA 30215",North Natashaview,North Dakota,7/20/2023
CUST1186,Jeffery,Stewart,flandry@black.info,-1831,"7565 Jennifer Stream, North Michelle, RI 74077",Parsonsport,Indiana,9/23/2022
CUST1187,Tyler,Rios,sanchezangel@hotmail.com,+1-424-319-1624x0154,"835 John Dam Suite 778, Allenfort, VA 80364",East Alejandroberg,Mississippi,4/9/2023
CUST1188,Scott,Willis,debrahunt@tanner.com,+1-922-858-8091x56937,"4531 Gould Glen Suite 279, South Steven, WY 50232",Richardsonberg,North Carolina,7/12/2023
CUST1189,Roy,Black,tstout@hotmail.com,053-038-0455x1375,"20005 Rivera Route, South Erica, WA 01244",Port Patrickchester,West Virginia,7/8/2023
CUST1190,Mark,Hill,petersoncindy@hotmail.com,(208)857-4903x069,"00323 Rebecca Pine, Reyesbury, LA 58353",Alexanderstad,South Dakota,6/30/2022
CUST1191,Todd,Pierce,jennifer33@gmail.com,+1-880-707-9333x18970,"USNS Fox, FPO AP 77643",New Nicole,Florida,2/24/2024
CUST1192,Mary,Moody,robertcrawford@arnold-bates.net,+1-804-617-1293x3589,"903 Walker Forge, East Johnmouth, NM 85856",New Joelberg,Montana,1/24/2024
CUST1193,Steven,Contreras,jim92@yahoo.com,-6966,"254 Phillips Vista, New Shannonchester, NH 52792",Woodsview,Nevada,5/26/2024
CUST1194,Ashlee,Bartlett,nthomas@hotmail.com,-5214,"7636 Black Cliffs, Wallacemouth, SC 51262",North Dianaton,Delaware,7/13/2024
CUST1195,Janet,Wilson,csanchez@hotmail.com,001-784-186-1881x7517,"8334 Margaret Drives, Harrellfurt, VT 49956",Wisehaven,Washington,11/22/2023
CUST1196,Maurice,Jackson,whitemegan@marsh.info,499.143.0068x5286,"Unit 3775 Box 2702, DPO AA 79857",Watkinstown,Iowa,11/13/2023
CUST1197,Derek,Henderson,stephanienelson@ruiz.com,001-205-691-1550x7451,"4682 Barbara Glens, Elizabethtown, VA 63322",Sandrashire,Nevada,12/26/2022
CUST1198,William,Gross,chapmantammie@holmes-nash.com,727-051-6181,"8576 Keith Via, Antoniofort, NY 77953",Williamschester,Montana,9/6/2023
CUST1199,Alec,Ali,tpope@garcia.org,001-192-966-5435x542,"4628 Katelyn Corner, Philipborough, KS 61050",Port Victorshire,Idaho,1/12/2025
CUST1200,Michael,Kelly,morganmonica@yahoo.com,014.860.4859x8288,"396 Olsen Dale, Rileymouth, TX 79718",Port Michelle,Connecticut,4/25/2024
CUST1201,Ebony,Hodges,barry31@gmail.com,994-101-5821x059,"USS Alvarado, FPO AA 83500",South Joshua,California,8/23/2023
CUST1202,John,Meza,vincentbernard@richards.net,774.851.7797x8248,"53824 Leslie River, West Kimberlychester, ND 59554",Jennifermouth,New Mexico,1/30/2023
CUST1203,David,Benjamin,patrick97@hotmail.com,-6524,"06239 Desiree Court Suite 849, Johnnyhaven, MO 05300",Carlsonton,Hawaii,9/13/2023
CUST1204,Mark,Watson,elizabeth41@gmail.com,(418)548-2907,"3754 Mitchell Course Apt. 795, Ryanville, WI 63600",Jeffreyshire,Pennsylvania,9/13/2022
CUST1205,Terri,Mitchell,amy89@tyler.com,5663378193,"5227 Huff Union Suite 769, Brucehaven, NE 46145",North Anthony,Utah,3/2/2023
CUST1206,Edwin,Armstrong,gatesgregory@gmail.com,167-604-3235x5018,"300 Troy Key, Dianeborough, GA 25551",Lake Christopher,Alaska,10/1/2024
CUST1207,Harry,Stevenson,williamsonandrea@sanchez.com,+1-597-645-2410x006,"05389 Jessica Pass, Port Becky, WI 14532",Port Roberttown,Louisiana,11/6/2022
CUST1208,Barry,Jimenez,abigailsanchez@oliver-barton.com,084.161.8662,"97157 Carroll Causeway Suite 438, Johnsonfurt, KY 47378",Port Cherylview,Alabama,5/14/2024
CUST1209,Shannon,Lambert,heatherperry@herman.biz,714-180-4232x245,"1628 Clark Shoal Suite 498, West Rogerside, ME 67121",Alexandraborough,Michigan,7/9/2023
CUST1210,Christopher,Villarreal,colemanerin@gmail.com,657.948.8586x6500,"9466 Hernandez Via Apt. 176, Thomasland, OH 18817",South Ashleyberg,California,5/11/2024
CUST1211,Angela,Delacruz,smays@hotmail.com,+1-674-881-0203x151,"Unit 4023 Box 7833, DPO AP 77406",Davisview,Hawaii,7/20/2024
CUST1212,Sarah,Frey,thomasalfred@gmail.com,238.956.6941x1422,"8233 Reed Stream, Conradmouth, WV 21934",Liport,Hawaii,2/25/2024
CUST1213,Heather,Oconnor,garciacharles@yahoo.com,001-070-934-1893x363,"3924 Raymond Fords Suite 299, West Patrick, TX 06093",South James,Florida,12/24/2022
CUST1214,Glenn,Griffin,keithpope@hotmail.com,001-801-995-6025x5008,"983 Justin Lakes Apt. 401, Cynthiastad, VT 21519",Nicoleton,Mississippi,8/5/2023
CUST1215,Edward,Hamilton,nsmith@yahoo.com,697.375.2205x17893,"75806 Arroyo Alley Apt. 438, East Elizabethmouth, NH 35246",Jenniferville,Kentucky,1/26/2023
CUST1216,Michael,Andrews,cassie63@williams.com,914.777.0525x9009,"45484 Derek Stream, South Christina, MO 09348",Nicholasfurt,Wyoming,11/13/2023
CUST1217,Michael,Hunter,kingbrianna@rodriguez.com,362-277-3022,"USCGC Gay, FPO AA 84701",Christopherville,Alaska,7/14/2023
CUST1218,Jennifer,Johnson,allenelaine@yahoo.com,8012639622,"070 Ortega Parks, Timothyland, WI 53056",East Ronald,Vermont,10/17/2024
CUST1219,Kevin,Miller,xmartin@day-ayers.com,+1-518-229-7761x67328,"86172 Peck Junctions Apt. 871, North Tiffanymouth, OH 20442",Joneshaven,Michigan,9/17/2024
CUST1220,Christopher,Shaw,obrienmatthew@hotmail.com,211-801-2449,"21193 Smith Street Apt. 706, Harrishaven, AR 24522",Williamschester,Colorado,4/16/2025
CUST1221,Morgan,Gray,robertharris@gmail.com,-10201,"1198 John Divide, Lorimouth, MN 13661",Port Joshuaside,Oklahoma,7/31/2023
CUST1222,John,Barker,vanderson@hotmail.com,(685)930-3232,"63360 Ortiz Trace, Tamaraton, GA 22897",Lake Christopherfort,Oregon,12/3/2023
CUST1223,Melissa,Wang,joshua01@hotmail.com,175.983.5374x719,"2588 Ellis Lodge Suite 592, Grahamborough, NY 88418",Millerhaven,Indiana,3/16/2025
CUST1224,Nicole,Moreno,zhumphrey@kelley.com,(350)535-6181x954,"7745 Morgan Mount, Gilberttown, UT 91088",Sellersport,Missouri,9/19/2023
CUST1225,Brandon,Larson,lawrence50@hinton-duarte.net,(143)818-0105x6317,"01256 Brown Locks, Mccallport, KY 68910",East Charlesstad,Missouri,1/4/2025
CUST1226,Kristen,Franco,thomaspowell@hotmail.com,845-071-6668x8687,"23573 Harmon Plaza Apt. 451, Lake Franciscochester, NV 38862",Bradyland,Nevada,4/22/2023
CUST1227,Cassandra,Sheppard,gibbsjulie@campbell.com,001-471-325-3192x4881,"Unit 4602 Box 4095, DPO AP 61691",New Janiceport,Alabama,6/18/2023
CUST1228,Walter,White,kimberlyryan@ferguson.com,8413252590,"176 Christina Lane, East Brett, ME 95229",Matthewtown,Mississippi,5/17/2024
CUST1229,Sheena,Thomas,anita36@hotmail.com,-924,"6307 Crystal Union Apt. 671, East Benjaminberg, MO 13960",Cookeborough,Massachusetts,11/28/2023
CUST1230,Danielle,Lopez,anthonydavis@yahoo.com,028.720.7449,"71735 Benjamin Turnpike Suite 190, Walshhaven, WY 80995",East Vanessa,Maine,2/27/2023
CUST1231,William,Osborne,lacey59@garcia-gilbert.com,628-406-5266x1771,"070 Kelley River Apt. 900, Andrewborough, NV 51749",Nicholsonfort,Delaware,6/3/2024
CUST1232,Frances,Massey,heidibryant@guerrero-wood.com,730-718-5493,"0090 Leblanc Wall Suite 399, Port Mariastad, SC 52970",Levistad,Nevada,5/13/2022
CUST1233,Laura,Huff,rrussell@riddle.net,(994)738-7461x08428,"990 Shelton Views, Duaneport, MS 80001",Jamesstad,South Dakota,7/23/2024
CUST1234,Carmen,Burns,shannon04@yahoo.com,001-136-144-4180,"5744 Snyder Glens Suite 203, Port Latoya, MA 23396",Robertsfort,Montana,12/30/2024
CUST1235,Michael,Chambers,davistammy@lopez.com,001-141-178-8670x76859,"224 Olivia Port Apt. 092, Port Christopherbury, CO 69881",Port Stephen,Delaware,1/20/2024
CUST1236,Bryce,Chavez,nkelley@bartlett.com,967.371.3865x925,"20044 Castillo Walk Suite 008, Elizabethview, DE 27910",Devinhaven,Wyoming,4/4/2025
CUST1237,Suzanne,Wong,dawn92@gmail.com,001-650-859-1259x116,"0403 Richard Locks Suite 087, Sosafurt, FL 85178",North Chadview,Oklahoma,9/21/2023
CUST1238,Gabrielle,King,berrydavid@gmail.com,001-482-860-2784x0408,"USCGC Hernandez, FPO AE 78285",South Brandon,Georgia,1/27/2025
CUST1239,Jessica,Johnson,stevenelson@hendricks-perez.com,462-328-2316x8223,"7697 Zavala Flat, Lewisport, WI 42346",South Michaelville,Utah,3/15/2025
CUST1240,Brittany,Thompson,ethanlawson@yahoo.com,(904)427-6765x902,"726 Cory Mountain Apt. 825, North David, UT 98435",South Tamara,Idaho,8/25/2024
CUST1241,Miguel,Mathis,lyoder@savage.com,(777)863-3084x3000,"713 Yang Station Apt. 534, Karinaborough, NV 83362",South Dannystad,North Carolina,5/6/2023
CUST1242,Jose,Frank,randolphdennis@gmail.com,364-359-7085,"76295 Glenn Parkways Suite 890, New Bryan, CA 65247",East Christopherborough,Connecticut,7/3/2023
CUST1243,Allison,Adams,bmullins@yahoo.com,4959390093,"52265 Haynes Lake, Vincentfurt, NH 78486",East Raymondberg,Tennessee,2/28/2024
CUST1244,Kelli,Rogers,davislauren@gmail.com,305-990-5383x924,"5086 Tiffany Estates, Port Timothybury, MS 43392",Robinshire,Kentucky,3/13/2024
CUST1245,John,Morse,jose01@gmail.com,169-167-0554x44999,"7388 Tony Courts Apt. 559, West Brentville, FL 46747",Port Carolynville,Michigan,8/28/2022
CUST1246,Jesse,Vincent,ann07@watts.biz,938.561.8614,"57315 Billy Canyon Apt. 529, Allenside, VT 84170",Weberfurt,Hawaii,6/24/2023
CUST1247,Jennifer,Le,carpentersamantha@hotmail.com,994.553.5250,"82902 Morgan Lakes, East Matthewmouth, NJ 64668",New Markchester,Virginia,4/13/2025
CUST1248,Michael,Burnett,mathew51@hotmail.com,493.093.6409x629,"765 Gregory Greens, North Steven, SC 41027",North Heather,Indiana,12/21/2023
CUST1249,Austin,Bowman,kaylaortiz@rivera-miles.com,831-881-0701x6806,"202 Christine Alley, Port Rhondahaven, AL 44165",North Brianport,Maine,1/18/2024
CUST1250,Kimberly,Wells,richard81@gmail.com,001-330-549-8822x496,"093 Jessica Lights, Michaelville, WV 36200",Port Anne,Vermont,1/29/2024
CUST1251,Gabrielle,Davis,lindsey66@hotmail.com,+1-148-310-1025x913,"2040 Black Island, North Nathanstad, DC 16130",Lake Elizabeth,Indiana,12/4/2024
CUST1252,Sean,Ryan,melissacook@macias.com,+1-540-565-1420x90736,"USNV Fisher, FPO AE 67116",East Mariaville,Nevada,6/23/2024
CUST1253,Joseph,Nolan,aguilarlarry@hotmail.com,671-877-5033x853,"798 Hodge Extension, Deannaland, NJ 96378",West Johnbury,New Mexico,10/13/2023
CUST1254,Karen,Chandler,carlafrank@hotmail.com,001-639-903-8230x34879,"62480 Roy Road, West Joseph, GA 76807",New Davidstad,Maryland,4/25/2022
CUST1255,Cassandra,Orr,john03@hotmail.com,001-726-317-3591,"1503 Garcia Extension Suite 635, West Sarahhaven, VA 09118",East Jamesfurt,Massachusetts,8/7/2024
CUST1256,Jennifer,Landry,tracywalker@friedman.com,(869)050-8557,"19162 Rebecca Loop Suite 049, East Catherineshire, NC 75893",Tinahaven,Arkansas,10/28/2024
CUST1257,Amber,Richardson,sandy92@nunez-mendoza.com,+1-562-515-5500x513,"13884 Smith Points Apt. 580, Port Kyle, NM 91548",Kristenton,Washington,7/3/2022
CUST1258,Briana,Melton,smithjennifer@york-willis.com,097-277-2873x7498,"0412 James Mountain, Dunntown, SC 46644",Lake Jennifer,Colorado,9/7/2023
CUST1259,Nicole,Long,erika52@wood.com,468.530.3421x462,"PSC 3903, Box 3611, APO AE 71181",Port Randy,Florida,3/23/2025
CUST1260,Ryan,Mccormick,nmason@villa.com,(529)224-9589x38379,"5866 Hester Valley, Robertview, LA 42136",Stewartmouth,Indiana,11/3/2023
CUST1261,Juan,Love,erika05@sanchez-guzman.org,9883704225,"49405 Avila Knolls Apt. 911, Lake Miranda, AK 17599",Joshuabury,Vermont,3/15/2024
CUST1262,Shane,Thomas,jamesmaldonado@yahoo.com,+1-829-916-7370x29081,"286 Lee Knoll Apt. 436, Norrisfurt, CO 10626",Lake Valeriebury,Minnesota,3/15/2024
CUST1263,Erik,Castro,theresa28@ramirez.net,992-621-5993x07094,"90028 Ingram Springs, Vincenthaven, MA 22985",North Lauren,New Jersey,7/6/2024
CUST1264,Alyssa,Peterson,vegasteven@davis-bailey.biz,301-204-9323,"1107 Marilyn Circles, East Kristinside, MA 89934",Jordanburgh,California,12/16/2022
CUST1265,Jose,Jimenez,kimberly66@hotmail.com,210-226-3396x2325,"98347 Nguyen Roads Apt. 274, Kellymouth, WV 27433",East Debbie,Texas,2/8/2025
CUST1266,Catherine,Anderson,karen07@boyd.com,(111)392-2235,"8145 Kevin Radial, North Russellside, NJ 99059",Lake Lauraton,Indiana,4/28/2022
CUST1267,Mary,Sanders,thompsonalexis@gmail.com,735.291.2659,"518 Candace Alley Suite 422, Lisaton, WY 61102",North Casey,Oklahoma,7/5/2022
CUST1268,Christopher,Barnes,ogreene@koch-mathews.biz,206.316.0039x319,"564 Susan Passage Apt. 557, New Victoria, OK 33629",Jeffreyborough,South Carolina,9/23/2023
CUST1269,Larry,Bridges,gwalls@gmail.com,106.241.3953,"0953 Green Extension Suite 764, West Ryanshire, MA 47041",North Samanthafurt,Kentucky,12/7/2022
CUST1270,Elizabeth,Stewart,dmartinez@campbell.com,875-357-7226x90698,"79610 Mercado Lodge, Gibbsside, KY 67888",Lake Johnbury,Kansas,11/12/2023
CUST1271,Stacey,Brooks,hernandezjenna@gmail.com,(429)298-3420,"555 Ashley Gardens Apt. 347, Reynoldschester, AK 84914",Millerport,Tennessee,11/2/2023
CUST1272,Belinda,Williams,atucker@medina.info,512-988-1267x26484,"54734 Roberson Course Suite 601, South Loganhaven, IL 58934",South Davidton,New York,4/20/2022
CUST1273,Laura,Wilson,staceymalone@johnson.com,902-232-2975x26316,"573 Gould Points, Anthonytown, KY 58903",Salasmouth,New Hampshire,7/8/2023
CUST1274,Thomas,Sanders,aguilarmegan@gmail.com,035.933.8864x1134,"550 Maria Forge, Normafurt, VT 52053",Meganfurt,Indiana,6/14/2024
CUST1275,Vanessa,Garrison,renee67@rodriguez-reed.biz,+1-676-551-0272x652,"20967 James Springs Suite 843, New Hunter, LA 69750",North Julie,Louisiana,10/28/2024
CUST1276,Matthew,Hamilton,nparker@hotmail.com,-4139,"1066 Carpenter Fords, West Kimberly, GA 37114",Piercechester,New Hampshire,4/26/2023
CUST1277,Todd,Moreno,sue54@smith.net,7587116957,"04641 Bryant Mountains, Palmerborough, NE 80413",Lake Carolinemouth,Maryland,12/20/2022
CUST1278,Jason,Johnson,kevin91@yahoo.com,(286)809-4279,"5248 Johnson Glen Suite 573, Kimland, NV 07123",Lake Christopher,Nebraska,5/25/2024
CUST1279,Virginia,Cooper,rklein@yahoo.com,712640617,"34306 Heather Tunnel Suite 846, Crawfordport, DC 41701",Acostabury,Georgia,6/22/2024
CUST1280,Diane,Sullivan,anthonysoto@gmail.com,912.022.9740x0894,"7806 Sanford Fort, Weaverville, WA 49927",East Tammyton,New Hampshire,10/8/2024
CUST1281,Bruce,Roberts,blackdevin@li.info,270.285.1101x136,"USS Campos, FPO AA 29014",Danielview,South Carolina,6/15/2023
CUST1282,Debra,Downs,murraydwayne@phillips.com,046-796-2718,"67252 Freeman Motorway Suite 476, New Donna, LA 89078",Kellyfort,Nebraska,2/26/2024
CUST1283,Abigail,Hill,doliver@arellano.com,742.700.2380x59845,"USNV Golden, FPO AA 81616",Robinsonshire,Rhode Island,3/22/2024
CUST1284,Jessica,Brooks,tasha35@yahoo.com,-2453,"09794 Bradley Loaf, Thomasmouth, DC 62755",New Deniseton,Massachusetts,1/18/2024
CUST1285,Kevin,Lee,bowersandrew@weeks.net,(658)818-1133x09754,"4106 Jodi Crescent Suite 257, Davisland, MA 73997",North Albert,Idaho,9/20/2024
CUST1286,Joseph,Edwards,marissasalinas@bell-faulkner.net,331.509.1329x519,"5335 Louis Vista, Abbottmouth, DE 37344",Johnsonborough,Minnesota,1/20/2025
CUST1287,Jennifer,Henderson,calvinbates@bates-carpenter.com,(567)776-8981,"56298 Randall Plaza, New Ericmouth, CO 35225",Jasmineport,Indiana,11/26/2024
CUST1288,Melissa,Owens,jonathan83@jones-ayala.com,486.940.0744x14701,"402 Richards Crescent, New Thomas, GA 06461",New Mathew,Texas,9/11/2023
CUST1289,Sheila,Rivera,sarahmorse@clarke.com,(875)600-6711x967,"799 Donna Stream Apt. 437, Jessicaville, NE 86481",New Kaitlyn,Arizona,7/31/2022
CUST1290,Dennis,Mueller,raymondrose@levy.info,+1-801-848-3716x357,"105 Rodriguez Fork, Williamsbury, MT 25296",West Geraldview,Ohio,7/6/2022
CUST1291,Shannon,Hernandez,allenraymond@gmail.com,6878303526,"6682 Phillip Station, West Wesleymouth, PA 48223",West Jonathan,South Carolina,5/10/2022
CUST1292,Tammy,Johnson,cfernandez@cline-vega.com,566-135-1058,"67619 Ashley Roads Apt. 602, South Kariton, WY 65914",East Patricia,Iowa,10/15/2023
CUST1293,Raymond,Ho,stephaniehudson@norton.com,(606)667-0602,"60361 Williams Ford, South Stephaniechester, NM 76534",Michelleton,California,1/28/2025
CUST1294,Victoria,Hill,gregory72@hotmail.com,308-037-0980x7770,"6494 Richard Summit Apt. 246, Port Michaelton, NJ 57890",East Christinafurt,New Mexico,12/25/2022
CUST1295,Lawrence,Lopez,wendycox@estrada.com,137-351-5348,"9909 Mitchell Street, Melindachester, GA 47305",Danielberg,Arizona,1/5/2025
CUST1296,Stephanie,Davis,jbell@yahoo.com,329-749-9411x3945,"8470 Gould Streets, Adamsbury, WA 15525",Gibbsberg,Washington,1/15/2023
CUST1297,Angela,Harvey,rmoore@mckenzie.com,857.244.8502x092,"3943 Henderson Mills, Lake Michael, TX 27585",North Jasonburgh,Illinois,8/28/2022
CUST1298,Rhonda,Green,marcus56@gmail.com,953.104.5958x570,"4490 Shepard Mills Apt. 014, Lake Brianstad, GA 64400",South Thomasbury,New Jersey,4/2/2023
CUST1299,Louis,Zamora,ppeck@davis-cruz.com,669.116.3592,"741 Matthew Springs Suite 881, Alantown, VA 41974",South Angelafort,New Jersey,4/14/2023
CUST1300,Ryan,Mckenzie,blowe@moses-rodgers.com,619.030.4373,"5239 Ashley Mission Apt. 438, South Tiffany, TX 56814",Port Michaelbury,West Virginia,1/26/2024
CUST1301,David,Flores,petersonaaron@sandoval-aguirre.com,-3971,"198 Martin Prairie Suite 248, West Michelle, OK 94875",New Ambermouth,Nebraska,5/14/2023
CUST1302,Karen,Guzman,stevensbilly@hotmail.com,1648738325,"60841 Kayla Crest Suite 828, Jacobport, AK 24824",East Kellymouth,Rhode Island,5/22/2024
CUST1303,Regina,Le,jamessmith@yahoo.com,563461536,"049 Lauren Grove Suite 616, Lake Nicoleshire, SD 83305",Lake Diana,Louisiana,4/16/2024
CUST1304,Alicia,Peterson,marilyn88@yahoo.com,541-168-5899x0874,"0439 Zachary Street Suite 502, South Veronica, ND 76813",Port Adam,Pennsylvania,7/2/2023
CUST1305,Elizabeth,Padilla,johnlewis@sweeney-shannon.com,902.387.5737,"153 Brooks Mission, Brittanyview, AK 83134",South Paul,Texas,2/26/2024
CUST1306,Brian,Buchanan,xnavarro@yahoo.com,(410)144-7891x036,"39506 Wallace Highway Apt. 842, Thomasville, VA 61573",Andersonchester,North Dakota,3/27/2024
CUST1307,Zachary,Kelley,horozco@gonzales.com,261.603.8256x981,"153 Molina Station, West Anna, AK 83002",Hesterburgh,Georgia,8/24/2024
CUST1308,Andrea,Silva,kayleeholt@yahoo.com,657-423-6835,"18665 Rich Manors, South Michelle, SD 29415",South Samuelchester,Oklahoma,11/16/2023
CUST1309,Joshua,Salazar,lisa34@case.org,020-898-7268x3670,"9106 Amber Mission Suite 699, West Robert, KS 59809",Port Christopherchester,Missouri,4/12/2025
CUST1310,Monica,Duran,brownchristopher@blankenship.com,+1-308-777-0783x802,"USCGC Edwards, FPO AE 24146",Myershaven,North Carolina,8/30/2023
CUST1311,Courtney,Brown,robinsonpamela@hotmail.com,711-378-3127x2892,"0839 Vanessa Wall, North Cynthia, OH 79412",Payneberg,Michigan,11/26/2022
CUST1312,Alexa,Clark,samanthamejia@gmail.com,+1-668-531-3863x15499,"043 Bernard Burgs, South Sherrychester, MD 24463",New Wendyfurt,Ohio,1/30/2025
CUST1313,Jane,Johnson,michael55@neal.com,238.021.0136x894,"386 Garcia Hollow, South Heatherland, MT 51812",South Cynthia,Kentucky,11/21/2022
CUST1314,Timothy,Proctor,patriciaschroeder@gmail.com,001-696-091-6891,"40778 Parrish Point Suite 794, East Anthonymouth, OH 99594",Lake Jenniferburgh,Oklahoma,9/7/2024
CUST1315,Melissa,Montgomery,sharon02@bass-barnes.com,6350784829,"526 Julie Road, North Jason, NV 52143",East Andrewview,Rhode Island,11/24/2024
CUST1316,Robert,Reese,swansonterri@gmail.com,(641)110-5302,"73704 Dakota Haven, Jorgeborough, AZ 75178",Port Jason,Tennessee,12/19/2024
CUST1317,Hayley,Powell,carolmccormick@hotmail.com,5291076071,"72188 Moore Square Suite 482, Gravesport, DE 54842",Wardside,Virginia,10/26/2022
CUST1318,Brandi,Snyder,acooper@whitney-joseph.com,+1-824-132-0297x8418,"6154 Parrish Pines Apt. 806, Michellehaven, SD 87372",Port Aaron,Arizona,3/10/2025
CUST1319,Debbie,Morales,clarknancy@gmail.com,-9691,"58221 Sandy Meadows Apt. 314, South Samuel, FL 08928",West Ralphhaven,Arizona,5/7/2022
CUST1320,Joseph,Wolfe,lindsay57@hotmail.com,-2332,"63647 Joshua Camp Apt. 047, Andersonport, AR 06809",Elizabethfurt,Washington,4/4/2023
CUST1321,Henry,Hodges,chawkins@boone.com,518.706.6907x85095,"027 Sandra Estate, New Brandon, NH 97758",North Lori,Rhode Island,8/1/2024
CUST1322,Diana,Haynes,patricia73@johnson-jimenez.com,547-397-1245,"8853 Jose Islands, Vasquezmouth, AZ 30134",Jeffreyshire,North Carolina,11/13/2024
CUST1323,Cynthia,Dunn,rfarley@vaughan-craig.com,-7844,"5571 Anderson Plains, Wyattchester, UT 87030",Kelliebury,Alaska,12/14/2022
CUST1324,Jose,Hunter,ortizrobert@robinson.com,652.117.2624x39459,"409 Parker Estates Suite 662, East Jasonshire, UT 45665",West Randyside,Connecticut,2/28/2024
CUST1325,Todd,Macdonald,skinnervanessa@yahoo.com,-8940,"69770 Nathan Roads, Perezstad, MO 43073",Lake Larry,Colorado,12/30/2023
CUST1326,George,Haas,lnelson@yahoo.com,(927)999-0136x4555,"6902 Keith Village, Thomasberg, MD 01927",Josechester,Ohio,11/23/2022
CUST1327,Seth,Johnson,ywall@gmail.com,069-485-6141x571,"57323 Salazar Ridges Apt. 153, West Joseph, IA 77587",New Derrick,New York,9/13/2023
CUST1328,Carl,Diaz,bbryant@fox.org,001-301-182-0430,"129 Madden Summit, Lake Jeffreyland, DE 38552",Dayview,Maryland,4/22/2023
CUST1329,Charles,Olson,kelly83@parrish-moody.info,388.138.5501x9821,"PSC 8658, Box 9684, APO AA 83668",Michaelchester,Idaho,5/30/2024
CUST1330,Rachel,Watson,alexanderjackson@yahoo.com,(745)795-3032,"65273 Turner Square Apt. 948, North Michaelview, ID 65552",Port Deborahport,Vermont,9/7/2022
CUST1331,Brandon,Ellison,william31@meyer.com,761.516.1896,"88633 Hansen Island, Kingburgh, DC 42003",Shaneton,West Virginia,3/8/2024
CUST1332,Beth,Gonzales,hernandezsharon@hotmail.com,695-748-9405,"8687 Harrell Common, Port Tanya, ID 71779",West Micheal,Ohio,11/8/2024
CUST1333,Lisa,Henry,imiller@hogan-walters.com,+1-106-549-7347x2049,"5163 Guzman Center, Jennifermouth, NJ 81557",South Elizabeth,Vermont,4/17/2024
CUST1334,Traci,Thornton,brentgraves@yahoo.com,825-610-3993,"02336 Rice View Apt. 772, Lewisbury, GA 77030",Sandraside,Vermont,5/2/2024
CUST1335,William,Shelton,tblack@duke.com,6377320858,"PSC 4950, Box 4868, APO AA 79908",North Stephanie,Delaware,11/26/2024
CUST1336,Crystal,Frye,bchen@chavez.com,(895)914-7444x90379,"344 Floyd Parkway Suite 230, Woodschester, KY 92156",Lake Katherinemouth,Montana,10/25/2023
CUST1337,Christina,Levy,amytaylor@hardin.biz,903.437.9188x14948,"PSC 3045, Box 8562, APO AP 14832",Alvaradostad,Pennsylvania,12/17/2022
CUST1338,Andrea,Jones,malonematthew@wagner.com,+1-450-407-9057x9534,"116 Lauren Circles, West Laura, WY 89109",New Shaunburgh,Montana,7/14/2023
CUST1339,Anne,Fisher,jfuentes@bowen.info,(711)334-1881x9548,"317 Lee Terrace, Port Shawn, CA 72612",Tarastad,Delaware,12/6/2024
CUST1340,Melanie,Brown,sphillips@yahoo.com,148-270-7425,"USS Lynch, FPO AP 81283",West Joannabury,California,5/3/2023
CUST1341,Elizabeth,Levy,bensonjoshua@bautista-warren.com,(912)186-5812,"05851 Duarte Plains Apt. 692, New Chelseabury, OH 96725",West Mariamouth,Arkansas,3/2/2023
CUST1342,Lisa,Ramirez,angela81@hernandez.com,-6482,"524 Navarro Key Apt. 723, Ethanshire, FL 67986",Johnview,New Jersey,1/28/2025
CUST1343,Christopher,Mccann,jeffrey82@gmail.com,682-607-2804,"420 Jill Heights Suite 377, Edwardstown, CA 69559",New Arthur,New Jersey,12/6/2024
CUST1344,Lisa,Gonzalez,rnielsen@hotmail.com,8506246055,"8296 Jonathan Lakes Apt. 675, Philipshire, VA 39872",East Michelleside,West Virginia,6/4/2022
CUST1345,Michael,Foley,douglaskenneth@hotmail.com,(313)348-7817x495,"72853 Ware Place, Morganbury, CA 44600",Kirbyside,Oregon,12/24/2023
CUST1346,Sarah,Thompson,robertbrown@roberson-fields.com,001-245-369-3426x4004,"Unit 9196 Box 6665, DPO AA 61613",South Veronicaview,South Dakota,2/17/2025
CUST1347,Vincent,Brown,alisonparks@hotmail.com,750-902-4932x794,"125 Robert Bridge Apt. 607, Lake Dawn, IL 74876",New Tracy,Georgia,9/16/2024
CUST1348,Patrick,Ross,christina80@hotmail.com,828.061.5170x225,"1336 Yvonne Station Apt. 693, Jasonbury, PA 43357",West Cynthiatown,Mississippi,5/12/2024
CUST1349,Richard,Shah,leekimberly@bowman-haynes.net,544.462.3504x5143,"84672 Jonathan Way, Lake Natalie, MN 91505",Lake Justinborough,Wyoming,9/14/2023
CUST1350,Elizabeth,Eaton,christopher98@yahoo.com,(706)378-6698x2673,"95241 Jon Extension, Port Bradley, NY 57916",North Markton,Minnesota,2/24/2025
CUST1351,Matthew,Griffith,melissa68@jacobson.com,304-317-9998x98920,"198 Wheeler Spur Suite 452, East Michaelton, UT 44762",Robertchester,Connecticut,12/7/2022
CUST1352,Kathy,Ali,danafernandez@gmail.com,861.501.4673x65075,"907 Ryan Turnpike Apt. 232, East Christinefurt, AK 00559",Brownside,Arkansas,9/23/2022
CUST1353,Joshua,Jones,xhanson@sheppard.com,(404)753-6150,"82953 Brian Station, Katherineport, CO 69400",Jimenezbury,Connecticut,8/6/2024
CUST1354,Lori,Silva,lisa86@gmail.com,286-511-0148x23449,"0284 Andrew Crescent, Phillipsborough, WV 54451",South Robertview,Georgia,3/13/2024
CUST1355,Rachel,Jones,smithmathew@pearson.biz,+1-046-666-3810x865,"60770 Payne River, Michelleburgh, WV 77550",Grahamton,New Jersey,12/25/2022
CUST1356,Steven,Holland,forddaniel@cooper-brady.com,(868)241-1403,"2866 Rodriguez Circle Apt. 154, New Chelseabury, VA 11650",East Ryan,West Virginia,7/21/2024
CUST1357,Lisa,Gregory,traceyanderson@yahoo.com,349-983-5668,"60916 Dennis Square, East Mason, CO 20405",Morrisonstad,Iowa,6/16/2024
CUST1358,William,Sawyer,hayesjoshua@phillips-smith.info,439.673.8101x45324,"36256 Howard Key Suite 681, Westchester, KY 47072",Jessicatown,California,2/7/2024
CUST1359,Angela,Strong,coneal@henderson.com,001-946-366-4515x948,"2092 Cooper Ports Suite 860, Joseborough, CA 58831",Curtismouth,Idaho,1/27/2024
CUST1360,Robert,Taylor,frank53@juarez-rodriguez.com,(855)224-8413x951,"381 Jacobs Courts, South Kayleemouth, VA 62323",East Alexa,West Virginia,9/10/2022
CUST1361,Antonio,Gomez,williamsnow@yahoo.com,-2102,"50283 Jackie Rue Apt. 916, Shannonfort, VA 90476",North Jameschester,Nevada,11/3/2022
CUST1362,Kenneth,Fitzpatrick,jonathanmurray@gmail.com,(089)112-1556x39598,"4519 Claire Hills, Port Kennethmouth, MA 35719",New Ianborough,Rhode Island,7/22/2024
CUST1363,Bryan,Nielsen,williamstammy@cohen.com,640.819.8243,"870 Vicki Pine, Port Courtneyside, DC 04939",South Paul,Utah,12/26/2023
CUST1364,William,Stevens,otran@gmail.com,970-625-8541x12898,"78619 Marissa Station Suite 822, Lamville, VT 86858",Sheilamouth,Arkansas,6/27/2024
CUST1365,Brian,Stuart,stevensstephanie@bates.com,5543419652,"1689 Henry Walks, West Timothyburgh, WY 53050",Port Kevin,Alabama,11/27/2022
CUST1366,Peter,Beasley,april35@burgess.com,983-782-3673,"7101 Mckenzie Bypass, Blairberg, OK 18419",Chaseburgh,Tennessee,7/24/2024
CUST1367,Bryan,Gray,lbennett@burnett.com,(763)725-1329x6859,"81711 Olson Crossing, Rodriguezbury, OK 22760",West Anthony,Oregon,5/29/2022
CUST1368,Andrew,Barton,thomasadrian@hotmail.com,-4851,"9698 Steele Lock, West Taylormouth, DC 77484",South Kelly,Hawaii,1/8/2024
CUST1369,Colleen,Johnson,ralph83@hotmail.com,+1-136-153-7201x518,"21322 Nielsen Centers Apt. 997, Gregoryberg, OH 09692",Breannaport,California,7/22/2023
CUST1370,Lori,Cross,xlevine@gmail.com,503.617.7455x4358,"36292 Dennis Squares, North Eric, SD 09245",Andrefort,Tennessee,9/19/2022
CUST1371,Daniel,Wilkinson,kurt82@gmail.com,627.615.4076x100,"859 Anthony Route Suite 934, North Amberchester, TX 34677",West Adam,Kentucky,10/27/2023
CUST1372,Adam,Sanchez,craigriley@hotmail.com,061-850-8320x60179,"0620 Elizabeth Cape Suite 802, Santoston, NC 75265",Autumnchester,Nevada,6/26/2022
CUST1373,Erika,Dodson,rebekahwiggins@sanchez.net,001-524-932-4515x5670,"2588 Meyer Plains, Chavezborough, ND 66771",Saraborough,New York,4/7/2023
CUST1374,Matthew,Henderson,graypaula@guerrero.info,(281)271-4723,"512 Todd Unions Suite 709, Hollandchester, MD 20223",Zhangville,Oregon,8/8/2022
CUST1375,Larry,Phillips,sgould@boyd-jackson.com,(860)106-4490,"088 Anna Burg, West Jacobborough, AR 78599",West Dominiquechester,Rhode Island,6/4/2022
CUST1376,Sarah,Anderson,ddaniels@gordon-bond.org,+1-201-068-4590x595,"6277 Gray Skyway Suite 291, North Jessicatown, MA 67642",Johnmouth,Arizona,9/18/2023
CUST1377,Selena,Taylor,leerenee@davis-gonzalez.net,962.691.7226,"79593 Eric Underpass, North Vanessabury, CO 10392",Jameshaven,California,5/23/2022
CUST1378,Brianna,Rosario,scott13@yahoo.com,+1-434-654-3794x9350,"858 Thomas Pines Suite 140, Parrishtown, SD 44570",New Aaron,Michigan,5/7/2023
CUST1379,Roberta,West,christopher63@gmail.com,772-742-4125x516,"3135 Griffin Divide Suite 599, New Michellefurt, KY 85316",South Crystalfort,New York,7/1/2023
CUST1380,Jonathan,Hale,kimberlyjohnson@higgins-wood.com,314.088.1824x7689,"817 Lawson Key, Annaton, MA 42519",Michaelmouth,Michigan,7/24/2022
CUST1381,David,Smith,deborah88@moran.com,(396)650-8175x89006,"9289 Hamilton Manors Suite 608, Annashire, SC 66116",East Travisfort,Rhode Island,10/9/2023
CUST1382,Michael,Jones,michaelsanchez@yahoo.com,920-720-5719x32497,"723 Smith Parkways Suite 699, Hannahton, ME 78432",South Peterborough,Iowa,12/9/2024
CUST1383,Connor,Richmond,zmartin@castaneda.com,(688)045-8292,"USNV Ramos, FPO AE 57425",Freemanton,Texas,8/19/2022
CUST1384,Sean,Fox,wanderson@hartman.com,385.914.8039x248,"70848 Miller Shoals, Lake Sandra, WA 53774",Anthonyview,Rhode Island,8/23/2023
CUST1385,Matthew,Gonzalez,adamrobinson@montoya.com,001-733-372-8336x053,"68949 Bautista Ways Apt. 845, Lake Sherry, MN 51398",North Paulville,South Dakota,2/18/2025
CUST1386,Jennifer,Ross,elizabethmarquez@yahoo.com,959-478-7743,"029 Elijah Freeway Suite 897, Port Alison, WY 15253",New Vincentmouth,Oklahoma,2/26/2025
CUST1387,Darren,Ward,weavercynthia@gmail.com,178.551.9510,"923 Keith Lights, Gallagherchester, NJ 90164",New Thomasshire,New Hampshire,6/24/2022
CUST1388,Jamie,Aguilar,prose@anderson-smith.com,884.829.5971x945,"4782 Johnson Ridge, Proctorchester, MS 75929",Michaelside,Virginia,7/7/2022
CUST1389,Colleen,Johnson,gjordan@hotmail.com,001-670-174-8706x970,"USS Hester, FPO AA 46910",Port Luisstad,Georgia,6/17/2022
CUST1390,Kevin,Fields,margarethall@hotmail.com,4382854842,"88653 Wilcox Squares Suite 337, East Cherylville, NC 47593",Castillobury,North Carolina,7/5/2024
CUST1391,Calvin,Gordon,jenniferestrada@gmail.com,904.630.5050x9845,"8674 Jerry Rapid, Kingfurt, ND 51159",Carlshire,Kentucky,2/18/2025
CUST1392,Robert,Mcgrath,ginamorgan@torres-greene.net,001-360-215-3309x936,"3890 Hoffman Burgs Suite 915, South Jennifertown, LA 23147",Jenniferville,Kansas,12/22/2024
CUST1393,Sandra,Elliott,estevens@gmail.com,(363)907-8715,"783 Watkins Ford Apt. 376, Lindseybury, TN 64086",Robertport,Arkansas,1/4/2023
CUST1394,Stephanie,Goodman,jakenguyen@yahoo.com,103-372-0289,"9417 Howell Dam Suite 937, South Brett, CO 36400",Nguyenside,Idaho,8/18/2022
CUST1395,Terrence,Mcdonald,butlermark@smith-chung.biz,(168)921-7218,"23201 Sampson Alley Apt. 645, Spearshaven, NH 71184",West Stephenfort,Minnesota,10/16/2024
CUST1396,Kevin,Brady,parkerjonathan@hotmail.com,001-164-302-0455x589,"14462 Martinez Gardens, East Lisafurt, IA 53728",Jacquelinebury,North Carolina,5/30/2022
CUST1397,Michelle,Smith,ystephens@yahoo.com,001-542-076-8742x9935,"1180 Sarah Expressway, Port Kristin, CA 29627",Devonchester,Ohio,2/8/2024
CUST1398,Trevor,Rojas,conwayanthony@thompson.info,(452)212-9886,"80456 Edgar Park, Johnathanhaven, WI 08348",Mitchellchester,Montana,2/20/2025
CUST1399,Nathan,Clark,michele44@rodriguez.net,175.775.1965,"2717 Charles Walk Apt. 294, South Jeffreyfort, AR 33296",Graveston,Kentucky,4/3/2024
CUST1400,Ashley,Marshall,thunter@yahoo.com,(454)260-6723,"9739 Contreras Station Apt. 418, Lake Shawnland, NJ 76840",Parrishbury,Arkansas,8/27/2022
CUST1401,Timothy,Lambert,matthew32@gmail.com,080.804.5945x54035,"6153 Vernon Roads Apt. 992, New Petershire, CO 82639",Danielville,Ohio,6/27/2022
CUST1402,Debra,Price,khenry@lambert.net,(227)902-7948x37229,"522 Philip Island, Lake Megan, ME 08159",North Justinbury,Delaware,5/21/2023
CUST1403,Michael,Aguilar,benjaminoliver@davis.com,(708)908-3358x020,"8867 Paul Prairie Suite 338, New Brian, OR 86875",Veronicatown,Maine,4/26/2023
CUST1404,Julie,Kennedy,angelicawaters@hotmail.com,(073)265-6926,"473 Alisha Port Apt. 640, Port Alexis, MA 43105",Madisonview,Alabama,11/2/2024
CUST1405,Emily,Walker,trevor21@harris.biz,074.404.4179,"8504 Michael Isle Suite 119, North Stephanieshire, FL 58670",West Kellyfurt,West Virginia,2/7/2025
CUST1406,Kevin,Cook,zparker@collins.com,(090)719-3824x15506,"36876 Brandon Islands, Baileyfurt, MT 10267",South Brittany,North Dakota,3/22/2023
CUST1407,Michelle,Perez,tbrandt@gmail.com,839.870.5155,"363 Kayla Mews, Stevensview, UT 69695",Davismouth,Mississippi,2/20/2024
CUST1408,Kelly,Bennett,clarkjacob@gmail.com,684.823.9441,"742 Jonathan Expressway Apt. 916, Smithmouth, CT 44143",Bryanport,Maryland,10/23/2023
CUST1409,Renee,Hendrix,keith88@johnson-aguilar.com,9876944143,"515 Timothy Pine, North Robertside, OH 62325",Karlafurt,Maine,1/26/2024
CUST1410,Judith,Mcdaniel,lindsay19@levine.com,(540)413-8926,"6644 Ruiz Mountains, Watkinsshire, WY 86898",North Sarahhaven,Nevada,9/25/2022
CUST1411,William,Thomas,matthewfreeman@yahoo.com,(778)002-5357x578,"5148 Mary Club Apt. 480, East Jennifer, ID 78552",Laurashire,North Carolina,5/31/2022
CUST1412,Brian,Gregory,manuel74@hotmail.com,544-630-8804x0903,"68062 Melendez Row, Howardview, MO 37316",Edwardsview,Wyoming,6/4/2024
CUST1413,Alex,Sutton,john50@ramos.com,(185)141-0766,"20594 Cassandra Bridge Suite 397, North Grace, SC 86572",New Richardtown,New York,7/29/2023
CUST1414,James,Moreno,nathancastillo@gmail.com,208-439-4750x28551,"90845 Christopher Lake Suite 443, Port Anna, WV 65643",Laurenmouth,Alabama,12/24/2023
CUST1415,Timothy,Cunningham,qlee@yahoo.com,(523)625-0602,"Unit 7262 Box 7419, DPO AP 11404",Terryburgh,Nevada,6/16/2024
CUST1416,Betty,Hall,patrick88@hotmail.com,328.630.4493x0086,"470 Lindsey Brook, Port Mariemouth, SC 99452",Riggshaven,Georgia,4/11/2024
CUST1417,Wayne,Johnson,david90@hopkins.com,385.811.3788x084,"76977 Ryan Pines, Melissaborough, NJ 11483",Laurentown,Illinois,12/9/2023
CUST1418,Christopher,Duke,charles26@allen.org,(765)003-0674x219,"09001 Myers Station Suite 989, Andrewfort, NV 03193",Johnstonfurt,West Virginia,5/15/2023
CUST1419,Todd,Bryant,gyoder@nunez.net,137368360,"10491 Galvan Motorway, Diamondbury, KS 34431",Guerraberg,Kansas,12/25/2024
CUST1420,Ebony,Lee,samantha06@powers-combs.com,(880)089-9623x995,"9020 Jones Mountains Suite 425, Pennybury, IL 76452",North Johnport,Hawaii,6/23/2022
CUST1421,Michael,Vaughan,davidlara@levy.biz,+1-903-365-2465x86562,"8064 Rodriguez Knolls Apt. 491, Michaelview, SD 07697",Brownside,Maryland,7/25/2022
CUST1422,Jeffrey,Bennett,bensonchad@alexander-burke.com,3460232498,"766 Carol Prairie Apt. 808, New Rogerburgh, AK 15336",South Ronaldhaven,Utah,2/26/2023
CUST1423,Kathy,Davis,bearddennis@martin.com,001-559-642-0307x30309,"680 Deleon Mountain Apt. 919, Morgantown, WI 94547",Steinville,Montana,9/17/2023
CUST1424,Dylan,Bradshaw,waltersemily@yahoo.com,(578)736-4988,"369 Lewis Corner Suite 746, Hunterville, NC 47806",Snyderview,New Jersey,12/31/2022
CUST1425,Kathryn,Atkins,matthewward@leonard.net,438.195.5770,"082 Andrade Parkway, North Martha, PA 87032",Martinezstad,Tennessee,7/6/2024
CUST1426,David,Riley,leonardmichael@gmail.com,001-995-270-7253x04394,"980 Smith Terrace Suite 355, East Anna, UT 53640",Port Steven,Wyoming,12/17/2022
CUST1427,Danny,Anderson,fobrien@patterson-guerrero.com,001-521-311-3876,"5155 Clark Locks, West Kelseytown, ME 61864",Lake Jodi,Delaware,1/8/2023
CUST1428,Ana,Meyers,amy44@hotmail.com,001-666-738-0189x2418,"4353 Mason Drive Apt. 550, Lake Philip, DE 20345",Greentown,Arkansas,11/24/2022
CUST1429,Christy,Brown,gramos@hotmail.com,(686)337-5790x153,"1086 Andrew Mountain Suite 717, Lake Emily, DE 68423",Anthonyville,West Virginia,12/2/2022
CUST1430,Tristan,Garza,eddie73@hampton-morris.org,001-218-315-5583x35926,"57249 Aguilar Isle Suite 110, Watsonberg, ID 70885",Smithmouth,New Mexico,3/28/2023
CUST1431,Trevor,Guzman,ioconnor@hotmail.com,019.340.2960,"736 Dennis Terrace Suite 306, South Brandonshire, ME 10905",Marcoton,New Hampshire,5/3/2022
CUST1432,Jose,Garcia,bpearson@chang.biz,183-551-4814x8858,"16181 Nolan Park Apt. 711, Williamsborough, ME 63074",South Andrew,North Carolina,12/13/2022
CUST1433,Janet,Morris,hannah95@yahoo.com,8861406539,"952 White Forge, New Luis, DE 31624",Morrisstad,Michigan,3/8/2023
CUST1434,John,Hoffman,shannonguerra@meza.com,813.031.4099x50589,"7355 Hayes Squares, Port Annetteshire, MN 61564",Stephanieshire,Montana,5/15/2024
CUST1435,Tommy,Johnson,jarvisscott@young.com,025-958-0511,"4987 Mendoza Springs Apt. 350, Christopherfurt, AZ 27316",East Amy,New Mexico,1/27/2024
CUST1436,Thomas,Clark,woodanthony@wagner.biz,449.485.5802x76595,"2510 Hughes Via, Port Johnville, WI 64628",Mccoyburgh,Kansas,9/18/2022
CUST1437,Jonathan,Weeks,jarvismichael@diaz.com,470.062.2497x733,"418 Watkins Row, East Andre, UT 28122",Lake Karen,Vermont,5/9/2022
CUST1438,Margaret,Murphy,pkirby@yahoo.com,(256)968-7889x0787,"9815 Joshua Parkways Suite 304, Zacharyton, DE 88174",Davidstad,Hawaii,11/12/2023
CUST1439,Linda,Rowe,qpowell@dodson-flores.com,(549)129-5576x106,"USNS Mullen, FPO AE 21267",Jenniferberg,New Hampshire,9/25/2022
CUST1440,Kenneth,Bridges,dawnclark@yahoo.com,967-852-6278x454,"400 Kevin Pine Apt. 761, Carlybury, TX 14169",New Steven,Colorado,7/20/2022
CUST1441,Parker,Sexton,turnersarah@hotmail.com,001-408-696-1558x17518,"41384 Foster Fields, South Elizabethside, WV 77049",Johnsonland,South Dakota,2/13/2023
CUST1442,Justin,Owens,jennifercarroll@yahoo.com,-6040,"1588 Smith Mount Suite 191, Martinezfort, OR 21877",Christianville,New Jersey,3/1/2023
CUST1443,Claudia,Duke,sharoncarter@barnes.com,048.373.5092x749,"55091 Poole Orchard, Riveraside, MN 40118",Pattersonberg,New York,10/19/2024
CUST1444,Cheryl,Suarez,averydana@gmail.com,+1-759-383-0654x9342,"5140 Cynthia Junctions, Nicoleville, NV 04292",North Pamelaton,Ohio,5/31/2022
CUST1445,Margaret,Snyder,zthomas@thomas.org,(524)319-6809,"USS Perez, FPO AE 73218",Matthewport,Iowa,6/22/2023
CUST1446,Heather,Gomez,michael20@reilly.biz,(139)584-7684x33054,"23705 Clark Isle, South Franciscoton, NE 29062",Port Luisside,New Mexico,6/1/2022
CUST1447,Richard,Jackson,joseph63@gmail.com,-4583,"1610 Joseph Glen Suite 834, Mooreside, DC 84828",Lake Andre,Maine,6/20/2023
CUST1448,Hunter,Melton,jon53@gmail.com,(575)531-9037x6443,"USS Blackwell, FPO AP 32416",Moorestad,Arizona,1/10/2025
CUST1449,Randy,Gay,mortiz@hotmail.com,467-448-7160x67984,"989 Thompson Pine Apt. 185, Davidsonmouth, PA 95231",East Tanyamouth,Mississippi,12/24/2023
CUST1450,Glen,Phillips,jonesheather@sanchez.net,(286)227-0672x2826,"37857 Michael Mills Apt. 273, West Sara, KS 37686",Port Anthony,South Carolina,4/24/2024
CUST1451,William,Simmons,mirandalisa@hotmail.com,691.361.1353x67824,"655 Adam Loaf, East Michael, MT 21452",South Jessica,South Dakota,11/7/2024
CUST1452,James,Jackson,nataliebailey@moss.org,001-651-340-8939x887,"06228 Steven Mount Suite 659, Randallfurt, MI 93467",Santiagoshire,North Dakota,9/2/2023
CUST1453,Gabriel,Flowers,christine41@richard-simpson.info,+1-694-564-5504x7637,"5218 Myers Ports, Port Jeffreyshire, WA 08073",Port Anna,Rhode Island,3/28/2023
CUST1454,Brian,Moreno,kathleen51@morales-hoover.com,001-241-144-5284,"5671 Benton Well Apt. 098, New Ryan, AK 47108",Lanceland,Connecticut,11/4/2023
CUST1455,Andrew,Kent,michael66@yahoo.com,900.383.1871x60249,"Unit 1939 Box 4156, DPO AA 79796",Michaelport,Wyoming,1/17/2023
CUST1456,Regina,Martinez,christianbeard@ewing.net,(177)224-5272x8215,"673 Cooper Meadow, Michelleville, SC 88050",North Derek,Oregon,1/10/2024
CUST1457,Gregory,Dixon,rebecca86@martin.com,(673)586-3346x560,"3260 Mallory Manor, Lake Jennifer, VA 67826",West Williamville,Arizona,7/28/2024
CUST1458,Dennis,Bennett,qspears@young.com,(607)214-4146,"89858 Donna Avenue, North Andrewbury, NM 67108",East Michaelshire,Rhode Island,12/24/2024
CUST1459,Amy,Martinez,wshah@hotmail.com,001-612-191-5369x912,"PSC 1891, Box 5441, APO AP 42235",Alanville,Iowa,4/13/2023
CUST1460,Sandra,Smith,karenpeters@sexton.info,370-365-0702x496,"5286 Kendra Course, East Linda, OH 53680",West Bryanfort,Colorado,2/28/2024
CUST1461,Lisa,Jones,audreyduran@brown.com,+1-491-932-5496x3453,"0687 Dustin Turnpike, East Sonya, MO 48455",Coxborough,Maine,10/8/2024
CUST1462,Amy,Ibarra,cthomas@palmer-huang.org,+1-123-991-7152x2513,"872 Joshua Expressway Apt. 400, Michaelborough, WY 86713",Jacobstad,Rhode Island,10/9/2023
CUST1463,Marc,Ferguson,eric74@hotmail.com,001-213-252-6181x68024,"27904 Davidson Ferry Suite 775, North Kyle, KS 13232",Katherineview,Ohio,4/4/2025
CUST1464,Ashley,Walter,daniel87@russo.com,9453873434,"51394 Donna Square, Port Matthewton, SD 35302",Lake Kennethstad,Alabama,7/9/2024
CUST1465,Regina,Smith,dsmith@morrison-harrell.biz,001-055-667-2092x3430,"027 Christian Lane Suite 811, Solisstad, MN 66414",Johnsonmouth,Colorado,4/3/2025
CUST1466,Dawn,Gonzalez,kathleen80@griffin.com,8702099222,"433 Dixon Glen Suite 675, North Bethmouth, MA 63188",Lake Charles,Tennessee,8/15/2023
CUST1467,Christina,Mercado,srowe@jones.com,011-531-6053x411,"PSC 4735, Box 4676, APO AE 50060",Jillshire,Texas,1/13/2024
CUST1468,Audrey,Richards,richard95@cohen.com,001-451-914-2426,"138 Douglas Crest Suite 747, Burgessport, KS 05415",South Holly,Wyoming,1/26/2023
CUST1469,Ian,Roberson,plee@yahoo.com,001-060-954-4496x406,"7423 Michael Ferry Suite 292, Barnesbury, KS 67126",North Jennifer,Montana,11/18/2024
CUST1470,Theresa,Hernandez,daniel06@torres.net,411-383-0838x251,"32629 Shawn Ways, Goodmanberg, NY 89701",North Todd,South Dakota,5/27/2024
CUST1471,Candace,Wood,vmichael@pittman-harris.com,-8061,"08261 Kimberly Ramp, Lake Heatherside, VA 19003",Port Richard,Louisiana,3/4/2024
CUST1472,Lisa,Mosley,dalenicholson@hotmail.com,822.354.3142x71300,"292 Bailey Expressway Apt. 517, Manningfort, ID 06891",Donton,Louisiana,3/22/2024
CUST1473,Kelly,Peters,kreed@norman.net,(055)989-1987x6506,"88283 Lamb Plain, East Stephenshire, AL 80329",Williamsborough,North Dakota,1/7/2023
CUST1474,Brent,Perez,vnichols@horn.com,+1-744-416-3758x90117,"979 Gill Manors, East Jennafurt, WY 60015",Parksmouth,Delaware,5/16/2022
CUST1475,Cody,Smith,gjohnson@nguyen.org,913-571-4918,"41337 Brandon Path Suite 434, Weaverton, OK 16204",Chavezhaven,Montana,1/19/2023
CUST1476,Ashley,Garcia,annaroberts@burton.com,001-713-691-1636,"Unit 2566 Box 0107, DPO AA 30825",Lake Kaylahaven,North Carolina,6/18/2024
CUST1477,Linda,Walker,thomasdavid@jordan-johnson.org,402.863.8999x5890,"6881 Clayton Estates Apt. 380, Ballberg, AR 33460",Robinsonborough,New Hampshire,2/26/2025
CUST1478,John,Thomas,mayscynthia@jordan.com,001-423-239-0239,"PSC 0405, Box 3674, APO AP 61452",Milesmouth,Kentucky,1/7/2025
CUST1479,Kristina,Wang,raymondhamilton@wright.info,464-163-3089x616,"241 Morgan Fort, Lawrencefurt, DC 80866",North Kelly,Virginia,2/18/2024
CUST1480,Kimberly,Pierce,christopher81@gmail.com,574.783.7646x5500,"PSC 2892, Box 9530, APO AP 87290",Carsonmouth,Arizona,8/10/2022
CUST1481,Christian,Matthews,nathan50@hotmail.com,751-666-0911,"145 Jeremy Parks Suite 605, South Cheyenneshire, WI 78955",East Elizabethhaven,Arizona,8/14/2024
CUST1482,Andrew,Campos,jacobobrien@gmail.com,813.493.0417,"866 Jamie Junction Apt. 172, Anthonyberg, PA 66384",Port Sarah,Oregon,5/22/2023
CUST1483,David,Lewis,bwilson@kennedy-andrews.biz,-9878,"PSC 4494, Box 4878, APO AA 72906",East Carolyn,Virginia,8/7/2023
CUST1484,Chloe,Benitez,benjaminsnow@yahoo.com,(202)598-6685,"69767 Ramirez Rue Suite 851, Lake James, MA 07219",Port Susanshire,Virginia,4/7/2025
CUST1485,Carmen,Gonzales,randyduffy@montoya.info,+1-670-813-6578x46953,"89179 John Way, South Kyle, OH 60188",Carterhaven,Maryland,7/6/2024
CUST1486,Edward,Potter,millerjacob@gmail.com,975-151-9888x632,"Unit 3744 Box 8565, DPO AA 58379",Lake Tonychester,Iowa,4/20/2023
CUST1487,Margaret,Reyes,dmckay@burns.com,001-356-388-8862x67302,"029 Bailey Shore, East Bradleymouth, WI 37921",Christinaton,Georgia,6/30/2023
CUST1488,Isaac,Bryant,sevans@gmail.com,093-171-4854x30219,"261 Church Highway Suite 343, North Jasonshire, UT 40662",East Chelsea,Oregon,7/4/2023
CUST1489,Antonio,Jones,xcrawford@hotmail.com,001-499-272-9434,"63380 Erica Mill, Dunnshire, OH 31107",East Gary,Maine,7/13/2023
CUST1490,Rodney,Harris,james57@hotmail.com,7036535383,"USS Campbell, FPO AE 66615",Baileyport,South Carolina,2/18/2023
CUST1491,Luis,Young,olsontiffany@yahoo.com,254-768-1606x244,"347 Ward Unions, Reginachester, RI 11652",Mccormickton,Oregon,10/25/2024
CUST1492,Brian,Cannon,tmoore@hotmail.com,015.548.4986x607,"7889 Sarah Manor, Port Ronnie, KS 30222",Andersonshire,Texas,8/11/2022
CUST1493,Michelle,Smith,larryboyd@paul-lopez.org,(045)895-2740x641,"9025 Nichols Walks, New Amanda, TN 39719",Charlesland,New Jersey,8/1/2022
CUST1494,Philip,Mcdonald,steven32@armstrong.com,196-791-1901x61271,"5119 Natalie Mount Suite 701, Benjaminview, OK 09740",East Anthonyberg,North Dakota,6/15/2023
CUST1495,Amber,Young,ohoward@clark.biz,115-805-2384x7384,"295 Miller Spurs, Margaretland, TX 53787",New Jeffreyburgh,Texas,2/17/2025
CUST1496,Adam,Francis,brandiblevins@cobb.com,+1-218-331-9145x32117,"123 Wells Way, Douglasburgh, WV 22031",Fergusonfurt,New York,2/18/2023
CUST1497,Amber,Martinez,hmcdonald@nelson-thomas.biz,025.769.3873x40522,"39016 King Island, East Mariemouth, NC 10664",West Austin,Maryland,9/22/2022
CUST1498,Patricia,Smith,ronalderickson@yahoo.com,+1-492-805-5707x130,"72908 Kristen Square, Harrishaven, LA 02093",South Mindy,North Carolina,5/22/2023
CUST1499,Nicole,King,mosstracie@hotmail.com,-3643,"115 Christopher Square Apt. 709, New Jessicastad, NY 24141",Lake Cristiantown,North Carolina,1/29/2024
CUST1500,Amy,Gilbert,mia85@bullock-jones.biz,001-344-151-2131x7642,"07682 Carolyn Harbors Apt. 552, Tranchester, NY 68156",North Christinestad,Iowa,5/30/2023
CUST1501,Jeremy,Brewer,laurie14@dixon.com,+1-087-618-1122x0003,"680 Valenzuela Mills Apt. 195, Jeffreymouth, IA 86426",West Ashley,Arizona,10/30/2022
CUST1502,Ronald,Knox,madelineboyd@young.com,001-453-818-4561x625,"05050 Todd Walks, Lake Christopher, MT 82665",North Meredith,Utah,8/24/2024
CUST1503,Diana,Gonzalez,yanderson@henderson.com,001-016-625-2598x5532,"USS Mcdonald, FPO AE 04613",Myersport,Nevada,9/27/2024
CUST1504,Nancy,Dalton,nguyenmorgan@hotmail.com,547.874.1333x5656,"814 Christensen Ford Apt. 157, New Zacharyshire, MT 01360",Staciemouth,Maine,7/31/2022
CUST1505,Virginia,Long,anthony75@hotmail.com,493.976.0566x85244,"597 Michael Landing Apt. 981, Alexanderville, FL 44723",Bradfordview,Tennessee,6/6/2022
CUST1506,Evan,Hickman,longtiffany@johnson.com,6864768082,"343 John Plaza, Evanhaven, DC 12761",New Wendyshire,South Dakota,8/20/2024
CUST1507,Micheal,Nguyen,elee@yahoo.com,421-894-4886,"26945 Simmons Parkways, Juanhaven, NM 36759",Jessicahaven,Missouri,9/23/2022
CUST1508,Christy,Patrick,jacksonmegan@hotmail.com,673-335-0241,"96791 Johnson Street Apt. 321, East Stephanieburgh, AZ 56608",Williamshire,Kansas,4/7/2025
CUST1509,Victoria,Banks,jamieayala@hughes.com,(072)586-6206x517,"884 Garcia Roads Apt. 996, Elizabethport, CT 52775",Andrewmouth,Illinois,3/26/2024
CUST1510,Morgan,Williams,angel44@smith.org,(310)650-5408,"438 Susan Turnpike, Bakermouth, FL 92104",Moranshire,Alaska,11/14/2022
CUST1511,Dana,Pena,matthewmartin@hotmail.com,(624)008-3438x9997,"41691 Jeremy Fords Apt. 404, Kimfort, IL 85747",Yangshire,Oklahoma,8/5/2024
CUST1512,Deanna,Navarro,vbennett@cook.com,219.049.6823x267,"79861 Nancy Gateway, Martinezbury, IA 34146",West Ryanfurt,Arkansas,10/13/2023
CUST1513,Kelsey,Lawrence,samuelramirez@anderson-gonzales.info,7598494212,"912 Brown Viaduct, Rayville, MA 70942",Robinchester,Michigan,1/8/2023
CUST1514,Kevin,Thomas,rgonzalez@gaines.biz,834-829-2650x12013,"724 Amanda Lodge Apt. 876, East Alexandraview, UT 68762",Sabrinaborough,Alaska,8/10/2023
CUST1515,Jessica,Nguyen,crystal08@blanchard.com,966.465.0857x6425,"43743 Kelly Estate Apt. 341, Johnshire, FL 85244",New Kimberlyview,Michigan,11/7/2024
CUST1516,Jill,Hicks,lisathornton@gmail.com,699-328-6649x52260,"788 Tara Avenue, Franciscoborough, KS 69374",Alyssabury,Kansas,9/26/2023
CUST1517,Catherine,Cox,timothybautista@yahoo.com,587.614.1012,"6867 Carter Parks Apt. 839, New Nancybury, WI 69826",Port Allisonview,Oklahoma,10/18/2022
CUST1518,Jeffery,Hall,alisonfrancis@jones.biz,637.032.7133x886,"24887 Richards River Apt. 657, Karenside, IN 57853",East Jeffreyside,Alaska,3/28/2025
CUST1519,Sonya,Brown,moorejeffrey@harrison.biz,396.329.0177x273,"USNS Price, FPO AA 37106",New Michele,Nebraska,7/30/2022
CUST1520,Ashley,Bennett,eharris@hotmail.com,001-802-539-3211x42307,"947 Roy Burg, Lake Thomastown, MN 26396",North Brandyland,Iowa,11/29/2023
CUST1521,Phillip,Grant,nlopez@hernandez.net,(256)633-2977,"9864 Crosby Radial, Duarteberg, NY 15701",Lake Travistown,Idaho,9/21/2022
CUST1522,Lucas,Martinez,robert15@simpson.com,001-141-306-8694x086,"04193 Amanda Meadows Apt. 320, Shafferbury, NJ 64014",Garnerstad,New Hampshire,3/17/2023
CUST1523,Andrew,Lane,richard60@davis.info,(159)975-6252,"73557 Olivia Freeway, Jessicafurt, IN 48641",New Jacquelineton,Louisiana,6/8/2023
CUST1524,Alan,Smith,donaldoneill@bender.net,840-956-8154,"668 Ryan Field Suite 380, North David, ME 72857",New Benjamin,Hawaii,1/15/2024
CUST1525,Michelle,Decker,christinamoore@dyer.com,(789)511-2594,"8995 Todd Branch, Jonathanside, AK 67676",Rodriguezbury,Louisiana,4/6/2025
CUST1526,Susan,Baker,iwilliams@thomas-malone.biz,+1-317-862-2176x2905,"49799 Timothy Landing Suite 104, Boonehaven, MN 72195",Isaacberg,Vermont,12/20/2022
CUST1527,Yolanda,Thompson,austinmack@hotmail.com,001-240-445-9361x845,"204 Mills Skyway, East Andrea, LA 67758",Brendafurt,Rhode Island,4/16/2023
CUST1528,Danielle,Harrington,velasquezjames@hotmail.com,706.877.4363x3264,"USCGC Winters, FPO AA 52103",Williamland,Maryland,11/8/2024
CUST1529,Jennifer,Osborne,martinezshannon@harrison.org,001-980-250-8258x1655,"903 Fisher Knoll, Johnsonborough, ND 56171",Port Samantha,Connecticut,11/21/2022
CUST1530,Jason,Walter,huntjames@clark.com,2131134345,"0829 Darryl View, Port Carolinefurt, KY 44477",North Steven,Texas,11/6/2022
CUST1531,Dawn,Martinez,dawn25@hotmail.com,001-978-129-2082x30529,"259 Bryce Estates, Shawshire, NE 42700",Lake Christopherfurt,Utah,12/31/2023
CUST1532,Katherine,Haynes,patricksmith@smith.org,899-522-4095x97748,"30391 Nancy Lakes, Jacobmouth, VA 56365",New Justin,Mississippi,6/16/2023
CUST1533,James,Cooper,chad91@yahoo.com,+1-335-068-0889x110,"768 Philip Isle, Barneshaven, RI 38896",West Mary,Maine,8/27/2022
CUST1534,Tyler,Smith,jaderoberts@gmail.com,(538)049-0778x625,"850 Hughes Ridge, Nancyton, MD 14523",Frankmouth,North Dakota,8/16/2023
CUST1535,Charles,Smith,petersonandrew@cole.com,(112)799-5028x138,"11940 Emily Highway Suite 560, Huntfurt, DC 04475",West Carlaberg,Texas,1/23/2024
CUST1536,Cassandra,Johnson,deanwebb@yahoo.com,239.374.8556x994,"202 Joseph Brook Suite 634, New Melissa, IA 18782",Dennisberg,Mississippi,11/26/2022
CUST1537,Heather,Decker,heather08@garrett.com,(702)293-8095x9544,"3136 Kimberly Crossroad Suite 283, Osborneville, HI 17743",Michaelville,South Carolina,3/31/2024
CUST1538,Anna,Diaz,astanley@wright.com,+1-539-896-3816x508,"070 Stacey Extension, New William, NM 06649",Sharonview,Pennsylvania,6/10/2024
CUST1539,Samuel,Sloan,sheri97@yahoo.com,(545)032-0737x63024,"133 Justin Avenue Apt. 909, Cynthiafurt, IL 68441",Lake Edwardbury,New York,10/2/2024
CUST1540,Carlos,Hendricks,aarmstrong@buckley.com,+1-566-760-8427x12252,"647 Bradley Point, Lake Andrew, NM 80893",Christinefort,South Carolina,6/20/2024
CUST1541,Richard,Reynolds,hillholly@rich-wright.biz,+1-764-026-7419x41627,"077 Patricia Trail Suite 380, East Mirandamouth, IL 07586",Rosefurt,Colorado,5/27/2024
CUST1542,Dennis,Baker,kramerrichard@carter.org,+1-570-516-3639x039,"599 Rogers Mountain Apt. 620, South Michaelfort, KS 75514",South Jerryborough,Idaho,11/3/2022
CUST1543,Craig,Thomas,julie77@yahoo.com,-4993,"554 Donna Locks, Gentryberg, MO 36091",Michaelmouth,Minnesota,7/23/2022
CUST1544,Anne,Martin,kathy34@yahoo.com,001-185-082-9735,"664 Nathaniel Divide Apt. 476, Lake Williammouth, LA 66685",Paulborough,Wyoming,8/5/2023
CUST1545,David,Baker,alison56@obrien.biz,001-780-796-5248x4345,"2159 Acevedo Shores Apt. 837, Aliciabury, OR 76202",Christopherport,North Carolina,10/31/2022
CUST1546,Alan,Williams,tanyareed@hotmail.com,455.102.9224x3848,"34778 Heather Lodge, West Caitlinport, MN 13914",West Kathryn,New Hampshire,7/25/2022
CUST1547,Daniel,Koch,thomastimothy@gmail.com,305.165.3815,"68724 Davis Spur Apt. 295, East Brian, OR 84153",West Jonathon,Mississippi,12/4/2023
CUST1548,Mark,Mitchell,lauracampbell@james-garcia.biz,734331782,"753 Holmes Inlet, Kristinstad, WV 74415",West Joseberg,Texas,12/13/2022
CUST1549,Ryan,Reese,lynnhuynh@yahoo.com,036.062.8063x666,"49642 Anderson Ville, Thomasfort, RI 30704",East Cynthiamouth,Alaska,5/7/2024
CUST1550,Sabrina,Reed,zwilkerson@lane.com,+1-379-469-9198x055,"05371 Lawrence Viaduct Apt. 144, Veronicaport, GA 15873",Perezstad,New Mexico,10/18/2022
CUST1551,Helen,Schmidt,johnsoneric@reed.com,579.580.4902x175,"340 Gina Meadow Suite 936, Christineville, MI 76305",Smithside,New Jersey,4/8/2024
CUST1552,Sharon,Wagner,gibbsjoseph@hernandez.net,804-308-4187x970,"1283 Jeffrey Mountain Apt. 052, Hillland, KY 39208",Port Ebonyburgh,Alabama,6/9/2023
CUST1553,Michelle,Chapman,sheilabarrett@garrison.com,469-892-4783x3263,"93933 David Loaf, New Andrewtown, FL 05383",Port Charlestown,North Dakota,8/26/2024
CUST1554,Jennifer,Brown,christybarrett@gmail.com,268.655.4478x62201,"530 Maxwell Freeway, Mauricemouth, VA 35100",Collinsland,Oklahoma,3/24/2025
CUST1555,Melissa,Hanson,cynthia72@hotmail.com,068.680.8909,"32243 Herring Lodge, Mcculloughburgh, MT 77223",New Stevenberg,South Dakota,3/24/2025
CUST1556,Patricia,Morris,christopher69@yahoo.com,-2261,"183 Christopher Isle Suite 657, Kristitown, UT 66115",Port Jameston,North Dakota,2/16/2023
CUST1557,Michael,Bradshaw,brownmary@chen-brown.biz,180.597.5191x4350,"1425 Martin Point, Port Ricky, IN 13896",Priceport,Louisiana,9/7/2024
CUST1558,Martin,Steele,robertssylvia@yahoo.com,444-796-5431,"PSC 5294, Box 7927, APO AA 64114",Ryanton,Alaska,7/24/2022
CUST1559,Leah,Gonzalez,judith49@hotmail.com,(891)985-4643,"03685 Murphy Vista, Duranstad, ID 06817",Tylerburgh,Pennsylvania,12/2/2022
CUST1560,Jennifer,Smith,lbaker@yahoo.com,844-355-6054x241,"088 Garcia Terrace, Seanfort, FL 16043",Laurenmouth,Vermont,4/26/2024
CUST1561,Erika,Walker,melanielarsen@garcia.org,740.786.2971x7429,"027 Powell Center Apt. 745, North Donnaview, MD 83674",Clementshaven,Wisconsin,1/25/2024
CUST1562,Gabrielle,Cook,lawrencejill@pierce.com,(258)518-8402x29296,"4002 Jillian Burgs Apt. 378, South Alexis, NY 65937",Krystalshire,Florida,3/15/2025
CUST1563,Dominique,Spence,mark71@simon.com,085.065.2465,"963 Murray Village Apt. 036, East James, FL 84484",South Thomasport,Oregon,3/23/2023
CUST1564,Julie,Patrick,christopherrodriguez@freeman-frye.com,-4909,"231 Dunn Village Suite 340, North Scott, DC 70093",Lake Brandi,New Hampshire,10/19/2024
CUST1565,Paula,Blankenship,debraglenn@gmail.com,733.734.4815,"7120 Thomas Fall Apt. 460, Karenshire, IA 61632",North Adrianbury,West Virginia,4/17/2024
CUST1566,Martin,Murphy,freyjennifer@bailey-gray.info,916.395.2481x9084,"528 Benjamin Pass Apt. 183, Harveyberg, IN 24486",West Kevinview,Louisiana,11/25/2022
CUST1567,Steven,Lee,sarah64@pierce.biz,995-100-7195,"Unit 1196 Box 2602, DPO AP 65614",Kennethmouth,Hawaii,8/1/2023
CUST1568,Teresa,Patrick,elizabethbooth@gmail.com,001-316-389-7760,"Unit 4329 Box 5203, DPO AE 21026",West Monicachester,Nebraska,7/17/2022
CUST1569,Kathryn,Wagner,whitney49@miller-cross.info,(300)934-0274,"837 Sarah Trail, South Sharonberg, WV 62362",Wadestad,New Mexico,5/31/2024
CUST1570,Melissa,Zimmerman,lindabutler@gmail.com,+1-740-068-1740x177,"1734 Maria Ramp, Mariaville, CA 22566",Cherylshire,Idaho,12/19/2022
CUST1571,Stephanie,Wilkins,wmoody@bailey-hahn.net,2243005698,"Unit 4252 Box 4960, DPO AE 24435",Rodriguezberg,Utah,5/17/2024
CUST1572,Matthew,Bryant,darryl49@yahoo.com,332-619-5110x43105,"697 Peterson Isle, Roseview, TN 16789",Valenzuelaport,Illinois,8/17/2022
CUST1573,Kara,Miller,thomas85@lynch.com,723-826-1672x12562,"297 Daniel Dam, Lake Zacharymouth, NJ 89223",Wayneton,Hawaii,10/9/2023
CUST1574,Alyssa,Skinner,nancy78@hotmail.com,030.937.3623,"44230 Richardson Loaf, Paulview, MN 36047",West Jeremy,New Hampshire,6/2/2024
CUST1575,Whitney,West,iriley@gmail.com,(806)272-1424,"USCGC Johnson, FPO AA 18159",South Nicole,Delaware,7/29/2024
CUST1576,Anne,Pittman,vlara@yahoo.com,+1-822-562-4245x8793,"97592 Williamson Mall Suite 726, Franklinport, LA 08631",Williamsport,Arizona,4/17/2023
CUST1577,Rhonda,Martinez,julia98@gmail.com,(872)955-2328x399,"98984 Yesenia Shore Apt. 206, Bartlettland, GA 05302",Jacobsburgh,Tennessee,11/14/2023
CUST1578,Manuel,Mcgrath,jessicathornton@johnson.com,(905)344-0170,"9941 Callahan Port Apt. 407, West Lauren, FL 55516",Keithside,West Virginia,10/29/2024
CUST1579,Nicole,Ford,ofields@hotmail.com,+1-789-938-1024x634,"6463 Villarreal Harbor Suite 131, Catherineland, NM 46079",Johnside,New Mexico,6/29/2024
CUST1580,Erin,Tran,qbowen@gmail.com,(373)096-7632,"1977 Vanessa Lake, Anthonyfurt, OR 89531",East Zachary,Alaska,6/17/2022
CUST1581,Eric,Jones,ericrobertson@jenkins-romero.com,(119)205-3781x6252,"0009 Donald Ford, North Janetmouth, AK 66047",Amandaport,Maine,8/22/2022
CUST1582,Linda,Gray,iolson@gmail.com,(671)138-4990,"789 Alexis Burgs, South Tonymouth, TX 82080",Choiburgh,Missouri,11/11/2024
CUST1583,Victor,Hendricks,ncisneros@cook.com,(785)424-2525x1611,"3850 Nelson Plaza, Theresatown, OK 29336",Lake Jacobhaven,California,2/14/2024
CUST1584,James,Moss,gonzalezdevin@moss-allen.net,764365678,"754 Eduardo Summit Apt. 682, Martinezside, FL 92098",New Victor,Indiana,10/4/2022
CUST1585,Zoe,Santiago,ipayne@salinas.net,(172)213-8196,"983 Hall Run Apt. 572, New William, MD 08552",North Dannyton,Georgia,6/6/2022
CUST1586,Denise,Thompson,joseph76@yahoo.com,717.308.0917,"09823 Estrada Mountain Apt. 929, East Kathleen, MN 58031",Lake Nicholas,Massachusetts,3/16/2023
CUST1587,Peter,Boone,tara33@brown.com,630.386.1447x81676,"1346 Watkins Track, New Brentport, MO 54859",Port Glenntown,Rhode Island,2/2/2024
CUST1588,Jennifer,Beasley,trogers@yahoo.com,(127)291-1571,"21387 Nelson Stravenue, West Stevenport, WA 62595",Heatherside,South Carolina,2/4/2024
CUST1589,Victoria,Torres,lopezlisa@hotmail.com,001-403-192-5230,"7906 Kimberly Light Apt. 977, Cameronland, VA 85169",Clarkebury,Delaware,2/9/2025
CUST1590,Kimberly,Munoz,murphypatricia@moore.com,1990199333,"57659 Jose Spring Apt. 845, Carlosside, MO 62263",Andreaview,Wisconsin,1/1/2025
CUST1591,Brenda,Clark,browncrystal@durham.com,370.608.4701x4315,"5521 Joanne Way Suite 069, Potterborough, NV 54852",East Timothy,Wyoming,10/11/2023
CUST1592,Michelle,French,cparrish@gmail.com,448.470.5848x0863,"21419 Matthew Mills, West Jonathan, MS 97563",Lunafurt,Nebraska,11/24/2024
CUST1593,Dean,Perry,ablake@yahoo.com,(435)316-5000,"60107 Miller View Suite 158, Tanyaside, IL 89666",Port Jessica,Wyoming,2/23/2023
CUST1594,Rebecca,King,breanna99@webb.org,(804)423-9585x34497,"7762 Connie Estate Apt. 093, North David, MT 22545",Lake Jacqueline,Minnesota,2/26/2024
CUST1595,Oscar,Lee,joann01@hotmail.com,(433)289-1042,"24743 Ronald Fields Apt. 146, Cooperview, AK 63578",New Aaronside,Connecticut,1/15/2023
CUST1596,Kevin,Bauer,marywu@gmail.com,+1-002-516-7224x80229,"7541 Mathis Lake Apt. 979, Lake David, DE 14638",Lake Danielmouth,Iowa,4/26/2022
CUST1597,Gregory,Shepherd,amyharrington@wilson.com,(529)633-9350,"3200 Rodriguez Island Suite 197, Lake Jamie, FL 48769",Lake Charleston,Nevada,7/19/2022
CUST1598,Brenda,Moore,mmcneil@gmail.com,+1-113-334-7881x944,"Unit 5977 Box 1381, DPO AE 73496",West Christopher,Indiana,7/31/2024
CUST1599,Dennis,Stokes,garciarichard@gmail.com,+1-961-364-9562x6805,"091 William Forest Suite 296, Port Jason, MO 67223",New Daniel,Iowa,7/9/2022
CUST1600,Michael,Perkins,armstrongjason@palmer.com,001-131-943-0006x080,"54473 Valentine Roads Suite 718, Andrewside, NC 03578",Port Josephport,Utah,3/22/2024
CUST1601,Drew,Osborne,kevinstein@yahoo.com,9155315289,"3538 Russell Harbor Suite 351, East Thomas, WA 90184",South Eileen,Tennessee,5/17/2023
CUST1602,Daniel,Herring,qbrown@anderson.com,-3304,"148 Roger Hollow, Donnaview, ID 43988",North Jose,Alabama,10/1/2023
CUST1603,Catherine,Lopez,ramirezeric@fernandez.net,(785)131-6299x53213,"Unit 5176 Box 1145, DPO AE 45904",Harrisonburgh,Georgia,12/5/2022
CUST1604,John,Green,adampayne@burton-fowler.com,(502)328-9388,"5104 Sandra Mission, South Johnview, UT 85296",East Sarashire,Virginia,1/21/2025
CUST1605,Matthew,Cooley,yjenkins@hotmail.com,+1-646-439-9484x888,"6214 Delacruz Parkways, East Susan, TX 73233",Michealside,Nebraska,12/1/2023
CUST1606,Alicia,Martin,juliancastillo@parker.org,957-284-8290,"60981 Smith Rapid, Port Jessicaport, RI 43845",Smithburgh,West Virginia,11/4/2024
CUST1607,Jose,Lee,sandrahenry@yates.net,001-356-681-6970,"942 Hunter Heights, Lake Ryanport, NM 36426",Thompsonchester,Nevada,6/12/2022
CUST1608,Tiffany,Parker,jenniferhamilton@lee.com,560.789.3831x74509,"320 Janet Crossroad, Johnsonberg, MS 00889",Diazside,Missouri,2/28/2025
CUST1609,Michael,Patrick,kimlarsen@gmail.com,827-309-5971x982,"791 Huber Mills Apt. 005, Williamsmouth, DE 78726",East Cynthiaberg,West Virginia,5/31/2023
CUST1610,Christine,Garza,stephaniebarrett@steele-valdez.com,722.449.1841x37678,"4357 Aaron Points Suite 590, Jenkinsland, ME 27708",South Ashleyfort,Mississippi,3/19/2025
CUST1611,Theodore,Smith,jonessteven@yahoo.com,9936615360,"23227 Scott View, Nguyentown, ME 84328",Nolanville,North Dakota,12/17/2022
CUST1612,Robert,Walters,rubiokimberly@francis.com,-2052,"15187 Denise Way, Keychester, CO 45314",Grahamburgh,South Carolina,5/4/2024
CUST1613,John,Pittman,aharris@gmail.com,(210)544-0226x008,"721 Leah Loaf, North Ryan, NV 65159",Stewartport,Arkansas,2/1/2025
CUST1614,Nathan,Cook,jorge00@edwards.net,+1-380-743-1137x37199,"441 Smith Key, Heiditown, OK 11148",Lake Darleneland,Texas,1/27/2024
CUST1615,Carla,Good,alexawashington@yahoo.com,520-513-1704,"7352 Lewis Knoll Suite 046, North Briannaland, NV 29950",South Richardshire,Pennsylvania,3/30/2024
CUST1616,Jacob,Jones,timothymurphy@thomas-dean.net,-2281,"549 Miller Parkway, East Stephanie, HI 84166",East Karen,Arkansas,9/13/2022
CUST1617,Stephen,Jackson,pattoncarla@lee.info,+1-852-757-2475x48983,"137 Fuller Stravenue, West Catherine, DC 76417",Armstrongfurt,South Dakota,7/1/2022
CUST1618,Rhonda,Wilcox,dawsonmicheal@williams-walton.com,7437843691,"6142 Michael Isle Apt. 415, Anthonyland, DE 49725",Michelleview,New Mexico,9/29/2022
CUST1619,Karen,Hughes,sherry85@singleton.com,8779846468,"0939 William Motorway Suite 084, Danielleburgh, NH 11692",Emilyport,Maryland,2/9/2025
CUST1620,Julie,Carpenter,noblejeremy@yahoo.com,119-561-0582x9834,"Unit 4303 Box 8934, DPO AA 73882",Port Jenniferside,Missouri,11/7/2024
CUST1621,Christopher,Flores,ineal@kelly.biz,+1-626-073-4807x94756,"756 Huynh Pines, Lake Amy, NH 91555",South Scott,Rhode Island,8/6/2023
CUST1622,Chad,Ayers,mhart@marshall.biz,+1-052-330-2657x55365,"348 Joshua Station, New Daniel, CA 17031",Harrismouth,Illinois,7/17/2023
CUST1623,Jennifer,House,richardsonkenneth@gmail.com,5188807236,"44830 Kelsey Tunnel Suite 693, Jenkinsfort, OH 84743",East Ryan,Rhode Island,9/21/2022
CUST1624,Christopher,Hamilton,ashley73@gmail.com,9003634496,"587 Christine Lane, South Josephburgh, MN 36355",Bakerfurt,South Carolina,9/25/2023
CUST1625,Claudia,Alvarado,brian25@harris.biz,+1-397-497-8132x5754,"08099 Banks Grove, Lake Jesusfurt, TX 07727",Lake Johnathanburgh,Idaho,8/9/2024
CUST1626,Sandra,Medina,melanie14@wallace.com,779-120-4025,"432 Charles Shores Suite 872, New Jack, MS 91243",Lake Laurie,Maryland,12/24/2024
CUST1627,Dustin,Walker,wheelerdiane@hicks.com,(696)611-1164,"119 Jeffrey Highway Suite 788, South Brandon, CT 37408",New Kimberlyport,Minnesota,8/12/2024
CUST1628,Linda,Gay,armstrongangela@miller.com,(285)407-4914x743,"250 Melissa Mountains Apt. 951, Port Laurashire, CA 68209",Sawyerburgh,Mississippi,4/21/2022
CUST1629,John,Oconnor,cortezcrystal@yahoo.com,443.636.3458x8675,"47982 Lori Springs Apt. 891, East Michaeltown, MO 89935",South Valerie,Virginia,8/20/2022
CUST1630,Steven,Wilson,youngmartha@lopez.com,001-105-927-9022x896,"5125 Garcia Track, Jenniferport, OH 65497",Port Philipchester,Vermont,4/30/2022
CUST1631,James,Matthews,wklein@kidd.com,403.496.2967,"575 Lewis Highway Apt. 259, New Julianview, UT 92822",New Kristin,Texas,7/12/2024
CUST1632,Lauren,Pitts,crystal84@gmail.com,782.682.1597x6736,"816 Hernandez Garden Suite 103, Lake Rayland, IL 17702",North Courtneyville,Idaho,8/14/2022
CUST1633,Jason,Cooper,sjones@yahoo.com,(632)245-7889,"8754 Steven Villages Apt. 723, Morenoborough, KY 65272",West Nicoleville,Illinois,7/13/2022
CUST1634,Monica,Cruz,jeffrey75@reed.com,-10926,"396 Bass Tunnel, Brookefurt, OH 24872",Arroyostad,Maine,9/28/2024
CUST1635,Yolanda,Gutierrez,alexanderjoshua@yates.info,001-736-463-1233x143,"20497 Sean Locks, East Kathyfurt, NY 81162",Barbarafurt,California,6/17/2024
CUST1636,Joseph,Larson,lpierce@butler-charles.com,+1-003-131-9433x83344,"9237 Michael Viaduct, East Theresa, KS 67741",Boydfurt,Michigan,9/20/2022
CUST1637,Jeremy,Thompson,imiller@thomas.info,010.644.4563x703,"341 Suarez Path Apt. 629, Timothyville, KY 28436",New Daniel,Oregon,5/2/2024
CUST1638,Angela,Cox,fwilliams@yahoo.com,660.962.8277x162,"36469 Christina Island, Sherryton, AZ 64306",West Lacey,Delaware,5/18/2023
CUST1639,Brandon,Landry,mduncan@hotmail.com,-10775,"1462 Little Glen, Michellebury, MD 32128",Jameshaven,Oregon,6/15/2022
CUST1640,Robert,Patel,brandycollins@barrera.com,001-712-742-7077x1271,"4938 Lynn Circle Apt. 866, Jennifershire, VA 20445",West Andrewfort,Louisiana,7/30/2024
CUST1641,Ricky,Fox,ambertaylor@gmail.com,+1-889-782-2577x8490,"4587 Jeffery Ferry Apt. 930, Williambury, HI 90547",Ayalatown,Arizona,11/22/2024
CUST1642,Tyler,Gutierrez,benjamin67@yahoo.com,001-735-343-9395x534,"USNV Fowler, FPO AA 06774",South Heather,Nevada,9/6/2024
CUST1643,Patrick,Mcdaniel,robertbailey@hotmail.com,(829)439-0363,"25541 Moon Rest Apt. 956, Amandafurt, AK 98186",New Michaelmouth,Maine,4/7/2024
CUST1644,Teresa,Jones,ssuarez@pierce.com,690-188-3852x5783,"USS Greene, FPO AE 60690",Port Emilyberg,Louisiana,3/8/2023
CUST1645,Eric,Bradley,dgallagher@yahoo.com,831.389.0676x8811,"48473 Yu Valley, Baldwinland, AR 34890",Richardburgh,Iowa,2/21/2024
CUST1646,Christine,Hernandez,tateshelby@hotmail.com,5848964260,"738 Turner Shore Suite 375, Williston, IN 64662",Johntown,Florida,4/4/2025
CUST1647,Carlos,Wilson,qbanks@allen.org,462.467.2725x23237,"7775 Cassidy Loaf, West Christopherville, ID 20177",Kathleenmouth,Maryland,8/2/2024
CUST1648,Angela,Carney,longchelsey@yahoo.com,+1-238-916-1142x10308,"6125 Jeremy Knolls, North Jeffreyland, WV 42229",New Jillchester,New Jersey,2/24/2023
CUST1649,Matthew,Morris,brianwhitaker@hotmail.com,(278)682-4144,"5605 Joseph Mountain, East Matthew, VT 11292",Maryside,Maine,7/20/2022
CUST1650,Mark,Parker,dayjessica@yahoo.com,189.121.1878,"569 Perez Dale Apt. 237, Kellystad, RI 59745",Kennedyside,Tennessee,8/3/2024
CUST1651,Edward,Hall,elizabeth89@kline-hinton.info,6996861643,"859 Angel Valley Apt. 939, Levibury, TN 32582",Brandonside,Washington,6/25/2022
CUST1652,Benjamin,Herrera,wilsoncindy@gmail.com,(649)424-1180x36421,"72272 Wiggins Mission Apt. 403, Hamptonborough, VT 18423",Port Patriciaport,Alaska,9/1/2022
CUST1653,Jonathan,Skinner,croberts@gmail.com,001-585-372-1900x0068,"851 Gonzalez Extensions Suite 968, Michellechester, GA 76830",Lake Paul,Oregon,4/7/2025
CUST1654,James,Fox,roy15@gmail.com,-4890,"720 Gregory Place Suite 495, West Dustin, MD 22156",West Robert,South Carolina,6/21/2022
CUST1655,Steven,Huang,vhawkins@hotmail.com,4261335003,"6081 Timothy Forge Apt. 917, East Matthewton, MA 49219",North Charleneport,Wyoming,9/4/2024
CUST1656,Tara,Estrada,jmorales@carr-parker.com,033.875.5997x4037,"878 Kristen Drives, West Katherine, VA 56015",Weberburgh,Georgia,10/14/2023
CUST1657,Danielle,Brown,brian10@wood-bradshaw.com,001-364-408-2235,"151 Joel Lights, Mendezfort, TX 33804",Blackport,Virginia,5/10/2024
CUST1658,Matthew,Alexander,reevesjason@singh.com,(186)275-8323,"209 Jackson Club Suite 717, Port Susan, IL 09083",South Elizabeth,New Hampshire,7/31/2024
CUST1659,Jessica,Cooper,qhernandez@yahoo.com,(512)220-3987x36789,"4068 Dennis Knoll Apt. 763, Patrickport, NC 08978",West Miranda,Georgia,10/25/2024
CUST1660,Gregory,Cruz,tfernandez@yahoo.com,7347014965,"3837 Brady Pass Suite 960, Millerberg, KS 47706",Mcknightville,Kansas,1/7/2025
CUST1661,Daniel,Franco,lewisjennifer@gmail.com,(586)498-0790,"1757 Quinn Light Suite 419, Longshire, FL 75988",Thomasshire,Colorado,5/5/2023
CUST1662,Craig,Schmidt,natalie37@hotmail.com,570-810-9633x596,"99301 Lowe Path Suite 219, Santiagoville, CT 08450",East Cristinamouth,Missouri,10/2/2022
CUST1663,Cameron,Miller,ericbaker@turner.com,3487677202,"1139 Douglas Hollow Apt. 033, North Jamesfurt, UT 30616",North Raymond,New Hampshire,12/21/2024
CUST1664,Justin,Holden,scottgordon@yahoo.com,192.057.0102,"9478 Brittany Extension, New Loganmouth, FL 74565",South Don,Oregon,12/2/2023
CUST1665,Mary,Ramsey,rbrown@gmail.com,+1-504-419-0716x94419,"1073 Shelby Pike Apt. 442, New Steven, MT 56554",Allenstad,Indiana,10/9/2022
CUST1666,Heather,Wolfe,ashley28@carlson-fox.info,537-399-5609,"217 Ortiz Plains, East Wesley, NE 34563",East Brian,Michigan,7/1/2022
CUST1667,Natalie,Bennett,ellisbarbara@gmail.com,222.358.0470,"50311 Justin Lights, Jimenezborough, NJ 32107",Davidberg,New Mexico,9/10/2022
CUST1668,Robert,Kim,weekslaura@kramer.com,473-080-1082,"70563 Rachel Greens Apt. 044, Port Natalie, WY 11355",Jasmineton,Arizona,9/14/2022
CUST1669,Erika,Smith,mclaughlinhannah@yahoo.com,(203)723-3327x91111,"2433 Matthew Turnpike, New Connor, LA 32238",South Emma,Oklahoma,6/5/2023
CUST1670,Christopher,Lamb,christopher38@allen.org,184-820-4991,"5638 Gregory Road, Lewischester, ND 36797",Lake Teresaburgh,Kansas,10/18/2023
CUST1671,Antonio,Carrillo,robert26@dickerson.com,001-723-745-8023x8007,"06797 Figueroa Wells Suite 386, Port Danielmouth, NM 12918",Terryland,Illinois,4/25/2023
CUST1672,Nicole,Camacho,woodmeghan@morris-banks.net,826.700.1343x24715,"30456 Kathryn Stream, New Kimstad, AK 86114",Port Sean,Connecticut,2/25/2025
CUST1673,Steven,Andrews,hessheather@jackson.com,+1-836-608-7939x0786,"25555 Stephens Well Apt. 623, Ginaside, HI 75508",Jenniferview,Kentucky,11/24/2023
CUST1674,Richard,Bowers,jennifer52@yahoo.com,8058956882,"7773 Grant Mountains, West Abigailburgh, SD 06257",Nathanhaven,Delaware,8/30/2022
CUST1675,Christopher,Johnson,mariaryan@garcia.info,001-600-051-8819x368,"452 Christian Motorway, Jessicaberg, LA 89705",Port Angela,South Carolina,3/13/2025
CUST1676,Brandon,Pearson,wrowe@riley.com,001-989-923-6730x0821,"140 Hernandez Plains, South Alyssachester, MS 79391",Lake Kristen,Ohio,6/9/2023
CUST1677,Catherine,Phillips,alexanderbarber@crawford-pugh.com,+1-769-625-6671x36636,"0596 Michele Prairie Suite 582, Jasmineport, IA 33318",Bishopchester,Maine,11/5/2024
CUST1678,Eugene,Mullen,shaunhenry@gmail.com,1507556039,"0591 Hall Lodge Suite 622, West Robert, MI 14471",Michaelmouth,Hawaii,7/19/2024
CUST1679,Theresa,Thompson,mcoleman@dominguez-jensen.com,739-407-4506,"47579 Ryan Views Apt. 791, Jimenezstad, MN 99382",West Destiny,Michigan,12/8/2022
CUST1680,Robert,Scott,rachelfox@hale.info,(048)386-2995,"12572 Robert Crescent, Garrettmouth, NY 88663",South Seth,Alaska,5/1/2022
CUST1681,Jennifer,Steele,michelle37@gmail.com,282.477.4674,"49908 Eric Burgs Apt. 342, Darleneton, IA 88052",Murrayside,Illinois,2/10/2025
CUST1682,Darryl,Frazier,michael67@lopez-curtis.com,156.549.8460x6270,"86888 Sims Junction Apt. 096, Port Ashley, HI 58469",New Nancyville,Washington,12/22/2024
CUST1683,Melissa,Johnson,vzimmerman@yahoo.com,(682)531-0052x4017,"80001 Joseph Crescent, Cathystad, ID 91397",Paynemouth,Florida,1/10/2025
CUST1684,Juan,Poole,leslie18@green.info,(075)502-2371,"93681 Stephanie Garden Apt. 410, Lake Patriciabury, KS 02459",South Natalie,Idaho,8/1/2022
CUST1685,Jonathan,Perez,crawfordjennifer@gmail.com,+1-120-410-1450x84464,"35457 Sheila Mews Apt. 736, East Jessehaven, MS 76688",Meghanport,Arkansas,5/24/2023
CUST1686,Brandi,Buchanan,bcole@hotmail.com,001-811-640-3173x1704,"460 Michael Corner Apt. 744, Juliastad, NH 90105",Port Amy,Pennsylvania,9/8/2024
CUST1687,Mark,Richards,watkinslisa@hotmail.com,735-720-2291x05230,"518 Jordan Valleys Suite 708, Emilyside, MS 14264",Sweeneystad,Kansas,6/25/2022
CUST1688,Cody,Williams,jjohnson@brown.biz,475-807-3808,"16707 Johnson Route, Garciafurt, VA 11769",Robertside,West Virginia,6/18/2023
CUST1689,Angel,Crawford,breanna88@lindsey.com,001-639-688-6872x92819,"2989 Carlson Well Apt. 543, Port Mariaburgh, TX 44609",East Jesseton,Arizona,8/4/2024
CUST1690,Rachel,Adams,maria76@hotmail.com,+1-860-328-7082x342,"Unit 8554 Box 0613, DPO AA 86624",Port Dominique,Michigan,3/31/2024
CUST1691,Robert,Foley,wilsondavid@hotmail.com,+1-721-673-6440x10305,"75009 Anderson Extensions Suite 426, Lake Samantha, NY 57064",Gwendolynhaven,Alabama,1/22/2025
CUST1692,Nicole,Harris,marcus17@robinson-davis.com,(155)168-4989x390,"4462 Griffin Flat, Charlestown, MD 51161",Whiteport,West Virginia,3/13/2023
CUST1693,Jill,Orr,frankcampos@bender.com,+1-744-851-4323x48958,"7978 Sims Well Apt. 354, Lindatown, CO 05195",Hatfieldhaven,Nebraska,2/1/2024
CUST1694,Amanda,Newman,anorris@hotmail.com,(571)256-6247,"32504 Joseph Bypass Suite 957, Angelaborough, NE 23694",Amandafurt,North Carolina,3/1/2023
CUST1695,Brittany,Lewis,sandovalbrenda@key.com,+1-139-218-8117x43834,"331 Dawn Trail, Davidfort, DC 89539",Holmeshaven,Arkansas,8/27/2024
CUST1696,Roger,Lee,annette24@roberts.biz,043.259.3335,"795 Brown Mill, Teresaland, OR 98028",Jonesview,Arizona,11/5/2024
CUST1697,Nicole,Gray,whitefrancisco@hotmail.com,013-550-0127,"81324 Mike Loop, Lindaland, TN 53473",North Candace,Pennsylvania,6/28/2022
CUST1698,Courtney,Williams,owensalan@hotmail.com,747-075-3163,"471 Hunter Gardens, Martinfurt, IL 03341",Garrettton,Missouri,12/9/2024
CUST1699,Kathryn,Walsh,deleonjacqueline@hutchinson.com,935-152-1687x874,"381 Adams Glens Apt. 806, West Veronicafort, NC 39846",Claytonmouth,Oklahoma,2/3/2023
CUST1700,William,Powell,jacksonzachary@gmail.com,001-181-922-4698,"Unit 6016 Box 0805, DPO AE 43254",Castilloberg,Kentucky,6/15/2024
CUST1701,Steven,Vargas,gibbsmichelle@holland.com,(491)809-1503x9544,"130 Rangel Route, Ericabury, OK 64334",Lake Joseph,Virginia,2/27/2025
CUST1702,Steven,Waters,ohart@grant.com,+1-048-818-0174x52534,"USNV Lawson, FPO AP 65344",Lawsonbury,Arizona,6/17/2023
CUST1703,Tammie,Ortiz,kathryn61@yahoo.com,001-501-056-2382x6324,"USNV Sanders, FPO AA 17478",Samuelville,Indiana,8/31/2024
CUST1704,Jane,Hebert,dbennett@garrison.biz,4354864652,"52148 Johnson Mill Apt. 270, Elizabethfort, NE 89992",South Amber,Georgia,8/17/2023
CUST1705,Thomas,Hart,trevorbowen@gmail.com,164-945-8156,"800 Bennett Key, Flynnborough, WI 27665",Jamestown,New Mexico,4/30/2024
CUST1706,Ethan,Johnson,pwu@lopez-yates.com,247.308.3353x920,"2829 Jeffrey Road Suite 773, Port Michael, ME 28436",Beckside,Colorado,2/19/2025
CUST1707,Joshua,Gentry,thomaschristopher@johnson-ward.com,(320)186-3364,"60838 Darlene Turnpike Suite 568, Valeriemouth, PA 08243",New Christinebury,South Carolina,11/2/2023
CUST1708,Steven,Bennett,ujohnson@gmail.com,001-717-176-9931x03740,"6861 Brooks Trafficway, Huertaton, MN 34374",Allenchester,Illinois,5/20/2022
CUST1709,Tanya,Mullins,nicholasgarcia@long-powers.biz,975.647.5882x619,"52238 John Manor, Lindseymouth, FL 34232",North Leeshire,Montana,8/7/2024
CUST1710,Lisa,Campbell,roydiaz@gmail.com,160-506-3654,"46905 Cook Pike, East Robertastad, HI 15792",Pricestad,Kentucky,12/19/2024
CUST1711,Deanna,Rowe,dcarr@gmail.com,-5908,"82695 Ward Corners Suite 336, Doylefort, NC 79545",Emmaland,Delaware,12/29/2023
CUST1712,Nicole,Myers,joseph49@gmail.com,451.262.8683x6763,"07928 Julie Land Apt. 884, South Arthurberg, MT 16887",Cooperbury,Delaware,8/1/2022
CUST1713,Jamie,Evans,rebekahwhite@gmail.com,581-366-7403x579,"859 Lisa Roads, West Jasmine, AK 74380",Hollyland,Connecticut,3/6/2024
CUST1714,Justin,Lee,trevorcurtis@bradley.com,(966)027-7638x81678,"77820 Lang Vista, West Jonathan, AZ 12253",Port Nicole,Nebraska,12/26/2023
CUST1715,Alyssa,Brewer,timothystewart@yahoo.com,372-388-3510,"0407 Young Route Suite 799, New Patrickchester, AL 93043",Benitezborough,Missouri,12/3/2022
CUST1716,Michael,Parker,christopher90@hotmail.com,221-150-9821x47184,"86600 Gomez Trace Apt. 897, New Christopher, ME 09091",South Meganbury,California,7/19/2022
CUST1717,Bethany,Hall,lisa88@gmail.com,594-558-5620,"77246 Andrea Station Apt. 015, Murrayside, IN 77702",New Sheila,Rhode Island,12/4/2022
CUST1718,Jeff,Patel,christensendawn@yahoo.com,(104)034-8229x54209,"11572 Allen Viaduct, Coxchester, NM 02480",East Timothy,New Hampshire,12/4/2024
CUST1719,Christina,Zhang,ilewis@yahoo.com,+1-845-216-6790x8849,"032 Bauer Knolls, North Lesliebury, NJ 52673",New Vanessamouth,New York,11/11/2022
CUST1720,Amanda,Swanson,nolanyesenia@gmail.com,229.716.3582,"95029 Alvarez Crescent, Sherrybury, IL 75576",Flemingstad,Maine,10/16/2023
CUST1721,Peter,Howe,halltimothy@hotmail.com,6030783131,"82891 Wallace Expressway, Johnburgh, AK 67137",Jamesborough,Colorado,11/7/2023
CUST1722,Melinda,Galloway,qalvarado@cox.info,617-619-4045,"26784 Christine Spring Apt. 545, Victoriaport, ME 80652",Christianchester,Virginia,6/25/2022
CUST1723,Julie,Thompson,rsmith@hotmail.com,7465664732,"054 Dawn Gardens Apt. 811, Port Lauraburgh, OR 12441",Kristenville,Nebraska,2/8/2025
CUST1724,Stephanie,Johnson,davisjoe@hotmail.com,760-359-6753x8445,"52883 Hubbard Islands Suite 264, Morrisburgh, AZ 46179",Douglasborough,Tennessee,4/7/2024
CUST1725,Peggy,Nguyen,qmiller@yahoo.com,(192)110-4811x7606,"83586 Sarah Court, Mitchellburgh, AZ 40930",East Jackshire,Missouri,12/18/2024
CUST1726,William,Pennington,davidmolina@rodriguez.biz,064-516-4952x1726,"644 Murray Bridge Apt. 856, Pooleborough, KS 89375",Danielleborough,Mississippi,10/11/2022
CUST1727,William,Parker,perezhector@yahoo.com,+1-554-900-0427x84117,"42436 Pace Club, South Paul, TN 70665",Alyssaside,Arkansas,5/15/2024
CUST1728,Kathleen,Carter,joseph02@gmail.com,(483)933-1351,"91679 Michael Cliffs Apt. 668, East Kathleen, WY 63316",Lake Jamie,Nevada,3/3/2024
CUST1729,Tyler,Gutierrez,mark95@yahoo.com,(735)985-3059,"9445 Brown Mountains, North Matthewview, CO 66934",Summerfort,California,1/17/2023
CUST1730,Alex,Ball,jerry37@burton-austin.com,101.310.8311,"923 Thomas Mount, South Bradleyview, MD 51018",Camposburgh,Michigan,7/23/2024
CUST1731,Paige,Parsons,cameron83@gmail.com,2456795709,"4776 Breanna Green Apt. 295, Hessbury, KY 01474",Port Dawn,Ohio,9/14/2022
CUST1732,Judy,Morgan,qcalderon@hotmail.com,001-596-762-3055x07562,"414 Connor Islands Apt. 942, Lake Joanside, WY 96608",Marshbury,Pennsylvania,11/21/2023
CUST1733,Angela,Chavez,clarkjacob@gmail.com,(448)291-0033,"58336 Samuel View Apt. 564, South Micheletown, KS 46872",Rodriguezville,Florida,1/10/2025
CUST1734,Jasmine,Martin,peter95@yahoo.com,177-742-8655,"7302 Eric Springs Apt. 420, Whitebury, MT 71112",West William,Illinois,8/1/2023
CUST1735,Tanya,Smith,tbeltran@adams-armstrong.com,(978)886-4230x04861,"1286 Arellano Unions Apt. 017, Goldenberg, IA 37324",Tylertown,Montana,2/19/2024
CUST1736,Laura,Forbes,allisonporter@hansen.com,812-050-8544x28157,"465 Henderson Center Suite 575, Port Jeremiahtown, MD 36828",New Michelle,Utah,8/16/2022
CUST1737,Natasha,Lopez,codyellis@hotmail.com,083-591-2941,"75103 Jennifer Forges Apt. 147, Port Cynthia, CA 79360",East Paul,Virginia,2/11/2025
CUST1738,Kayla,Pearson,jerome14@heath-daniels.biz,(225)224-6537x415,"618 James Shores, Laurieland, KS 89727",Priceton,New Mexico,1/24/2024
CUST1739,Gina,Miles,markpaul@yahoo.com,(457)402-4646,"81201 Hernandez Center, Johnchester, UT 47118",Lake Michael,New Mexico,6/8/2022
CUST1740,Joanne,Avery,jefferylong@owens.com,782-031-7428x942,"326 Clark Gardens Apt. 809, East Amberbury, CA 02908",Palmerville,Missouri,4/23/2023
CUST1741,Crystal,Morris,rodriguezhaley@yahoo.com,001-898-717-8151,"USNS Bender, FPO AA 09951",Lonnieside,Arizona,4/18/2022
CUST1742,Michael,Carr,robertgreen@gmail.com,1547937209,"8686 Christine Mills, South Laurie, GA 51524",Gilesbury,Virginia,5/18/2023
CUST1743,Victoria,Adams,anita13@griffin.com,001-798-095-1920x2168,"098 Dakota Street, Lake James, WV 61709",North Connie,Colorado,5/17/2024
CUST1744,Billy,King,joseph86@gmail.com,-8298,"USCGC Le, FPO AE 23808",Patrickchester,South Carolina,10/16/2022
CUST1745,Rebecca,Taylor,wlynch@gmail.com,+1-503-067-4382x5050,"345 Wolf Hill Apt. 686, East Matthewfort, GA 16646",Tylerview,Iowa,12/10/2023
CUST1746,Bryan,Stafford,nicholasgordon@gmail.com,001-488-596-7447,"533 Alex Dale, South Brianview, FL 32945",Martinberg,Mississippi,3/9/2025
CUST1747,Michael,Washington,emilywilliams@hotmail.com,(484)861-5320x74218,"028 Ashley Plains, North Ericborough, AZ 90036",Cortezville,Iowa,7/14/2024
CUST1748,Craig,Lozano,deborahschwartz@gmail.com,830-433-8048,"096 Brewer Summit, Jesusview, IA 22589",North Angela,Missouri,2/27/2023
CUST1749,Jessica,Atkinson,danderson@hotmail.com,802.229.1658,"PSC 8254, Box 2322, APO AP 33616",Amberchester,West Virginia,11/20/2022
CUST1750,Brenda,Martinez,misty58@yahoo.com,2889228808,"73162 Bryant Fork Suite 217, South Tonishire, NM 97832",North Jeffery,Tennessee,9/6/2023
CUST1751,Brenda,Thomas,james67@hotmail.com,001-084-016-8322x834,"PSC 0436, Box 9054, APO AE 86930",Christensenland,Ohio,9/27/2023
CUST1752,Denise,Stanley,jason31@yahoo.com,590-399-6708,"9099 Hansen River Apt. 454, Johnsonfurt, FL 88271",Johnfort,Indiana,12/9/2023
CUST1753,Edward,Blackburn,justinsmith@hotmail.com,+1-062-039-8701x438,"0750 Hood Pass, Cookshire, NH 17283",West Emilymouth,Tennessee,12/26/2023
CUST1754,Alexis,Simmons,lauren72@gmail.com,(341)947-3600x70870,"427 Bailey Prairie, Joannshire, HI 47340",Rossmouth,Kentucky,12/20/2024
CUST1755,Anthony,Melton,fernandezsamantha@yahoo.com,(219)113-9457,"4442 Rose Mountains Apt. 697, Port Shawnchester, NJ 65937",East Adrianafort,West Virginia,1/26/2025
CUST1756,Brian,Jenkins,hosborne@rosales.com,491.355.7087x1767,"5778 Bennett Parkways, West Robert, IA 85575",Gloriabury,Mississippi,3/28/2023
CUST1757,John,Rivera,xstewart@watson.com,-4773,"8840 Morris Ridge Apt. 785, Kirbytown, FL 24416",Lake Anthony,Hawaii,9/6/2022
CUST1758,Rebecca,Rivera,curtissusan@smith.info,135-040-8854x89975,"5079 Hill Brook, Stewartborough, OH 26572",New Bradleyside,Virginia,1/18/2023
CUST1759,Nancy,Porter,brownduane@wall-johnson.com,001-696-981-2890x6518,"558 Kristen Plaza Apt. 512, Taylorshire, NC 97537",Carrfort,Texas,10/7/2024
CUST1760,Debra,Valentine,michael11@hotmail.com,(574)922-3445x038,"282 Beard Avenue, Lake Williamberg, WV 37669",Douglasville,Illinois,1/15/2025
CUST1761,Brandon,Mcknight,paul72@gmail.com,-8455,"79290 Allison Isle Suite 682, Gallowayside, DE 76099",Cindyburgh,Delaware,8/15/2023
CUST1762,Carl,Mitchell,danielleswanson@lozano-wilkins.com,(380)689-1355,"38185 Thomas Row, Stephaniehaven, KY 19195",Donnastad,Connecticut,12/17/2024
CUST1763,Susan,Reed,thomas50@gmail.com,574-180-6730,"58172 David Vista Suite 143, Pattersonview, DC 14653",New Lori,North Carolina,1/10/2023
CUST1764,Andrew,Fleming,briggsnicholas@gmail.com,818.779.0342,"7875 Ramirez Divide, Charlesport, IA 87405",Lake Jacobton,Oregon,1/8/2024
CUST1765,Angela,Morgan,arojas@hotmail.com,4913518969,"1420 Jesse Neck, Brookshaven, VA 11316",New Donnamouth,Hawaii,2/19/2023
CUST1766,Kaitlyn,Burke,kathrynturner@johnson.net,(470)105-2758x3417,"6726 Timothy Centers Apt. 610, Sandersborough, CO 72878",West Nicoleborough,Colorado,1/20/2024
CUST1767,Jack,Adams,sethmurphy@hotmail.com,1018333824,"71539 Stafford Bypass, South Williamside, WV 04539",Bradleytown,Arizona,5/17/2024
CUST1768,John,Hayes,paulhawkins@robinson.com,936939692,"733 Matthew Flats Apt. 827, Brianland, MS 92121",North Christopherhaven,Kentucky,5/11/2023
CUST1769,Patricia,Owens,tlee@hotmail.com,095.517.0414x817,"8538 Larry Overpass, New Monicashire, FL 41556",West Emilyview,Vermont,4/21/2024
CUST1770,Ashley,Jones,williamsmary@yahoo.com,(958)808-6833x9784,"93178 Martin Loop, West Samuelside, WY 32432",Knightland,West Virginia,6/27/2024
CUST1771,Shelby,Smith,lauren31@yahoo.com,+1-534-832-0115x68858,"238 Simon Mills Suite 732, Carolville, IL 02547",Brianatown,Hawaii,1/6/2023
CUST1772,John,Cruz,ewoods@gomez-cooper.com,+1-115-462-7694x312,"818 Figueroa Forges Suite 429, East Ginashire, MO 73245",Gonzalezshire,Indiana,1/11/2023
CUST1773,Devin,Copeland,echristensen@ford.info,343.148.3661x5966,"2090 Caleb Ports Apt. 705, Emilyshire, AL 39389",East Keithfurt,Georgia,1/10/2024
CUST1774,Kristine,Davis,michaelwright@coleman.com,318-823-0523x667,"5601 Henry Wells, Gomezborough, NE 33761",Terriburgh,West Virginia,11/12/2022
CUST1775,Joseph,Velez,iwilliams@hotmail.com,(133)310-5088x2235,"99420 Robert Gardens Apt. 692, West Keithstad, IA 56741",Kevinmouth,Minnesota,11/18/2022
CUST1776,Barbara,Hernandez,summerskimberly@gmail.com,+1-552-716-5086x49609,"USS Butler, FPO AP 10649",East Molly,Texas,2/8/2024
CUST1777,Erica,Cross,jacksonbrian@gmail.com,001-226-081-1668x694,"82172 Anderson Stravenue, West Kimberlytown, TN 37063",West Samuel,Georgia,3/22/2023
CUST1778,Danielle,Reed,bradleysummers@hotmail.com,7197578292,"Unit 9384 Box 6863, DPO AP 69230",Romeroside,Alabama,12/4/2023
CUST1779,Michael,Mclaughlin,jennifer86@hill-taylor.info,(692)615-7045x20984,"662 Joseph Locks, Popehaven, IL 95294",Davisport,Vermont,1/18/2024
CUST1780,Elizabeth,Johnson,joseph60@rice.com,+1-494-726-9227x62795,"Unit 4728 Box 9409, DPO AA 19981",East Steventown,New Hampshire,5/21/2023
CUST1781,Ryan,Bradley,byrdpedro@moore-hayes.com,8808479881,"35775 Armstrong Mount, East Jason, MT 75013",Fletcherport,Rhode Island,1/24/2024
CUST1782,Jerry,Roberts,juarezcarla@bell.biz,001-455-740-6266x6748,"113 Lisa Forks, Jenniferview, WY 90226",East Christopherport,Connecticut,8/27/2024
CUST1783,Joseph,Morrow,lori97@hotmail.com,775.360.9887,"696 James Lock, Jenniferfurt, WI 52800",Riosside,Tennessee,2/23/2025
CUST1784,Todd,Willis,lawsoneduardo@gmail.com,271.683.3977x4025,"4119 Lee Mount, Lake Tiffanyborough, CA 35410",Port Ronaldfort,Minnesota,10/8/2023
CUST1785,Michael,Marshall,benjaminsmith@lee.biz,834-788-0344x7026,"23661 Leon Passage, Michaelchester, ND 96826",Timothyfort,New York,2/13/2023
CUST1786,Bethany,Shelton,janeford@yahoo.com,328.595.8309x0376,"40773 Katie Viaduct Apt. 668, New Ashley, OR 58462",New Kevin,Texas,10/7/2023
CUST1787,James,Hall,isaac33@yahoo.com,409-232-1523x795,"49790 Bailey Burgs Apt. 100, East Anna, UT 58149",Lake James,Rhode Island,3/6/2024
CUST1788,Mathew,Benson,woodnancy@thompson.com,378.091.7793x116,"369 Nguyen Village, New Marissahaven, TX 66660",Georgechester,Mississippi,3/22/2025
CUST1789,Michelle,Nguyen,brian45@gmail.com,981-457-2964x35052,"0892 Erin Divide Suite 723, Wagnerton, TX 56625",Aliciashire,Illinois,5/4/2023
CUST1790,James,Dalton,hmckee@salazar.com,(906)351-6693x976,"2616 Jonathan Island Suite 399, Jeanetteside, KS 63407",New Jessica,Kentucky,5/24/2022
CUST1791,Nancy,Whitney,wsingleton@mahoney-lam.biz,(390)293-9134,"912 Linda Rapid, West Cheryl, RI 42431",Jacksonchester,Kansas,1/11/2025
CUST1792,Lisa,Lopez,alexander34@combs.net,001-504-248-3563x997,"083 Louis Vista, North Walter, MA 71382",Montesburgh,New Mexico,9/26/2022
CUST1793,Casey,Stone,wbell@hopkins.org,736.441.0462x9724,"40266 Mitchell Islands Suite 640, Lake Allisonland, MS 89941",South Justinport,Missouri,4/25/2023
CUST1794,Jennifer,Jones,beardsamantha@gmail.com,331-665-7752,"85196 Warner Route, Victoriaburgh, IN 91174",Blackborough,Illinois,5/6/2024
CUST1795,Jill,Price,penny97@mathews-ortiz.com,001-949-568-3165x6391,"99092 Graham Meadow, Santiagoland, NJ 82973",Spencerbury,Montana,10/6/2023
CUST1796,Paula,Stewart,williamharding@yahoo.com,+1-697-089-0703x349,"8897 Michael Crossing, Thompsonburgh, OH 12580",Smithburgh,Georgia,3/9/2025
CUST1797,Debbie,Burton,zallen@yahoo.com,001-264-282-8107,"7758 Leonard Pines Suite 278, West Joel, KY 45661",Morrisville,Utah,9/7/2022
CUST1798,Edgar,Kirby,smithsteven@gmail.com,623-207-9278x3903,"30522 Price Parks, Port Joshua, NC 40550",Xaviermouth,Kentucky,4/27/2024
CUST1799,William,Gonzalez,vrodriguez@roberts.com,001-686-519-7189x1669,"PSC 1546, Box 4736, APO AE 85494",Lake Michellefort,North Carolina,6/26/2022
CUST1800,Brandon,Sanders,cshort@watson-simpson.net,(747)550-8397,"48455 Thomas Terrace, Lake Brittany, KS 24027",New Katrinaville,Mississippi,10/21/2023
CUST1801,Terri,Johnson,kerryfowler@gmail.com,358.079.4565x21911,"391 Crystal Turnpike, New Sarah, KY 57725",Sarahton,Oregon,8/4/2022
CUST1802,Dennis,Elliott,brownkristen@ruiz-dillon.com,204.392.2635x31673,"329 Jones Burg, Jennifermouth, NJ 24718",Port Brittany,Minnesota,5/22/2022
CUST1803,Darin,Peterson,thunt@yahoo.com,296-406-4040,"55617 Craig Street, Campbellfurt, NH 17249",South Peterbury,Washington,6/10/2022
CUST1804,Tammy,Meadows,littlealejandra@hotmail.com,001-583-469-2549x447,"500 Schwartz Burgs, Foxburgh, MA 28630",Port Charlesport,California,8/6/2023
CUST1805,Tyler,Smith,angel04@yahoo.com,(996)830-1440x4800,"7500 Jason Rapid Suite 670, Port James, SD 04696",Adkinsbury,Oregon,10/15/2023
CUST1806,Karen,Gordon,madison70@yahoo.com,-2341,"89187 Nicole Lights, Ryanfort, IA 56847",Diazfort,Michigan,10/31/2022
CUST1807,Kaitlin,Lewis,bonnieowens@yahoo.com,001-571-756-5165x4094,"679 Middleton Lane, South Ericstad, NM 77478",New Kimfort,Michigan,10/8/2022
CUST1808,Gail,Sanchez,eatontracey@hotmail.com,407.281.8835x9285,"61126 Dana Shores Apt. 652, East Jamesstad, VT 84099",New Katrina,Illinois,4/21/2023
CUST1809,Stephanie,Cooper,emartinez@yahoo.com,+1-258-602-5201x941,"545 Smith Manor Suite 716, Alexanderburgh, WA 76712",North Michael,West Virginia,2/20/2025
CUST1810,Terri,Grant,david16@hotmail.com,522.173.5809x0231,"7749 Franco Summit Suite 960, Lake Nancyland, KY 63881",Kevinchester,Rhode Island,8/18/2022
CUST1811,Kenneth,Olson,xanderson@ramsey.info,(197)415-7484x367,"44051 Morris Springs Apt. 187, East Shawn, HI 86875",Jimenezmouth,New York,5/13/2024
CUST1812,Brian,Thompson,justin90@gmail.com,(564)232-6557x733,"67589 Mason Hollow, Julieport, OH 99889",North Julia,Alabama,1/17/2023
CUST1813,Jennifer,Robinson,cuevaslinda@combs.com,001-056-783-6856x755,"8834 Chambers Mission Suite 234, Gomezview, CT 35340",Bernardside,New Jersey,4/21/2022
CUST1814,Amanda,Gray,armstrongcharles@mcdaniel.com,267-191-0162x760,"468 Michelle Shores, Lake Judith, FL 22519",Staceyville,Pennsylvania,8/19/2023
CUST1815,Michael,Page,angela86@yahoo.com,(193)894-4590,"9280 James Harbors, Port Sarahberg, IL 50195",Lake Justinview,Idaho,9/30/2024
CUST1816,Lucas,Bailey,cynthiamays@brown.info,822.712.1429x278,"42061 Thomas Greens Apt. 129, New Christopher, CT 43554",Brookshaven,Idaho,7/1/2022
CUST1817,Joshua,Moore,stevecamacho@cooper.com,(836)337-4499,"8569 Dakota Station, Port Terry, MN 90292",East Shelly,Nevada,12/19/2023
CUST1818,Justin,Roberts,kylegray@gmail.com,062.098.8931x68327,"05824 Roy Keys Apt. 905, South Pamelatown, MD 12137",Perezfort,Louisiana,3/17/2023
CUST1819,Peter,Kramer,brianbates@gmail.com,551.555.9194x607,"239 Adkins Causeway Suite 675, Georgehaven, NE 57934",Port Robertmouth,Maryland,5/18/2024
CUST1820,Lucas,Perez,lindalong@yahoo.com,938-755-1802,"2139 Molly Fields, Morristown, NC 77069",Madisonstad,North Dakota,8/27/2024
CUST1821,Glenn,Miller,sharondean@burton.com,-4681,"7843 Donna Mount Apt. 694, Port Tonyland, GA 10339",New Charlesshire,Maryland,12/13/2023
CUST1822,Marc,Martinez,christopher96@todd-mccoy.org,300.490.9756,"2725 Taylor Streets, East Megan, MT 75735",North Andreabury,Hawaii,8/9/2023
CUST1823,Tiffany,Vasquez,jared30@chavez.com,815.668.8383x619,"886 Noah Walks Apt. 720, Lake Timothyburgh, ME 77799",New Jennifertown,Kentucky,1/28/2024
CUST1824,Nicholas,Weber,dylan82@taylor.com,257.131.6323,"9505 Jones Tunnel Apt. 468, East Andrewchester, MT 85711",Port Charlesmouth,Alabama,5/18/2024
CUST1825,Robin,Jensen,lynnvalentine@hotmail.com,-9847,"8277 Jennifer Terrace, South Kathleenville, NM 38362",Jamesshire,Wyoming,11/16/2022
CUST1826,John,Strickland,osbornegrace@harris-cox.com,462.075.4511x434,"116 Mathew Lakes, West Michael, PA 48850",Baileystad,California,1/2/2025
CUST1827,Amanda,Rogers,jay61@yahoo.com,254.649.9811,"0602 Todd Circles Suite 432, Lake Kelly, WY 05934",New Williamville,Oregon,11/4/2024
CUST1828,Craig,Robbins,amanda70@yahoo.com,+1-067-845-3994x49882,"2435 Black Rapid, Pearsonborough, MA 60274",North Gregory,Alabama,1/5/2025
CUST1829,Pamela,Thomas,ryan37@alexander.com,001-245-610-8927,"USNV Guerrero, FPO AE 24205",South William,Mississippi,5/25/2024
CUST1830,John,Smith,obrown@shelton.net,693.081.2440x003,"78143 Elizabeth Spurs Suite 356, Port Christopherton, MN 73663",Vegatown,Delaware,8/21/2024
CUST1831,Leonard,Gibson,ahumphrey@hotmail.com,+1-594-383-6328x523,"USS Thomas, FPO AA 05247",Lake Roberthaven,Alabama,8/21/2023
CUST1832,Anthony,Moore,gonzalezsarah@yahoo.com,(173)821-3792x8596,"0816 Michelle River Suite 638, North Cynthiaview, KS 09610",East Karenton,Colorado,10/15/2024
CUST1833,Connie,Harrison,osweeney@randolph.net,001-799-776-4211x22276,"2586 May Heights, Heatherside, MS 55993",Lake Alexander,North Carolina,3/18/2023
CUST1834,Austin,Harris,ryan98@white-price.net,259-315-3132,"5542 Bruce Summit Suite 706, Hollowayhaven, KS 96206",Lake Jennifertown,Tennessee,4/20/2024
CUST1835,Jenna,Hill,connie42@yahoo.com,806-946-0766x50555,"79133 Sean Trafficway Suite 802, New Jay, OH 23582",North Sandra,Washington,2/15/2024
CUST1836,Matthew,Avila,xgraham@hotmail.com,262-047-4374,"20048 Deborah Forges Apt. 384, Drewchester, PA 65617",Moraview,North Dakota,7/17/2023
CUST1837,Michael,Brown,marciasmith@hotmail.com,001-763-038-0365x9144,"6645 Kayla Radial, Gregoryview, GA 68596",Andreashire,Arizona,9/10/2022
CUST1838,Daniel,Cruz,lopezchad@gmail.com,4573016500,"0277 Byrd Shoals Apt. 232, Port Robinhaven, ME 17421",Lewisburgh,Ohio,9/3/2023
CUST1839,Betty,Conway,herbert76@robertson-ortiz.info,001-389-669-9671x9249,"1664 Ryan Glens, New Joyce, AL 79123",Schmidtfurt,Texas,3/21/2023
CUST1840,Charlotte,Mccormick,stevenwhite@roberts.com,434-839-2385x530,"15916 Horn Summit Suite 110, Nicolefurt, CO 18825",Lake Jonathanstad,Wyoming,11/13/2024
CUST1841,James,Cain,jamesreid@gmail.com,925-873-0752x5496,"7770 Calhoun Expressway, Lake Kathrynside, MO 46235",Frankshire,Nebraska,5/24/2024
CUST1842,Sandra,Decker,hbrown@estrada.com,995.247.6677,"1400 Williams Manor, Jackview, WV 48477",Lake Jasonland,Kansas,1/24/2025
CUST1843,Amy,Young,jonestravis@hotmail.com,2048708299,"465 Russell Mill, Thompsonview, AZ 88835",East Ryanland,Massachusetts,6/11/2023
CUST1844,Shane,Jones,christianhaynes@parks.org,(857)237-5989,"4455 Cooper Meadow, Singletonstad, WV 97507",Port Davidfort,Rhode Island,1/13/2023
CUST1845,Shawn,Johnson,floresjoseph@hotmail.com,932.236.2879,"PSC 1983, Box 6071, APO AP 23336",Bryanmouth,North Carolina,2/20/2023
CUST1846,James,Patrick,carteralexander@crawford.com,065.269.4354x12906,"850 Alex Freeway, Garciachester, MT 25576",Micheleton,New York,11/2/2023
CUST1847,Teresa,Sexton,jenkinsgregory@decker-ware.com,047.852.7846x02267,"39805 Lee Parkway Apt. 507, West Kevin, WA 33355",Debbieshire,Connecticut,10/31/2024
CUST1848,Elizabeth,Martin,conleyalfred@yahoo.com,(726)214-2657x2737,"616 Megan Locks Suite 027, Daughertyberg, UT 62378",East Alicia,California,9/24/2022
CUST1849,Elizabeth,Wilkinson,perezkent@sanchez.org,031.724.0772x24217,"4585 Nathan Key Suite 907, Turnerhaven, KY 46520",Hernandezton,Wisconsin,9/9/2024
CUST1850,Heather,Smith,anthony09@hooper.com,120.168.8723x8947,"Unit 8393 Box 4867, DPO AP 49706",East Manuel,Nevada,4/7/2025
CUST1851,David,Lindsey,chad45@yahoo.com,548.177.4861x711,"05039 Davis Parks Apt. 533, North Whitney, NM 11125",East Stacyberg,Rhode Island,12/28/2024
CUST1852,Nicholas,Hernandez,josephtran@lewis-bennett.com,(784)324-9724,"791 Wright Square, West Calebtown, NM 19343",West Davidberg,Minnesota,4/24/2022
CUST1853,Timothy,Thompson,jonestimothy@hotmail.com,181.379.9547,"06090 Hanson Alley Suite 242, Lake Williamburgh, TX 42417",Mollyview,Indiana,5/17/2023
CUST1854,Hunter,Marshall,pmorgan@yahoo.com,(324)077-0822,"USS Hodges, FPO AE 65999",Mckenzieborough,Montana,4/30/2022
CUST1855,Eric,Benitez,rali@hall.com,697-209-0713,"04550 Leslie Mill Suite 948, West Edward, KS 34230",Morganstad,Nebraska,6/25/2024
CUST1856,John,Long,rushryan@yahoo.com,954.891.9134x4232,"57397 Sims Locks Apt. 980, Port Julieport, PA 54590",West Angelamouth,Alaska,5/24/2023
CUST1857,Anna,Murphy,jorge94@hawkins.com,+1-108-056-7737x69186,"PSC 2177, Box 3242, APO AP 66984",Lisaland,Connecticut,12/8/2023
CUST1858,Melissa,Moreno,jordanmallory@buck.biz,519.801.3709x034,"78998 Brown Stream Suite 765, Lake Elizabethton, FL 95328",Amandaton,Indiana,8/29/2024
CUST1859,Andrew,Walker,sdougherty@hotmail.com,793.436.9394,"6254 Thompson Fall, Briannaberg, WY 19321",North Lisashire,West Virginia,4/11/2024
CUST1860,Daniel,Taylor,shahjames@english-freeman.net,+1-371-543-0302x947,"58752 Guzman Shores Apt. 384, Clayhaven, TN 44279",Griffinfort,Montana,3/12/2024
CUST1861,Arthur,Jones,oliverjohn@lynch.info,197-329-8633,"644 Bob Square Suite 236, Kayleeville, PA 92833",Lake Derek,Alaska,4/8/2025
CUST1862,Melissa,Anderson,allisonkathy@hotmail.com,924-842-5350x79788,"5346 Erin Viaduct Suite 506, North Jessica, MN 07106",Romeroberg,South Carolina,8/20/2022
CUST1863,Paul,Cooper,abigailleblanc@rice.info,6082305052,"0138 Gina Ford Suite 528, Mariashire, MT 66824",Kaufmanland,Wyoming,3/29/2025
CUST1864,Patrick,Turner,oliviarodriguez@yahoo.com,(949)537-0296x870,"Unit 4683 Box 9086, DPO AP 45094",Port Nicholaschester,Alaska,12/15/2022
CUST1865,Robert,Meyer,samantha58@yahoo.com,167-934-2866x5439,"92005 Robinson Fall Suite 081, Lake Anthony, VT 74481",South Timothy,Kentucky,2/25/2023
CUST1866,Raymond,Smith,traceypowell@liu.com,(881)367-2017,"2042 Dana Hill Apt. 024, East Blakemouth, NM 87561",Jessicachester,California,6/20/2024
CUST1867,Sarah,Duke,jwong@hotmail.com,(286)381-3121x1340,"3414 Jessica Place, South Hannahberg, RI 30565",Lake Williamshire,Arizona,7/24/2024
CUST1868,Brian,Robinson,stanleyjames@anderson-herman.com,042.466.5048,"485 Adam Street, Christopherport, GA 95771",West Deanna,Tennessee,3/13/2024
CUST1869,Cole,Harvey,nmiller@chavez.biz,(144)205-7790x96446,"73951 Ronald Course Suite 416, Lake Joann, FL 75632",New Jennifer,Ohio,11/24/2024
CUST1870,Jason,Murphy,eric08@tran.info,+1-819-227-7531x523,"215 Underwood Shores Suite 856, Kathrynburgh, WY 54824",North Tracybury,Wyoming,6/12/2023
CUST1871,Larry,Herrera,rbriggs@yahoo.com,458-974-5020x04940,"1589 Michael Trail Apt. 718, Pamelaburgh, RI 71447",Lisashire,New Mexico,7/4/2022
CUST1872,Kevin,Graham,larsenadam@jones-whitaker.com,764-233-8343,"0704 Carl Bypass Suite 447, North Heatherside, SC 61381",South Josephborough,Virginia,6/12/2023
CUST1873,Daniel,Howard,smithcharles@watts.net,(232)371-9407x50373,"6617 Frey Road, West Jerometon, IN 09379",South Carolfurt,Maryland,7/17/2023
CUST1874,Manuel,Johnson,gonzalezkristen@hotmail.com,(205)474-3302x53092,"134 Zimmerman Fork Apt. 466, Stuartberg, OK 14769",North Roytown,North Dakota,4/13/2025
CUST1875,Heather,Brown,matthewperry@beck-massey.org,(825)410-6925x1155,"130 Rivera Lights Suite 761, Joshuaton, AL 06720",East Johnfort,Michigan,11/23/2023
CUST1876,Duane,Gibson,yeseniahernandez@gmail.com,404-466-4291,"3496 Lisa Brooks, Erikmouth, WI 89116",Kimberlyview,New Jersey,8/27/2023
CUST1877,Shannon,Cox,stevenselizabeth@gmail.com,486.742.5194,"31344 Chad Glens Suite 971, Dylanborough, RI 25328",Simmonsshire,Massachusetts,12/10/2024
CUST1878,Debbie,Brown,joseph72@beck-holmes.net,1989736529,"USNV Thomas, FPO AE 52242",Tuckerland,Hawaii,8/9/2023
CUST1879,Joanne,Jackson,pblackwell@hotmail.com,785-302-6737x88696,"2223 Mccarthy Extension, North Jacquelineshire, WV 15540",East Laura,North Dakota,11/5/2024
CUST1880,Joshua,Charles,rebeccacook@hunt.com,+1-900-463-0628x00128,"88976 Robert Streets, West Jacqueline, WA 39768",New Alexandrabury,Florida,3/10/2024
CUST1881,Amanda,Cruz,jenniferlucas@hardy.net,+1-267-705-5659x7584,"47140 Haynes Ridges Apt. 963, Brownborough, KY 22971",New Arthurburgh,Washington,9/25/2024
CUST1882,Latasha,Mccoy,abaldwin@schneider-payne.com,1853489042,"1278 White Route Suite 556, Heidiburgh, TN 03006",Wesleyside,Oregon,2/16/2024
CUST1883,Martin,Joyce,tyroneanderson@taylor-galvan.biz,(185)798-7578x8803,"83054 Myers Vista, Sanchezberg, SD 14579",Port Michael,Delaware,5/19/2023
CUST1884,Courtney,Martinez,jonathan19@yahoo.com,2923705889,"Unit 2544 Box 7211, DPO AE 50055",New Maryview,Kentucky,1/7/2025
CUST1885,Jacob,Cruz,jmiller@chambers.com,536-815-0605x48222,"9037 Johnson Motorway Apt. 970, East Curtis, WV 53206",Jamesberg,Georgia,1/11/2024
CUST1886,Cynthia,Wilson,mccallmaria@ross.info,481.781.3626,"7330 Warren Ville Apt. 234, Kimberlystad, PA 17037",Johnstad,Texas,12/6/2023
CUST1887,Sandra,Kim,ipayne@hotmail.com,(681)979-4711x69409,"USNV Frey, FPO AP 07647",Port David,South Carolina,3/19/2024
CUST1888,Dustin,Davis,silvajay@ball-miller.com,998.871.4404x103,"057 Frey Summit, Lake Briantown, AZ 85802",Janestad,Michigan,8/29/2024
CUST1889,Brian,Simpson,bjones@thompson-singh.org,491.220.8616,"485 Rodriguez Manor Suite 771, South Ebony, AZ 81011",West Rachel,North Carolina,4/4/2025
CUST1890,Megan,Ortiz,melissaweaver@cox-ball.com,+1-669-524-0694x485,"Unit 2541 Box 1744, DPO AA 63158",Davisview,South Carolina,11/4/2023
CUST1891,Brenda,Brown,dianawilliams@mcclain.com,(667)550-4003,"086 Kevin Forge Suite 370, Port Christopher, MI 50424",Jimeneztown,Delaware,1/11/2023
CUST1892,Caitlyn,Young,christopherwatson@yahoo.com,838.553.4214x465,"USCGC Moore, FPO AE 70207",Huberville,Tennessee,5/31/2023
CUST1893,Erin,Foster,tjimenez@yahoo.com,609.966.5897x99409,"7784 Beltran Hill Suite 914, New Loganborough, ME 34071",New Michaelfurt,Mississippi,3/26/2024
CUST1894,Victoria,Byrd,rodriguezerin@ray-patterson.info,800-507-2825,"398 Amanda Trail Suite 474, Smithton, WY 70613",East Thomas,Hawaii,6/13/2023
CUST1895,David,Trevino,clarkbrett@gmail.com,629.359.2337,"692 Chelsea Ridges, Maldonadostad, MD 25941",Briannafurt,Ohio,1/24/2025
CUST1896,Sandy,Meyers,colleen24@gmail.com,-10563,"12045 Long Streets, Lake Kristy, SC 95081",South Crystalland,California,5/9/2022
CUST1897,Vanessa,Vega,kathy81@yahoo.com,+1-752-617-2037x2408,"975 Rodriguez Avenue, Jenniferport, ND 56189",North Brooke,Montana,6/5/2023
CUST1898,Kristin,Bray,diana92@lucero-page.biz,812-669-3671x96374,"61595 Mark Turnpike Apt. 824, New Jessicaberg, AL 32955",South Johnberg,Wisconsin,7/30/2024
CUST1899,Jessica,Hernandez,brianarnold@hotmail.com,021-209-4675,"273 Meadows Isle, Mollyview, MT 04106",North Brandonberg,Tennessee,9/5/2023
CUST1900,Janet,Leblanc,cheryl70@mcclure.info,057-026-2595,"3612 Rebecca Inlet Suite 721, West Tylerchester, IA 80730",Sanfordport,Missouri,3/22/2024
CUST1901,Olivia,Webb,bsmith@nelson.com,001-917-846-6608x42111,"74816 Joseph Squares Apt. 553, Thompsonside, WV 80916",South Jasonside,Ohio,2/18/2023
CUST1902,James,Ward,jason09@blankenship.com,(035)774-2906x75324,"960 Jonathan Stravenue Suite 271, North Kathy, AK 70752",Carolinetown,Massachusetts,7/29/2024
CUST1903,David,Simpson,fbutler@gibson.com,741-238-9596,"93743 Courtney Throughway, New Brenda, PA 56075",Stephenmouth,Utah,7/23/2023
CUST1904,Katie,Peters,joshua22@hotmail.com,360.668.5385x7086,"498 Hall Square Suite 156, Westshire, DE 81483",Villashire,Louisiana,1/31/2024
CUST1905,Brad,Martinez,kennedymary@moore.info,(730)997-2868,"655 Foster Summit Apt. 656, North Marcusstad, MI 08009",Charleshaven,Oklahoma,6/20/2023
CUST1906,Jo,Copeland,dominique45@gmail.com,7627586946,"86235 Bryan Passage, Petersonborough, MI 82632",Charlesmouth,Alaska,11/9/2024
CUST1907,Scott,Macdonald,jodydodson@copeland-kennedy.net,(117)033-1079x05672,"83677 Lopez Fords, Georgeburgh, VT 91954",Lake Timothy,Hawaii,9/16/2023
CUST1908,Tonya,Harrington,lynchamy@hotmail.com,804086112,"9218 Henderson Ford, Crystalside, CO 71880",East Ryantown,Maine,3/21/2025
CUST1909,Anthony,Keller,johnsmith@wright.com,291.736.1174,"653 Allen Lodge, West John, OH 44822",North Paul,New Hampshire,9/8/2024
CUST1910,Michelle,Moreno,zreid@gmail.com,6478170596,"1599 Alvarez Via, South Cesar, AK 08023",Port Jack,Virginia,10/28/2024
CUST1911,Robert,Sheppard,swansoncraig@hotmail.com,425.741.1927,"993 Lori Light Suite 060, Port Samantha, SD 40423",West Pamelaside,Illinois,3/13/2024
CUST1912,Misty,Moore,marybryant@yahoo.com,250.238.2458x4101,"748 David Alley, South Sierra, NJ 87582",Michaelborough,West Virginia,6/27/2022
CUST1913,Travis,Foster,devin83@james.com,606.388.0610x439,"395 Walker Roads, Port Mitchellbury, AL 38304",New Cassandra,Louisiana,9/21/2024
CUST1914,Suzanne,Mitchell,misty44@gmail.com,001-743-976-9848,"1740 Keith Lakes, Fisherberg, DC 92102",East Kevintown,Virginia,2/1/2024
CUST1915,Dustin,Cole,rebecca93@hotmail.com,(753)691-5960x05426,"6850 Michael Ranch Apt. 468, Lake Aprilbury, KS 80146",Gailtown,Alaska,2/15/2024
CUST1916,Michael,Baker,courtney02@gmail.com,825.805.5203x56235,"55856 Cochran Path, New Zacharyville, MD 51258",Jamesshire,Connecticut,6/28/2023
CUST1917,Calvin,Randall,evelynlucas@gmail.com,726-707-9915,"Unit 1316 Box 7891, DPO AP 66477",Johnberg,Indiana,5/6/2022
CUST1918,Ethan,Kent,erin03@sullivan.info,(636)472-4133,"8766 Cook Shoal Suite 551, North Patrickberg, ME 98400",New Jason,South Dakota,10/30/2024
CUST1919,Kyle,Holmes,kristy85@hotmail.com,335-684-3769x55012,"910 Jason Squares, North Billstad, WA 69784",Johnshire,Illinois,4/5/2023
CUST1920,Alexis,Richardson,lindsey35@munoz.com,(428)704-5353x260,"690 Timothy Rest Apt. 071, Waltersshire, CT 98605",North Chad,Nevada,5/13/2022
CUST1921,Dale,Huff,krodriguez@turner.com,553-742-0717,"5612 Benjamin Islands Suite 752, East Shannon, WA 82581",Lake Yvette,Minnesota,9/11/2023
CUST1922,Ricky,Madden,carrollwanda@gmail.com,-8087,"PSC 0058, Box 4461, APO AE 35227",Dannybury,North Carolina,12/8/2024
CUST1923,Nicholas,Hayden,tcobb@tate.net,195.773.6910x03508,"106 Espinoza Ford Suite 268, Lake David, MD 34934",Schneiderland,Pennsylvania,4/7/2025
CUST1924,Zachary,Rush,hilltasha@hotmail.com,183.276.2095x97057,"8946 Brent Lakes, South Alyssa, TX 24778",South Robertbury,Vermont,5/28/2022
CUST1925,Stephen,Edwards,kleinashley@rivera.biz,589.242.6427x793,"536 Daniel Loaf, East Brandon, SC 17088",South Robert,South Carolina,12/15/2022
CUST1926,Steven,Perez,anthonyjimenez@montes.com,281-602-7419x3326,"76121 Kimberly Mountains, Jaredside, MO 98748",Ryanside,Virginia,10/14/2023
CUST1927,Virginia,Brown,curtiscohen@hotmail.com,264.969.2302x2941,"69111 Roberta Island, Ericachester, NV 30865",Garnerfort,Kansas,10/23/2022
CUST1928,Stephanie,Sellers,hjones@powers-wolf.com,224-632-0961x0340,"936 Pollard Fall Apt. 252, Robertville, DC 13040",New Maryfort,North Carolina,7/13/2024
CUST1929,Jasmine,Andrews,jolson@ferguson-miller.net,+1-709-736-2028x52105,"9486 Brooks Dam, West Katherineside, UT 00734",Lake Johnmouth,Rhode Island,1/20/2025
CUST1930,Samantha,Hoffman,manuelhenderson@gmail.com,447-868-7004x85013,"2938 Sullivan Rue, Parkerberg, NH 34855",North Linda,Wyoming,5/13/2024
CUST1931,Steven,Smith,hchambers@yahoo.com,-4533,"93516 Garcia Isle, Greenestad, FL 84897",Mirandaside,Hawaii,7/5/2022
CUST1932,Jennifer,Smith,kjackson@spencer.com,402.883.4802,"204 Stevens Street, West Lisa, AL 56994",East Barbara,Montana,11/27/2023
CUST1933,Robert,Horne,latashadaniel@barajas-smith.com,2296275953,"Unit 9802 Box 3824, DPO AP 13135",Nelsonchester,Kentucky,12/4/2024
CUST1934,Michael,Carroll,janicespencer@patton.com,902-826-3216,"44311 Travis Ports Apt. 796, Jonathanbury, NJ 28496",Charleshaven,Kentucky,2/16/2024
CUST1935,Barbara,Hall,morrismaria@yahoo.com,754-751-9042x62721,"PSC 9681, Box 2428, APO AP 74819",West Angelabury,Oregon,6/27/2024
CUST1936,Beth,Escobar,prodriguez@luna-ramos.info,(528)108-8996x751,"000 Meyer Mission, Reedfurt, PA 72929",West Catherinebury,New Jersey,10/29/2023
CUST1937,Steven,Brown,dgilbert@flores.com,271-052-4894x8468,"581 Kim Crossing Apt. 861, Bakermouth, ID 48716",Brianberg,New Jersey,7/7/2022
CUST1938,Joann,Kaiser,cruzanthony@hotmail.com,765-788-6996x47834,"71599 Sharon Dam, North Aaronshire, PA 46960",South Josephview,Oklahoma,9/5/2022
CUST1939,Richard,Paul,shawn51@flynn.com,8274334710,"9401 Marvin River Apt. 782, Johnfort, MA 88593",Fisherborough,North Carolina,6/18/2023
CUST1940,Jason,Oconnor,diana76@perry-anderson.com,(335)032-6800x367,"191 Randy Spurs Apt. 224, Port Mirandachester, OR 44243",Lake Michael,North Dakota,5/18/2024
CUST1941,Katelyn,Tran,ljohnson@gmail.com,(638)182-3757x376,"2401 Barry Forge, South Barbaraburgh, OK 80102",South Ryan,West Virginia,10/6/2023
CUST1942,Randy,Smith,colleen86@yahoo.com,(107)471-4304,"2390 Reid Street, Lake Geraldfurt, MT 17078",Derrickshire,Virginia,1/21/2024
CUST1943,Lindsay,Phillips,trichards@smith.com,001-920-926-9381x92014,"958 Williams Ridges, Huffmanshire, OH 47645",Michelletown,Vermont,6/29/2022
CUST1944,Scott,Keith,thomaschristopher@ibarra.com,(123)390-9424x07336,"35541 Alexander Plaza Suite 372, Amandaborough, PA 17870",Port Tammy,Utah,12/24/2024
CUST1945,Erica,Olson,cassandra90@kim-fletcher.info,922-862-2659x70917,"20222 Zachary Greens, Longstad, AZ 25948",North Michelleland,Vermont,12/26/2024
CUST1946,Nicole,Short,deckeralec@washington.com,(402)645-8711x405,"026 Micheal Flat Apt. 008, Austinstad, NC 85444",East Billy,West Virginia,1/19/2025
CUST1947,Patrick,Turner,william44@gmail.com,+1-078-551-4724x9167,"544 Madeline Course, North Richardtown, FL 57951",Danielborough,Idaho,1/20/2024
CUST1948,Jonathan,Woods,nboone@rice.net,390-979-2362,"2194 Barron Corner Apt. 277, Hernandezshire, DC 88715",East Kenneth,Texas,6/21/2023
CUST1949,Kristen,Jackson,marcushickman@jimenez-parker.com,3610209336,"74632 Raymond Mountain Suite 207, New Jillport, ND 94473",Stoneville,Vermont,7/28/2023
CUST1950,Donald,Baxter,maddenjessica@jones.info,-9352,"752 Destiny Motorway, North Julie, OR 43030",Gutierrezville,Utah,12/13/2023
CUST1951,Vicki,Esparza,bstevens@peterson-smith.biz,375-168-0922x54095,"3904 Ramos River, Pedroshire, WA 09917",Thompsonview,Ohio,10/14/2023
CUST1952,Ian,Adams,carla81@yahoo.com,001-467-500-8350x222,"969 Christopher Plains, Taraton, SC 42225",East Justinfort,California,2/5/2024
CUST1953,Dennis,Alexander,sbailey@greene.com,933-228-2892x8586,"PSC 8265, Box 3294, APO AP 94939",Butlerland,Connecticut,8/26/2022
CUST1954,Benjamin,Hall,chloe54@yahoo.com,506.659.4539x27984,"2153 Hickman Spurs Apt. 164, Aprilfurt, KS 65607",Michaelstad,Colorado,3/3/2025
CUST1955,Thomas,Murray,thomas10@gonzalez.info,454-984-0870x23951,"540 Bobby River, Lake Nicholas, ME 30365",Lake John,North Carolina,6/17/2022
CUST1956,Pamela,Jenkins,heather15@yahoo.com,-9772,"3594 Richard Cape Suite 235, Port Brianside, ME 07196",Lake Melissa,Rhode Island,10/23/2022
CUST1957,Christopher,Spencer,rodriguezmargaret@garcia-king.com,+1-916-289-4288x6953,"84509 Michael Spurs, Jenniferberg, AZ 95203",Hallhaven,Maryland,10/9/2023
CUST1958,Amber,Frank,adamspamela@bryan-munoz.com,+1-392-922-5484x0923,"0893 Gallegos Coves, New Jonathan, NY 16767",Alexanderburgh,New York,1/21/2024
CUST1959,Austin,Harrison,wilsonrobert@oliver.com,(798)794-2611x9839,"27475 Wayne Forges Apt. 771, Port Kellyton, SD 57766",South Elizabethside,Wisconsin,5/23/2023
CUST1960,Claudia,White,raymary@oconnor.com,912-696-2822x42367,"52919 Cox Burgs, Lisaberg, CT 80965",Lewiston,Georgia,4/20/2024
CUST1961,Brittany,Singh,brittany49@king-madden.org,179.483.2123x28430,"76066 Jessica Flats Apt. 632, Leeshire, WA 65689",New Angelahaven,Michigan,9/23/2023
CUST1962,Michelle,Johnson,mistypatterson@bolton.com,(658)119-6561x8975,"64146 Carr Plains, Port Robinton, FL 82287",East Emily,North Dakota,5/29/2022
CUST1963,Cindy,Carter,manuel68@turner.com,(931)841-7421x406,"58736 Edwards Groves Apt. 382, Rileyberg, NJ 77766",New Robert,Vermont,7/28/2022
CUST1964,Brian,Dougherty,logan01@gmail.com,(020)964-0578x5443,"2318 Johnson Ridges, New Theresaville, WI 73173",Port Sarah,Delaware,7/4/2023
CUST1965,Stephen,Baker,danielstewart@knox.com,544.888.5193,"96038 Mercado Canyon, Lake Caroline, FL 43012",East Brandon,New Mexico,6/13/2022
CUST1966,Courtney,Moreno,reedjeffrey@hill.org,-3463,"205 Butler Square, Stricklandborough, NC 62282",Hillview,Arkansas,1/27/2024
CUST1967,Johnny,Carlson,ukeller@hotmail.com,+1-679-986-3044x454,"295 Aguilar Islands, Mosleyborough, MN 69186",Waltonchester,North Carolina,3/2/2025
CUST1968,Jane,Herrera,sharon27@gmail.com,119.185.8369x2948,"695 Briggs Camp, Lake Richardchester, NH 30750",Patrickborough,Connecticut,5/16/2023
CUST1969,Robert,Cain,stephen93@hotmail.com,(649)435-9566x924,"1366 John Mountains Suite 184, Prattborough, TN 93427",Williamsfurt,Oregon,5/22/2023
CUST1970,Cynthia,Harris,mgriffith@williams.net,001-695-461-3112x4902,"595 Nguyen Park Suite 499, Smithfurt, MI 70775",Kennethfort,North Dakota,3/20/2023
CUST1971,Andrew,Barajas,sarah32@key.com,155.243.9142,"121 Luna Harbor Suite 333, Charlesport, MT 57544",Hoovermouth,California,6/11/2023
CUST1972,Lori,Collins,ortizbrooke@yahoo.com,(423)916-3019,"859 Sarah Trail Apt. 161, Lake Miguelchester, WI 33023",Jenniferchester,Georgia,12/28/2023
CUST1973,Chad,Smith,michael14@brown.org,-10802,"996 Brooks Via, Lambertland, NM 27636",Sanchezville,Delaware,7/23/2022
CUST1974,Greg,Henry,kathleen70@hotmail.com,639.664.4906x96439,"697 English Haven Apt. 836, Rosariostad, IL 62238",Alvarezstad,New Hampshire,7/7/2022
CUST1975,Christopher,Bridges,bcook@gmail.com,+1-819-155-5880x8988,"21450 Theodore Hill, Lake Mary, IA 49642",South Olivia,Colorado,5/15/2022
CUST1976,Madeline,Smith,sotoangela@woodard-welch.net,(958)710-1166,"169 Patricia Turnpike, Perezmouth, MI 32365",Port Jamiemouth,New Jersey,12/1/2022
CUST1977,Amanda,Barnett,ysullivan@hotmail.com,(772)612-5956x6231,"PSC 6579, Box 5140, APO AE 12890",West Robertport,New Hampshire,1/5/2025
CUST1978,Nancy,Wilson,nicholasbutler@williams-smith.com,399.828.0498,"877 Bryan Land, New David, SC 94875",West Jamie,Alaska,4/30/2023
CUST1979,Thomas,Boyd,cainthomas@yahoo.com,930-821-9604,"Unit 1866 Box 0421, DPO AP 04055",New Kristen,Delaware,4/1/2025
CUST1980,Patrick,Osborne,travis61@hotmail.com,001-826-401-0605x3929,"4364 Lee Land Apt. 275, Port Allen, OR 75164",Maciasland,California,11/12/2022
CUST1981,Erika,Johnson,ellisondaniel@hotmail.com,+1-673-869-1629x391,"5593 Michael Mission, Port Danielleville, SC 55781",Lake Jill,Georgia,12/9/2024
CUST1982,Kristy,Miller,ubrown@collins.net,771.041.1083x748,"3993 Gutierrez Heights Apt. 265, Benitezton, UT 12182",Lake Deniseborough,Washington,11/2/2023
CUST1983,Natasha,Robinson,mayjessica@jones.com,682396168,"5568 Misty Gateway Apt. 923, Williamsbury, VT 59960",Port Joseph,Illinois,3/27/2024
CUST1984,Jeremy,Johnson,murrayjohnny@miller.org,985.284.7879x582,"91144 Smith Rapids, North Monica, AZ 45490",Kimberlyville,Colorado,6/21/2022
CUST1985,Krista,Barnes,morganyates@yahoo.com,(894)733-4858x547,"07510 Moreno Estate Suite 093, Benjaminburgh, SC 31276",Lake Justin,Mississippi,3/9/2024
CUST1986,Mandy,Jackson,riveranicholas@ortiz-rodriguez.com,(847)075-9621,"62482 Joseph Knolls Suite 332, Lake Tyronebury, TN 46225",Muellerborough,Ohio,3/16/2025
CUST1987,Michele,Green,walkerkathryn@hodge.com,144.945.6171x39741,"198 Bonnie Divide, East Jeffrey, AK 13469",Duncanmouth,Nebraska,2/12/2025
CUST1988,Johnny,Ford,tjones@cobb-schmidt.org,(633)726-7014,"6967 Hogan Canyon, Lake Courtneyport, TN 94783",East Elizabethport,Tennessee,7/6/2023
CUST1989,Theresa,Schultz,gordonreginald@yahoo.com,887.952.8134x977,"Unit 3665 Box 1700, DPO AA 77163",Andreafurt,Connecticut,7/11/2023
CUST1990,Pam,Brown,imartinez@yahoo.com,246-445-6949,"899 John Mill Apt. 713, Richardstad, TN 49778",Lake Peggychester,Massachusetts,9/19/2024
CUST1991,Shannon,Price,michellejones@gmail.com,906.028.4819,"977 Jones Cliff, Clarencefort, VT 43912",Port Michael,Alaska,7/27/2022
CUST1992,Michelle,Patrick,ibarralisa@yahoo.com,646.102.9395x7658,"1784 Wendy Highway Apt. 597, New Janetburgh, CO 55400",Jonesport,West Virginia,11/17/2024
CUST1993,Rhonda,Suarez,anthonyhuang@gmail.com,(582)295-5181x45165,"794 James Gateway, Shieldsside, IA 26232",Sarashire,Wyoming,1/22/2023
CUST1994,Ryan,House,dshepherd@hebert.org,156.039.1896,"7789 Karen Canyon, New Amberport, NY 15125",West Christopher,Maryland,11/12/2023
CUST1995,Christine,Howard,wgiles@hotmail.com,4015951183,"50340 Taylor Route, Krystaltown, VT 34627",Lake Alexandriastad,Ohio,5/18/2024
CUST1996,Douglas,Jennings,jason65@gmail.com,001-713-342-0399,"USS Neal, FPO AP 19552",New Elizabethside,Michigan,5/17/2024
CUST1997,Scott,Black,sarawalsh@johnson.org,-7999,"330 Steven Springs, Richardville, NJ 36990",Port Tyronehaven,Nebraska,4/2/2025
CUST1998,Justin,Lee,wmoon@leon.org,(280)399-5008x9606,"5362 Ronald Flat Suite 470, Michellefurt, CA 38353",New Jameshaven,Florida,1/13/2025
CUST1999,Paul,Perez,johnsonalbert@yahoo.com,001-693-511-8716x9583,"34353 Moreno Gateway Apt. 196, Pamelaside, KS 26072",Hullshire,Texas,6/3/2024
CUST2000,Ashley,Ward,lisa77@rodriguez-rice.com,865.822.2604,"2075 Michael Glen Apt. 808, South Michaelburgh, NE 77172",Jenkinsberg,Tennessee,5/11/2024
CUST2001,Angela,Dickerson,gbaird@knight-wilson.com,929-598-3455,"836 Lisa Course, South Krystal, NH 76023",New Angela,Louisiana,2/9/2025
CUST2002,David,Cox,patty42@warner.com,810-343-2525x509,"2418 Sarah Ferry Suite 885, Davidsonport, KS 45927",Madisonton,Illinois,10/27/2023
CUST2003,Briana,Fields,dannywilliams@harper.info,060.414.9333x98892,"99847 Sydney Shoal, Port Davidside, OK 64177",West Rebecca,Florida,6/30/2023
CUST2004,Jennifer,Simmons,james97@white.biz,(408)036-5392x38408,"7127 James Light Suite 371, Amandaport, LA 24431",Jonathanhaven,Kentucky,11/17/2022
CUST2005,Erin,Reyes,mendezashley@lambert.org,645.132.1825,"PSC 6322, Box 9432, APO AP 90533",Jenniferchester,Arkansas,6/7/2023
CUST2006,Michael,Fernandez,sabrinabruce@zimmerman.info,371-486-0614x8371,"53111 Chan Ville, Pruittstad, OK 93204",Wandahaven,Louisiana,12/3/2023
CUST2007,Michael,Donovan,jessicafields@young.biz,888.430.6806x44204,"118 Krueger Motorway, Gabriellabury, WA 28965",Samanthaside,Arizona,7/27/2022
CUST2008,David,Jensen,xwade@davis.biz,387.248.6316x261,"7865 Merritt Lane Apt. 236, East Rachel, MS 63897",Joneston,South Carolina,12/13/2024
CUST2009,Tanya,Vega,brandy17@schultz.com,750.157.6727,"Unit 0219 Box 8020, DPO AA 65226",East Franklinstad,Rhode Island,10/24/2022
CUST2010,Cody,Hardin,crobles@yahoo.com,471.015.8256,"050 Bailey Square Apt. 197, Baileyfurt, MS 55990",Braytown,Kentucky,4/27/2024
CUST2011,Sheila,Welch,frenchmargaret@hotmail.com,488-939-1844x9609,"10150 Reid Plains, East Johnchester, NC 13867",Dustinfurt,Montana,2/8/2024
CUST2012,William,Harding,heather80@yahoo.com,001-896-677-1373x5730,"22487 Bradley Tunnel Apt. 314, Lake Sarah, NH 30743",North Austin,Delaware,12/2/2022
CUST2013,Lee,Scott,alexander93@gmail.com,590-433-2974,"093 Amanda Gateway Suite 871, Rodriguezstad, CT 11476",Amyside,Nebraska,8/28/2023
CUST2014,Kayla,Martin,kristinamorgan@hotmail.com,001-239-679-8427x0550,"Unit 3523 Box 4008, DPO AP 87023",Morganstad,Wisconsin,7/2/2022
CUST2015,Russell,Brock,melendezleah@cooper.com,189-437-8099,"129 Spencer Ridges, Websterton, MS 81144",Lake Jennifer,Illinois,4/20/2023
CUST2016,Joseph,Crawford,kellyjacobs@hotmail.com,001-088-556-7571x86817,"5204 Smith Land Suite 506, Mossstad, MN 46060",Johnsonhaven,Oklahoma,2/3/2025
CUST2017,Eric,Alvarado,catherine89@davidson-tanner.com,518.485.7424,"208 Amanda Radial Apt. 503, Donaldburgh, ND 97131",New Steven,New Jersey,4/27/2024
CUST2018,Amanda,Clarke,snewman@gmail.com,001-294-992-4313x9647,"6759 Patrick View Suite 140, Andreton, IA 60772",North Christinetown,Texas,3/31/2025
CUST2019,Anthony,Yates,thomasnicole@yahoo.com,(905)468-3004x555,"3247 Hensley Crossing Suite 481, North Becky, NM 36953",Marissaborough,Texas,8/1/2024
CUST2020,Michael,Garrett,natalie89@lane.com,001-008-483-1863,"USNV Marquez, FPO AE 71022",Dennismouth,Maine,1/24/2025
CUST2021,John,Simmons,moorekimberly@gmail.com,+1-658-683-9476x9016,"52206 Lee Mill, Port Jameston, NJ 82779",Lake Mathewborough,Connecticut,9/16/2023
CUST2022,Tracie,Graham,robertgonzalez@johnson.net,+1-733-386-7769x18386,"6167 Young Glen, Maryton, AZ 00617",Mitchellhaven,New Mexico,4/10/2023
CUST2023,Travis,Coleman,edwardssavannah@yahoo.com,909.870.1769,"80959 Catherine Prairie, West Kennethborough, KS 99241",Christopherfurt,Maine,10/2/2024
CUST2024,Bruce,Cole,smithtina@blake-santos.info,+1-057-831-6578x45802,"065 Lori Harbors, Seanburgh, MA 64349",Brandiburgh,West Virginia,5/31/2022
CUST2025,Wayne,Cherry,franklinallen@stewart.com,095.932.5859x16473,"7671 Shelby Terrace, Schaeferport, NC 13865",Lake Leslie,Minnesota,5/21/2023
CUST2026,Laura,Higgins,arosario@gmail.com,(839)079-0460,"91008 Richard Burgs Apt. 267, Port Natalieshire, OH 61392",Scottfurt,Oklahoma,9/26/2022
CUST2027,Ronald,Myers,freemanbrittney@wells.net,721-616-1156x8505,"117 Doyle Dam, Port Scott, MI 20882",Port Mark,New York,7/19/2023
CUST2028,Lynn,Mills,lee07@hotmail.com,225.576.2742x04990,"264 Travis Fall, West Kelsey, NC 16148",Anahaven,Washington,6/30/2023
CUST2029,Angela,Parker,klineshane@yahoo.com,(731)237-5047,"25365 Blake Creek, Donaldborough, TN 18539",East Kari,Idaho,10/10/2024
CUST2030,Mary,Atkinson,lindsayrobertson@hotmail.com,+1-477-682-9231x95471,"2296 Johnson Islands Suite 209, Taylorburgh, TX 35889",Luisburgh,North Carolina,3/31/2025
CUST2031,Catherine,Davis,wcarson@wells.net,2975613641,"8363 King Hill Apt. 041, Claudiamouth, NV 40967",Port Kathryn,New Jersey,8/10/2022
CUST2032,Jennifer,Peterson,pgonzales@allen.net,016-944-3642,"0902 Garza Avenue Suite 198, Hammondbury, IL 41813",Camposfort,Georgia,8/2/2023
CUST2033,Christopher,Rose,scott92@dennis.com,825-827-8934,"6922 William Mill, Lake Michael, WV 71486",Jeffreymouth,North Carolina,9/29/2023
CUST2034,Susan,Bartlett,fcampos@reid.com,(572)853-2987,"8659 Raymond Street Suite 581, East Maryborough, ME 40117",Lake Jeffrey,Nebraska,11/26/2022
CUST2035,Christopher,Lambert,hernandezdennis@hotmail.com,662-131-4656,"4906 Jeffrey Courts, Payneport, TX 32574",Edwardside,Utah,1/5/2025
CUST2036,Denise,Cain,sean68@yahoo.com,+1-833-867-5491x5543,"0283 Robertson Lake Apt. 419, Fullerborough, WY 39027",Evansside,Washington,8/18/2022
CUST2037,Tamara,Blake,mstevens@hotmail.com,(099)671-6199,"PSC 5477, Box 5453, APO AP 57552",North Christopherton,Kansas,4/30/2024
CUST2038,Joseph,Smith,oscott@mcguire-boyd.com,(541)980-4928x958,"279 Cook Meadows Suite 208, Tammyfort, MA 33062",Troyton,Maryland,4/4/2024
CUST2039,Donald,Morris,leslie39@willis-gordon.com,+1-362-067-2222x1524,"522 Barbara Common, East Elizabeth, GA 41702",Roberttown,Montana,6/11/2023
CUST2040,Bradley,Dixon,james50@davis.com,(669)140-0775x9452,"806 Brandon Ford Suite 989, Christyton, IN 98732",Lake Matthewhaven,Maryland,5/21/2023
CUST2041,Melissa,Lawrence,romerobradley@murphy.net,1026650768,"21163 Sabrina Valley, Lake Amberborough, SC 43491",South Christopher,Washington,9/19/2024
CUST2042,Daniel,Alexander,andreasmith@jones.com,(473)202-0095x47969,"020 Amber Trafficway Suite 407, Adamton, MO 47044",Dennisfurt,Utah,8/13/2023
CUST2043,Emily,Smith,htaylor@gmail.com,870.878.3691x0871,"20739 Jordan Isle Suite 993, New Joannaville, VA 44725",South Debrashire,Montana,3/5/2024
CUST2044,Adrienne,Riley,joshuajones@nunez.biz,257.222.3444,"5562 Eric Center Suite 841, Lake Sherriberg, KY 01614",North Scottfurt,Michigan,4/14/2025
CUST2045,Jerry,Becker,michaelharris@yahoo.com,(221)137-2992x9200,"358 Peter Island, West Robert, AK 55131",Rhondatown,Pennsylvania,7/2/2024
CUST2046,Cody,Bean,baileyeduardo@benson.biz,+1-194-032-6332x8132,"32598 Trevor Cliffs Apt. 061, West Brittany, WA 85858",East Joseside,Texas,5/3/2022
CUST2047,Christine,Clayton,lcurry@reed-warner.com,001-868-187-5028x18879,"641 Bell Knolls, New Lisa, RI 84858",East Johnborough,Hawaii,9/18/2022
CUST2048,Todd,Davis,ymedina@yahoo.com,988-799-9306x93987,"0144 Griffith Mall, East Stephenstad, WI 23387",Luisberg,Florida,10/17/2023
CUST2049,Emily,Todd,amyperez@kelly.com,(989)654-6924x35505,"30608 Daisy Lakes, New Ricardomouth, WV 97250",Wisebury,South Dakota,2/13/2025
CUST2050,Wendy,Smith,butlerjames@king.net,+1-624-920-6972x5855,"03971 Perez Trace Apt. 313, Meyerfurt, ND 08835",South Kevin,New York,7/22/2024
CUST2051,Adrienne,Cross,marybeasley@ortiz.com,756.215.1718x396,"PSC 7158, Box 0010, APO AA 81284",Ianhaven,Wyoming,7/27/2024
CUST2052,Kelsey,Banks,yjensen@gmail.com,(233)742-4737,"292 Michael Canyon, Butlershire, AR 80395",Shellyhaven,North Carolina,3/1/2024
CUST2053,Adriana,Crane,uhodge@holder.net,376.465.7999x22855,"7361 Robert Estates Suite 145, Amyshire, OK 09908",Priceton,West Virginia,6/10/2023
CUST2054,Courtney,Morales,frankjennifer@gmail.com,+1-508-524-9885x96219,"119 Steve Forks, Rickyport, MO 50637",Avilaburgh,New Jersey,9/16/2022
CUST2055,Tony,Roberts,laurabass@phelps.org,544-820-3388x553,"409 Denise Hollow, East Paulfort, MI 68715",New Steve,Colorado,9/28/2024
CUST2056,Brittany,Williams,heather53@yahoo.com,528.376.3569,"726 Griffith Isle, Fordview, FL 68885",South Danielborough,New Hampshire,12/2/2022
CUST2057,Nicholas,Willis,bowentravis@ryan.com,001-649-660-3880x190,"251 Perez Forks Suite 464, West Traciberg, AL 62235",Lopezbury,South Dakota,11/6/2023
CUST2058,Deanna,Gardner,walkerdenise@cook-leonard.biz,7166411537,"PSC 3236, Box 1569, APO AA 47283",South Williamtown,Maryland,11/10/2022
CUST2059,Robin,Campos,megancalhoun@gmail.com,459.342.4147x705,"477 Reynolds Crescent, Lake Chrisport, OR 08151",East Ryanfort,Arkansas,6/18/2022
CUST2060,Daniel,Smith,kwilson@harrison-welch.com,001-171-843-0754x066,"7305 Hanna Points Suite 826, Maryville, NM 91031",North Shannontown,Montana,2/3/2023
CUST2061,Tyrone,Stewart,ybeasley@wilson-smith.com,5283034225,"PSC 9165, Box 7639, APO AE 60128",Baileyshire,Virginia,4/13/2024
CUST2062,Justin,Villarreal,kathleenjohnson@vang-buck.info,151-759-8532x55610,"5355 Valentine Street, Lake Karina, IN 90058",Lake Benjaminville,Missouri,3/28/2024
CUST2063,Brandi,Proctor,toddramirez@yahoo.com,7463340046,"2733 Phillips Grove Apt. 846, West Richard, UT 67913",Parkerport,Washington,6/27/2024
CUST2064,Timothy,Kim,maryjohnson@diaz.org,544.689.8947,"2988 Brooks Walks Apt. 448, Reynoldstown, RI 68621",South Heather,Connecticut,12/1/2024
CUST2065,Jason,Howard,callahananna@torres.org,(470)544-8339x4957,"429 Ronald Manors Suite 291, Mosesside, TX 57641",Stevensstad,Hawaii,11/10/2022
CUST2066,Leah,Jones,vwilliams@yahoo.com,(891)789-2546,"041 Christopher Island, East Kenneth, AZ 31995",South Jasontown,South Dakota,1/1/2025
CUST2067,Michael,Carroll,nicholephillips@gmail.com,-6132,"3355 Paul Viaduct, South Jamieburgh, LA 01170",Melissamouth,Maine,11/23/2024
CUST2068,Gabriel,King,joelallen@yahoo.com,+1-786-355-5579x43424,"USNS Clayton, FPO AP 56165",New Victoriaton,New Hampshire,9/26/2024
CUST2069,Brian,Medina,lewiscory@hotmail.com,001-949-041-6742x77619,"PSC 5342, Box 6369, APO AE 01783",South Danielleberg,South Dakota,11/26/2022
CUST2070,Peter,Mccullough,petersmatthew@gmail.com,(439)502-5364,"86307 Brandon Station, Lake Julia, DC 16296",Port Michellechester,Colorado,8/22/2022
CUST2071,Samuel,Guzman,wberg@williams-johnston.com,225.882.0043,"60427 Henry Burgs, East Tarashire, OR 78967",Dillonmouth,Massachusetts,11/10/2023
CUST2072,Darrell,Anderson,robertrussell@weaver.com,-3802,"79463 Lowe Village Apt. 022, Walkerberg, DE 88202",East Michael,Colorado,10/22/2023
CUST2073,Roy,Collins,perezheather@hotmail.com,429.778.8811x3524,"639 Koch Wall, Gardnerton, TN 24899",Garciaside,West Virginia,8/30/2022
CUST2074,Holly,Carr,jesse87@yahoo.com,(791)544-1757,"520 Susan Ville Apt. 399, Port Garrettton, WA 15283",New Courtney,Oklahoma,5/26/2023
CUST2075,Edward,Bishop,griffinchristopher@harrison.biz,(018)714-6713x3071,"7289 Craig Passage Suite 635, Susanfort, NC 66214",Fletcherchester,Kansas,6/27/2023
CUST2076,Wendy,Perez,jeremyanderson@yahoo.com,(441)427-3718,"85694 Edwards Pass, Willisstad, SC 82402",Franklinmouth,Colorado,6/13/2022
CUST2077,Alicia,Mckenzie,donald39@gmail.com,814-533-5430x9908,"150 Courtney Avenue Apt. 754, Anthonyburgh, ID 18564",Lindsayshire,Maryland,1/20/2025
CUST2078,Laura,Smith,jacobjohnson@gmail.com,(487)340-1631x05387,"USNV Schmidt, FPO AP 75955",Dantown,South Carolina,10/1/2023
CUST2079,Susan,Martinez,wardronald@johnson-lopez.com,(719)453-2821x46948,"4613 Benjamin Well Suite 001, East Mitchellville, MT 71967",Hallfort,Oregon,1/17/2023
CUST2080,Andrew,Luna,phillip37@hotmail.com,600.253.0076x25712,"PSC 6952, Box 3644, APO AP 91521",New Elizabeth,California,8/5/2024
CUST2081,Mary,Crane,josephmason@ball.com,494-269-1613x7071,"8963 Sharon Ridge, North Erichaven, VT 25471",Aliciaville,Nebraska,12/26/2024
CUST2082,Jessica,Miller,james97@hotmail.com,397.148.8627x06089,"2149 Jonathan Lane, Merrittside, AR 86380",Brownview,Kentucky,6/4/2023
CUST2083,Samantha,Kirby,vwilson@miller-melendez.com,(825)386-5258,"03197 Harper Wells Suite 985, Ryanchester, AL 01873",Timothyview,Wyoming,8/30/2024
CUST2084,Richard,Wade,sgibbs@gmail.com,(247)483-2779,"92385 Stanley Run, Stephanieville, MS 93769",Rhodesbury,Hawaii,9/12/2023
CUST2085,Jennifer,Diaz,shannonhall@garcia-johnston.com,648-551-5531x086,"626 Hill Drives Apt. 514, Shawnton, WI 54375",Turnerport,New York,5/19/2024
CUST2086,Courtney,Richardson,joseph08@hotmail.com,001-075-997-2029x920,"94723 Bell Falls Apt. 612, West Brandon, ND 86220",North Robert,Massachusetts,9/12/2023
CUST2087,Allison,Michael,sharonowen@harris-cox.com,820-990-0205x171,"581 Samantha Forges, Christophermouth, PA 27564",West Angiemouth,West Virginia,4/4/2023
CUST2088,Melissa,Griffin,hbrewer@glass.com,139.618.0312x302,"738 Flynn Mountains Suite 824, Wrightport, WV 39161",Jenniferport,Pennsylvania,2/24/2023
CUST2089,Jeanette,Floyd,amandariggs@hotmail.com,+1-043-839-7228x8163,"05274 Davis Dam Suite 753, Cathyland, SC 62919",Ashleyview,California,7/28/2024
CUST2090,Megan,Miller,emma35@jimenez-reynolds.com,3787815821,"32891 Emily Mount Suite 987, Virginiaview, NH 42736",New Jonathanmouth,North Dakota,1/10/2024
CUST2091,Diana,Jacobson,hansonmichael@bailey.biz,2268859187,"50391 Dawn Route, South Ashleestad, AZ 14573",Lake Isabeltown,Vermont,10/10/2023
CUST2092,Monica,Young,csnyder@hotmail.com,241-728-1616,"91001 Wendy Knolls Suite 413, Hillport, SC 09349",Bradfordbury,Ohio,6/23/2022
CUST2093,Taylor,Smith,christophermoses@yahoo.com,(359)728-0805,"143 Jacob Squares, New Margaretside, AK 39017",Acevedoport,Kansas,6/8/2022
CUST2094,Nicole,Thompson,lovezachary@wright-smith.com,001-356-519-9050x1633,"19351 Jensen Hill, New Amberbury, IN 80198",Harrisville,Michigan,6/29/2024
CUST2095,Kelli,Frost,jacksonelizabeth@hotmail.com,313.906.8698,"5141 Sandra Estate, Maldonadohaven, NJ 72125",Lake Barbara,Kansas,2/26/2024
CUST2096,Christine,Thompson,loriwilson@richards.com,(725)921-2095x007,"96274 Caldwell Canyon, Port Michelle, KS 24671",Crosbyland,Tennessee,6/11/2023
CUST2097,Stephanie,Sandoval,abennett@christensen-marshall.info,-9962,"66803 Ayala Station, Boydchester, IN 58545",Lake Richardhaven,Virginia,1/7/2025
CUST2098,Jacqueline,Larson,jessedennis@thomas.com,001-550-598-4003x0830,"Unit 7820 Box 2281, DPO AP 14001",North Chelsea,Massachusetts,10/29/2023
CUST2099,Jennifer,Brown,reeddavid@robertson.biz,6572951100,"4560 Johnson Brooks Suite 985, Millsfort, FL 87141",Lake Colleentown,Nevada,9/21/2024
CUST2100,Victoria,Contreras,iallen@hotmail.com,001-981-488-7312,"Unit 9777 Box 9148, DPO AA 74510",Lesterport,Rhode Island,1/21/2025
CUST2101,William,Richard,wrightpamela@hotmail.com,(328)917-4300x61672,"8413 King Islands Suite 935, Murphymouth, IN 83871",South Nathan,Delaware,11/4/2022
CUST2102,Teresa,Daniels,xluna@hotmail.com,3330878445,"225 Martin Route Suite 285, Kevinstad, AL 54953",Michaelland,North Carolina,1/3/2025
CUST2103,Rachel,Anderson,sharris@howard-sherman.com,745.846.6437,"PSC 0537, Box 9159, APO AP 19754",East Connor,Massachusetts,11/5/2023
CUST2104,Curtis,Fisher,saraedwards@yahoo.com,765.497.1082,"45701 Moore View, Danielchester, AL 53639",Anthonytown,Michigan,3/17/2024
CUST2105,Michael,Waller,kennethwilliams@hotmail.com,326.781.0629,"2386 Wu Harbors, Lake Patricia, IN 11233",Martinezborough,New York,4/9/2023
CUST2106,Robert,Silva,rodriguezrobert@higgins.info,020.172.7394x8846,"61237 James Inlet, Riggsfort, CT 44050",North Tashaport,Alabama,3/3/2024
CUST2107,Alexis,Munoz,jenniferramos@gmail.com,857.946.1992,"57181 Angel Branch Apt. 280, North George, WV 19990",Stephanieburgh,Missouri,10/27/2023
CUST2108,Michelle,Morris,davisrandy@vargas.com,(154)974-2183x4376,"67951 Brown Harbor Suite 164, South Mary, LA 22826",West Kaitlyn,California,1/1/2023
CUST2109,Scott,Williams,wrocha@hotmail.com,135.091.7286x82946,"297 Mark Stream, Troymouth, DC 06633",Smithland,Louisiana,11/10/2022
CUST2110,Jacqueline,Martin,adamjohnson@simpson.com,(891)793-9903x41509,"5810 Johnson Knolls Suite 621, Jeffreyview, WA 56297",Jacquelinebury,New Mexico,5/5/2024
CUST2111,Gerald,Roberson,jsnyder@watson-graham.biz,273-085-2045x718,"Unit 5670 Box 7035, DPO AP 88198",Laurenport,Rhode Island,5/5/2023
CUST2112,Suzanne,Dawson,jenniferthompson@yahoo.com,686.146.4540,"50192 Young Rapid, Kellybury, MO 40472",North Michael,Colorado,2/21/2023
CUST2113,Mary,Kim,bcannon@martin.com,(686)040-7439,"7876 Rodney Summit, Mezaton, AK 82170",New Samuel,Minnesota,2/15/2023
CUST2114,Sara,Roman,fvargas@hotmail.com,066-005-9245,"55311 Bonilla Estates Suite 379, Mitchellstad, VA 29036",New Johnnyhaven,Washington,7/24/2022
CUST2115,Joseph,Smith,gbass@williams-flores.biz,+1-610-548-2473x2046,"549 Brittany Junction, New Samanthatown, ID 65371",Erinshire,Illinois,11/6/2022
CUST2116,Gary,Weaver,zimmermanjeremy@gmail.com,+1-224-006-9292x0482,"29230 Castillo Ridge, Lake Valerieshire, NV 86347",Port Douglas,California,1/7/2023
CUST2117,Charles,Downs,whiteandrea@cole.net,424-373-4922x671,"02007 Davis Groves, Bakerberg, CT 58320",South Andrea,Arkansas,8/23/2022
CUST2118,Ellen,Mccarty,nramirez@perez-osborne.com,941-093-6420x016,"USNS Jennings, FPO AE 14666",Lake Jacqueline,Idaho,3/11/2025
CUST2119,Craig,Mcdaniel,holtrachel@terrell-bradshaw.com,805-409-8963,"98713 Miller Avenue, East Sheristad, FL 54411",East Meganland,Pennsylvania,1/6/2025
CUST2120,Michele,Booth,ftownsend@morton.com,788.160.6624x702,"3253 Latoya Vista, North Joelland, MT 05976",Morganfurt,Washington,4/18/2023
CUST2121,Savannah,Gutierrez,johnhopkins@thompson.com,+1-797-851-5321x20775,"37302 Barnes Mount Apt. 037, North Angelaburgh, CT 01701",Jacksonborough,Massachusetts,1/23/2025
CUST2122,Shannon,Woods,jeffersonjohn@hotmail.com,634.896.4281x63226,"598 Charles Knolls Suite 281, Heatherburgh, MT 45998",New Kennethhaven,Texas,2/21/2023
CUST2123,James,Jones,robertcameron@yahoo.com,1609187652,"86363 Joshua Green Apt. 986, Leachburgh, LA 28418",New Phyllis,Nebraska,10/8/2023
CUST2124,Megan,Smith,robin10@yahoo.com,893.269.8707,"385 Kara Shore, East Johnny, IA 59152",Port Natalie,Massachusetts,10/16/2023
CUST2125,Emily,Ramsey,courtneymoreno@mullen-obrien.com,001-945-125-2785x69375,"PSC 3687, Box 7640, APO AA 25480",Lake Peter,West Virginia,6/9/2023
CUST2126,Lori,Rose,michaelmitchell@jones.com,583.028.5194x468,"5638 Jennifer Squares, North Kyleview, ID 08185",Lake Eduardoview,Texas,1/12/2024
CUST2127,William,Dixon,vstein@yahoo.com,594.498.2894x5764,"85423 Roberson Club Suite 203, New Christopher, MA 62884",West Franklin,Montana,1/24/2023
CUST2128,Matthew,Reynolds,jclark@hotmail.com,001-465-207-2604,"81437 Villanueva Brooks Apt. 318, West Willieland, NM 35771",Johnmouth,Louisiana,5/24/2024
CUST2129,Melissa,Reyes,rpatterson@williams-gregory.org,+1-475-808-8563x412,"54881 Williams Pass, Angelastad, IL 16694",North Meghan,Virginia,9/7/2023
CUST2130,Zachary,Coleman,pperry@gmail.com,001-812-898-7059x175,"462 Megan Pike Suite 168, Andrewfort, GA 63468",Estradatown,North Dakota,6/2/2024
CUST2131,Amanda,Smith,weisswalter@hodge.info,001-641-134-2375x305,"312 Charles Tunnel, Lake Michael, AL 59591",Lake Kevin,Delaware,1/8/2025
CUST2132,Thomas,Watson,jenkinsregina@hotmail.com,(978)190-0755,"636 Rodriguez Mews Suite 860, Williamsmouth, TX 53889",North Sharonland,Oregon,6/20/2024
CUST2133,Jeffrey,Floyd,wgriffith@flores.com,(015)331-5379x16218,"PSC 5580, Box 2516, APO AP 98423",Evansborough,Michigan,10/1/2024
CUST2134,James,Ellis,jamieharris@moore-mcgee.info,7354782064,"9085 Green Islands, West Johnshire, GA 66328",Lake Kayla,Hawaii,4/19/2022
CUST2135,Joshua,Grimes,nnguyen@gates-baker.com,193.389.9162,"9807 Dalton Point Apt. 338, West Suzannetown, OR 43859",Lake Jessicashire,Iowa,11/24/2022
CUST2136,Jessica,Ramirez,johnjones@phillips.com,486.071.1718,"83152 Wood Mountain, East Katherinetown, MI 70355",Coltonberg,Colorado,1/12/2023
CUST2137,Mark,Murray,michaeljones@willis-jones.org,710.362.2565,"2767 Alvarado Squares Apt. 216, Davisburgh, WI 18268",Lisaview,North Carolina,8/2/2024
CUST2138,Ronald,Baker,shelbywilson@mullins-thompson.net,756-726-8855x6594,"416 Brian Mall, New Christopher, AZ 40671",South Emilyfort,New Hampshire,3/14/2023
CUST2139,Joseph,Martin,angela43@gmail.com,774.238.8153,"3991 Castaneda Mission Apt. 175, West Coltonton, LA 88002",Robertashire,Arizona,3/6/2023
CUST2140,Kyle,Robinson,tmartinez@hernandez.com,001-383-342-1680,"4154 Nicholas Mountains Apt. 539, Tiffanyberg, MT 17762",Valerieberg,New Hampshire,9/5/2024
CUST2141,Austin,Thomas,bward@villegas-williams.biz,001-577-755-0817x47615,"819 Janet Garden Apt. 644, Lake Thomas, NV 10062",East Timothy,Nebraska,12/11/2022
CUST2142,Allen,Dixon,kenneth27@yahoo.com,632.538.4367x667,"92205 Palmer Square, Lake Yvonne, ND 34756",North Whitneyland,South Dakota,8/12/2022
CUST2143,James,Harris,cisnerosbrian@gmail.com,(407)407-1315,"83046 Parsons Flat, West Tammyport, ND 29016",Nelsontown,Arkansas,6/3/2023
CUST2144,Melvin,Watson,destiny36@tran.info,001-340-984-6513x76743,"6682 Lang Field Apt. 532, East Heidi, WY 12844",West Annafort,Mississippi,9/1/2024
CUST2145,Andre,Sanders,jonathansmith@barrett.com,836-704-3520,"07027 Shane Manors Apt. 636, East Kristyside, CA 29523",Jamesview,Arkansas,9/11/2023
CUST2146,Andrew,Carlson,josejensen@yahoo.com,828.889.5725x0680,"92692 Jasmine Shores Suite 112, Port Clintonchester, NC 17448",Sandramouth,Vermont,11/3/2023
CUST2147,Jennifer,Kelly,horr@rubio-silva.com,-8088,"931 Sharp Court Suite 102, Weeksfort, FL 52481",New Jimburgh,Colorado,1/13/2023
CUST2148,Richard,Porter,usmith@gmail.com,+1-458-601-7756x6909,"603 Jamie Inlet, Christinaport, VA 65682",Arnoldmouth,Massachusetts,2/17/2023
CUST2149,Cynthia,Hansen,bradley72@rivera-sweeney.com,245-242-4260x16446,"1514 Phelps Mount Suite 235, West Chadmouth, WY 19410",Andreashire,New York,4/27/2022
CUST2150,Gregory,Williams,ujones@gmail.com,001-282-508-8865x417,"0992 Roy Skyway Suite 239, West James, OH 41228",Reedberg,Rhode Island,7/17/2024
CUST2151,Vanessa,Anderson,alindsey@perez.com,516.302.1907x45130,"4499 Henry Mall, Donaldland, ID 56048",Port Danielport,Oregon,3/26/2023
CUST2152,Larry,Vaughn,spearssamuel@fowler.com,437.527.0503,"706 Charles Crossroad, Lake Kimberly, OR 30137",West Rose,Oregon,6/1/2023
CUST2153,Tonya,Preston,ashleehorn@thomas-anderson.com,586-638-3470,"77503 Barton Circles Apt. 354, Port Dennis, AR 83559",Rogerville,Texas,2/7/2024
CUST2154,Shannon,Hall,briannajohnson@williams.info,491-182-5043x1352,"393 Mcdonald Underpass Suite 723, North Sara, NE 33712",Haleyland,Louisiana,5/28/2024
CUST2155,Steven,Miller,mariawilliams@gmail.com,561-683-9688,"7695 Cheryl Lights Apt. 793, Stephensbury, OR 52542",New Andrewton,New Jersey,6/12/2023
CUST2156,Sara,Hall,martinbenjamin@martin-torres.biz,(875)888-5104,"1471 Estrada Viaduct, East Timothymouth, IN 17013",Mooremouth,Louisiana,8/8/2022
CUST2157,Ariel,Shepherd,lholland@gmail.com,194-655-9720,"5257 Grant Oval Suite 084, Hartmanport, DE 45747",New Alexandraside,Utah,5/17/2022
CUST2158,Heidi,Garner,hughestyler@gmail.com,(949)101-3179x9005,"8925 Lauren Key, South Bradley, MN 82091",East Rachelchester,Texas,12/17/2023
CUST2159,Evan,Lane,loliver@calderon.com,+1-142-388-3101x080,"820 Anthony Keys, South Brittney, WY 85368",Lopezfort,Kentucky,12/22/2023
CUST2160,Susan,Young,jillpeters@hotmail.com,(246)141-1157,"9475 Baldwin Turnpike Apt. 584, Port Melissa, RI 43254",Kimberlystad,Nevada,11/11/2024
CUST2161,Faith,Harrison,roy12@wilson.com,+1-600-235-9076x0667,"218 Danny Wall Apt. 474, East Debra, NY 65016",West Wendy,Wyoming,3/9/2023
CUST2162,Kelly,Miller,zstafford@stewart.org,911.076.7352,"5477 Gibson Common Apt. 148, Powellfort, DE 24964",North Mason,Wisconsin,9/13/2022
CUST2163,Katie,Cruz,cdixon@hotmail.com,248.917.8076x54824,"02751 Stephanie Freeway Apt. 825, Mcmillanport, CT 45503",Lake Kimberlyshire,Missouri,1/13/2023
CUST2164,Andrew,Turner,williammills@gmail.com,+1-139-381-8859x739,"769 Melissa Extensions Apt. 517, South Nathaniel, WY 32117",Waynemouth,Massachusetts,9/10/2022
CUST2165,Sarah,Rogers,msnyder@carter-white.net,273.536.1883,"595 Allen Street, Jenniferstad, TN 18595",Owenstown,California,7/16/2022
CUST2166,Melissa,Kelley,danielle70@huff-escobar.com,007.953.5084x8281,"1806 Carlos Rest Apt. 208, Gonzalesmouth, IN 72307",South Morgan,Massachusetts,11/10/2023
CUST2167,Anthony,Cruz,sstevenson@mayo-rios.com,001-442-678-0056x22740,"871 Andrew Run Apt. 007, Robertbury, IN 58314",North Williamstad,Nebraska,5/22/2022
CUST2168,Rebecca,Robertson,opatrick@yahoo.com,786.066.2200x581,"38391 Theresa Union Apt. 520, Morseside, MA 23298",Ruizburgh,Massachusetts,6/1/2023
CUST2169,Joshua,Mccarthy,ttaylor@hotmail.com,001-324-540-5218x82883,"192 Smith Course, Port Mark, NH 12992",East Kelly,Montana,2/14/2023
CUST2170,Amy,Bates,ysmith@yahoo.com,833-500-2445,"45731 Moore Mill, Rossberg, TX 65202",Codyfort,Ohio,3/28/2023
CUST2171,Robert,Hunter,byrdkathleen@yahoo.com,001-398-393-7962x697,"Unit 3402 Box 4729, DPO AA 74273",Lake Matthewbury,South Carolina,11/25/2022
CUST2172,Jamie,Hudson,michael38@gmail.com,001-686-095-4325x11594,"60262 Brandon Landing, Karinafurt, VT 85291",South Lisa,Arizona,8/23/2022
CUST2173,Christopher,Bender,mfernandez@hotmail.com,948-816-9509x7203,"385 Christopher Shoals Apt. 170, South James, AR 86472",Morganberg,Wisconsin,5/14/2024
CUST2174,Amy,Martin,williamsmith@gmail.com,7241455265,"3614 Audrey Valley Apt. 481, Lake Zoeborough, MS 39871",West Monica,North Dakota,10/1/2024
CUST2175,Kari,Clark,april03@hotmail.com,537.537.7944,"60709 Allen Skyway Suite 552, Port Tamifurt, MI 55130",Port Robertshire,Massachusetts,11/22/2023
CUST2176,Mckenzie,Wilson,jasminebarker@gmail.com,(537)823-1818,"USNV Williams, FPO AP 84372",Port Eric,South Carolina,1/31/2024
CUST2177,Rachael,Hernandez,james01@lopez.com,015.118.4364x65115,"0103 Jeremy Valleys Suite 938, Amberborough, ND 08688",North Robin,Arizona,9/6/2024
CUST2178,Chad,Brown,jeremy17@gmail.com,515.617.9250x59237,"5520 Collier Shore Apt. 087, Lake Anthony, ND 46235",Millerhaven,Kansas,3/22/2024
CUST2179,Paul,Cooper,zsmith@yahoo.com,+1-486-638-2651x1618,"50015 Gabriel Locks, Smithland, TN 24462",Mooremouth,Illinois,6/5/2023
CUST2180,Donald,Brock,andrew38@yahoo.com,(951)199-3931x588,"11659 Peter Rapid, Brentmouth, NJ 80408",Tamarafurt,Oklahoma,11/11/2023
CUST2181,Rebecca,Bean,avilajoseph@irwin.biz,(046)178-1249x1095,"655 Pacheco Grove, Wolfeborough, NE 87340",Maryfort,New Mexico,11/27/2023
CUST2182,Anthony,Terry,deborahthompson@hernandez.org,001-508-155-4743x8471,"PSC 9794, Box 5178, APO AA 26751",Jacquelineshire,Oregon,12/3/2023
CUST2183,Traci,Campbell,klinetammy@lynch.com,-2418,"595 Green Shore Suite 121, East Carla, OK 64924",Lake Scott,Utah,6/4/2022
CUST2184,Sandra,Bean,cameronbutler@gmail.com,(231)926-9161,"PSC 6326, Box 7293, APO AP 08152",Lake Laceymouth,Louisiana,8/2/2022
CUST2185,Carmen,Miller,joshua03@hotmail.com,+1-215-896-2196x2113,"USS Haney, FPO AE 16611",North Melissa,Massachusetts,3/19/2024
CUST2186,Jessica,Thomas,robertsdaniel@hoffman.org,038.983.8782x08262,"36504 Pena Ports, Olsonburgh, NH 61190",South Joshua,Vermont,7/30/2022
CUST2187,Darren,King,fjohnson@herrera.org,982-050-0468,"5469 Oscar Bridge Apt. 261, South Allison, LA 92578",Port Gabrielle,Oregon,11/20/2023
CUST2188,Jessica,Trevino,colemanlisa@silva.com,+1-020-601-3971x4004,"30616 Harris Vista, Anthonyview, IL 88532",North Reginaton,Wyoming,3/28/2025
CUST2189,James,Sanders,rebecca88@calhoun.info,(384)446-2179,"19530 Smith Hill, South Tracy, FL 66988",Singhfort,Kansas,7/28/2024
CUST2190,Mia,Hardin,cmitchell@blackburn-smith.net,001-162-163-7550x633,"07269 Collins Expressway Suite 641, North Bailey, SC 12442",East Williamstad,Iowa,7/25/2022
CUST2191,Chris,Barron,janet26@jackson-rivera.com,-7828,"1110 Jeremy Throughway Apt. 906, New Norman, KS 66463",East Annamouth,Arizona,11/20/2023
CUST2192,Jean,Camacho,omccann@hotmail.com,957-841-5942,"35584 Soto Shoal Apt. 550, East Traceyberg, PA 62451",North Michael,Pennsylvania,1/14/2024
CUST2193,Victoria,Patrick,stevenwarren@gmail.com,756-730-6400,"450 Rhonda Summit, Port Mistyport, CT 54693",South Marcusfurt,Ohio,2/7/2024
CUST2194,Brenda,Hodges,bushjames@yahoo.com,+1-350-044-1049x05335,"553 Charles Shoals, Scottburgh, CO 03971",Josephside,Alabama,11/13/2022
CUST2195,Brittany,Davis,kingkevin@nixon.com,(136)300-7054x551,"57750 Stephen Road Apt. 021, Dudleyburgh, HI 29663",Munozland,Wyoming,5/14/2022
CUST2196,Kayla,Hinton,yboyle@ramos-fox.com,211-938-3478x962,"9186 Brandt Village Apt. 941, Jasonmouth, SC 26303",Terrellhaven,Arkansas,1/6/2025
CUST2197,Michael,Park,cking@vega.biz,565.059.6228x76686,"363 Michael Lock Apt. 836, North Austinside, CT 71880",Joeview,Minnesota,7/15/2022
CUST2198,Pamela,Rogers,vmcgee@lewis-medina.net,399.204.9077x0486,"5412 Peters Club, New Claudiachester, OK 34510",West Pamelafurt,Nevada,3/3/2025
CUST2199,Rachel,Davis,leemary@huffman.net,107.754.2231x5517,"093 Russell Rapid, Jessicaside, OR 77459",West Katherinehaven,Idaho,1/20/2025
CUST2200,Tina,Martinez,jacksonjacob@yahoo.com,001-332-713-4488x063,"3282 Perez Isle Suite 747, West Karl, AL 88994",Kevinside,West Virginia,10/19/2024
CUST2201,Kerry,Young,rroman@molina-scott.com,(286)014-3285,"47068 Michael Square Suite 651, South Raymondberg, OH 09942",Troyport,Delaware,4/9/2023
CUST2202,John,King,mary34@lucas-cook.info,+1-148-159-7560x09516,"3241 Tucker Turnpike Suite 069, Cortezland, VA 45353",Annburgh,California,8/29/2024
CUST2203,Tony,Vasquez,georgeann@ho.com,001-378-847-5778,"04505 Shelby Hollow, Wilsonside, MI 17230",Micheletown,West Virginia,1/11/2024
CUST2204,Monica,Kerr,christopher84@yahoo.com,(227)412-5378x0989,"40047 Janice Station Suite 932, Port Heatherborough, AZ 01199",Brownton,California,1/17/2025
CUST2205,Cheryl,Davis,deanmegan@hopkins-murillo.com,4089166405,"9201 Alice Terrace Suite 134, Robinsonton, WI 98847",Stanleyburgh,Louisiana,8/10/2022
CUST2206,Bridget,Woodard,christy42@yahoo.com,741-309-8137,"6253 Amanda Ridges, South Mary, IL 98035",East Megan,Colorado,11/26/2023
CUST2207,Stephanie,Hernandez,joanna98@hotmail.com,6886083799,"8458 Galvan Canyon Suite 956, Simpsonmouth, IA 67175",East Danielport,Arizona,8/19/2023
CUST2208,Debra,Ward,hschneider@hotmail.com,454-399-3987x81508,"4142 Kane Via Apt. 056, Marcusfurt, AR 10878",Johnsonmouth,Delaware,2/27/2023
CUST2209,Richard,Parsons,zfrancis@yahoo.com,495.481.1279,"8969 Walker Prairie Suite 537, Colleenfort, NC 07146",New Zacharymouth,Rhode Island,11/25/2024
CUST2210,Tracy,Sutton,scotthouston@benton.com,225.756.6964x00544,"4047 Regina Parkway, Elizabethbury, PA 71126",Port Austinchester,West Virginia,9/2/2024
CUST2211,Amanda,Buchanan,morrisamy@price-fuentes.com,(253)220-3723x47449,"37416 Taylor Crossing Suite 528, North Staceyview, CA 08071",Andrewville,Louisiana,4/4/2024
CUST2212,Thomas,Holmes,tiffanyfox@hotmail.com,504.179.6534x00429,"550 Morris Mill Suite 271, Brownmouth, NE 07767",South Franklinville,California,8/1/2023
CUST2213,Robert,Clayton,smithjacob@pacheco.com,(466)859-9691,"155 Nguyen Place Suite 316, Collinsland, FL 48973",West Amy,Delaware,6/21/2023
CUST2214,Monica,Guzman,wadejanet@gmail.com,(829)734-1369x5932,"05205 David Way, New Jennifer, OH 82571",Port Aaron,Pennsylvania,7/26/2022
CUST2215,Keith,Oliver,gwilliams@yahoo.com,645.957.3564,"PSC 5490, Box 1707, APO AP 95171",West Troy,Texas,5/7/2023
CUST2216,Diane,Rice,joshua06@yahoo.com,(480)433-1505,"00527 Tammy Land, Jasminport, KS 77984",North Krystalbury,Kansas,11/29/2024
CUST2217,Jason,Spears,wilkinsderek@yahoo.com,120.492.6357x1586,"2430 Frank Branch, New Rachael, OR 20272",New Brittany,Iowa,12/26/2024
CUST2218,Eric,Rangel,jochoa@hotmail.com,001-486-466-1582,"19551 Wilson Mission Apt. 289, East Ashley, OH 69104",West Miaside,New Hampshire,7/16/2022
CUST2219,Anthony,Hogan,jeffreyross@parker.com,8489136705,"513 Ricky Union Apt. 066, Graymouth, NY 83709",West Heatherfurt,West Virginia,11/25/2024
CUST2220,Nathaniel,Kelley,johnryan@wood.net,001-893-240-3675x64853,"USS Garcia, FPO AP 81050",North Kristineville,Kansas,1/17/2024
CUST2221,Darrell,Walker,johnhubbard@hotmail.com,(315)247-2678,"5976 Yates Stravenue, Rossstad, CO 41112",Port Sherryberg,Connecticut,6/1/2022
CUST2222,Lauren,Hill,sharonwalker@harris-stewart.net,865-827-6639,"USNV Lopez, FPO AE 95768",Port Robertshire,New Mexico,5/4/2023
CUST2223,Mark,Patel,kathrynsmith@gmail.com,2264535321,"PSC 7766, Box 9732, APO AP 33671",North Lisaberg,Delaware,12/21/2023
CUST2224,Erin,Ellison,elizabeth97@larson.com,(509)086-9130,"3954 Macdonald Turnpike, West Davidborough, NC 29893",Rebekahview,Ohio,1/17/2025
CUST2225,Jerry,Vaughn,keith59@bishop.com,001-123-438-6111x81898,"67407 Kathryn Mews Suite 491, Estradaton, WY 05751",Lopezmouth,New Mexico,6/12/2022
CUST2226,Amanda,Scott,brenda31@sullivan.com,(577)100-9368,"4996 Davis Freeway, Mitchellburgh, NY 64825",Port Carlos,South Carolina,2/16/2023
CUST2227,Amanda,Baker,solomonchristopher@yahoo.com,001-754-762-4081x8049,"Unit 5437 Box 8831, DPO AA 53503",West Ronnie,Alabama,5/24/2024
CUST2228,Lori,Shannon,travis36@patrick.com,001-300-539-3105x94876,"5857 Rodriguez Cape, Port Christopher, WI 20762",South Dylan,Connecticut,5/1/2023
CUST2229,Michelle,Miller,ashley19@miranda-obrien.com,+1-430-844-4649x4571,"39626 Drake Fields Apt. 611, New Nathanchester, OK 90863",Sydneyburgh,South Dakota,5/10/2022
CUST2230,Zachary,James,rodriguezlaura@glass-morris.info,5543497662,"747 Murray Burg Suite 752, East Jenniferbury, WY 54503",Marychester,Missouri,12/11/2024
CUST2231,Brittany,Friedman,zsmith@mcdonald-murphy.com,789-292-7730x48845,"1839 Marcus Stravenue Suite 176, Lake Garymouth, NE 69689",South Renee,Kentucky,9/17/2024
CUST2232,Taylor,Dudley,mitchellwilliam@hotmail.com,+1-228-477-4727x5776,"0646 Robert Coves, Port Christopherland, TN 64223",West Robertstad,Washington,4/6/2025
CUST2233,Carl,Lang,james94@stanton-hebert.biz,001-399-861-9028x8848,"5711 Joseph Key, West Alexander, MA 66609",Lambview,Arkansas,12/11/2022
CUST2234,Zachary,Bender,johnsonmichelle@knight-daniels.info,+1-722-961-8958x2306,"406 Garrett Passage Suite 466, West Katherineburgh, MD 28334",Lake Alyssafort,South Carolina,5/4/2024
CUST2235,Christina,Robles,davidsingh@hotmail.com,+1-497-974-1417x8952,"60972 Tran Throughway, Garyborough, ME 62018",Andrewland,South Dakota,5/15/2022
CUST2236,Joanna,Martinez,mariaball@gmail.com,001-074-328-1796x398,"4733 Jeffrey Stravenue, Williamberg, NY 75066",West Kelly,Minnesota,4/1/2025
CUST2237,William,Glass,wjohnson@yahoo.com,(466)170-7781,"94918 Tyler Land, Jacksonville, MN 25779",East Ernest,New Hampshire,1/25/2023
CUST2238,Victor,Burton,thompsondennis@logan.com,482-342-5305x9326,"13182 Green Drive Apt. 085, Nelsonview, VA 20448",Woodsside,Pennsylvania,1/26/2023
CUST2239,John,Graham,williamsmichael@davis.com,(244)636-2322x61380,"320 Barnes Heights Apt. 993, East Kevinville, MA 61057",Theodorehaven,New Hampshire,2/17/2025
CUST2240,William,Rivera,bbenjamin@hotmail.com,108.267.2851,"PSC 4521, Box 9113, APO AE 66392",Sallychester,California,1/18/2025
CUST2241,Heather,Thompson,johnsonjacob@king.org,434-636-8315,"3986 Hines Villages Apt. 413, Lake Jonathan, TX 83917",Tamaraton,Hawaii,3/13/2025
CUST2242,Sarah,Chaney,tcannon@moore.com,+1-906-689-2686x328,"956 Pena Radial, Brandonchester, SD 31151",Moyerton,New Mexico,9/24/2023
CUST2243,Martin,Armstrong,camachojessica@bridges.com,(823)836-0204,"9677 Ashley Greens Suite 181, Herreraberg, NJ 22380",East Carly,New Jersey,6/17/2024
CUST2244,Daniel,Watson,andreamorgan@hotmail.com,429.425.4813x298,"8219 Melissa Extensions, Vancechester, DC 13482",Lake Robert,Pennsylvania,10/18/2022
CUST2245,Brittany,Anderson,melanieayers@gmail.com,001-241-890-7837x44674,"1262 Ross Mission Apt. 036, Kaylahaven, TX 55903",Nancyside,Kansas,1/16/2023
CUST2246,Meredith,Kelley,lhuerta@hotmail.com,609-812-4886,"9080 Vega Estate Suite 059, West Kimberly, ME 54671",North Leahside,Georgia,2/1/2025
CUST2247,Jennifer,Smith,michellemiller@conway-clark.net,4905189926,"59591 Patrick Locks Suite 622, West William, AK 09480",Raymondville,West Virginia,8/21/2023
CUST2248,Shelley,Vasquez,edward87@coleman-sutton.com,001-097-746-0733x0550,"268 Craig Dale Suite 621, Andersonmouth, MT 20565",New Emmaton,North Carolina,9/9/2024
CUST2249,Paul,Munoz,elizabethjoyce@yahoo.com,708.823.7899,"8875 Murphy Mill, New Victoriafurt, TN 19524",West Brooke,Hawaii,10/5/2023
CUST2250,Kyle,Garza,dustingarcia@hotmail.com,(614)039-6921,"50570 Peter Summit, East Keith, HI 18440",Lake Jordan,Rhode Island,12/15/2022
CUST2251,Eric,Anderson,jeanettepittman@martinez.com,659.580.2540x8417,"0494 Cox Stream, North Brittanybury, PA 36509",North Leonbury,Hawaii,7/7/2023
CUST2252,Kathleen,Smith,rlewis@klein.info,974-690-5207x233,"97822 Philip Meadows Suite 516, West Phillip, DE 88096",South Cherylview,Wisconsin,9/5/2022
CUST2253,Victoria,Benson,patriciacook@lynch-lara.com,251-984-7777x4120,"3979 Cody Ranch, Travischester, MS 09246",New Alexandraberg,Texas,5/17/2024
CUST2254,James,Gonzalez,vicki52@walls.com,334-171-3269,"444 Jennifer Estates, Rebeccaview, ME 14482",West Markside,Oregon,4/17/2023
CUST2255,Trevor,Mendoza,kellerashley@nelson.com,(980)302-0899,"832 West Isle, Lake Tina, FL 08610",New Janetland,Mississippi,9/1/2024
CUST2256,Ashley,Monroe,ryansanders@shaw.info,001-790-946-8949x219,"83866 Barbara Plain Apt. 667, Thomashaven, MD 31937",South Lisafurt,Colorado,12/2/2023
CUST2257,Jennifer,Moore,ktran@hotmail.com,(558)315-3002,"218 Mercer Loop Suite 240, North Stevenhaven, IN 97798",Lake Kevinstad,Illinois,12/12/2023
CUST2258,Nicole,Brooks,kramos@hotmail.com,(903)746-8376x29402,"USS Russell, FPO AA 09694",Port Julie,Vermont,9/26/2024
CUST2259,Jessica,Woodard,anne17@hotmail.com,318.022.3086x20193,"43550 Norris Forks, Whitehaven, RI 82056",Stephanieland,Missouri,10/30/2024
CUST2260,Sabrina,James,lindaanderson@hotmail.com,743-618-4645x0931,"96983 Melissa Lights, Williamsland, ID 76949",Wilsonstad,Minnesota,9/28/2024
CUST2261,Leslie,Thomas,duncansierra@yahoo.com,812.729.4505x4739,"53901 Price Lodge Apt. 261, Morsechester, LA 87347",Lake Cynthia,New York,10/8/2022
CUST2262,Cynthia,Wiley,ruth46@yahoo.com,001-944-830-2517x1126,"37188 Terry Expressway Apt. 401, West Brittanyville, TX 40151",Grahamtown,Wisconsin,12/11/2023
CUST2263,Cameron,Tucker,jonathon61@martinez.com,086-311-3891x509,"276 Amy Vista, Ryanview, ID 95005",New Steven,Arizona,6/23/2024
CUST2264,Darlene,Williams,erin91@pena.com,348-386-1948,"5217 Laura Key Apt. 201, South Sallystad, SD 44654",Rachelfort,Arkansas,11/3/2024
CUST2265,Stephanie,Williamson,davisjeff@yahoo.com,615-067-8666x39470,"66617 David Well Suite 016, Walkermouth, WI 63993",West Monicaton,Virginia,5/23/2022
CUST2266,Mary,Foley,hcummings@adams.com,004.772.1149x362,"161 Laura Common, Stephaniemouth, FL 90937",Scotttown,Virginia,9/28/2022
CUST2267,Kathy,Williams,romeronicole@yahoo.com,+1-882-051-1036x5293,"56307 Christopher Flat, North James, NH 17667",Nicholasbury,North Carolina,9/2/2024
CUST2268,Lance,Young,ashleyperez@wells.com,943.199.0325x28782,"228 Shea Mews, New Brandon, TX 30542",South Briannaport,Florida,1/19/2024
CUST2269,Jessica,Banks,bruceclaudia@cooper.com,749.539.6941x5273,"848 Megan Drive, Morrowport, MO 22280",Valdezfurt,Minnesota,5/18/2023
CUST2270,Darlene,Yates,robertreyes@caldwell.info,089-649-5813x67808,"00929 Brown Throughway, Coryshire, ND 71487",Lake Jeremyland,Colorado,4/19/2022
CUST2271,Steven,Sanchez,hicksjames@cervantes.com,019.026.4533x46780,"458 Brian Parkway, New Oscarbury, GA 39006",Miguelland,Nebraska,1/13/2024
CUST2272,Pamela,Reilly,webershane@hotmail.com,(708)698-3032,"0586 Williams Dale, West Francisco, NC 80496",West Rebeccafort,New Jersey,12/4/2022
CUST2273,Christopher,Ingram,richardriddle@gmail.com,966.768.7561x94582,"848 Cooley Light, Port Tiffany, WI 20995",Blackton,Kansas,9/8/2022
CUST2274,Anna,Harper,wdunlap@smith-stevens.com,(061)815-8583,"23705 Foster Spring Suite 522, Davidton, AZ 47309",Franklinville,Connecticut,3/16/2025
CUST2275,Barbara,Conley,whitebenjamin@anderson-hickman.com,(038)189-2224x8220,"9908 Ware Gateway, Port Carrie, WA 71306",Annachester,Pennsylvania,2/12/2023
CUST2276,Antonio,Williams,rachelrusso@herrera-wilkerson.com,+1-524-877-0823x872,"570 Scott Shore, North Charlesmouth, RI 87464",Audreyview,Texas,4/18/2022
CUST2277,Jeffrey,James,maychristina@fisher-phillips.com,9284766260,"5489 Jeffrey Tunnel, West Ianfort, MA 25885",New Gabrielle,Arkansas,6/29/2023
CUST2278,Scott,Garcia,christinenguyen@davis.com,(768)810-2523x9016,"40773 Charles Key Apt. 251, Port Cynthiatown, CO 65912",West Donnaburgh,Idaho,4/12/2025
CUST2279,Alexis,Williamson,james29@yahoo.com,894.067.7665x071,"861 Hannah Well, East Sarahhaven, AK 91457",West Nathanielmouth,Utah,11/2/2023
CUST2280,Katie,Henderson,taylorstephen@reyes-williams.com,001-438-618-4144x303,"94009 Villanueva Prairie Apt. 875, East Shawnbury, VA 98371",Laurenshire,Massachusetts,2/15/2023
CUST2281,Patricia,Gill,stoutregina@gmail.com,001-891-286-2048x150,"Unit 8707 Box 0314, DPO AE 13649",Alisonbury,Illinois,12/24/2022
CUST2282,Richard,Chapman,andersonjordan@hotmail.com,(375)348-7427x7686,"66703 Armstrong Park Apt. 101, East Sandra, WY 52904",East Brian,Maine,11/24/2024
CUST2283,John,Lewis,cjackson@yahoo.com,+1-620-664-2785x434,"1790 Andrew Ferry Suite 651, Hannahchester, KY 66610",Jenniferberg,Colorado,6/27/2023
CUST2284,Lynn,Marks,lauracampos@hotmail.com,269.850.2618x39382,"06373 Rogers Pass Apt. 640, New Wendy, DE 27907",Moonton,Tennessee,7/25/2023
CUST2285,Benjamin,Wood,hernandezwilliam@yahoo.com,1045693500,"915 Lewis Island, Meyertown, CO 89189",North Travis,Pennsylvania,7/23/2022
CUST2286,Perry,Flores,jonesbrian@gmail.com,001-425-617-7584,"1719 Reeves Crest Apt. 095, Kaitlyntown, AR 54374",Lancefort,Georgia,4/21/2022
CUST2287,Troy,Mcguire,fordsarah@pacheco-avila.com,001-676-769-3505x8426,"84272 Kathryn Mission Apt. 681, Ashleystad, OH 20512",Michealburgh,Washington,8/16/2023
CUST2288,Gabriel,Brooks,reedlorraine@holt.com,001-943-014-0112,"50833 Boyd Rapid Suite 503, West Samanthaborough, KY 62544",East Wandaland,Ohio,11/5/2024
CUST2289,Rhonda,Velazquez,tylerrodriguez@shepard.org,+1-887-219-4784x57855,"4040 Jennifer Bypass, Mandyfort, WA 89769",Moralestown,California,5/7/2024
CUST2290,Brenda,Vasquez,ibarradennis@thomas-mason.biz,+1-715-766-6811x3044,"200 Wilson Islands Apt. 045, Lindashire, IA 22519",Lindseyberg,New Hampshire,12/11/2022
CUST2291,Samantha,Giles,vnguyen@gentry.com,-1061,"44193 Michael Junctions, North Leahfort, SD 06843",Sanchezfurt,Pennsylvania,1/18/2023
CUST2292,Sandy,Stephenson,jeanette94@strickland-hebert.net,996-134-8701,"452 Jose Skyway Apt. 614, Stephenborough, CT 31593",West Christinaside,Michigan,4/8/2023
CUST2293,Ashley,Young,richardalexander@hotmail.com,528-459-6476x4698,"61176 Landry Divide, Allenport, CT 36839",South Michaelshire,New York,10/20/2023
CUST2294,Martin,Sparks,henryjacqueline@yahoo.com,001-587-562-3623x0061,"505 Christopher Land Apt. 057, South Michelle, AR 59745",Spencertown,California,8/16/2023
CUST2295,Kristie,Richard,marypowell@yahoo.com,640-748-0462,"07585 Khan Lights, Bruceton, SC 10233",Wangmouth,Idaho,10/8/2023
CUST2296,Steve,Wong,jessica53@hotmail.com,001-999-625-6705,"315 Susan Meadows Suite 669, Tylermouth, KY 58815",East Reginaldport,Montana,5/12/2022
CUST2297,Vickie,Armstrong,davidaguilar@rojas-martinez.com,205-901-4825,"USNV Jackson, FPO AP 14131",Kennethland,Utah,2/27/2025
CUST2298,Deanna,Coleman,carrilloangela@perry-bishop.info,(135)902-6231,"478 Hoffman Rue Apt. 692, Kimberlychester, MO 78783",Leeburgh,Georgia,1/8/2025
CUST2299,Aimee,Vincent,uharris@boyd.com,287128147,"USS Cruz, FPO AP 81435",Port Davidchester,Alaska,8/16/2023
CUST2300,Regina,White,jhernandez@brown.com,(091)023-3531x81063,"411 Patrick Union, Alanshire, VA 75248",Beckyberg,Nevada,10/1/2023
CUST2301,Thomas,Woods,alexahancock@calderon.net,+1-644-218-9309x48346,"8658 Breanna Villages Apt. 027, Williamsport, MT 24480",Lake Patriciashire,Missouri,1/6/2023
CUST2302,Julie,Roberts,maria61@johnson.net,427.790.6552,"415 Harris Parks, Thompsonton, ME 91962",Port Donaldview,Missouri,5/4/2022
CUST2303,Beth,Valencia,wmcdonald@white.net,333-130-3551,"2700 Michael Cove Apt. 022, Sparksshire, WI 11292",West Tammy,Georgia,10/1/2023
CUST2304,Jose,Williamson,jeffrey59@gmail.com,001-257-150-2936x36838,"62770 Schneider Dam Suite 190, Vaughnstad, MD 20972",Lake Vanessa,North Dakota,9/8/2023
CUST2305,Andrew,Johnson,nicholasneal@miller-baird.net,227-394-1987x47470,"474 Ian Stream Suite 884, Williamsport, MS 35078",New Danfort,Oregon,10/9/2022
CUST2306,Alexandria,Thompson,sbarrett@ramirez-lewis.com,516.146.7538x39739,"613 Douglas Forest, Lake Anthonybury, OH 10978",Benjaminhaven,Kansas,7/2/2023
CUST2307,Brian,Carlson,andres43@gallegos.biz,5559622422,"42566 Roberson Islands Apt. 868, Washingtonstad, MA 47471",South Stephentown,Minnesota,6/26/2022
CUST2308,John,Cruz,aweber@gmail.com,(181)237-1608x5686,"9823 Jeremy Pines, Lake Jennifer, LA 37144",Youngchester,Maryland,2/27/2024
CUST2309,Lawrence,Howard,batesmelissa@gmail.com,447-779-2808x323,"48738 Owens Union Apt. 608, Jessicaberg, AL 33822",East Nicholas,North Dakota,8/14/2022
CUST2310,Jesse,Becker,thomas78@hotmail.com,001-949-253-7290,"47599 Alan Squares, New Julia, NV 39949",Smithchester,Michigan,2/5/2025
CUST2311,Michael,Robertson,ucampbell@weber.com,001-990-191-6425x577,"Unit 0117 Box 1896, DPO AP 43729",New Matthew,Missouri,8/22/2024
CUST2312,Stacey,Contreras,russell43@moore.biz,006-628-3527,"26402 Bradshaw Trace Suite 930, East Yvonneshire, NH 82657",Stacychester,Nebraska,3/4/2024
CUST2313,Nathan,Pham,natalie97@hill-rodgers.org,1160924110,"7698 Alex Mountain, Johnstonburgh, WV 26859",Hamiltonborough,Idaho,8/8/2024
CUST2314,Joseph,Brown,ublack@gregory.com,(821)638-4985x2345,"78526 Kristopher Path, Buchananmouth, VT 39989",Micheletown,Louisiana,1/11/2024
CUST2315,Linda,Sanchez,qtyler@yahoo.com,361.367.7071x36604,"307 Danielle Stravenue Suite 452, North Carrie, ME 39030",Johnsonshire,West Virginia,9/12/2023
CUST2316,Samuel,Hester,brian62@yahoo.com,+1-586-262-4813x575,"7509 Mcdaniel Locks Apt. 390, North Jeffrey, MD 97274",South Danielville,West Virginia,11/15/2023
CUST2317,Kathleen,Obrien,robertgonzalez@dillon.com,386-248-5102,"675 Bell Loaf Apt. 224, Rodriguezside, CO 01985",New Lindsey,Alaska,11/12/2022
CUST2318,Diamond,Smith,pcarr@hotmail.com,178-462-6570x2472,"80566 Lindsay Estate, Butlermouth, NJ 21463",Lake Joseph,Texas,1/30/2024
CUST2319,Matthew,Webb,mariosullivan@rubio.net,835.826.9505x5726,"362 James Lane, Robertfurt, WI 94078",North Christopherville,Missouri,2/13/2025
CUST2320,Melvin,Gray,holtmichael@huang.biz,(171)338-4800x25876,"791 John Prairie, Ingramland, FL 01644",Foxtown,New Hampshire,11/14/2023
CUST2321,Cynthia,Clayton,mcdonalddavid@yahoo.com,+1-492-678-7064x13011,"337 Thomas Inlet Suite 999, Comptonburgh, IL 27452",Duranborough,Illinois,8/13/2024
CUST2322,Rachel,Martin,fuentesrobert@hotmail.com,351.448.0560x905,"34822 David Junction, Jenniferton, AZ 48482",Port Lauren,Nevada,10/1/2022
CUST2323,Sergio,Marsh,joshuawright@gmail.com,001-981-135-0854x487,"50376 Deborah Row, Lake Eric, AR 58349",North Stevenside,Virginia,4/12/2023
CUST2324,Christopher,Morris,oliverchloe@fuentes-miller.com,170-192-9284x81409,"248 Griffin Light Suite 765, Garciamouth, CA 21973",Andrewview,Illinois,11/4/2022
CUST2325,Dominique,Dixon,klewis@paul.com,(140)331-2871x408,"PSC 9932, Box 5311, APO AP 85147",Jeffreyport,Oklahoma,4/30/2023
CUST2326,Mark,Nash,conleychristian@hotmail.com,525.654.2266x4977,"02020 Tina Landing, Dicksonview, TN 34295",North Jennifer,West Virginia,12/17/2023
CUST2327,Caitlyn,Barrett,steven81@montgomery.org,001-040-263-9351x17622,"890 Jesse Mountains, South Christopherland, ME 12024",East James,Massachusetts,9/26/2022
CUST2328,Jay,Bryant,john21@gmail.com,(082)646-8338,"5124 Alexis Highway, Wheelerberg, OR 52979",North Melissafurt,Rhode Island,11/11/2024
CUST2329,Kimberly,Brown,wolfenathaniel@yahoo.com,481-662-6264,"USCGC Hancock, FPO AA 65578",East Johntown,Utah,11/4/2023
CUST2330,Michael,Johnson,rcalderon@rodriguez.com,(684)027-0821x910,"523 Herrera Knoll, South Sean, ID 30029",Reeseland,Missouri,3/15/2024
CUST2331,Logan,Torres,tiffanysnyder@yahoo.com,135-243-1442x2273,"1280 Maurice Rapids, Charleston, ID 53849",Lake Meganstad,Idaho,2/26/2024
CUST2332,Alexandra,Chambers,millercrystal@oneal-cunningham.org,(654)126-9458,"73451 Margaret Mission Suite 105, West Ryanbury, AK 80297",Port Amy,Texas,4/29/2022
CUST2333,Allen,Cochran,samuel77@yahoo.com,+1-868-155-8946x611,"419 Charles Shoals Apt. 981, Harrisstad, WV 55720",West David,South Carolina,4/11/2024
CUST2334,Sean,Johnson,macdonaldsuzanne@johnson.com,(316)755-0009x394,"031 Madison Keys Suite 154, South Tamaraberg, VA 70300",North Victoriahaven,Vermont,1/4/2024
CUST2335,Donna,Hughes,edwardcampbell@hotmail.com,(382)370-7615x87169,"0084 Jones Avenue, Port Stephanieview, SD 55274",Jacobton,Colorado,9/29/2023
CUST2336,Eric,Jones,smithashley@yahoo.com,001-328-108-0159x94858,"760 Christina Brook Apt. 957, Cordovaburgh, WA 59324",Ronaldville,Colorado,4/12/2024
CUST2337,Wayne,Kirk,rothryan@sampson.com,(571)163-3327x84863,"4593 Nancy Mountains Suite 949, West Triciashire, ND 94601",Lake Clayton,West Virginia,10/11/2023
CUST2338,Deborah,Smith,valenciaaaron@guzman-rogers.com,1462735898,"70571 Lewis Cove Suite 893, South Herbert, AL 36756",Ryanmouth,California,11/2/2022
CUST2339,Melissa,Lopez,frankbeasley@hotmail.com,+1-187-863-6049x53629,"76826 Victor Summit Suite 410, Douglasberg, NY 46759",North Nathanstad,Maryland,9/16/2022
CUST2340,Jeffrey,White,ujohnson@yahoo.com,+1-759-205-1787x28369,"2187 Stark Cliffs Suite 692, Port Eddiefurt, NE 23449",Mullinsfort,New York,10/3/2024
CUST2341,Carrie,Anthony,duffyjohn@yahoo.com,001-203-265-2711x7916,"12309 Alexander Track Apt. 700, Hunttown, RI 96064",Simmonsmouth,Georgia,3/13/2023
CUST2342,Mark,Johnston,jessica55@rios-santiago.com,257.943.4959x669,"700 Patrick Plaza Suite 592, North Kylemouth, IA 94695",North Erichaven,Nebraska,6/14/2023
CUST2343,Robert,Sellers,davisrenee@yahoo.com,2025200218,"USNV Meyers, FPO AP 61722",Michaelside,North Carolina,4/26/2023
CUST2344,Jeffrey,Nelson,martinezlinda@marsh.biz,7147495577,"254 Melody Extension, North Allison, VA 87112",New Grantborough,Montana,12/17/2024
CUST2345,Lisa,Roberts,tfrank@hotmail.com,821-849-3528x6973,"099 Benjamin Passage, South Carrie, MT 07514",Carterstad,Idaho,9/30/2023
CUST2346,David,Harper,mikaylakim@gmail.com,001-447-301-6669x799,"473 Joseph Bypass, West Carlos, CA 79918",East Brandonfurt,Washington,1/16/2025
CUST2347,Valerie,Hoffman,imartinez@kline.com,(407)455-8877x646,"401 Bonilla Corners Suite 854, Nicholsontown, RI 20963",West Melaniebury,Nevada,7/26/2024
CUST2348,Robert,Chapman,roberta36@barnett-kane.com,(111)131-1623x8864,"639 Chen Trafficway Suite 417, Lake Heather, MS 13754",North Laurenstad,Indiana,4/17/2024
CUST2349,Rebecca,Anderson,carsonkimberly@gmail.com,001-066-751-1844x452,"16737 Brown Hills Suite 747, North Danielchester, NY 29442",Jamesstad,Hawaii,8/7/2024
CUST2350,Barbara,Hubbard,williamsrobert@jacobs.com,974-774-5185,"099 Livingston Junctions Suite 267, East Joseph, IA 85865",Lake Deniseton,Utah,8/11/2022
CUST2351,John,Zuniga,nsmith@yahoo.com,639-743-8944x68570,"791 Phyllis Crest Suite 684, Oscarton, ND 46788",Turnerton,Connecticut,8/8/2024
CUST2352,Phillip,Moore,scott55@yahoo.com,(577)468-6872,"668 Janet Avenue Suite 288, South Jessica, HI 56904",Angelaburgh,Alabama,10/27/2023
CUST2353,Vanessa,Bridges,evelyn81@hotmail.com,+1-792-573-2981x88152,"Unit 1915 Box 7135, DPO AP 87486",Williamfort,Oregon,3/7/2023
CUST2354,Richard,Kennedy,cathysharp@hotmail.com,(699)524-2306x76221,"94722 Patton Port, North Crystaltown, MN 74908",Port Susanville,Maine,7/27/2023
CUST2355,Cassandra,Li,kevinguerrero@sanchez.com,+1-519-244-7714x268,"USCGC Calderon, FPO AA 08500",Jameshaven,Vermont,2/24/2024
CUST2356,Joshua,Kemp,williekelly@gmail.com,1271856049,"0245 Kline Lane, North Brett, UT 63973",North Loganland,New Jersey,6/24/2024
CUST2357,Martin,Evans,kaitlyn53@gmail.com,162-258-1141x09413,"2339 Wendy Avenue Apt. 173, New Kenneth, NJ 48534",Aaronburgh,Oregon,9/28/2022
CUST2358,Cody,Jones,thomasjonathan@hill.com,+1-290-288-4760x8398,"8533 Coleman Lakes, Latashabury, KS 15141",New Raymond,Illinois,3/8/2024
CUST2359,Megan,Pacheco,barbershannon@shannon-lewis.org,+1-770-985-6665x532,"438 Michele Lake Apt. 967, East Sharonville, DE 19654",Watsonborough,Ohio,2/22/2024
CUST2360,Tina,Patterson,jennifer05@hotmail.com,792.668.4514,"38771 Wilson Pine Suite 035, New Rhondaborough, NM 52035",Racheltown,Tennessee,7/26/2022
CUST2361,Leonard,Gonzalez,emmagraves@hotmail.com,001-781-058-0262,"969 Stephens Courts, South Christinechester, AZ 33969",West Carlos,Alabama,11/17/2024
CUST2362,William,Miller,eric53@anderson.com,-1913,"USNS Smith, FPO AA 20834",South Jesus,Illinois,7/27/2023
CUST2363,Rachel,Anderson,whitneysmith@yahoo.com,553.287.7816x748,"5053 Andrew Knoll, Port Aaron, CA 86952",Lake Kevin,Texas,3/23/2024
CUST2364,Amy,Rogers,lauriearroyo@hotmail.com,001-432-884-2552,"5399 Jeffrey Union Apt. 235, Petersonburgh, NY 30480",New Tannerport,Massachusetts,2/18/2023
CUST2365,Savannah,Gutierrez,rodriguezpaul@bradshaw.com,(529)162-4462,"228 Mason Valley, New Dominiqueborough, IL 53764",Marystad,Washington,5/18/2023
CUST2366,Matthew,Carter,michaeljordan@suarez-lewis.com,676-385-5157,"500 Taylor Hollow, Tranfurt, CT 95118",Walkerland,North Dakota,7/12/2022
CUST2367,Christopher,Robertson,qgomez@turner-tucker.info,(284)854-9780x0636,"94091 Alexander Forks, Sherylborough, NC 67128",Benjaminborough,New Mexico,9/20/2023
CUST2368,Sharon,Butler,joshuacamacho@hotmail.com,001-520-293-4381x13052,"76006 Mercado Locks Suite 228, Louisfort, OK 40259",Connerland,Arizona,1/15/2024
CUST2369,Elizabeth,Sullivan,fjames@lee.org,888.485.5984x180,"51561 Steven Grove Apt. 847, North Danielland, MI 87322",Lake Lauramouth,Illinois,9/19/2024
CUST2370,Jenna,Coffey,bhogan@yahoo.com,416.992.8470,"USNS Snyder, FPO AP 13849",West Gregoryhaven,Iowa,2/26/2025
CUST2371,Nicholas,Mora,antonio81@turner.com,001-955-106-6292x0156,"633 David Burgs, Huffmanland, NV 68955",Shannonbury,Washington,6/7/2024
CUST2372,Paul,White,fsmith@yahoo.com,165-886-5805x384,"24328 Raymond Brook Suite 818, North Rickychester, DE 20173",New Toddshire,Ohio,4/13/2024
CUST2373,Joseph,Rivera,mary44@hotmail.com,873-228-6048x3074,"07327 Ellis Mount, Michaelmouth, AZ 34371",Haleychester,South Dakota,2/20/2024
CUST2374,Christine,Adams,cristian15@richards-johnson.com,001-040-190-4793x7143,"23743 Erica Spring Suite 018, North George, CT 29711",South Heatherbury,New Mexico,2/26/2025
CUST2375,Allen,Rose,marvinpittman@young.net,+1-884-953-7657x5887,"USNS Dudley, FPO AE 53840",East Robertmouth,Vermont,11/11/2022
CUST2376,Craig,Johnson,orozcojames@gmail.com,673-155-8334,"050 Karen Rue, Martinmouth, AK 32848",East Karenview,Mississippi,10/27/2022
CUST2377,James,Martin,marcusanderson@garcia.info,+1-991-903-6455x244,"158 Harper Inlet Suite 717, Lake Daniellechester, AL 42024",Kellyborough,Alabama,4/22/2022
CUST2378,David,Carter,tyler16@yahoo.com,265.697.4843x7623,"69546 Russell Summit Suite 051, Port Gregorybury, NE 97472",Luisshire,California,4/13/2025
CUST2379,Annette,Adams,marissasmith@tran.com,(725)444-5728x9525,"58372 Natalie Avenue Suite 708, Donnafort, UT 24487",Markbury,Kansas,4/17/2022
CUST2380,Peggy,Mills,tmaynard@yahoo.com,(333)001-0502x26374,"590 Yvette Shore, South Sarahbury, MA 89375",Wadeberg,Missouri,8/27/2023
CUST2381,Christina,Hunt,jacksonjulie@hotmail.com,430.066.4185x3984,"PSC 4023, Box 7484, APO AA 61549",East Michael,North Dakota,5/19/2024
CUST2382,Katherine,Fernandez,ykim@vasquez.com,473.924.6496,"4232 John Forges, Port Catherine, TX 79842",Arnoldstad,Connecticut,8/3/2022
CUST2383,David,Leblanc,pscott@yahoo.com,(829)445-4454x206,"USNS Johnson, FPO AA 20933",Russellberg,Michigan,5/31/2024
CUST2384,Daniel,Gomez,gregory50@webb-blair.net,499-906-8542x6498,"957 Ellison Courts, Jamesshire, IL 07490",East Cindy,Delaware,11/4/2023
CUST2385,Michael,Wang,jacqueline56@hotmail.com,(250)040-3163x6197,"4963 Pacheco Skyway Apt. 329, Sanchezton, SD 47895",Mcdonaldmouth,Iowa,4/23/2024
CUST2386,Robert,Christian,mcfarlandchristopher@yahoo.com,517.534.4408x4021,"682 Estrada Fall Apt. 601, North Rossland, GA 57511",Lake Guyfort,Maryland,5/6/2024
CUST2387,Phillip,Gordon,jzavala@pugh-harper.org,737.288.1264x438,"44100 Jade Club, Mariastad, NH 01976",West Timothyshire,Missouri,5/21/2024
CUST2388,Daniel,Johnson,eugene38@caldwell-thompson.com,609.900.7510x601,"0040 Mark Villages, East Randall, CA 38871",West Joshua,Alabama,7/9/2024
CUST2389,Ashley,Kelly,nicholas89@gmail.com,+1-112-660-3139x63161,"6693 Zachary Burg Suite 458, New Michael, MT 47254",East Thomasview,Hawaii,6/24/2023
CUST2390,Jennifer,Ortiz,sadkins@price.com,9919881486,"562 Parsons Well, Jessicaview, ND 32361",Barbarashire,Texas,4/2/2024
CUST2391,Blake,Mccann,osbornmichele@yahoo.com,001-315-172-0306x79615,"14063 Brandi Locks Suite 539, East Melissa, SD 52472",North Matthew,North Dakota,11/7/2023
CUST2392,Shelly,Abbott,christopherherrera@gmail.com,159.219.3579,"3321 Rose Drive Suite 902, East Cheyennestad, KY 41733",Richardmouth,Tennessee,1/23/2024
CUST2393,Adrienne,Hernandez,nancy20@gmail.com,117.725.1857x70857,"94559 Carla Drives, Lorishire, FL 69213",Stephensburgh,Ohio,10/3/2024
CUST2394,Edward,Smith,ahall@hotmail.com,144.289.2728,"5415 Diane Road Apt. 194, South Cameron, ND 36789",Lake Tylerborough,Vermont,7/6/2024
CUST2395,David,Lopez,sandydiaz@hotmail.com,+1-116-180-5139x75219,"Unit 9902 Box 0973, DPO AP 76712",North Nicole,Missouri,6/25/2022
CUST2396,Robert,Schultz,kyle55@briggs.net,032-861-6496x62745,"1551 Ellis Trail Suite 494, New Samuelmouth, VT 62801",Scottchester,Delaware,4/29/2024
CUST2397,Robert,Gardner,atkinsjennifer@yahoo.com,126.619.7563,"5050 Scott Loaf, Martinezport, GA 05156",Lake Cheyennebury,Michigan,8/3/2024
CUST2398,Mark,Andrade,michaeloconnell@hotmail.com,008.877.1424x323,"9698 Anthony Extension Suite 569, New Antonio, NH 62820",Port Davidville,Oklahoma,10/20/2023
CUST2399,Edward,Holder,lisa84@rodriguez.com,219.510.8312x02110,"517 Christopher Hills, Tylerhaven, OK 35705",Haleyside,Texas,5/24/2022
CUST2400,Kevin,Stewart,cruzbrian@davenport.biz,465-377-4326x062,"807 Wall Oval, Jacksontown, ID 74973",Kingburgh,Oregon,9/27/2024
CUST2401,Amy,Joyce,bethruiz@gmail.com,332.955.4753x30559,"321 Tammy Trail, New Susan, MT 43756",West Jennifertown,Maine,12/23/2022
CUST2402,James,Gutierrez,gcunningham@petersen.com,474.952.0031x55654,"9293 Barrett Lock Suite 362, Chapmanberg, UT 21235",Lake Austinbury,Oregon,8/11/2022
CUST2403,Lindsey,Sloan,johnreyes@martinez.com,2309699305,"26183 Sampson Lane Suite 204, North Danielshire, DE 90039",Lake Mitchell,Washington,2/5/2023
CUST2404,Michael,Ballard,wturner@holland-soto.com,-9807,"659 Robert Prairie Apt. 169, New Shawna, TN 84651",East Josehaven,Hawaii,12/8/2024
CUST2405,John,Martinez,duanekennedy@yahoo.com,802-524-3038,"Unit 4986 Box 8474, DPO AA 70814",Burkeberg,New York,7/5/2022
CUST2406,Pamela,Andrews,xmclean@hotmail.com,001-804-716-2125x68947,"2697 Kathleen Port, Lopezfurt, AL 38612",South Jonathan,Maryland,1/4/2025
CUST2407,Christopher,Jimenez,brian62@chavez-burns.com,001-789-363-1878,"2860 Henry Valley Suite 245, Connerville, CA 52901",Christymouth,Vermont,5/7/2024
CUST2408,Molly,Schwartz,johnsonjamie@romero.com,001-558-573-1471x223,"35570 Derek Lights Apt. 306, North Nancyfurt, RI 37414",Thomasbury,Michigan,2/22/2023
CUST2409,Troy,West,mooreaustin@smith.org,(996)602-3133x57365,"260 Wolfe Tunnel, Lake Christopher, ID 51631",Melissamouth,Missouri,6/14/2022
CUST2410,Gregory,Salinas,joelpetersen@johnson.com,+1-966-814-2290x64551,"84451 Kathleen Landing, Nicolebury, FL 34217",Annettebury,Tennessee,4/12/2023
CUST2411,Ricky,Palmer,ruth77@hotmail.com,(792)729-8319x273,"08870 Elizabeth Rapid, Michaelberg, VA 47226",South Lisa,Nevada,10/23/2022
CUST2412,Jason,Singleton,colemandaniel@davis.biz,6406177775,"78645 Jennifer Parkways, Richardsonport, CT 59194",Wrightfort,West Virginia,6/11/2022
CUST2413,Frederick,Davidson,vcarter@hotmail.com,(329)039-1809x903,"538 Zhang Route, Jessicafurt, MS 23133",New Katherine,Massachusetts,1/24/2024
CUST2414,Edward,Kim,christopherbrewer@joseph-johnson.com,1772332440,"962 Brown Ville, Hannahberg, KY 43760",North Kellyside,Iowa,2/11/2025
CUST2415,Kaylee,Espinoza,lindseywelch@melton.com,001-280-948-3216x2000,"5182 Elizabeth Camp, Davidsonville, RI 43519",West Peter,Nevada,5/10/2024
CUST2416,Robert,Murphy,paynedonald@hotmail.com,(520)890-5033,"512 Terry Fields, New Davidberg, TX 97943",Michelleland,Maine,7/23/2023
CUST2417,Louis,Cooper,kevin99@yahoo.com,876.467.8941,"583 Richardson Ridges Suite 573, Davidsontown, MD 81966",Hammondborough,Wyoming,9/13/2023
CUST2418,Anthony,Martinez,gvillegas@yahoo.com,(169)349-3994,"2057 Estrada Knoll, Robertachester, WI 10042",Leeside,Nebraska,1/21/2025
CUST2419,Michael,Navarro,jessicacurry@yahoo.com,+1-381-587-0662x565,"5873 Bradley Knolls Apt. 507, Garyfort, HI 85084",Diazburgh,New York,3/6/2023
CUST2420,David,Williams,deborah43@gmail.com,258.878.2615x9389,"45276 Jordan Mountains Apt. 921, Susanmouth, MI 50069",North Andrew,Ohio,3/11/2025
CUST2421,Kevin,Stanton,qchase@gmail.com,(253)797-8070,"33432 Holland Well, Robertsmouth, NY 92675",Grayland,Florida,8/10/2023
CUST2422,Rachel,Grant,joshuacantu@hotmail.com,(638)370-0843x0106,"95915 Moore Track Apt. 535, Port Kimberlytown, ND 40825",West Darrenbury,Iowa,8/2/2023
CUST2423,Joseph,Guzman,lynnnathan@gmail.com,090-730-1039,"559 Gabrielle Land Suite 884, Port Heidihaven, IA 04832",East Austin,Montana,8/12/2022
CUST2424,Dorothy,Mason,mvasquez@martin-gray.org,653.576.5633,"36357 Fisher Mission Apt. 143, East Markbury, FL 89969",Williamsland,Connecticut,6/12/2024
CUST2425,George,Gray,qlawson@yahoo.com,136.242.9712x4128,"25921 Nelson Knoll, Leeshire, HI 18856",Michaelland,New York,2/17/2024
CUST2426,Krystal,Burns,zkeller@gmail.com,408-082-4694x9624,"8109 Oconnell Drives Apt. 466, North Donna, AZ 60925",Griffinshire,Alabama,8/15/2022
CUST2427,Joy,Austin,rmccann@anderson.biz,(210)492-6210x35192,"524 John Tunnel, New Randy, FL 49759",East Matthew,Georgia,5/26/2024
CUST2428,Michael,Mcdaniel,pburns@mathis.org,(020)120-4029x45355,"2668 Parks Mills, Oliverbury, MA 86560",Tylerstad,California,10/22/2023
CUST2429,Jay,Reyes,joseph88@hotmail.com,+1-510-403-6432x98566,"0223 Ryan Prairie, Lake Thomasfort, MT 44455",South Lauraside,Louisiana,1/30/2024
CUST2430,Mary,Williams,candace15@gmail.com,488-863-1841x17570,"7219 Bradley Mountains Suite 312, Josephland, ME 73719",Danielmouth,Kansas,9/15/2024
CUST2431,Ruth,Chung,johnsonregina@yahoo.com,683-704-0055,"7104 Carpenter Cape, Port Melissa, ND 86325",Lake Jennifermouth,Massachusetts,7/2/2024
CUST2432,Joseph,Jones,samanthabarrera@hotmail.com,035.248.7201,"302 Luis Ridge, North Keithfurt, LA 58284",Lake Michael,Colorado,4/16/2025
CUST2433,Steven,Bailey,vvance@young-holmes.com,123-851-1278x508,"8960 Elizabeth View, Goodwinland, CA 65965",South Abigailside,Maine,8/1/2022
CUST2434,Corey,Lopez,wmann@sellers-mason.org,969.404.7967x66731,"1887 Robert Summit Apt. 937, South Michaelberg, IL 59016",Nancyfort,South Carolina,2/7/2024
CUST2435,Richard,Ramirez,jgonzales@stone-tucker.com,+1-995-347-0486x8235,"53800 Gibson Lodge, Stevemouth, NE 10991",South Paulstad,Georgia,12/18/2024
CUST2436,Emily,Trevino,markrhodes@gmail.com,868-143-6345x5946,"401 Mclaughlin Rue, Morrischester, WV 38326",South Gregory,Hawaii,11/28/2022
CUST2437,Dorothy,Cohen,awong@hotmail.com,171.011.0615x247,"55157 Andrea Route Apt. 945, Justinview, HI 94473",Chelseaside,Michigan,6/24/2023
CUST2438,Clinton,Clayton,cflores@yahoo.com,166-552-2890x02349,"323 Brown Crossroad, New Brian, MN 17781",Changfurt,Arkansas,1/25/2023
CUST2439,Jennifer,Brown,jameskerr@foster.org,+1-853-281-2355x2455,"4828 Thomas Row Suite 823, East Angela, TN 30649",Dannyton,Louisiana,8/25/2022
CUST2440,Ian,Warren,samuel70@davis.net,6912094381,"89564 Adrian Plaza Suite 195, Peggyview, IN 98891",Lake Marcusside,Tennessee,11/3/2023
CUST2441,Adam,Richardson,johnsonkenneth@yahoo.com,-6292,"27938 Morris Junctions, Matthewton, NC 25386",South Anitaland,Michigan,8/11/2024
CUST2442,Jasmine,Jones,jonathan14@bishop.com,423.696.2098x475,"030 Thomas Pike, Williammouth, NH 37451",Conwaystad,Rhode Island,2/2/2023
CUST2443,Andrea,Holland,emcdonald@hotmail.com,043.089.8677x514,"PSC 3225, Box 6835, APO AP 95733",Christopherland,Utah,5/4/2022
CUST2444,Andrew,Robinson,tsmith@webb.org,(512)857-8671,"37908 Miller Ways Suite 738, Thomasberg, SD 89058",Stephenstad,West Virginia,7/16/2024
CUST2445,Patrick,Alvarez,eric84@yahoo.com,(377)659-9185,"32393 Stacy Centers, Ortizshire, WA 69906",Cookhaven,Oregon,5/26/2022
CUST2446,Sean,Ward,andersonemily@escobar.com,376991239,"566 Jacob Station, Campbellchester, SD 61215",South Andrewberg,Oregon,12/21/2023
CUST2447,Gloria,Lee,rebeccariley@gmail.com,697-432-5159x13298,"52672 Miller Place, Hullchester, WV 90419",Hallside,Utah,2/5/2023
CUST2448,Jessica,Reyes,juanhill@gmail.com,+1-612-647-3406x040,"8234 Tyler Alley, Port Matthew, FL 73067",Jesseville,Illinois,9/19/2023
CUST2449,Stuart,Bailey,jtorres@fox.org,(613)939-8774x1281,"8151 Doyle Key Apt. 388, East Michaelville, OK 63746",New Gailchester,South Carolina,8/7/2022
CUST2450,John,Williams,cherylashley@gmail.com,(576)458-0683x0929,"Unit 2973 Box 2247, DPO AP 06612",Port Keith,Nebraska,3/28/2024
CUST2451,Robert,Dunn,pooleamy@hardy-smith.com,065.459.9539,"60336 Hogan Manor, Danielhaven, WV 91749",South Cynthiamouth,Delaware,12/23/2023
CUST2452,Stephen,Williamson,kimberly78@zavala.org,239.340.9474,"06378 Ana Lodge Apt. 139, Hubbardport, AK 27845",New April,North Carolina,8/24/2023
CUST2453,Kevin,Fox,arivera@gmail.com,-2797,"052 Li Trail, East Cynthiahaven, MN 07697",Robertview,Kansas,7/5/2023
CUST2454,Grace,Juarez,david83@hotmail.com,+1-658-121-8421x39506,"8708 Dalton Neck Apt. 334, Tonyberg, VA 28840",Simpsonmouth,New Jersey,5/6/2022
CUST2455,Paul,Clarke,drichardson@gmail.com,4941736315,"234 Nicholson Lake, Peterschester, WA 17765",Davidside,Florida,12/18/2022
CUST2456,Garrett,Rodriguez,johnathan55@perez-snow.info,525.231.2899x427,"7010 Johnson Ports Apt. 946, West Stephanie, SD 91204",Osbornville,South Dakota,1/7/2025
CUST2457,Carol,Taylor,lopezkimberly@gmail.com,+1-522-590-7870x62663,"33782 Christina Stream, South Sarah, MS 92039",North Donna,Arkansas,2/15/2023
CUST2458,Lisa,Petty,andreamiller@hotmail.com,(186)733-3598,"27848 Sydney Crest, Dianemouth, DC 24785",North Maryfurt,Texas,8/15/2022
CUST2459,Yvonne,Brown,christopher57@hotmail.com,(942)037-1879,"854 Cannon Springs Suite 345, West Alexismouth, AZ 31895",South Brittneyshire,Pennsylvania,2/28/2023
CUST2460,Richard,Russell,dmontgomery@lane.com,001-534-062-7270x9052,"6989 Jessica Lodge, South Brandytown, MS 04144",Mooremouth,Maryland,12/7/2022
CUST2461,Lauren,Lee,marshkim@yahoo.com,681-665-4365x34281,"6609 Caldwell Manor, Rachelstad, MA 81552",North Amyburgh,Arkansas,10/11/2023
CUST2462,Stacie,Lee,vthompson@hotmail.com,277-148-9380x1936,"43080 Bradley Course, North Brenda, WY 82400",North Jasmine,Massachusetts,1/18/2024
CUST2463,Aaron,Bray,samuel59@bailey-wyatt.com,(539)985-4262x62227,"1052 Denise Bypass Apt. 064, Patriciaburgh, AR 01796",North Steveview,Wyoming,12/3/2023
CUST2464,Christopher,Fisher,scottjames@yahoo.com,+1-331-571-2620x62285,"47002 Vaughn Forest Apt. 485, Robertview, UT 07252",Josephview,New Hampshire,11/6/2023
CUST2465,Michael,Harding,ashley86@torres.biz,821-555-3165x02083,"055 Robinson Lodge, Medinaside, LA 96973",East Garrett,Maryland,2/22/2023
CUST2466,Donna,Hall,johnny91@yahoo.com,8422624471,"79655 Smith Loop Apt. 390, New Leeland, PA 55022",Deanberg,Texas,8/9/2022
CUST2467,Christopher,Braun,ibarradavid@clark-patel.com,+1-166-583-3658x4003,"72693 Mcclure Isle Apt. 366, Antoniochester, IL 90593",Kyletown,Kentucky,1/19/2025
CUST2468,Rebecca,Garrett,petersonkatherine@hotmail.com,-4280,"5511 Campbell River, Sarahbury, PA 07610",North Kyle,Wisconsin,8/6/2024
CUST2469,Jon,Ford,rsmith@kirby.com,382-059-7558,"46233 Moore Ford, South Heatherside, VT 19084",Ruizmouth,Rhode Island,12/3/2022
CUST2470,Amber,Gibson,yangzachary@chaney.com,004-446-5314,"66344 Tyler Isle, Williamburgh, TN 65174",East James,Kansas,11/11/2022
CUST2471,John,Hines,richard69@yahoo.com,719.440.0769,"776 Wilson Freeway, Lake Nicolestad, FL 65119",Port Desireeland,Texas,5/2/2023
CUST2472,Roger,Hicks,vgreene@gmail.com,001-088-758-2408x675,"302 Trevino Mount Apt. 695, Mariahstad, KS 83048",Williamsport,Oklahoma,11/22/2024
CUST2473,Jasmine,Fox,russell55@yahoo.com,+1-554-152-7001x859,"621 Lauren Divide Apt. 014, New Jamie, SC 85558",East Evanchester,New Jersey,3/18/2023
CUST2474,Vanessa,Pacheco,carterwilliam@williams-palmer.com,(309)489-3482x87935,"907 Rebecca Lock Suite 178, North Sarah, CO 84348",Martinezside,Arizona,12/23/2022
CUST2475,James,Lopez,umoody@payne-hartman.com,001-090-036-5825x544,"4523 Tanya Station Apt. 256, West Kathryn, MD 49185",Lake Teresaland,Georgia,5/29/2023
CUST2476,Amy,Taylor,xbauer@murray.com,1818167146,"1448 William Stravenue, Abbottburgh, NE 66673",West Jessica,North Carolina,2/15/2024
CUST2477,Cassidy,Smith,debra68@brown-davis.org,293.186.3777,"27478 Scott Crescent, West Gabrielleberg, AK 79368",Millerborough,Montana,12/5/2024
CUST2478,Jason,Carpenter,rachel34@moore-johnson.com,624-321-3796x1183,"071 Drew Pike, North Davidmouth, SD 19872",Walkerstad,Montana,8/26/2024
CUST2479,Jeremy,Thomas,marcusholmes@gmail.com,807-047-8754,"9207 Kristina Junction Apt. 651, East Anitamouth, CT 33044",New Nicholas,New Mexico,6/8/2024
CUST2480,Susan,Armstrong,evalencia@hotmail.com,(523)317-1378x97539,"671 Angela Pine Apt. 712, South Karenmouth, CO 55958",Brownshire,Georgia,10/11/2022
CUST2481,Ronald,Reeves,michael53@alexander.com,(964)518-9934,"773 Paula Fork, Fisherville, DE 36451",New Daniellestad,Illinois,10/5/2024
CUST2482,Cheryl,Howard,ryan67@hotmail.com,396-309-8586,"6414 Jennings Courts, Matthewland, VA 64732",East Josephfurt,Alabama,10/9/2024
CUST2483,Ashley,Baker,oadams@taylor.com,+1-715-591-4981x871,"6631 Andrew Parkways, Willieburgh, NM 76384",Hammondhaven,Nevada,6/24/2022
CUST2484,Russell,Jimenez,wallacejennifer@hotmail.com,001-278-917-5091x102,"4660 Justin Cape, East Alyssaville, MI 21745",East Desireeberg,Texas,2/1/2023
CUST2485,Janice,Patel,tiffanypena@schroeder.org,386-827-5299,"PSC 9883, Box 9479, APO AP 45597",West Troy,Texas,4/28/2024
CUST2486,Robert,Williams,edwardgarner@hotmail.com,(408)561-2687,"7405 Conway Isle Suite 708, Jenniferville, CO 08912",Thomasview,California,6/26/2023
CUST2487,Donald,Beck,hawkinsnicholas@gmail.com,001-211-189-4082,"256 Massey Island Suite 630, Leonardmouth, HI 80124",West Jamesburgh,South Carolina,7/29/2022
CUST2488,Shirley,Hughes,alejandrokelly@hotmail.com,+1-310-747-0551x3226,"35100 Barrera Highway, Hansenside, NM 06300",West Tommyport,Kentucky,10/3/2024
CUST2489,Christopher,Cole,pvega@rodgers-pena.com,3312993370,"4655 Amy Island, Juanburgh, MA 30455",New Danielfort,New Hampshire,12/5/2024
CUST2490,Brianna,Vargas,michaelbell@hotmail.com,001-599-555-1053,"394 Kevin Plaza Apt. 454, Jesseport, NE 24141",Davidfurt,Missouri,12/22/2024
CUST2491,Jessica,Williams,douglascraig@hotmail.com,818.890.1646,"632 Russo Circles Suite 333, East Bonnie, KY 94744",Gentryside,Delaware,9/25/2024
CUST2492,Samuel,Reed,tfrank@yahoo.com,+1-947-902-4786x5437,"08165 Huynh Stream, Port Robertberg, CT 57131",Dawnchester,Arkansas,9/7/2023
CUST2493,Angela,Ward,nathan72@gmail.com,+1-621-169-6307x26410,"19357 Brown Extension Suite 685, Port Jamiestad, TN 12005",Port Peterborough,Massachusetts,7/17/2022
CUST2494,Elizabeth,Carter,kathleen02@hotmail.com,1748663623,"2310 Webb Corner Apt. 046, Jonathanville, MI 61909",New Gregorytown,Vermont,10/27/2024
CUST2495,Joshua,Payne,daviskimberly@hotmail.com,+1-401-876-4654x4257,"915 Tran Alley Suite 355, Fullerstad, NM 37450",Phillipschester,North Dakota,8/6/2022
CUST2496,Abigail,Blackwell,churchjorge@hotmail.com,456.409.7639x6435,"USNV Chambers, FPO AP 13398",Wesleyberg,Nevada,4/27/2023
CUST2497,Timothy,Brewer,autumn00@gmail.com,903.400.0154x9183,"87368 Nathan Locks Suite 443, Riveraton, VT 55844",Lake Thomas,Texas,8/21/2022
CUST2498,Frank,Ward,xhill@yahoo.com,001-140-512-7175,"43150 Dawn Crossing, West Paulton, DE 36399",West Donmouth,California,11/14/2022
CUST2499,Curtis,Leblanc,shanerobinson@smith-peters.com,+1-183-363-7568x0788,"44976 Sheila Parkways Apt. 105, East Sarahbury, CO 64590",East Brenda,West Virginia,1/20/2024
CUST2500,Mary,Ellis,kylelewis@christian.biz,943.434.4829x942,"957 Kelly Brooks Suite 585, Karenchester, HI 63437",South Juan,Oregon,5/24/2024
CUST2501,William,Smith,shirley15@hotmail.com,(760)244-2159,"4519 Smith Extension Suite 294, Christophershire, ND 08648",New Jerrystad,Alabama,8/7/2024
CUST2502,Judy,Griffin,henrygraham@brown-williams.net,682.780.2402,"53929 Smith Views, South Jessicabury, TN 04052",Smithton,Colorado,6/18/2024
CUST2503,Jason,Price,timothy43@miller-huang.info,001-842-006-5356x422,"618 Weiss Estate Apt. 247, Port Jamesmouth, NE 27227",Guerraburgh,Utah,2/21/2024
CUST2504,Mario,Olsen,elizabeth30@yahoo.com,001-049-250-3034x0966,"98686 Curtis Lodge Suite 982, South Donald, RI 50572",East Amandamouth,Alabama,2/3/2024
CUST2505,Aaron,Schneider,nkaufman@gmail.com,001-183-883-3964,"656 Scott Camp, New Christopherland, MS 79491",Chelseaborough,Ohio,3/27/2024
CUST2506,Amy,Palmer,james15@yahoo.com,-4194,"1284 Allison Overpass Apt. 364, Barryborough, GA 66079",New Andreabury,New Mexico,6/3/2023
CUST2507,Brandon,Boyd,thomasellison@turner.com,8439382445,"05944 Henry Ranch Apt. 980, Saraport, NY 59548",New Sheena,Utah,5/16/2022
CUST2508,Teresa,Young,urivera@wilkerson-whitney.com,562-568-9635,"34946 Pamela Mountains Suite 509, Valencialand, VA 99194",Mcgeefort,Mississippi,5/19/2022
CUST2509,Tiffany,King,brendamoore@simmons.com,880-673-3178,"USCGC King, FPO AE 26991",Vincentchester,Wisconsin,2/17/2023
CUST2510,Taylor,Hill,yolanda93@dennis.org,001-696-190-0765x09252,"44746 Gaines Points Apt. 230, North Nicole, NC 27855",Lake Jamieshire,Rhode Island,2/3/2023
CUST2511,Judy,Davidson,christinedonovan@yahoo.com,887-454-2707x4139,"844 Jackson Lake Apt. 243, Edwardhaven, ME 50171",North Donald,Illinois,5/11/2023
CUST2512,Richard,Miller,rhooper@hotmail.com,375.939.8918,"87596 Angela Ranch, East Alexanderfurt, CO 25697",Lake Billy,Tennessee,9/12/2022
CUST2513,Justin,Berger,timothyyoung@hotmail.com,936.746.3631x2159,"Unit 7712 Box 9186, DPO AE 45437",Erinton,Wyoming,9/20/2024
CUST2514,Jacob,Russell,davidlarson@padilla.biz,940-747-3812,"6302 Munoz Well Suite 302, Carneyside, GA 50744",Andersonville,Pennsylvania,1/4/2025
CUST2515,Laura,Mosley,william09@hotmail.com,(546)448-5577,"2419 Carolyn Mill, Moralesburgh, FL 96120",Sandersside,Delaware,2/8/2025
CUST2516,Justin,Baker,michellefrye@parrish-jackson.com,(088)900-9476x17024,"Unit 9662 Box 3060, DPO AE 31931",Lauraside,Indiana,6/1/2022
CUST2517,Regina,Walker,loriwalker@alexander.biz,379.789.5806,"USNV Smith, FPO AE 13683",Olsenfurt,North Carolina,6/13/2023
CUST2518,Angela,Norman,greennathan@yates-jackson.com,001-427-087-7146x3358,"128 Stephen Route Apt. 219, Jaredmouth, NC 78051",New Hannahside,Massachusetts,5/29/2024
CUST2519,Jennifer,Brown,lisa64@gmail.com,(846)122-1064,"43084 Joy Camp, Waltersland, IA 22186",Grantland,North Dakota,3/2/2024
CUST2520,Sydney,Jones,hernandezvanessa@henry.com,2323067250,"5336 Laura Heights Apt. 639, Barbarabury, OK 42137",South Kevinville,Oklahoma,7/29/2024
CUST2521,Jonathan,Hines,travis22@yahoo.com,771-862-0427x88341,"170 Jason Cape, Wadeberg, NJ 62217",Lindseyhaven,New Jersey,4/23/2024
CUST2522,Robert,Krueger,janetgraham@gmail.com,(049)256-8084,"8837 Brewer Loop, Port Danielstad, OH 49561",New Tamaraville,Ohio,6/26/2024
CUST2523,Brett,Wilson,andrewcastillo@gibson.biz,485-548-5517x80648,"103 Mary Estate Apt. 665, New Jeffrey, IN 96830",North Jason,Vermont,7/8/2024
CUST2524,Amy,Shelton,wilkinsonkimberly@sanchez.biz,(363)882-6912,"71128 Joseph Rapid Suite 244, Caseychester, AL 39387",Floydton,Maryland,7/23/2023
CUST2525,Eric,Porter,nharper@hill.com,982-427-5460x41017,"PSC 9802, Box 9840, APO AE 06225",Webbstad,Maine,6/1/2024
CUST2526,Thomas,Freeman,uburgess@smith.net,+1-281-668-3579x082,"007 Blevins Skyway, Calhounborough, LA 92401",Elizabethshire,Texas,8/11/2024
CUST2527,Alexis,Robinson,aguilartroy@hill-johnson.net,001-139-650-1398x2452,"286 Taylor Forks, West Hannah, NE 33727",West Tanner,Alabama,3/8/2025
CUST2528,Courtney,Smith,blewis@gmail.com,(185)559-7276x925,"71157 William Trafficway, Lake Terriborough, ID 01459",Markberg,North Carolina,9/30/2022
CUST2529,Steven,Wyatt,joshua58@hotmail.com,+1-724-838-7435x312,"2994 Wagner Plaza, West Darlene, CA 91058",New Davidview,Arizona,12/21/2022
CUST2530,Cassandra,Smith,xhobbs@summers.com,692-717-6306x65948,"8281 Trevor Mountains, Amberport, IN 26499",Port Nicholaston,Hawaii,6/3/2022
CUST2531,Joshua,Washington,ocoleman@aguilar.biz,(329)265-5033x990,"791 King Burg, North Katherine, WI 12650",Port Susan,Colorado,10/22/2024
CUST2532,Erin,Henderson,cookjared@matthews.com,001-491-737-0790,"806 Joshua Port, Christinaville, ID 84559",Hortonview,Michigan,11/27/2023
CUST2533,Gregory,Green,fisherrodney@ortiz.com,(953)171-9248,"2975 Reid Vista Apt. 002, Torreston, MS 76848",Port Williamland,Colorado,7/31/2022
CUST2534,Katie,Powell,colemanbenjamin@gmail.com,001-500-015-8140x412,"350 Mccall Island, North Joseph, MS 52955",Lake Tammystad,Louisiana,7/25/2024
CUST2535,Shannon,Phillips,victoria66@robinson.org,365.491.5786,"535 Morales Cape, New Jeffreytown, NM 42714",Pittsville,Florida,10/11/2023
CUST2536,Nancy,Chapman,jmiller@brown-hunter.com,001-294-728-4688x1385,"77131 Luke Terrace Apt. 640, West Darryl, MN 71907",Nicholaschester,Michigan,3/3/2025
CUST2537,Walter,Smith,elizabethbrown@hayes.net,001-168-194-3913,"92813 Jose Road, Cannonburgh, AK 50497",Jessicahaven,Minnesota,10/19/2022
CUST2538,Sheila,Watkins,johnsonzachary@gmail.com,001-448-252-8570x42520,"47479 Daniel Village Suite 932, Lisaton, CO 09374",Lake Jamieborough,Oregon,6/9/2024
CUST2539,Anthony,Smith,robert19@burns.com,962.143.6554,"34178 Harrington Lodge, Gomezchester, MS 40865",Samuelberg,Iowa,3/29/2024
CUST2540,Andrew,Howard,schroedermichael@ayers.com,+1-535-367-4435x79248,"Unit 7684 Box 7960, DPO AE 84800",Jeffreyview,Rhode Island,2/9/2025
CUST2541,Donna,Beck,amandameza@king.com,349.660.0160,"USNV Mcbride, FPO AE 74050",North Evan,Mississippi,11/25/2024
CUST2542,Jason,Richardson,vwilson@berry.com,091-491-1477,"9638 Margaret Mews Suite 051, South Deanna, WV 94023",Juliatown,Montana,12/8/2023
CUST2543,Benjamin,Taylor,kholt@rogers-howard.info,(389)699-9816,"91709 Joshua Spurs, Craneshire, MS 08454",Harrisonfort,Hawaii,4/21/2022
CUST2544,Derek,Hill,jkhan@yahoo.com,852.921.1434x38368,"549 John Union Suite 231, Port Angela, ID 68051",West Cynthia,Nevada,6/19/2022
CUST2545,Christina,Miller,bakerisaac@bender.com,+1-907-687-5908x3873,"30913 Haney Village Apt. 104, East Kevin, CA 93823",Smithshire,Ohio,7/25/2022
CUST2546,Amy,Archer,michael69@austin.com,+1-179-149-7279x82891,"8123 Alex Inlet Suite 263, Stewartview, WV 33854",Victorton,Michigan,12/21/2024
CUST2547,Daniel,Garcia,james19@wilson.biz,001-560-663-0064x05773,"795 Hughes Port Suite 941, West Craig, NH 04606",North Robertland,Montana,8/15/2023
CUST2548,Karen,Smith,erikhudson@hotmail.com,244-153-3247,"Unit 4122 Box 6630, DPO AE 49225",New Jeffery,Colorado,3/24/2023
CUST2549,Amanda,Thomas,mileswilliam@gmail.com,(568)069-0554x095,"USNS Lin, FPO AP 15567",Martinezburgh,Alabama,7/5/2023
CUST2550,Michelle,Harris,garciacameron@gmail.com,773-151-8650,"PSC 7898, Box 0305, APO AA 74887",Sotoberg,Alaska,8/19/2023
CUST2551,Lauren,Thomas,qsullivan@gibson.biz,(923)972-4897,"171 King Center Apt. 028, Lake Lori, WA 71659",Vaughnborough,Massachusetts,3/10/2023
CUST2552,Annette,Blair,petermeyers@yahoo.com,(434)927-6173,"USNV Bowman, FPO AP 25419",Lisaton,Georgia,11/11/2022
CUST2553,Sarah,Scott,ruben73@hotmail.com,+1-939-022-5540x52692,"52056 Mathews Mount Apt. 757, Angelachester, NY 85476",Chasemouth,Maryland,7/27/2024
CUST2554,Kim,Combs,gruiz@carroll.com,(953)731-9523x785,"56222 Gary Shoal Suite 565, Timfurt, MO 54562",East Sherry,Mississippi,4/7/2025
CUST2555,Cheryl,Williams,christopher47@hotmail.com,001-503-760-5176,"302 Wendy Track, West James, IA 10808",Christinastad,New Jersey,1/11/2023
CUST2556,Blake,Fischer,rodney08@key-carroll.com,897-343-0910x558,"198 Jaime Brooks Suite 121, West Maria, IA 89883",Lake April,Maine,11/24/2024
CUST2557,Barry,Carlson,iwilson@johnson.com,+1-500-939-8798x1376,"751 Edgar Common, West Ruth, PA 23385",Vanessamouth,Utah,4/5/2025
CUST2558,Justin,Rogers,luisbaldwin@gmail.com,001-215-564-4092x6034,"137 Ruiz Trafficway Apt. 805, Grayberg, NJ 02618",North Duane,Texas,7/3/2022
CUST2559,Kathryn,Jones,troberson@walker.biz,452-003-1485x70817,"02789 Michael Shoals Suite 809, East Jessicaport, CO 56407",North Jennifer,Texas,3/31/2024
CUST2560,Jennifer,Meyer,keith07@gmail.com,001-815-240-7393,"0863 Watson Shore, New Morganmouth, MN 17447",Richardsonview,New Mexico,11/10/2023
CUST2561,Michael,Bernard,justin07@schwartz.com,-10188,"57254 Peggy Ranch, East Larrychester, MD 97750",South Charleston,South Dakota,8/8/2022
CUST2562,Meghan,Harris,angelakennedy@tucker.com,(514)694-6538x03840,"2968 Mendoza Meadows Apt. 988, Kathrynville, CO 09315",North Joshua,Minnesota,12/9/2023
CUST2563,Michael,Chavez,kristenwalters@yahoo.com,604-839-6942x303,"6234 Christina Estates, Simmonsfort, AK 44123",New Ashleyburgh,Indiana,1/28/2023
CUST2564,Ryan,Lopez,rodriguezshannon@hotmail.com,+1-354-947-7902x419,"Unit 0734 Box 5727, DPO AP 48880",Tamaramouth,Connecticut,10/11/2024
CUST2565,Gavin,Johnson,walter02@schmitt-weaver.com,593-500-3102x45606,"43616 Danielle Ford, Cristianside, MD 74379",South Anthonychester,Wisconsin,7/22/2024
CUST2566,Karl,Sawyer,lewisbradley@wright.com,6136464435,"78207 Glenn Club, Perryville, TX 52264",South Kara,Massachusetts,6/28/2024
CUST2567,Holly,Hughes,shellyfox@bates.com,9643869706,"USNV Bond, FPO AA 20759",New Jessicafurt,Alaska,4/21/2024
CUST2568,Kathy,May,agrimes@foster-walker.com,(609)285-0194,"USNS Moore, FPO AA 74045",Lake Beverly,Nevada,1/3/2025
CUST2569,Jerry,Davidson,clarkemily@hotmail.com,(638)293-7293x80579,"34257 Roy Avenue, South Jermaine, NC 73928",Lake Jamesstad,Minnesota,4/27/2024
CUST2570,Aaron,Graves,douglascrystal@mclean.com,4804581618,"58432 Eric Forges, South Ronaldfort, UT 97868",Turnerburgh,New Mexico,10/15/2023
CUST2571,Thomas,Baker,andre09@whitney.net,986-889-4681,"5323 Nathan Mountains, South Angela, VA 48177",Davisville,Washington,7/17/2024
CUST2572,Jamie,King,jordanjennifer@gmail.com,001-190-712-0562,"5355 Bryan Stravenue Apt. 310, New Cherylstad, WI 00801",Wangberg,Indiana,1/18/2023
CUST2573,Johnny,Meyer,vbrady@owens-roberts.net,001-155-285-0357x1187,"739 Mary Rapid Suite 271, Davisborough, IN 78133",East Susan,Idaho,10/31/2024
CUST2574,Kristen,Dudley,justin66@wang.com,499-408-7224x885,"51172 Stephen Lodge Suite 224, Jenniferville, GA 26070",West Julie,Missouri,6/25/2024
CUST2575,Kristen,Dunlap,xtaylor@yahoo.com,925-857-5218x984,"7101 Beck Flats, Velasquezland, DC 62831",Port Bruce,Louisiana,3/19/2023
CUST2576,Steven,Larsen,churchalisha@hensley.com,(458)373-3189,"39700 Reese Forks Apt. 978, Sanchezbury, NE 88345",East Rebeccaburgh,Arkansas,3/1/2023
CUST2577,Lee,Taylor,michael05@clark.com,295.264.4430,"4204 Lisa Union Suite 037, Port Hayleyland, KS 76780",Bowmanton,Virginia,3/26/2023
CUST2578,Jacob,Jones,martha02@tran.com,+1-382-477-6903x231,"USNS Johnson, FPO AE 14030",Lake Davidton,Alabama,1/26/2024
CUST2579,Chelsea,Butler,kirkeric@charles.com,346.861.2580x04854,"PSC 6621, Box 2985, APO AE 35078",Markfurt,Louisiana,9/24/2023
CUST2580,Shirley,Jacobs,gutierrezchristopher@foley.com,215.083.3902x7276,"599 Butler Vista, South Michael, OK 62654",West Carolton,Nevada,10/5/2022
CUST2581,Natasha,Howell,jessica81@yahoo.com,3208075700,"10929 Hall Spur, East Jeffreyhaven, CT 85835",Port Sydney,South Dakota,5/19/2023
CUST2582,Jeremy,Brown,ajennings@sparks.com,001-069-595-2909,"35346 Nancy Mews Suite 992, Fryetown, NJ 73626",South Judyshire,North Carolina,8/28/2022
CUST2583,Hector,Bonilla,sarahbush@williams.biz,6385411667,"00609 Shawn Unions, Erinberg, ND 87294",East Ann,South Carolina,11/18/2023
CUST2584,Reginald,Jones,seth78@yahoo.com,8496776191,"974 Courtney Well Suite 302, Adkinsside, MT 26299",Baileymouth,Delaware,8/25/2023
CUST2585,Darryl,Horne,bperez@lee.com,2631970276,"99910 Bryan Island, New Paula, OR 59176",Brianville,New York,3/14/2024
CUST2586,Adam,Rowe,amandamiller@yahoo.com,9958176896,"USNS Beltran, FPO AE 90434",East Becky,Michigan,8/12/2023
CUST2587,Danielle,Daniels,iross@brown.com,871.704.1831x548,"8575 Green Parkway, Robbinschester, DE 77096",Careyfort,Florida,10/24/2022
CUST2588,Lisa,Freeman,marievaldez@yahoo.com,+1-221-048-2878x9987,"Unit 3259 Box 8207, DPO AP 88268",South Sara,Michigan,1/1/2025
CUST2589,Christopher,Dunn,davidfitzgerald@parker.com,001-849-327-1957x84783,"016 Suzanne Inlet, Dawnside, NH 61691",Griffithville,California,9/9/2023
CUST2590,Jeffrey,Lewis,laurieparsons@gmail.com,786.643.5646,"691 Ramos Summit Apt. 942, Port Michelle, AR 24086",East Steven,Washington,4/21/2022
CUST2591,Paige,Wheeler,williamlucero@yahoo.com,001-260-223-0450x15366,"39958 Adams Stravenue Suite 172, East Toddville, IL 48329",New Susanfurt,Arkansas,4/13/2025
CUST2592,Valerie,Juarez,michaelcollins@sampson.com,749.395.3890x6866,"6544 Lyons Crossing Suite 954, Rebeccafort, WI 33035",Georgetown,Tennessee,2/21/2023
CUST2593,Elizabeth,Gallegos,brookemiller@hotmail.com,736-633-7153x44447,"2437 Morgan Street Apt. 787, New Charles, MA 18002",Lake Janet,Ohio,11/23/2022
CUST2594,Steven,Brooks,patriciajohnson@mccann.com,(191)658-5397x04647,"48204 Rachel Oval Suite 688, West Karen, HI 69068",Hollyport,Texas,7/19/2023
CUST2595,Steven,Odonnell,ukennedy@day.net,482.608.9841x8693,"963 Hill Glens Apt. 493, Lake Andreaton, NM 03559",Davidmouth,Mississippi,2/22/2023
CUST2596,Mark,Guzman,james05@jenkins.com,(116)802-8214x318,"412 Flynn Stream, Ericberg, GA 85662",Port Tommychester,Utah,3/30/2024
CUST2597,Joshua,Williams,nicolehenderson@browning.info,637.645.5114,"878 Kurt Well, Malloryfurt, NY 07213",Maddoxburgh,Alabama,10/12/2023
CUST2598,Wendy,Sosa,baldwinjeffrey@gmail.com,001-665-717-3228x8882,"11569 Deborah Mountain Apt. 300, Port Patricia, MA 51732",Lake Emma,Montana,5/14/2023
CUST2599,Tanya,Dixon,tmiller@gmail.com,(761)102-0557,"83209 Woods Rapids Suite 699, Rachelbury, AZ 04085",West Dawnside,Hawaii,8/23/2023
CUST2600,Rachel,Rodriguez,gina37@griffin-browning.com,944.166.3213x343,"65106 Ortiz Bridge, Nelsonberg, VA 27093",Archerfort,Louisiana,6/3/2023
CUST2601,Shannon,Allen,patrick50@yahoo.com,4142241421,"6447 Christopher Creek Apt. 165, South Julie, NJ 90631",New Sandra,Vermont,3/22/2023
CUST2602,Travis,Hess,larry02@baker.com,001-507-979-7655x8256,"10707 Simon Lane Suite 114, Wheelermouth, VT 48707",Dannyhaven,Vermont,10/6/2022
CUST2603,Madeline,Hamilton,wesleyflores@andrews-thomas.com,257-323-3152x494,"4275 Jessica Trace Suite 478, North Dianeville, NJ 73248",Michaelfurt,New Jersey,9/26/2022
CUST2604,Whitney,Jacobs,ibrown@craig.com,001-987-772-9786x95034,"5867 Black Street Suite 991, North Tonya, ID 60789",North Charlesfort,Illinois,11/30/2022
CUST2605,Cindy,Harper,cheryl56@yahoo.com,001-273-825-3325x06838,"733 Bobby Center Suite 948, West Richard, WY 20357",Matthewview,New Mexico,9/28/2024
CUST2606,John,Smith,rvelazquez@elliott-watkins.biz,1610580054,"23539 Brittany Loaf, Nicoleberg, AK 54866",South Sandraview,Iowa,8/20/2023
CUST2607,Jessica,Adams,lyonsmaurice@hotmail.com,+1-293-127-4553x73376,"84706 Craig Grove Apt. 821, Tamarachester, VT 74027",Mckinneyberg,New York,3/22/2025
CUST2608,Victor,Perry,joel47@gmail.com,976-926-4398,"070 Samuel Pines, Sarahton, WY 72859",Port Kurt,West Virginia,11/13/2022
CUST2609,Thomas,Mitchell,ricecheryl@hubbard.com,(249)527-1668,"814 Collins Parkways, North Marcus, TN 94509",Stephensside,New Mexico,11/5/2023
CUST2610,Kathleen,Jones,sandyrobinson@rivera.net,9013896057,"1318 Garcia Walk, Paynetown, ND 49138",Randyville,Wisconsin,3/12/2023
CUST2611,Harry,Garcia,lisa75@yu.biz,001-963-205-5059x16163,"7410 Christopher Ford, Lake Gerald, MA 79059",North Eric,Minnesota,5/20/2022
CUST2612,David,Manning,brentevans@castro.org,5185760853,"2435 Warner Vista Apt. 087, Wilcoxside, ID 10589",Danielmouth,Georgia,6/4/2022
CUST2613,Lynn,Curry,zhenson@flores-logan.com,001-963-099-0236,"5357 Brandon Row Apt. 959, West Stephenville, NH 16992",North Jasonberg,Texas,4/9/2025
CUST2614,Elizabeth,Rodriguez,johnsonkimberly@anderson.com,426-522-6252x59514,"5744 Ayala Lake, Joshuaborough, KS 73744",Shepardfort,Nevada,6/30/2024
CUST2615,Wesley,Smith,jameswatkins@yahoo.com,(377)355-1583x998,"9638 Catherine Lodge, Stricklandside, AK 84592",Yangland,Alabama,8/17/2022
CUST2616,Steven,Cline,mooredouglas@johnson-collins.com,322-000-7464x32606,"325 Sandra Underpass Suite 827, Moranside, IL 18755",Port Vanessabury,Michigan,9/26/2022
CUST2617,Joseph,Smith,robertgeorge@huang.com,(532)117-9382x7433,"08086 Lori Orchard Apt. 681, Thomasmouth, GA 23176",Lozanomouth,Minnesota,6/5/2024
CUST2618,Christopher,Turner,hollandwendy@riddle.info,001-941-041-8421,"267 Lang Crest, North Susanchester, KY 44609",Huntermouth,Colorado,8/14/2024
CUST2619,Angela,Wilkinson,rgilbert@gmail.com,(339)294-4529x60602,"55194 Elizabeth Row, Jacquelineshire, NV 41293",West Lindsayberg,Nebraska,3/3/2025
CUST2620,James,Medina,ellenvillarreal@yahoo.com,001-155-195-3552x61647,"9996 Richard Landing Apt. 110, Jeanettechester, RI 12691",Carolbury,Louisiana,9/26/2022
CUST2621,Jack,Morse,rachel83@gmail.com,(157)902-4001x0836,"USNS Johnson, FPO AA 45333",West Alexandra,Illinois,8/18/2023
CUST2622,Bryan,Richardson,joshuaanderson@zavala.com,(368)958-5228x8568,"USNV Martinez, FPO AA 71276",East Jessicaton,Arkansas,12/1/2023
CUST2623,Gregory,Shah,christophertownsend@gmail.com,965-798-3857x279,"36097 Andrew Land, Lake Stevenbury, AK 10589",Port Michelle,Iowa,1/7/2023
CUST2624,Brittany,Henderson,mjimenez@gmail.com,5673025701,"95633 Walker Summit Apt. 595, New Thomasborough, WA 09036",Prattborough,North Dakota,7/8/2022
CUST2625,Tracy,Snyder,christopher94@dennis-wiggins.com,514-863-4582x28393,"511 Parks Plaza, North Carlos, OK 78675",West Michaelmouth,Arkansas,2/6/2023
CUST2626,Nicholas,Richardson,peterharrington@ryan-navarro.info,(630)708-0837,"40678 Richard Keys, New Cynthiaville, FL 11281",Amandaside,Texas,6/16/2022
CUST2627,Kevin,Lutz,xcruz@singh.com,527-453-8934x91585,"426 Browning Burgs, Port Kristi, CA 14502",New Todd,Louisiana,5/29/2023
CUST2628,Kim,Wilkins,ncarlson@torres.com,391.336.1561x38987,"Unit 3843 Box 4345, DPO AP 27984",New Lesliefurt,Rhode Island,1/26/2025
CUST2629,Elijah,Ramirez,lisa48@yahoo.com,(414)982-2505x0729,"21583 Cindy Harbor Apt. 253, Bellview, KY 77923",Petersonborough,West Virginia,8/18/2024
CUST2630,Kimberly,Hoffman,benjaminperry@payne.info,(225)434-3008x57754,"78045 Mark Expressway, Thomaschester, MO 07778",Moralesbury,Georgia,10/6/2024
CUST2631,David,Ellis,riveraamanda@baker-perez.com,-571,"6924 Aaron Fall, Jenniferfurt, AR 73384",West Josephburgh,Connecticut,1/22/2023
CUST2632,Carl,Frederick,janice13@roth.info,(405)291-2534,"07048 Miller Shores Suite 676, Josephmouth, PA 22155",Freemanbury,South Dakota,12/25/2022
CUST2633,Adam,Mueller,wlevine@gmail.com,031-913-2515,"61394 Young Centers Suite 774, Markchester, VA 59728",Lake Davidtown,South Dakota,5/16/2022
CUST2634,Tony,Lester,kprice@peters-schaefer.com,(646)200-1623x22544,"4311 Johnson Heights Suite 165, New Robert, AK 35545",West Jerrybury,Montana,5/25/2024
CUST2635,Samantha,Johnson,joseph27@hotmail.com,258.736.1922x87774,"631 Lori Spurs, Austinland, WY 18368",Elizabethhaven,Nevada,6/20/2023
CUST2636,Samantha,Moore,ksutton@yahoo.com,(499)650-9424x1150,"496 Singleton Rapids Suite 958, Carrieview, WI 17147",Lake Mark,Washington,4/7/2024
CUST2637,Claire,Brown,melissawarner@hotmail.com,848611579,"7200 Green Well Apt. 727, South Taylor, CT 01984",Olsenport,Nebraska,7/4/2023
CUST2638,Monica,Bennett,michael90@dominguez.org,001-090-845-3719x51068,"125 Meredith Cape Apt. 282, Melissabury, VA 35907",Calebside,Missouri,4/25/2024
CUST2639,Katie,Anderson,amyedwards@yahoo.com,+1-320-490-5747x92962,"760 Wong Parks Apt. 104, South Brett, MO 21880",Dixonstad,Wisconsin,3/2/2025
CUST2640,Tiffany,Peterson,terriwalker@brown-hansen.com,6018412884,"9598 Garner Parks, Brendaberg, DE 65905",Marcustown,Nebraska,3/17/2023
CUST2641,Andre,Jones,lucasbrewer@gmail.com,(802)384-0296,"813 Tommy Gateway, Cynthiaville, TN 45461",Port Tracy,Ohio,2/25/2025
CUST2642,Nicole,Hill,cruzsusan@rodriguez-stanton.biz,(005)391-6652x934,"599 Leach Oval, Julieberg, ND 88505",Reyesfort,Maine,8/27/2023
CUST2643,Linda,Stephens,juliehernandez@martinez.com,835-321-6277x583,"69879 Holmes Junction Suite 921, Johnnyview, OR 32312",Lake Eric,Connecticut,11/6/2023
CUST2644,Richard,Knight,acruz@hotmail.com,+1-285-764-5962x7534,"USCGC Cobb, FPO AA 68131",Hodgestad,Mississippi,4/10/2025
CUST2645,Alan,Walters,james97@chambers.com,(667)069-5235x84077,"8041 Gonzalez Prairie Apt. 387, West Rhondafort, AZ 93799",Martinburgh,Mississippi,12/19/2023
CUST2646,Justin,Lopez,geraldcook@yahoo.com,(192)572-6060,"679 Blankenship Brooks, Reedshire, OK 50145",New Joanhaven,Mississippi,8/10/2024
CUST2647,Cory,Melendez,michelle21@gmail.com,001-342-365-7085x771,"27663 Laura Circle, Gilbertland, NY 54897",New Melissamouth,Louisiana,6/2/2024
CUST2648,Shannon,Ortega,riddledeborah@beck.net,(406)997-7777x8269,"3857 Benitez Inlet Apt. 098, North Angelaview, LA 68040",West Nancy,Alaska,9/25/2022
CUST2649,Caitlin,Miller,robertlyons@bell.biz,+1-593-575-5041x7139,"84073 Lewis Rapid Apt. 824, Stevenside, VA 87306",West Danielview,Idaho,11/5/2022
CUST2650,Hector,Carter,youngashley@hotmail.com,+1-678-665-1723x1794,"173 Ferguson Roads, Barbarahaven, NE 52294",East Joseph,Colorado,9/10/2023
CUST2651,Eric,Lee,shannon53@vargas.com,(284)582-2165x239,"75378 Griffin Island, Port Laurafort, MS 21500",Port Alexandria,Tennessee,7/15/2024
CUST2652,John,Lucas,terrigeorge@webster.com,530-144-0103,"39057 Morales Pike Apt. 605, Lake Frederickberg, ID 36661",South Lauraport,Iowa,12/7/2024
CUST2653,Tyler,Guerrero,silvajeffrey@carey-moon.biz,(029)184-7013x0128,"10113 Barnett Run Suite 386, North Jacobville, CO 82460",New Joshuabury,Florida,2/20/2023
CUST2654,Robert,Wood,landerson@gmail.com,892-084-0160x93296,"1812 Martinez Rapids Apt. 407, West Erikhaven, FL 76035",North Nancyburgh,Connecticut,6/30/2024
CUST2655,Joseph,Roberson,ablair@nicholson.com,001-059-998-5652x5284,"806 Miller Crest, East Michellechester, MS 54654",Vanessaburgh,Maine,9/26/2023
CUST2656,Jeremy,Garcia,amorris@gmail.com,001-602-086-7890,"3897 Jennifer Track, South Erinfort, NE 17614",New David,Virginia,3/7/2024
CUST2657,Jesse,Bonilla,glee@tyler.org,001-464-436-7242,"21700 Richardson Court Suite 708, North Hollyside, NJ 28089",North Shannon,Iowa,4/4/2025
CUST2658,William,Oconnor,samantha81@gmail.com,+1-811-992-8676x558,"0437 Jose Place, Lake Melody, MI 48190",North James,West Virginia,2/7/2025
CUST2659,Joy,Glenn,alyssahorton@gmail.com,(470)674-2658,"9696 Teresa Run Suite 011, New Calvin, FL 66195",Port Jonathan,Washington,4/6/2024
CUST2660,Marcia,Gomez,hwright@gmail.com,+1-435-765-3729x01650,"PSC 5406, Box 2142, APO AE 11720",Gibsonside,North Carolina,10/7/2024
CUST2661,Martha,George,wvargas@yahoo.com,773-144-9384,"94464 Kristen Ferry, New Ryanberg, AR 59803",Zacharyburgh,Tennessee,2/6/2025
CUST2662,Carolyn,Washington,brownemily@martin.info,001-187-944-7657x21097,"9798 Karen Stream Apt. 393, Trevorborough, ME 40446",East Edward,Arizona,6/29/2023
CUST2663,Timothy,Lane,butlermelissa@grimes.net,070-256-0230x094,"2774 David Unions, Christopherhaven, MA 07397",East Kristineland,Nevada,3/13/2023
CUST2664,Alexa,Miller,reneehodge@gmail.com,001-728-911-7842x6814,"USCGC Edwards, FPO AE 13933",South Sarahstad,Colorado,1/14/2024
CUST2665,Elizabeth,Gray,huffmanjeffrey@hotmail.com,001-662-104-5694x74093,"9986 Greene Turnpike, New Tanner, SD 55278",New Julie,Maryland,9/21/2024
CUST2666,Jason,Watkins,kevinrichardson@willis.biz,(942)776-4711,"5559 Lopez Garden, Larsonburgh, CA 34599",Port Kelly,Delaware,11/17/2022
CUST2667,Daniel,Mclean,steven92@smith-hawkins.org,025-661-9436,"52327 Dawn Ranch, Gibsonburgh, WV 58865",South David,Pennsylvania,7/22/2024
CUST2668,Christian,Fisher,andrew31@grant.com,062.397.6579x7189,"72541 Paige Turnpike, Tuckerfort, IL 56298",Lake Alexandriafurt,Hawaii,1/10/2025
CUST2669,Jeffrey,Chavez,edwardfowler@savage-shaw.com,+1-965-450-7892x745,"99060 Osborn Ridge, Caldwellborough, MT 37112",Port Edwardtown,Nevada,3/6/2025
CUST2670,Christopher,Garcia,usanchez@gmail.com,(811)525-4555x194,"67369 Garcia Radial, Jenniferbury, SD 24333",Patelside,Virginia,12/7/2024
CUST2671,Lisa,Gordon,rgriffin@gmail.com,(379)535-5054,"USS Joseph, FPO AP 95437",Holderchester,Minnesota,6/17/2023
CUST2672,Jennifer,Schwartz,kennethturner@gardner.com,1522655896,"280 Haynes Glens, Darrenberg, NH 88484",Melissaborough,Kansas,1/13/2024
CUST2673,Allen,Hart,christopherrhodes@yahoo.com,+1-819-296-8494x20354,"6983 Butler Vista, Port Tanyaton, TN 55082",Lake Robinchester,Arkansas,10/1/2023
CUST2674,Jason,Dawson,holmesdavid@gmail.com,923.314.7290x5707,"59299 Smith Unions Suite 683, East Larry, MI 81205",Floresburgh,Minnesota,12/17/2023
CUST2675,Cynthia,Collier,davisandrew@yahoo.com,+1-048-498-0662x1394,"626 Mcbride Drive Apt. 678, Lake Judyland, MI 67469",East Cynthia,Indiana,2/1/2025
CUST2676,Jill,Dyer,luismiller@yahoo.com,+1-274-957-2317x226,"110 Lindsey Village, Port Jeffreychester, AK 07174",New Lisabury,Tennessee,10/18/2022
CUST2677,Andrew,Johnston,mark45@bennett.com,+1-392-581-3911x910,"USCGC Hall, FPO AE 54113",Christinaburgh,Maryland,10/22/2023
CUST2678,Patrick,Walker,andrew15@hotmail.com,001-725-878-1514,"2105 Linda Manors Suite 233, Wilkersonport, IL 92911",Port Richardstad,Louisiana,10/2/2022
CUST2679,Mary,Smith,mauricecarter@frederick.com,001-167-309-6042,"15225 Norton Underpass, Janethaven, RI 10766",Lake Adam,Maryland,4/4/2024
CUST2680,Dylan,Martinez,bartonrichard@gmail.com,001-280-583-0958x7710,"018 Erika Ville, Lake Darrellchester, NJ 18203",Smithborough,California,12/16/2024
CUST2681,Mark,Mills,virginiarobinson@wells.com,719-239-9545,"5988 Darin Park, Russellborough, AZ 07970",Wolfmouth,Arkansas,6/13/2022
CUST2682,Christopher,Johnson,teresa22@yahoo.com,001-579-407-6785x7477,"59187 Chen Rapids, East Eric, MT 95222",Port Antoniofurt,New Mexico,3/14/2024
CUST2683,Lindsay,Galvan,michael08@hotmail.com,+1-265-837-1578x4570,"41510 Christina Streets, Marialand, MT 63575",East Trevormouth,Georgia,2/2/2024
CUST2684,George,Carr,chaserogers@gmail.com,5493480500,"275 Nicole Walk Apt. 012, New Meganburgh, NC 87977",Alejandrafurt,North Carolina,5/9/2024
CUST2685,Keith,Lloyd,davisthomas@ware.com,360-033-3966,"99009 Clark Spurs Apt. 079, South Nicholasfurt, NC 12932",Matthewmouth,Maine,1/10/2024
CUST2686,Ashley,Hubbard,sarapreston@hanson.com,(914)935-1343x5146,"4110 Colleen Bypass Suite 006, Teresafurt, ND 36440",Willisland,Illinois,3/24/2025
CUST2687,Trevor,Hall,andrea99@hebert-ward.com,186-595-2922x190,"USNV Knapp, FPO AA 07300",Olsonchester,North Dakota,4/26/2023
CUST2688,Christina,Gordon,gilmorerichard@marquez.biz,382-518-5432x457,"139 Anderson Junction, Walkerside, IA 10843",Hillborough,Nebraska,9/12/2023
CUST2689,Susan,Hurley,ppitts@soto.org,001-699-213-5827x5188,"Unit 4518 Box 1154, DPO AA 31458",West Kevin,Nebraska,2/21/2024
CUST2690,Nicole,Jones,jonathan58@hotmail.com,472-940-9554,"18399 Howell Islands, West Joseport, WY 99731",Jasonshire,New Mexico,9/5/2022
CUST2691,Patricia,Lozano,hallen@hotmail.com,(246)968-7144x42776,"7961 Clark Shore Suite 983, New Patricia, NH 74409",North Dannyborough,Virginia,3/31/2023
CUST2692,David,Hancock,awright@wilson.com,572-375-9873x0318,"549 Phillips Ports, Melissashire, ND 02841",West Jasonburgh,Montana,12/17/2022
CUST2693,Jennifer,Foley,smithmark@hotmail.com,273-151-0030,"94317 Nicole Estate, Hamiltontown, OR 60378",Lake James,Hawaii,11/14/2022
CUST2694,Lee,Strong,lwalker@gmail.com,933-415-1132x6056,"86289 Christopher Wall, East Nicoleport, KS 69355",North Mariahmouth,Delaware,3/2/2023
CUST2695,Craig,Rowland,seanmurphy@torres-garcia.info,+1-899-817-4782x733,"4052 William Walks Suite 440, West Julie, WA 69421",South Tammiefort,Nebraska,6/8/2024
CUST2696,John,Miller,jacksonstephanie@mccarthy.biz,675.709.2394,"8058 Pierce Junctions, Port Cynthiafurt, LA 47272",South Colleen,South Carolina,2/24/2024
CUST2697,Eric,Martinez,carolinelang@hotmail.com,670.026.7497x256,"0274 Shannon Bypass, Richardshire, MI 87445",North Colleenmouth,Vermont,3/9/2023
CUST2698,Katherine,Bennett,nicole74@yahoo.com,(118)978-6093,"8156 Jerry Place Suite 921, New Maryshire, FL 94298",Lauriechester,Iowa,8/10/2022
CUST2699,Scott,Long,lmiller@jones-morris.com,2020145417,"076 Savannah Pike, South Amandamouth, CO 16907",Port Richardmouth,Florida,10/8/2024
CUST2700,Amanda,Willis,robert19@gmail.com,(112)226-7850x6420,"291 Snyder Brooks Apt. 022, North Terrychester, CA 02496",South Laurenchester,Kansas,11/13/2023
CUST2701,Steven,Henry,dianehartman@roberts-reid.info,902.534.9599,"43250 Ward Unions Suite 233, Clarkstad, NH 87772",Kathrynland,Wisconsin,3/23/2023
CUST2702,David,Cooper,marcperez@gmail.com,001-771-146-4076x596,"1228 Sparks Rapid Suite 629, Kevinstad, AK 57793",Lisastad,Louisiana,1/20/2024
CUST2703,Paul,York,meredithbell@hotmail.com,(671)607-5583,"5528 Lam Station Apt. 585, Lauriefort, NM 18916",North Diana,Arizona,8/24/2023
CUST2704,Adam,Woods,gwilson@hotmail.com,-4225,"960 Vazquez Lake Suite 404, Kennethfort, AR 65895",East Jimmy,West Virginia,1/16/2023
CUST2705,Jaclyn,Solis,levyadriana@smith-thomas.com,001-835-356-5456x3777,"79289 Michele Course Apt. 574, West Michelleborough, NH 67460",Lake Veronicaview,Indiana,2/25/2025
CUST2706,Steven,Rose,zachary01@gmail.com,398-494-1549x5616,"281 Sharon Center, South Angelaburgh, ID 61086",North Bryan,Nevada,6/15/2022
CUST2707,Devin,Russell,joyhudson@hamilton-cline.com,(307)784-3922,"630 Hall Squares, Allenstad, CO 05426",West Rebecca,Wyoming,8/26/2022
CUST2708,Annette,Kline,derek15@jones.com,719-313-3625,"362 Stephen Springs, Smithside, MS 57429",Joshuahaven,Wyoming,11/11/2023
CUST2709,Grant,Butler,christopher35@hotmail.com,+1-500-657-6161x36353,"121 Henry Crossing, Nelsonton, MS 98298",Pamelastad,Missouri,3/16/2025
CUST2710,Julie,Collins,bbriggs@mcdowell-kane.net,427.844.2632,"0101 Jones Drive, Cunninghamtown, GA 27092",Michaelchester,Wyoming,4/6/2023
CUST2711,Kelsey,Hampton,thomaskathleen@harris-white.com,809.845.4376x2883,"1280 Hall Courts, New Sarah, IA 87463",Port Todd,Oregon,2/21/2024
CUST2712,Deanna,Barrett,kayleemontes@lang.com,+1-831-428-0525x17590,"08448 Baker Shoals, Port Edwardland, MS 49909",Gloriastad,Tennessee,6/23/2022
CUST2713,Joel,Fisher,hbell@gmail.com,+1-527-299-2531x078,"Unit 3086 Box 7506, DPO AA 10911",West James,North Carolina,1/24/2025
CUST2714,Jennifer,Spencer,alexis10@gmail.com,+1-941-442-8673x927,"297 Paul Skyway, Bakerchester, RI 33356",Lake Joshua,Texas,11/30/2023
CUST2715,Jason,Hayes,millercynthia@moran.com,3677838294,"446 Thomas Brooks Suite 474, Annton, FL 90837",Josephport,Louisiana,3/6/2023
CUST2716,Molly,Thomas,cardenasemily@gmail.com,243-818-5354x19220,"36830 Ashley Falls, Port Scottside, AZ 20693",Browntown,New York,7/23/2022
CUST2717,Elizabeth,Pennington,francisco23@mcfarland.net,-3036,"113 Gregory Ports, New Eric, OR 99358",Jasonview,Wisconsin,5/8/2022
CUST2718,Michael,Brown,regina73@yahoo.com,160-137-1696x0450,"1709 Moore Flats Apt. 060, East Jackieside, NJ 48387",Williamsport,Oregon,10/11/2022
CUST2719,Cassandra,Ray,eschneider@ortiz-fernandez.biz,341.334.2250x1941,"6608 Martinez Knoll, New Denisechester, LA 38769",North Javierstad,Arkansas,9/6/2024
CUST2720,Nancy,Colon,kevin67@walton-schultz.org,7199447132,"9950 Griffin Knolls Apt. 099, Lewistown, PA 54883",Hessland,Vermont,3/22/2024
CUST2721,Amanda,Curry,fisherashley@gmail.com,028-429-7779,"4132 Cabrera Circles Suite 118, Port Michaelville, DC 61928",Christopherland,New Hampshire,9/26/2023
CUST2722,Yvette,Gray,timothy97@gmail.com,636.703.5018,"44351 Parker Wall, Randytown, AL 33465",East Kathrynborough,Mississippi,4/29/2024
CUST2723,Melissa,Mercer,alejandroarroyo@cain-taylor.net,(763)136-4102x74816,"PSC 9822, Box 5876, APO AA 46499",Lake Justinchester,Arkansas,2/2/2024
CUST2724,Paul,Schmidt,rebekah97@yahoo.com,884.485.0300x797,"115 Torres Village, Jonesland, NV 46657",Lake Megan,Missouri,6/18/2023
CUST2725,Christopher,Wise,debrajackson@yahoo.com,(681)063-9364x3036,"3415 Jennifer Centers, Mcguireberg, MD 66376",Jessicaville,Pennsylvania,9/16/2023
CUST2726,Michael,Rodriguez,david33@hahn.com,(774)539-8042x63534,"469 Williamson Mission, New Anthonymouth, CA 60178",Christopherberg,South Dakota,2/9/2025
CUST2727,Kevin,Downs,tracieblack@yahoo.com,001-628-175-7700x3536,"26684 Ashley Trafficway, Lake Ronaldbury, OK 66963",New Melissahaven,Connecticut,8/24/2023
CUST2728,Brian,Graham,gregory87@gmail.com,993-831-3859x66229,"2490 Weber Terrace, New Antonio, NC 33355",Port Jessica,Vermont,5/6/2024
CUST2729,Heather,Hernandez,debrawise@yahoo.com,001-841-744-4690,"42022 Lang Bridge, Fisherburgh, AK 75675",Port Barry,Nebraska,3/16/2024
CUST2730,Mark,Smith,gary76@yahoo.com,+1-853-938-0393x75857,"05211 Candice Run Suite 438, Wilsonview, NE 51208",West Theresa,Vermont,8/14/2024
CUST2731,Andrew,Robertson,jamesmack@hotmail.com,+1-739-039-8457x5403,"USCGC Casey, FPO AA 17517",New Paulstad,Vermont,10/16/2023
CUST2732,Maria,Smith,deborahmack@bailey-santos.info,929-139-3530x03239,"908 Jacob Motorway, Mendezfurt, NC 29998",Tinaville,Maryland,12/15/2023
CUST2733,James,Noble,ericjohnson@hotmail.com,+1-137-341-0893x50363,"8737 Daniel Hollow Apt. 243, Brownview, AK 46816",Alexanderbury,North Dakota,11/19/2024
CUST2734,Lisa,Gonzales,jmorrison@hotmail.com,(738)366-5962,"86859 Sharp Unions, East Christopherview, HI 43110",Benjamintown,Minnesota,3/14/2025
CUST2735,Laura,Doyle,rowlandkyle@powell-chan.com,(956)184-6835,"0180 Abigail Islands, Charlesview, DC 58164",Brandyshire,Ohio,12/29/2022
CUST2736,Anthony,Davis,davidbeverly@gomez-ward.net,-2107,"87340 Wood Shoals Apt. 342, Millertown, DE 87254",Jenniferfurt,Nevada,6/9/2023
CUST2737,Kelsey,Little,armstrongashley@edwards-parsons.org,079-656-2654,"27798 Carter Ramp Suite 726, South Sandraburgh, ID 50496",Wandachester,Georgia,10/15/2024
CUST2738,William,Rivera,catherinecox@sharp.com,850-029-1143,"10728 Anderson Course, Port Matthew, SD 37353",New Taylor,Illinois,5/9/2022
CUST2739,David,Smith,dianejohnson@randolph.biz,7553540926,"5434 Samuel Villages Apt. 653, Lake Melissa, MI 75172",New Steven,Wyoming,4/2/2025
CUST2740,Ricky,Khan,jerome58@crosby-wood.com,6725166275,"5395 Taylor Meadow Apt. 684, Christopherburgh, AK 50319",Henryton,California,12/29/2024
CUST2741,Susan,Ayala,bbradley@weaver.com,603-610-0118,"69261 Russell Falls Apt. 155, Port Joseph, MO 30890",West Anthonyborough,West Virginia,5/14/2023
CUST2742,Lisa,Holt,paynesamuel@moore.biz,+1-052-120-8413x62696,"06340 Jackson Loaf, Herreraville, OK 56415",Crawfordbury,Vermont,4/25/2023
CUST2743,Denise,Newman,kingerica@diaz.org,001-052-405-9015x010,"241 Brandon Lane Apt. 987, Shawnchester, IA 38780",Port Elizabethport,New Hampshire,5/24/2023
CUST2744,Tracy,Holmes,barbaramoore@walker-bright.info,455.079.0366x5079,"0025 Torres Corners Apt. 008, Kimberlymouth, DC 07040",New Traceybury,Florida,10/22/2022
CUST2745,Elizabeth,Jackson,guzmanstacey@glover-lewis.com,6957558924,"1477 Frank Rapid Suite 921, Michaelfort, PA 08555",Martinezfort,Texas,11/21/2024
CUST2746,Christina,Frederick,karen85@marshall-prince.com,782.486.9515x958,"6993 Trevor Union, New Destiny, KY 65995",Ashleyburgh,Washington,2/13/2024
CUST2747,Karen,Greene,fowlermary@stanley-price.biz,+1-173-083-9788x171,"3035 Thomas Track Apt. 148, Lake Meghan, UT 15278",Port Tracyside,Ohio,8/16/2023
CUST2748,Daniel,Ray,flemingnicholas@vaughn-johnson.com,919-029-8049x5290,"03653 Dawn Mill Suite 312, New Carlshire, UT 65822",Port Thomas,Idaho,11/3/2023
CUST2749,Amanda,Valenzuela,morrisonmelissa@myers.com,(424)345-8517x694,"5674 Wendy Corners Suite 504, Michellemouth, PA 38155",East Crystalview,Rhode Island,10/11/2023
CUST2750,Warren,Sandoval,jamie01@nguyen.com,150-359-4792x880,"364 Johnson Cape Suite 727, North Kimberly, WV 82209",Lake Lucasfort,Washington,6/9/2024
CUST2751,Katherine,Fry,bellis@yahoo.com,001-378-042-5429x75526,"154 Jackson View, North Robert, NE 47830",East James,North Dakota,1/27/2025
CUST2752,Billy,Miller,guerrastephanie@yahoo.com,178.115.7759,"Unit 4871 Box 4575, DPO AA 88896",East Christopher,Utah,3/30/2025
CUST2753,Joy,Hall,qmassey@ross.info,520-860-9423,"9375 Patel Cove Suite 418, Holdenfort, PA 34030",Williamsstad,Florida,4/25/2022
CUST2754,Kathleen,Flores,vparks@page.info,025-118-2026,"USNS Weeks, FPO AE 47685",Elizabethview,New York,7/26/2022
CUST2755,Elizabeth,Campbell,peter90@gmail.com,+1-238-719-0340x2570,"48194 Contreras Parkway Apt. 138, East Shelbyborough, NV 53117",Port Ryan,Rhode Island,12/6/2023
CUST2756,Randy,Russo,pauladelgado@yahoo.com,923-018-4378,"5290 Tina Plain Suite 259, Lake Heatherport, NH 63317",Longland,Missouri,7/17/2024
CUST2757,Shannon,Li,hcarney@blackwell.com,(607)778-6204,"Unit 4602 Box 5223, DPO AA 27012",Melissaside,Montana,2/18/2024
CUST2758,Tonya,Crawford,haydeneric@martin-miller.biz,276.755.2164x9408,"3954 Copeland Groves Apt. 207, Lopezfort, TX 49236",Lake Wesley,Texas,11/9/2024
CUST2759,Tiffany,Moran,andrew84@donovan.info,+1-478-964-8435x69047,"8582 Kelley Plains Suite 859, Thompsonmouth, AR 16087",North Ericmouth,Wyoming,11/26/2024
CUST2760,Mary,Fields,harriswilliam@thompson.net,001-932-991-5269x502,"634 Carlson Unions, Shannonfort, TN 59936",Warnermouth,Connecticut,10/11/2022
CUST2761,Bryan,Fox,tsmith@johnson.net,(777)348-5782x2344,"258 Davis Corner, Jonathonport, ME 08081",Bradyburgh,Oregon,6/16/2023
CUST2762,Andrea,Reed,katherine85@gmail.com,001-289-142-6972x6488,"85696 Cindy Valleys, Port Juliamouth, ND 47736",Bowentown,Texas,9/4/2023
CUST2763,Amy,Fletcher,kylerogers@hotmail.com,607.588.6747,"40870 Robin Wells Apt. 043, Stephensshire, TN 35803",Port Brian,South Dakota,12/27/2024
CUST2764,Hailey,Hernandez,frenchjasmine@moses.com,-7080,"537 Brandon Trace, Josephburgh, KS 57517",North Teresa,Oregon,5/30/2022
CUST2765,Debra,Pope,laraheather@hotmail.com,001-518-624-4361x180,"925 Owen Square, East Jeromefort, VA 58289",Andreastad,Minnesota,1/29/2024
CUST2766,Carly,Mcconnell,jasonking@clark.org,568-883-8874,"750 Rebecca Shores Apt. 721, South Jeffreyville, DE 06312",Rodriguezfort,North Carolina,12/29/2022
CUST2767,Paul,Smith,jason75@wilcox.com,477.057.8562,"1401 Peterson Plaza, North Ashley, NM 16137",Bakerstad,California,4/28/2022
CUST2768,Stacey,Taylor,bgross@gmail.com,001-852-665-8526x3246,"865 Mosley Camp, North Louisfort, MI 54169",Autumnmouth,Delaware,7/9/2023
CUST2769,Brad,Sherman,elizabeth55@frost-kennedy.com,+1-477-477-3629x4629,"Unit 1155 Box 5932, DPO AE 35666",South Joshuachester,Massachusetts,1/28/2024
CUST2770,Lindsay,Robinson,galvananthony@hotmail.com,1392043500,"18857 Holmes Loop, Danielside, DC 17243",Brandifort,West Virginia,7/4/2024
CUST2771,Yvonne,Solomon,gregory44@garcia-floyd.biz,903.509.4387x79234,"78846 Kline Trace Apt. 798, Limouth, WI 56344",South Andreaburgh,New Jersey,2/15/2024
CUST2772,Gary,Castro,vowens@jones.biz,8821002047,"342 Bobby Hills, East Brianaberg, OH 30926",New Emily,Oregon,8/29/2022
CUST2773,Robert,Johnson,josefuller@stein.com,+1-509-584-0340x73462,"13806 Reyes Pass Suite 783, West Kristophermouth, ND 06111",Jamesburgh,North Carolina,1/15/2025
CUST2774,Crystal,Jordan,mary88@kennedy-krause.org,811023997,"PSC 0921, Box 7219, APO AA 07942",Laurenside,Washington,12/21/2024
CUST2775,Hannah,Tapia,seth46@parker.info,5597337365,"290 Donna Court Suite 275, New Morganfurt, WY 22259",West Kellymouth,Vermont,10/30/2024
CUST2776,Bryce,Jordan,gregory34@yahoo.com,4927645258,"7671 Keller Wall, Lake Williamfort, IN 33495",Lisaland,Alabama,2/20/2025
CUST2777,Mallory,Bryant,karen47@yahoo.com,001-808-884-2956x7796,"310 Whitaker Drive, Davisville, LA 02499",Pollardburgh,Nebraska,11/23/2024
CUST2778,Juan,Jones,xhowell@yahoo.com,573-701-0621x49150,"PSC 6617, Box 2938, APO AA 17493",East Jilliantown,Pennsylvania,3/1/2025
CUST2779,Tammy,Miller,joseph90@bailey.biz,271.146.3440x822,"41281 April Flats Suite 084, Port Robertchester, MO 54814",East Sherri,Pennsylvania,9/1/2023
CUST2780,Michelle,Lin,acrawford@gmail.com,-4936,"987 Molly Garden Apt. 660, Lake Paul, LA 86519",Howardland,Kansas,11/28/2022
CUST2781,Jordan,Bennett,xperry@yahoo.com,(133)621-7430x5564,"92195 Casey Flat, Lake Harold, DE 89562",Harrisview,Virginia,1/2/2025
CUST2782,Martin,Walker,christopher11@montoya.org,600.941.0062,"7826 Cardenas Ford Apt. 732, South Richardview, CO 01849",Aliciaview,Virginia,4/15/2025
CUST2783,Jason,Coleman,todd29@gmail.com,155-339-2077x003,"0113 Lisa Burgs Apt. 845, Port Ashley, SD 63566",Wilsonborough,Rhode Island,2/19/2023
CUST2784,Lisa,Elliott,stacy13@hotmail.com,001-937-796-7249x79529,"5896 Jared Mountains Suite 091, West Catherinechester, MO 39592",West Jenniferberg,Alaska,10/25/2023
CUST2785,Heather,Bernard,daniel51@powell-duke.com,116.543.4620x11395,"2248 Blake Via, Ericastad, NV 87366",Chungberg,Kansas,6/20/2022
CUST2786,Robert,Lee,edwin98@hotmail.com,001-493-291-5194x62126,"85747 Zhang Glen Suite 903, Nguyenburgh, SD 11417",Christopherbury,Michigan,5/11/2024
CUST2787,Anna,Briggs,scott83@evans.com,+1-776-069-1514x97978,"8971 Jennifer Tunnel, South Brooke, MI 52733",Lake Danielside,Hawaii,1/15/2023
CUST2788,Nathan,Archer,kimberlymyers@stanley.com,(528)293-3481x568,"3429 Matthew View, Nicholasstad, NY 01531",Lawrencechester,New Jersey,6/30/2023
CUST2789,Susan,Perez,lbarnes@parsons.com,038-010-2738,"237 Brad Point Suite 853, Melissamouth, WY 92398",Davidfurt,Delaware,10/25/2023
CUST2790,Michael,Singh,jameswilliams@gmail.com,171.312.6158,"USNS Mann, FPO AA 34206",West Carolineport,Louisiana,4/13/2024
CUST2791,Alan,Holder,hannahingram@hotmail.com,778.169.0918x40098,"550 Anderson Forks Suite 789, Ingramhaven, ME 45502",Sarahton,Nevada,10/25/2024
CUST2792,Benjamin,Adams,reneeberry@padilla.com,981.421.1011x56355,"1267 Harris Passage Suite 505, North Michaelmouth, AR 05552",Lake Pam,Idaho,12/10/2023
CUST2793,Andrew,Henry,mperez@gmail.com,199-682-5105x69273,"909 Santos Pike, East Kellyfort, NE 84152",South Amy,Wyoming,3/25/2025
CUST2794,Nicole,Crawford,lynchmercedes@gmail.com,778.492.8047x300,"232 Walker Garden Apt. 260, Donaldsonborough, LA 63215",South Rhonda,South Dakota,9/18/2023
CUST2795,Danielle,Hall,faulknertodd@wood.info,-10430,"4338 Brown Trail, Bushfurt, CA 96591",East April,Kentucky,6/25/2024
CUST2796,Jamie,Smith,sarahoconnor@yahoo.com,801-546-3625,"72589 Jennifer Lake Apt. 388, West Loretta, SC 90366",Dennisburgh,Kentucky,12/2/2022
CUST2797,Eric,Taylor,wilsonmonica@gordon.com,001-058-634-4043x119,"5605 Alexander Plaza Apt. 382, North Christophershire, MO 12789",Port Sandra,Kansas,10/22/2023
CUST2798,Thomas,Rodriguez,gutierrezcraig@reyes-schmitt.biz,(858)331-7126,"6841 Roberts Mews Apt. 792, East Whitneyfurt, VA 69411",South Kimberlychester,New Mexico,7/18/2023
CUST2799,Andre,Jenkins,jrivas@yahoo.com,979.840.0768x516,"2106 Adams Garden, East Tyronefort, AL 92355",New Ashleyshire,Missouri,3/18/2024
CUST2800,John,Dunn,shepherdjose@choi-hoffman.com,735-691-9106,"USCGC Harris, FPO AP 51413",Trevorfurt,North Carolina,11/16/2024
CUST2801,Katie,Stafford,jeffreywilliams@sanchez.com,343.308.4261x333,"661 Jennifer Flat Apt. 558, West Robin, MS 89281",Jenniferbury,Hawaii,5/22/2024
CUST2802,Katherine,Bruce,patricia97@yahoo.com,837-036-1119x5442,"27497 Alvarado Village, Wilsonchester, MO 75307",Lake Gailville,Tennessee,4/27/2023
CUST2803,Natalie,Nichols,ronald09@gmail.com,544-006-7953x95523,"038 Medina Stravenue, Ryanside, MD 20821",Port Jasonville,Massachusetts,1/21/2025
CUST2804,Mary,Dudley,matthewlee@yahoo.com,296.544.5695x92137,"657 Anthony Meadows Suite 093, Erikafurt, KS 35200",Tamarafort,Iowa,1/29/2025
CUST2805,Jonathon,Barnes,sbrown@gmail.com,105-041-3646,"39969 Macdonald Vista, Tinabury, WA 54147",East Monicastad,Nebraska,4/7/2024
CUST2806,Heather,Richardson,danamiller@james-johnson.com,001-840-738-0536x57607,"703 Renee Lane Suite 928, Lake Marcus, NY 40230",Raymondberg,Michigan,6/8/2022
CUST2807,James,Wiley,gambleashley@reed.com,941.978.2032x358,"357 Robert Knolls Apt. 775, East Jasonmouth, NJ 13727",East Kevinland,Oklahoma,4/4/2024
CUST2808,Shawn,Johnson,justinburns@schmitt.net,804-755-3051x924,"57179 Ramos Station, East Tina, TX 56114",Port Damonport,Nebraska,3/5/2023
CUST2809,Rachel,Schultz,dunnkenneth@gray.com,374.316.0587x58533,"5087 Tammy Rapid Suite 803, West Katherinefurt, FL 78511",Sandovalside,Utah,8/4/2023
CUST2810,Christopher,Olson,phuynh@garcia-barker.com,220.246.9919x730,"USCGC Ross, FPO AA 84856",Timothyfurt,Colorado,4/4/2024
CUST2811,Julie,Castillo,rodriguezdeborah@johnson-watts.com,(266)170-7535x68250,"068 Flores Mountains, Kellyfurt, MI 52927",North Jonathan,Nebraska,4/8/2024
CUST2812,Misty,Anthony,esosa@hotmail.com,(592)572-5967,"34213 Sarah Turnpike Apt. 878, South Stephanie, NM 82356",Mullinsberg,Virginia,12/18/2022
CUST2813,Lisa,Jimenez,crystal55@gmail.com,243-462-1451,"1490 Christine Walks Suite 137, Hallfort, SC 70336",Bradfordfort,Texas,4/6/2024
CUST2814,Steven,Howe,danielsuarez@mora-powell.info,103-413-3856x4714,"05864 Kristin Ports, West Brendashire, MA 02255",Thomasmouth,Kansas,2/22/2023
CUST2815,Julie,Lee,staceychaney@gmail.com,879.977.0507x384,"355 Davis Mills Apt. 714, South Phillipville, SD 19110",Lake Nataliechester,Michigan,5/13/2022
CUST2816,Darrell,Johnson,patricia38@fry-king.com,986-484-0780x4530,"Unit 7816 Box 6337, DPO AA 45073",Lindsayfort,Nebraska,4/13/2025
CUST2817,Tamara,Henderson,charles49@barnett.info,+1-366-765-6467x3198,"3037 Stevens Path Suite 222, North Erica, DC 99752",Brianburgh,Indiana,5/25/2023
CUST2818,Melissa,Parker,allison29@crosby-moore.com,001-964-877-0592x1384,"24781 Heather Gateway, South William, OH 75929",South Heathermouth,Rhode Island,6/23/2022
CUST2819,Rachel,Williams,keithward@smith.com,001-177-995-1572x40741,"7869 Tamara Heights Apt. 333, Martinezside, WA 58172",Port Jacobburgh,Indiana,5/6/2023
CUST2820,Michelle,Sullivan,amandadixon@hotmail.com,(634)890-2643,"479 Tracey Avenue Apt. 357, Lauraview, NE 85253",Hannahville,Indiana,5/16/2022
CUST2821,Jeremy,Garza,johnfuentes@gmail.com,(154)051-3632x222,"222 Marie Unions, New Brooke, WV 07974",North Danielstad,Iowa,11/14/2023
CUST2822,Christine,Martin,dennis33@nguyen-page.com,5998984785,"Unit 4618 Box 0093, DPO AA 50588",North Amyhaven,Colorado,3/10/2025
CUST2823,Melinda,Foster,heather07@white.com,054-313-5644,"993 Wiggins Parkways Apt. 246, Michaelberg, MA 66190",New Hayleyton,Pennsylvania,6/2/2024
CUST2824,William,Jensen,rowlandcindy@collins-willis.com,001-933-478-0887x899,"PSC 8284, Box 9390, APO AA 43336",Port Jamesmouth,New Hampshire,2/4/2024
CUST2825,Anna,Murphy,wparker@mcbride.net,-9501,"87304 Hernandez Field, Matthewview, AZ 60523",South Carlos,New Mexico,5/4/2023
CUST2826,Jennifer,Mason,davidlewis@yahoo.com,841-022-7843,"2380 Clark Key Suite 488, Brianmouth, AL 05588",Port Angela,Kentucky,1/24/2024
CUST2827,Ryan,Russell,wiseshannon@gmail.com,-10684,"590 Caitlin Cape, North Ryanmouth, NC 37730",Brandichester,Nevada,9/9/2022
CUST2828,Phyllis,Lewis,robert54@gmail.com,379.493.0829x4895,"712 John Way Suite 638, Michellehaven, WA 28847",Mezamouth,Arkansas,11/19/2023
CUST2829,Rachel,Ford,upollard@gmail.com,809.898.3159x22328,"Unit 9217 Box 0708, DPO AE 10002",South Tylertown,Minnesota,2/10/2025
CUST2830,Shawn,Bell,zavaladonald@hotmail.com,001-212-745-1707,"7209 Charlotte Canyon Suite 279, Port Kelly, KY 50882",South Douglas,Pennsylvania,3/13/2024
CUST2831,Amanda,Taylor,phillipsjoshua@yahoo.com,-10589,"3311 Stephanie Point, Ashleyville, WI 44100",Berryborough,North Dakota,1/26/2024
CUST2832,Roger,Smith,emily75@yahoo.com,020.161.1146,"9311 Bailey Circle Suite 407, Jasonchester, WI 68627",Richardtown,Hawaii,8/1/2024
CUST2833,Patrick,Bennett,martinrobert@yahoo.com,(914)078-3296x55064,"38669 Scott Roads, Mercerstad, SC 21379",Kimberlyport,Florida,10/14/2023
CUST2834,Madison,Holmes,burgesstaylor@hotmail.com,661-317-6889,"315 Carlson Centers, Johnside, MT 54010",South Anthony,South Carolina,2/20/2024
CUST2835,Kevin,Stone,annettereid@rich.com,461-187-1762,"75794 Meyers Glen, Jamesstad, MI 38483",North Rebeccamouth,Wisconsin,1/15/2023
CUST2836,Paul,Mason,nicolemaddox@hotmail.com,001-260-009-3456x011,"9536 Paul Squares, New Jessica, LA 36907",Lunastad,New Hampshire,2/4/2023
CUST2837,Garrett,Stewart,thomasmatthew@morris-howell.biz,(445)511-8975x2031,"512 Angela Road, Karlachester, RI 59937",Lake Barbaraberg,North Dakota,3/15/2025
CUST2838,Laurie,Smith,andrewjohnson@carter.com,001-893-476-6131x008,"1527 Rebekah Forges Apt. 516, Port Reneefort, TN 67520",Emmaland,West Virginia,11/20/2022
CUST2839,Jay,Lee,martinezrobert@wilson.com,3990171988,"6691 Ann Expressway, Romeroburgh, PA 18188",Johnsonport,Louisiana,3/25/2023
CUST2840,Chelsea,Sparks,vjuarez@hotmail.com,397975374,"90016 Hines Point, South Anthonyfurt, CT 87824",New Jessicaburgh,Maine,6/2/2023
CUST2841,Katherine,Brown,shermanroy@yahoo.com,493-406-0261,"85420 Bailey Ridges Apt. 381, West Monicabury, TN 35962",West Brian,Rhode Island,1/8/2025
CUST2842,Makayla,Mason,lmedina@roberts.info,998.227.8537,"0453 Simpson Corner, Campbellmouth, MD 01668",Floresport,Mississippi,4/16/2023
CUST2843,Jennifer,Sanchez,qnielsen@mayer.com,(278)954-4359x3451,"54501 Marcus Lane, South Monicaburgh, TX 29408",Jessicaborough,Montana,4/20/2022
CUST2844,Kristin,Wright,tgregory@hotmail.com,623.572.5180x21813,"102 Todd Glen Apt. 455, Rangelmouth, MT 47465",Theresafurt,Colorado,6/1/2022
CUST2845,Mark,Adams,andreduarte@yahoo.com,936.859.7014,"6581 Jeffrey Dale, Duranstad, IL 96102",West Bradleystad,Vermont,10/21/2023
CUST2846,Robert,Cole,montoyaalexa@yahoo.com,001-376-229-3764x816,"3219 Erin Port Apt. 731, Lake Tina, MT 30129",Margaretmouth,Vermont,5/13/2022
CUST2847,Tammy,Luna,stephen95@lewis-wright.net,3920261279,"077 Reese Burgs, Port Lindachester, MD 22906",East Jenniferchester,North Dakota,5/5/2023
CUST2848,Teresa,Peterson,lmccoy@mccarthy.org,(927)529-4735x49875,"Unit 2233 Box 6156, DPO AP 35742",Colemouth,Montana,10/28/2024
CUST2849,Sabrina,Leon,kristenkelley@turner.net,342.416.1109x8114,"32086 Brittany Meadow Suite 094, South Ethanville, CO 93966",Jarvismouth,Florida,10/25/2024
CUST2850,Corey,Morales,scott02@woods.net,334-394-7681x2840,"3685 Sloan Brook Apt. 579, Zacharyburgh, MS 59695",West Timothytown,Arizona,6/22/2022
CUST2851,Nicholas,Gray,manuel28@hotmail.com,710-268-7755x82087,"787 Joseph Dale, Powellville, TN 69522",New Theresa,Rhode Island,5/17/2023
CUST2852,Brandi,Rodriguez,cody75@hotmail.com,(338)987-3592x7236,"2224 Michael Mews, Martinezside, OH 71148",Port Kim,Maine,4/4/2024
CUST2853,Tyrone,Marquez,wbrown@bean.com,001-909-739-1538x7279,"41550 Laura Hollow Apt. 632, Nelsonchester, NC 02564",North Annemouth,Minnesota,12/25/2022
CUST2854,Emily,Bush,tmalone@castillo-medina.com,933-035-5743x1934,"58329 Holmes Mews, East Adam, SD 60271",Alvarezview,Iowa,3/30/2023
CUST2855,Erica,Stone,hcosta@gmail.com,-1271,"9164 Carolyn Ways Suite 630, Deborahhaven, KY 35530",Welchview,Tennessee,3/25/2025
CUST2856,Denise,Moore,travissmith@gonzalez.com,(978)926-8725,"65338 Smith Lakes Apt. 123, Port Diane, NV 01303",Johnside,Washington,6/4/2024
CUST2857,Gary,Cain,aaronshelton@walker.info,001-688-454-9090x45981,"2258 Hicks Plains Apt. 940, West Andrew, OH 22727",Lindaburgh,Michigan,2/13/2023
CUST2858,Dennis,Allen,williamcarroll@hotmail.com,442-245-9972,"5584 Perkins Plains Suite 808, Aguilarmouth, HI 30793",Piercehaven,North Dakota,11/25/2023
CUST2859,Michael,Davis,ortegaruth@davis.net,750.440.9614x431,"061 Schaefer Prairie Apt. 824, Sandraland, NY 82289",Destinyport,Iowa,8/13/2022
CUST2860,Edward,Hill,jenniferhamilton@gmail.com,+1-164-421-1682x5868,"PSC 8846, Box 1325, APO AP 20038",Jeffstad,Minnesota,7/15/2023
CUST2861,Lisa,Hill,justin49@yahoo.com,+1-451-821-2115x15334,"383 Gonzales Hollow Apt. 067, Reevesview, NY 92889",South Justin,Michigan,1/5/2024
CUST2862,Zachary,Simon,gbrown@mitchell.net,(692)777-8154,"033 Angela Valley, Port Kimberlyfort, NJ 78768",New Brandonmouth,Georgia,1/21/2024
CUST2863,Paula,Jimenez,kelly61@johnson-munoz.net,405.750.7126x1193,"4262 Antonio Rest, West Jessica, TN 76443",North Jeffreytown,Connecticut,11/17/2022
CUST2864,Daniel,Smith,peter54@hotmail.com,+1-587-280-2463x5569,"Unit 4102 Box 5601, DPO AE 40395",East Kimberlyland,Wisconsin,12/1/2024
CUST2865,Matthew,Lopez,hodgecourtney@lewis.com,(087)715-8561x86808,"294 Alison Lodge Apt. 861, South Alexbury, ND 03364",West Staciefort,Kentucky,8/5/2022
CUST2866,Michael,Flores,timothy18@yahoo.com,(514)031-8805,"895 Clark Union, Tinaville, KY 60760",Colleenmouth,Ohio,7/10/2022
CUST2867,Michelle,Russell,jenna97@yahoo.com,519.627.1689x16662,"USCGC Hernandez, FPO AE 87452",East Linda,New York,1/9/2025
CUST2868,Robert,Sutton,richard26@yahoo.com,174-242-0670,"134 Eric Road Suite 518, Kristenview, CT 42054",Raymondburgh,New Jersey,4/27/2023
CUST2869,Arthur,Martin,jacqueline96@miller.com,001-204-660-0922x40342,"7435 Cox Route Apt. 540, Ralphberg, AL 58026",Edwardston,Massachusetts,11/2/2024
CUST2870,Joe,Cole,frank11@hotmail.com,001-050-756-4183x9658,"31804 Jessica Villages Suite 950, Vickieton, KY 25114",Proctorfurt,Montana,2/20/2023
CUST2871,Joshua,Middleton,zwilliams@gmail.com,(985)599-1710,"USNS Price, FPO AA 93467",Joseshire,Washington,9/6/2023
CUST2872,Herbert,Harrell,nbarron@yahoo.com,703.661.0681x35328,"33092 Cheryl Springs Suite 163, Baxterside, SC 52243",Mezaton,Oregon,5/22/2023
CUST2873,Willie,Stein,williamskelsey@beard-villanueva.info,245-864-1526x7596,"89089 Carter Trafficway Apt. 440, Rebeccahaven, OR 18217",Keithberg,Maine,7/31/2024
CUST2874,Samuel,Young,lawsonmicheal@pacheco.com,668-445-3887x4426,"307 Courtney Ramp, Lake Lindsay, KS 76374",East Bruce,Virginia,3/20/2025
CUST2875,Amanda,Sanders,wrightwillie@acevedo.com,+1-790-565-6135x592,"99033 David Roads Apt. 112, Valdezton, DE 12543",Debraview,Utah,7/24/2022
CUST2876,Robert,Bowman,michelle29@yahoo.com,(850)682-0617,"94872 Ashley Lane Suite 994, Fraziershire, MN 76516",Suttonfort,Montana,12/16/2024
CUST2877,Brandon,Barron,william82@williams-ferguson.net,(999)938-4130x2239,"PSC 7192, Box 2809, APO AE 47813",Lake Albertville,Florida,9/22/2024
CUST2878,Elaine,Stewart,kglass@yahoo.com,001-767-301-9730,"50968 Christina Terrace Apt. 750, South Martinborough, KS 97039",Vincentmouth,Wisconsin,7/7/2023
CUST2879,Jacob,Hale,heather34@yahoo.com,(359)094-5305x4068,"PSC 6539, Box 2056, APO AP 26364",Jillfurt,Kansas,10/19/2022
CUST2880,Philip,Sanchez,masonsharon@cole.biz,(789)748-0970,"12659 Rebecca Branch Suite 826, Jenkinstown, NE 73920",Joshualand,West Virginia,7/27/2023
CUST2881,Kristy,Parker,flowery@clark.org,459-539-4006,"21974 Andrew Port Apt. 470, Stephanieton, IA 40898",South Jacquelinefurt,Arizona,3/4/2024
CUST2882,Kent,Adkins,njones@gmail.com,387.836.1947x6085,"633 Goodman Vista, Whiteshire, AL 96723",Romeroland,Oklahoma,7/6/2024
CUST2883,Jennifer,Smith,gordon98@hotmail.com,(631)720-2092,"997 Melissa Streets Apt. 727, New Wendy, MS 17979",Dylanside,Michigan,12/28/2024
CUST2884,Marilyn,Gray,harrisonbrianna@yahoo.com,614.831.5753,"393 Green Islands, Port Jamietown, VA 16101",East Aaronport,Minnesota,5/11/2024
CUST2885,Amanda,Horn,deckeryvonne@yahoo.com,316.422.1425x8094,"Unit 0812 Box 2658, DPO AE 94256",Hernandezborough,Vermont,10/18/2024
CUST2886,Maureen,Francis,jamespeterson@taylor.info,381.831.3253,"3555 Mcdaniel Lights, North Samuelstad, MN 85386",New Antoniomouth,Oklahoma,5/7/2022
CUST2887,Amy,Mora,dawn76@castro.com,7269475013,"802 West Garden Suite 703, Port Karenton, WA 46958",North Shirleyport,Alabama,4/16/2023
CUST2888,Micheal,Wells,michaelcampbell@jones.com,336.316.9778x6539,"267 James Hollow, Sarafurt, IA 91906",Bellbury,Montana,6/24/2024
CUST2889,Antonio,Coleman,robinsonmichael@chavez.com,001-706-840-1813x95222,"489 Henderson Course, Lake Paulchester, WI 70444",Shaunport,Illinois,9/16/2023
CUST2890,Derrick,Gill,gutierrezjacqueline@peterson.com,719.421.7237,"USS Wallace, FPO AA 79865",Tammyburgh,Tennessee,10/28/2023
CUST2891,Kathleen,Sanchez,adam62@yahoo.com,833.934.5996,"2935 Austin Prairie Suite 850, South Robertside, IN 48482",Port Claudia,Georgia,8/30/2024
CUST2892,Kerry,Robertson,aaguirre@morris.com,(027)559-1461x32047,"099 Renee Brook Suite 209, Maldonadobury, AL 88978",Port Davidview,Michigan,2/4/2023
CUST2893,Derrick,Lambert,bridgetwright@schroeder-johnson.com,1736587188,"919 Matthew Falls Apt. 289, Griffinmouth, KY 87111",North Monicaside,Michigan,10/24/2023
CUST2894,Michael,Hall,ngonzales@gmail.com,939-279-5409x7421,"9959 Moore Crescent, Nicoletown, TN 19577",Lake John,West Virginia,7/5/2023
CUST2895,Margaret,Watson,ronaldperry@guzman-ward.com,610-133-0124x31280,"534 Earl View, Annborough, VA 26073",South Jeffery,Maryland,5/2/2022
CUST2896,Mariah,Baker,danieljohnson@simpson.com,107-477-3500,"97070 Shannon Locks, East Deborahport, MS 13256",New Lawrencemouth,South Carolina,6/2/2024
CUST2897,Rachel,Fields,savannah90@klein.org,001-630-819-0182x87757,"USNV Miller, FPO AE 13284",New Kathy,Washington,9/30/2022
CUST2898,Christina,Wright,matthewferguson@ross-johnson.com,679.827.7147x82864,"632 Heidi Views, Olsenville, MS 02562",East Petershire,Oklahoma,10/30/2024
CUST2899,Kimberly,Ingram,jasonharrington@hotmail.com,001-909-328-1820x868,"604 Jared Knolls, New Brandon, IN 36852",North Stanleyhaven,New York,12/22/2024
CUST2900,Matthew,Thompson,johnsonadam@hotmail.com,001-152-530-2711x067,"894 David Fork, Rodriguezville, UT 77878",South Markberg,Ohio,4/7/2023
CUST2901,Terri,Gay,aguilaralyssa@yahoo.com,751-932-4995x37405,"Unit 3189 Box 8533, DPO AP 00646",Michaelview,Arizona,7/7/2022
CUST2902,Joseph,Preston,jamessingh@estrada-lara.org,8250866485,"40843 Melinda Glens, Beanstad, CA 28154",Karenhaven,Tennessee,10/8/2022
CUST2903,Debbie,Luna,lholloway@yahoo.com,001-422-505-3374,"490 Timothy Row, Juliechester, WI 80486",Flynnmouth,Illinois,12/12/2023
CUST2904,Timothy,Todd,kelly30@martin.com,(373)173-5060,"8504 Bonnie Lodge Apt. 311, East Danielle, NM 02951",Hicksmouth,Colorado,8/10/2023
CUST2905,Jessica,Garcia,thomasgarner@hotmail.com,001-225-656-3664x266,"0453 Laura Knolls Apt. 715, Josephhaven, FL 49189",Brittanyville,Oregon,3/13/2024
CUST2906,Jorge,Klein,stephen95@nicholson.net,586-326-8682x4965,"358 Michael Burg Apt. 584, Robertton, CO 33533",North Alexander,South Carolina,5/30/2024
CUST2907,Morgan,Robinson,debbie73@gmail.com,975.886.5064x808,"77628 Gail Extension Apt. 007, Markhaven, DC 87974",East Briannaport,Texas,4/21/2024
CUST2908,Sherri,Berry,lewislori@gmail.com,-8154,"303 Ronald Plaza, Smithbury, WV 34407",Susanfurt,New Hampshire,3/19/2024
CUST2909,Steven,Scott,sydney44@lin.com,+1-081-646-1485x300,"Unit 6539 Box 3838, DPO AE 31440",North Kevin,Hawaii,7/21/2022
CUST2910,Leonard,Murphy,hbriggs@alvarez-ruiz.info,700.794.9790x88831,"3371 Nicole Plaza Apt. 856, West Cody, OK 59611",North Brenda,Virginia,1/6/2023
CUST2911,Angela,Robbins,michael58@hotmail.com,(516)601-8861x648,"423 Jonathon Falls Suite 690, New Nathanchester, WA 59925",Richardmouth,Nebraska,4/24/2023
CUST2912,Jessica,Brooks,qjames@gmail.com,-5624,"6551 Christopher Mount Apt. 137, West James, AZ 53438",Amyville,Colorado,1/3/2023
CUST2913,Douglas,Serrano,courtney58@yahoo.com,3007160571,"537 Logan Tunnel, Bergerburgh, MO 66042",Olsonfurt,Maine,1/25/2023
CUST2914,Olivia,Brown,jjoyce@hotmail.com,374-122-0552x29465,"634 Thompson Bypass, Hoffmanmouth, GA 92482",Meyerland,Michigan,8/25/2024
CUST2915,Michelle,Boyd,baileyrobin@gmail.com,595-367-2500x46541,"903 Julie Ridges Apt. 078, Perkinston, IA 06028",Lake Aaron,Washington,4/4/2024
CUST2916,Amanda,Payne,martin01@goodman.com,575-649-4423,"75744 Jose Locks Suite 629, Lindaport, SC 73579",West Angela,Montana,10/21/2023
CUST2917,Sandra,Graham,gina80@yahoo.com,960.192.8264x4474,"38026 Chang Common, Madelinebury, WI 31580",Morganfurt,Michigan,10/27/2024
CUST2918,Cheryl,Elliott,kristopher41@lara.net,2061214112,"250 Perkins Flat Suite 710, Lake Susanstad, KS 24706",South Jeremybury,New Mexico,5/18/2022
CUST2919,Lisa,Clark,stephanie21@yahoo.com,784-475-1536,"PSC 8986, Box 0252, APO AE 46924",Duaneborough,Tennessee,10/13/2022
CUST2920,Sharon,Knox,angela60@gmail.com,908.395.3723x1134,"5773 Lauren Stream, North Anthonyton, VT 72910",East Robertland,Louisiana,2/14/2025
CUST2921,Aaron,Mullins,jacobjohnson@sanchez.com,843-166-8675x88547,"32492 Brown Run, Angelaberg, CO 69705",Loveland,West Virginia,1/10/2025
CUST2922,John,Carey,ericksonjennifer@hotmail.com,627-079-0510x1247,"9279 Kimberly Ferry Apt. 118, New Brianbury, OK 82451",Lake Wendy,Maryland,10/11/2024
CUST2923,Jacqueline,Lozano,jmoore@gmail.com,+1-287-027-6227x17071,"719 Delacruz Trace Apt. 698, Nicolehaven, CA 56653",South Tonishire,Maine,2/5/2025
CUST2924,Steven,Day,hendricksvictor@sanders-wilson.com,658-017-7284,"4692 Lopez Locks, Smithside, SD 43282",North Leah,Nebraska,7/26/2022
CUST2925,Kathryn,Schmidt,nicole97@cross-williams.net,122.443.4064,"02842 Guzman Summit, Javierburgh, FL 56655",Lake Robert,Minnesota,7/23/2023
CUST2926,Meagan,Evans,bryangriffin@robbins.com,563.251.7443x69456,"8117 Julie Drive, Kathyhaven, ID 01088",West Maria,Nebraska,6/29/2023
CUST2927,Angela,Banks,bonilladarrell@yahoo.com,676-501-5926,"144 Christopher Gateway Apt. 431, New Coreyhaven, AR 38054",Gonzaleston,Oklahoma,11/13/2022
CUST2928,Jessica,Brown,xwall@hotmail.com,+1-449-353-9076x7630,"78006 Matthew Prairie Apt. 341, Debbieshire, AZ 35109",Jennifershire,Massachusetts,11/7/2024
CUST2929,Christopher,Reed,ericlong@gmail.com,6292521798,"87131 Brown Circles, West Devon, RI 35550",Cantrellchester,Utah,3/22/2024
CUST2930,Anthony,James,richardmassey@gmail.com,+1-777-774-0050x9490,"4229 Delacruz Divide, East Mario, VA 23651",Laurenland,Rhode Island,7/4/2024
CUST2931,Taylor,Murphy,denisewhite@shaw-woods.com,001-399-025-4017,"50440 Vargas Courts, Port Maria, IL 54393",Port Joshuaberg,North Dakota,6/14/2024
CUST2932,Michelle,Gonzales,shirleycamacho@hotmail.com,(116)391-6682,"0510 Jacqueline Bridge Suite 026, Leslieton, KY 02548",Shawchester,Indiana,2/21/2024
CUST2933,Mary,Bennett,michaelprice@woods.com,(223)637-8509x46180,"665 Weber Gardens, Lake Michaelberg, SD 96556",Smithstad,South Carolina,8/7/2023
CUST2934,Christina,Martin,aliciapierce@gmail.com,001-346-278-0065,"0182 Johnson Corner, Smithberg, UT 26345",Diazmouth,Illinois,7/17/2024
CUST2935,Alicia,Dunlap,michael55@ryan.com,050.121.8328,"Unit 2616 Box 1410, DPO AA 49625",Lake Michaelabury,Maryland,2/15/2025
CUST2936,Michaela,Williamson,gloverkayla@gmail.com,042.113.6214,"828 Madison Skyway Suite 785, Wilsonfurt, AR 50913",North Marieberg,Ohio,10/15/2024
CUST2937,Robert,Rocha,nathanielramirez@hotmail.com,395.106.4052x462,"708 Adam Passage, Hunterchester, NE 25307",Jonesville,Louisiana,12/22/2024
CUST2938,Christopher,Curtis,campbellmichelle@hotmail.com,+1-323-381-8858x34051,"USNV Combs, FPO AA 08519",Latoyahaven,North Carolina,11/9/2022
CUST2939,Bryan,Griffin,arnoldamanda@mitchell.com,-1397,"664 Wilson Mountains Apt. 346, Haleyburgh, FL 99296",East Jesseberg,Utah,10/26/2022
CUST2940,Melissa,Daniels,johnmcgrath@hotmail.com,001-138-160-0105,"64714 Love Mountain, Port Jaimestad, AL 59934",New Jamesshire,Delaware,12/28/2023
CUST2941,Donald,Lewis,whitneysalazar@perry.com,+1-157-586-8929x1533,"628 Perez Park Suite 680, Ryanport, WV 85031",West Wendy,Mississippi,7/17/2024
CUST2942,Darren,Fernandez,patriciamatthews@yahoo.com,001-591-348-7763x1287,"83443 Lauren Way, West Elizabethside, CO 23654",Meaganstad,Alabama,10/17/2024
CUST2943,Stephen,Lee,karenmooney@hotmail.com,130.176.6601x4492,"862 Cindy Squares, Saundersbury, MI 62679",Wongland,Alaska,1/29/2024
CUST2944,Jonathon,Moore,lisarivera@hotmail.com,(874)887-7422x81380,"7292 Patrick Village Apt. 418, East Dillonmouth, MA 62211",Davidborough,Florida,6/26/2024
CUST2945,Anna,Gonzalez,dschneider@gmail.com,500-313-4185x5992,"42203 Jared Ferry Suite 002, Stacyport, PA 95552",South Sherry,Oklahoma,10/13/2022
CUST2946,Elizabeth,Parker,thomasmichael@king.com,001-151-411-3582x0560,"589 Smith Square, Adamshire, MD 07280",West Kristina,Idaho,7/25/2023
CUST2947,Eric,Morgan,williamsonkevin@gmail.com,751.077.6035,"268 Robert Viaduct, West Alexandra, RI 54499",New Philip,Louisiana,11/2/2023
CUST2948,James,Reese,carlysanchez@welch.biz,-4632,"34334 Williams Junction, Bradystad, WY 68339",South Dianaview,Wisconsin,9/14/2022
CUST2949,Jasmine,Anderson,woodthomas@hotmail.com,-3018,"80802 Gilbert Lock Suite 321, South Jasonton, NJ 64526",Lake Tammyberg,Utah,9/27/2024
CUST2950,Heather,Brady,sharonrodriguez@gmail.com,999.994.1916x647,"4696 Nicole Route, Adkinschester, NM 78632",Lake Whitney,Louisiana,5/2/2023
CUST2951,Michael,Bernard,wgraham@hernandez-lewis.net,819-528-2646x079,"731 Kelly Parkway Suite 726, East Ericchester, AK 17363",Port Alisonport,New Hampshire,1/17/2024
CUST2952,Taylor,Hahn,john07@wong-duke.com,001-741-835-2866,"6776 Patrick Key Apt. 712, Perkinsfurt, KY 25914",Amyport,Illinois,12/10/2022
CUST2953,Joseph,Bryant,danielhall@hotmail.com,155.823.3245,"5216 Steele Row Suite 551, Port Philipfort, MI 65651",Martinmouth,New York,1/20/2023
CUST2954,Scott,Mata,wbanks@gmail.com,(877)359-0179x0541,"461 Mcintosh Stravenue Apt. 166, South Antoniofort, FL 25717",Villegasmouth,Texas,2/2/2024
CUST2955,Cynthia,Rodriguez,sjones@gmail.com,-6967,"USCGC Turner, FPO AA 58741",Reesemouth,Ohio,6/5/2024
CUST2956,Mark,Jimenez,harrissean@hotmail.com,035-181-7481x42285,"37715 Alicia Mews, Justinport, WA 31175",South Joshuabury,Missouri,10/8/2023
CUST2957,Travis,Gallagher,ssimmons@hotmail.com,+1-803-893-2457x518,"11456 Kenneth Valley Apt. 586, Kimberlyside, MA 59350",East Robertstad,Indiana,6/15/2024
CUST2958,Janet,Flores,sgoodwin@yahoo.com,(446)472-3399,"4937 Johnson Mill, Underwoodborough, OK 09897",Juliashire,South Dakota,10/14/2024
CUST2959,Amber,Neal,robbinskristen@waters.com,399.247.7030,"874 Brett Crest Apt. 763, Jeremymouth, WY 90299",Courtneyfurt,Florida,4/17/2022
CUST2960,Kimberly,Patton,sloanjillian@jordan-wilson.com,+1-650-973-2793x0836,"6536 Roger Plains, South Victoria, ME 69714",Andrewmouth,Wyoming,3/13/2023
CUST2961,Jennifer,White,mitchellchristopher@gmail.com,001-810-661-6785x810,"1308 Sandra Island, East Robertchester, IL 16196",Stephenton,Mississippi,8/26/2024
CUST2962,Brandon,Wells,xrobles@vargas.info,001-430-678-6075,"932 Amber Mountain, South Erichaven, NY 94014",Bartonstad,Virginia,8/13/2023
CUST2963,Randy,Perez,heathersilva@gmail.com,(178)303-8082x4190,"5936 Wood Wall Suite 805, Michaeltown, LA 43047",Davidburgh,Wyoming,7/17/2022
CUST2964,Michael,Lozano,jonathan01@hotmail.com,001-706-934-2464x464,"Unit 7834 Box 2363, DPO AE 05774",North Emily,Delaware,8/3/2024
CUST2965,James,Johnson,clee@gmail.com,(725)423-4299,"63796 Crystal Court, Johnmouth, NC 95954",Port Joseph,Wyoming,5/22/2023
CUST2966,Anthony,Rodriguez,daltonfarrell@yahoo.com,001-139-962-0355x7898,"98614 Cynthia Plaza Suite 648, Steeleview, IL 55963",Toddborough,Nevada,7/22/2024
CUST2967,Nancy,Perez,downswhitney@yahoo.com,(343)082-7851x89921,"88039 Holly Ways Suite 089, Hillfort, ID 34226",Lake Brittney,Illinois,7/6/2024
CUST2968,Sarah,Moore,matthewhaas@gmail.com,001-838-616-5197x933,"111 Janet Forge, New Kellieview, MT 91431",Rossborough,West Virginia,4/22/2022
CUST2969,Linda,Leon,sbyrd@yahoo.com,(382)601-6559x2327,"99147 Cantu Common, East Jamie, IA 08673",Hillfort,Oregon,5/24/2022
CUST2970,Danny,Rodriguez,qjohnson@hotmail.com,(799)637-7333,"USNV George, FPO AP 11080",Stacyside,Colorado,12/10/2024
CUST2971,Jonathan,Hall,zacharygoodman@yahoo.com,086-792-7391,"PSC 5409, Box 4680, APO AA 11970",Georgeview,New Mexico,5/5/2023
CUST2972,William,Ross,brandon58@gmail.com,+1-249-951-2746x8471,"849 Ramirez Dam Suite 469, North Ericville, IN 02234",Wendyfort,Texas,7/3/2024
CUST2973,Amanda,Thompson,coffeybrenda@harrison.com,737.904.2755x0680,"98975 Obrien Well, Campbellshire, AZ 92066",Port Deborah,Washington,11/10/2022
CUST2974,Daniel,Dickerson,bethbrown@hotmail.com,001-905-086-8887x2980,"6909 William Island, West Travis, NJ 42021",New James,Washington,9/25/2023
CUST2975,Don,Howard,joseph84@hotmail.com,001-877-559-6240,"3116 Berger Walk Apt. 445, Lake Amberstad, WY 93132",Conwayview,Indiana,1/15/2023
CUST2976,Hannah,Miller,jonathanfigueroa@gmail.com,-10412,"11448 Rojas Lodge Apt. 478, East Kyle, OR 28148",Cochranshire,South Dakota,6/15/2024
CUST2977,Joseph,Jackson,hoamy@woods.com,4854238055,"Unit 9932 Box 6934, DPO AE 46971",Dylanmouth,Illinois,3/30/2025
CUST2978,Kathryn,Brown,shane96@gmail.com,737.044.0535x1840,"42643 Marsh Inlet Suite 167, West Micheal, WV 00729",New Lisaton,New Jersey,3/16/2023
CUST2979,Abigail,Rivas,ijones@yahoo.com,696.914.9298,"10219 Victoria Junctions Apt. 069, Riverafort, WV 10010",Saramouth,Washington,3/9/2024
CUST2980,Robert,Barker,candacefrye@pennington-little.info,203.280.5997x199,"96094 Munoz Turnpike, Kylefurt, AZ 36476",Sandersmouth,Minnesota,3/21/2025
CUST2981,Todd,Tran,ncannon@jones.com,762-939-7609x183,"92517 Lee Radial, Lake Melaniefurt, AK 37507",Lake Johnside,South Dakota,2/2/2024
CUST2982,Isabella,Lewis,christopher61@hickman.com,001-427-483-5186x71012,"401 Oconnor Estate Suite 395, Bullockton, NV 62040",Port Megan,Illinois,12/22/2023
CUST2983,Joel,Stevenson,baileykevin@bell.net,001-526-523-8326x076,"USCGC Hooper, FPO AP 40022",Lopezland,Idaho,6/3/2023
CUST2984,Jessica,Mullen,qelliott@reid.com,8999452639,"56362 Allen Drives Apt. 851, North Amandahaven, OH 22601",Amyberg,Virginia,1/23/2025
CUST2985,Elizabeth,Lester,nsullivan@hayes.com,5045459361,"2791 Dyer Village Apt. 608, Bellport, ND 95509",Port Michael,New York,10/30/2022
CUST2986,Kelsey,Cabrera,gomezdenise@nguyen-goodwin.com,+1-454-180-2890x2059,"455 Michael Stravenue Apt. 836, Adrianchester, FL 27066",Port Cynthiashire,Utah,6/24/2024
CUST2987,Heather,Mccormick,whitakerheather@gray.com,001-868-945-1559x04923,"38380 Joseph Summit Suite 548, Perezville, NE 37014",Alexville,Alaska,4/20/2024
CUST2988,Ronald,Christian,barrondonald@roberts.net,810329064,"803 Joseph Cape Apt. 541, Samanthashire, TN 35686",Brownshire,South Dakota,12/26/2023
CUST2989,Cynthia,Anderson,stephengarcia@fernandez.com,822.825.7116x598,"663 Sean Orchard Apt. 478, Smithfort, NJ 97855",Hendersonside,Alabama,12/29/2024
CUST2990,Jeremy,Rocha,matthewhansen@hotmail.com,-7836,"5513 Marsh Pike, Lake Cynthiabury, NH 76487",South Kennethstad,Minnesota,12/25/2023
CUST2991,Shawn,Jennings,ginayoung@hotmail.com,-10322,"935 Margaret Corners Suite 478, Hortonmouth, NE 75684",Lisachester,Pennsylvania,11/18/2022
CUST2992,Betty,Brooks,bjohnson@smith.org,520-409-8049x9384,"30843 Villegas Brooks Apt. 976, New Barbaraton, MN 40197",Everetthaven,Tennessee,12/26/2024
CUST2993,Kenneth,Houston,glawrence@torres-meyers.net,(101)471-6058x517,"6144 Carl Loaf Apt. 166, North Lisa, OK 74240",East Sharonland,Virginia,7/17/2023
CUST2994,Steven,Cervantes,anthonyjones@gmail.com,+1-453-785-6960x8364,"PSC 2443, Box 1359, APO AP 28356",South Tanyaport,New Mexico,5/31/2023
CUST2995,Kari,Spence,tlamb@irwin.biz,-2912,"USCGC Collins, FPO AA 14963",Greenborough,New Mexico,2/19/2025
CUST2996,Samuel,Moore,lisalewis@gmail.com,001-716-322-7251x22654,"712 Hicks Shoal Suite 729, Lake Ashleymouth, NY 58975",Tiffanymouth,West Virginia,1/8/2025
CUST2997,Trevor,Williams,amycox@johnson.com,-2450,"1628 Brown Union Apt. 397, Catherineborough, NE 83287",Coopertown,Wisconsin,6/26/2023
CUST2998,Bridget,Hernandez,montoyanatasha@arnold.com,(903)894-8692x9390,"29275 Katie Well Apt. 867, Port Martha, NY 95603",Carlchester,Connecticut,7/7/2024
CUST2999,Luis,Crawford,sjimenez@acosta.org,190-161-0016,"536 Dillon Hill, Mahoneyfurt, CA 51826",Mayland,Oklahoma,2/23/2025
CUST3000,Patrick,Richardson,joseph10@daniels-kirby.com,3242157726,"12199 Kara Club Suite 164, New Jessica, FL 73238",Lake Karen,New York,3/4/2025
CUST3001,Rhonda,Rogers,ashleysmith@yahoo.com,(791)159-5372,"29254 James Row Suite 149, West Maria, MS 48882",Shieldsmouth,Kansas,4/29/2023
CUST3002,Caitlin,Perkins,charles53@roberts-castaneda.com,001-426-677-2817x28071,"USNS Bowen, FPO AE 38689",Lake Tammyland,Delaware,4/4/2023
CUST3003,Tiffany,Shelton,vjohnson@hotmail.com,001-567-904-2591,"009 Smith Shore Suite 596, Danaberg, TN 28568",North Maxchester,Arkansas,4/1/2024
CUST3004,Elizabeth,Watson,bianca78@yahoo.com,141.113.6325x84503,"9635 Howell Ridge, Justinmouth, TX 23469",Ianport,New Jersey,11/18/2023
CUST3005,Randall,Wright,jamesfreeman@gmail.com,+1-159-140-6886x3678,"2416 Jenkins Row, Christopherbury, TX 82213",Kathleenburgh,Vermont,9/25/2022
CUST3006,Reginald,Herrera,jamestorres@yahoo.com,(618)286-5285x8843,"11713 Sheila Haven Suite 159, South Zacharyfort, OH 61588",Ramirezborough,Maryland,10/29/2024
CUST3007,Victoria,Sheppard,jason67@yahoo.com,601-940-7884,"416 Ian Club Suite 472, Brandihaven, NH 04965",Patriciatown,Connecticut,8/18/2024
CUST3008,Joe,Adams,rcarter@hotmail.com,+1-946-076-4836x3439,"671 Andrea Ways Suite 709, Hernandezland, WI 32722",West Sara,Indiana,11/1/2023
CUST3009,Brent,English,hyork@yahoo.com,782-460-7373,"48735 Stewart Locks Suite 408, East Kathleen, OR 83243",North Thomasmouth,Wisconsin,3/23/2025
CUST3010,Ashley,Mills,satkins@hotmail.com,+1-542-226-3077x2199,"8316 Sharon Estates, East Edward, OK 88458",East Peter,Florida,2/23/2023
CUST3011,Karen,Brown,matthew93@hotmail.com,540.840.4766,"21440 Nelson Lodge Suite 695, West Mariashire, SD 85406",Melindaton,Minnesota,8/30/2023
CUST3012,Eric,Smith,diazdennis@hotmail.com,883.625.4829x02994,"27671 Kimberly Trafficway, Penafurt, IA 93823",East Taylorstad,Louisiana,4/1/2025
CUST3013,Jason,Morris,gregory05@donaldson-thomas.org,+1-754-492-9346x643,"250 Castro Islands Apt. 851, Coreyberg, UT 64717",South Victorshire,Kansas,2/28/2023
CUST3014,Erin,Harrington,kristinanderson@lewis.info,6856780045,"4279 Coleman Overpass, Alexanderborough, CT 44302",Port Thomasville,Alabama,11/16/2024
CUST3015,James,Underwood,howardmargaret@hotmail.com,(864)996-0178x22240,"95802 David Ville, South Rachel, MO 63297",New Caroltown,Delaware,3/13/2024
CUST3016,Katelyn,Franklin,angelawhite@williams.com,839-359-9475,"76971 Cox Islands, Jonathanton, KS 87993",South Stephanie,Florida,5/2/2024
CUST3017,Tiffany,Hunter,jeffreycollins@yahoo.com,001-362-458-1184x566,"16402 Jessica River Suite 967, South Dawnburgh, WV 36021",Charlesmouth,Tennessee,10/23/2022
CUST3018,Lauren,Mcguire,castillosara@yahoo.com,+1-949-803-2445x03393,"52330 Tate Row, Rebeccaville, MT 34096",Lake Henrymouth,Vermont,11/8/2024
CUST3019,Dana,Phillips,vdorsey@tran-knapp.com,095.739.4478x336,"998 Proctor Mills Suite 630, North Katie, AZ 23821",Mccormicktown,New York,3/18/2024
CUST3020,Randy,Davis,reyesthomas@morgan-gordon.com,(544)738-2078,"Unit 2920 Box 0987, DPO AP 79456",Hudsonborough,New Hampshire,1/15/2023
CUST3021,Beth,Kelly,jefferytaylor@hotmail.com,(845)804-5623x5450,"771 Rojas Keys, South Jenniferburgh, IA 69145",New John,Wisconsin,3/12/2023
CUST3022,John,Jefferson,adam28@weiss-cross.com,+1-258-683-7360x84859,"692 Harrison Mews Suite 221, Angelshire, NV 66553",Annfurt,Tennessee,3/5/2025
CUST3023,Elizabeth,Owens,odavis@long-gonzalez.biz,001-612-430-5736,"703 Hartman Corner Apt. 219, Port Gregory, ID 84116",North Nathanfurt,Idaho,7/3/2022
CUST3024,Madeline,Clark,brandtjohn@gmail.com,(928)440-2530x59888,"051 Hughes Drive Suite 261, Port Kimberlyburgh, MN 73880",Kimberlyfort,Maine,7/15/2022
CUST3025,Ashley,Morgan,dhughes@austin-jones.com,+1-598-512-5938x179,"110 Christine Coves, Parkerfort, OH 03803",Gibbsshire,Vermont,10/3/2023
CUST3026,Rachel,Thompson,ismith@williams.com,568.109.7994x0666,"080 Allison Pines Suite 770, Stephenhaven, IA 08560",North Stephen,North Dakota,8/9/2023
CUST3027,Anthony,Beck,averyjoyce@yahoo.com,119.119.4378x051,"11746 Cole Garden Suite 047, North Jennifer, AL 81069",Chelseastad,Ohio,3/24/2024
CUST3028,Tiffany,Mcdonald,brownmichael@hotmail.com,684888206,"4999 Smith Street Suite 306, New Selenaview, NE 51235",East Austin,Kansas,11/22/2023
CUST3029,Kristi,Mueller,lindaperez@schmidt.com,4243993836,"1368 Weaver Road, Garciahaven, NE 44318",West Andreaburgh,West Virginia,11/1/2022
CUST3030,Jonathan,Simon,williampotts@thomas-lopez.info,(526)090-7211,"095 Natalie Isle Suite 422, Johnbury, MD 23369",Port Jane,Washington,12/26/2023
CUST3031,Tyler,Hunt,wendywatkins@gmail.com,(642)444-1780x975,"2923 Roger Rapid Suite 112, Port Mallory, VA 90228",Brownview,Virginia,4/11/2024
CUST3032,Nicholas,Palmer,harrisonrobert@yahoo.com,324.043.8463x13161,"5306 Ellis Heights, South Thomas, MO 15175",Lake Robert,Nevada,8/2/2022
CUST3033,Alex,Reed,deangregory@hotmail.com,(244)707-5461x392,"26373 Derek Squares, Montoyaborough, CO 43282",Lake Robin,Maine,10/24/2022
CUST3034,Kimberly,Ray,sarahgutierrez@gentry-cruz.net,+1-443-155-6405x99244,"140 Strickland Trafficway Apt. 211, Lake Kathleenfort, FL 29501",Port Nicholasville,New Mexico,12/21/2023
CUST3035,Jasmine,Scott,bgraves@gmail.com,001-972-824-9000x807,"USCGC Mcdaniel, FPO AE 64796",New Danielle,Kentucky,2/4/2023
CUST3036,Larry,Lee,bgonzalez@yahoo.com,4129509031,"47520 Mark Shoals, East Gloriafort, IN 83835",Pattonmouth,Arkansas,8/22/2022
CUST3037,Melissa,Beltran,danielle76@hotmail.com,7640006885,"397 Burton Lights Apt. 377, South Meganbury, VA 28932",Littletown,New Hampshire,6/1/2022
CUST3038,Michael,Simmons,emily46@welch.com,001-912-235-9511x4001,"250 Aimee Crossroad, Jamesbury, SD 40123",Lake Melanieview,Kansas,11/19/2022
CUST3039,Stephanie,Powell,jameshernandez@yahoo.com,+1-524-377-6596x76597,"698 Rios Skyway Apt. 397, Ramosbury, ND 86748",Michaelview,Maryland,6/23/2022
CUST3040,Christine,Carter,rnguyen@pitts.org,5238240939,"04979 Lance Meadows, South Andreamouth, RI 98942",Robinsonmouth,South Carolina,2/25/2025
CUST3041,April,Gray,jacob59@hotmail.com,642.612.7429x60301,"USNS Cox, FPO AP 80842",North Tina,North Carolina,9/21/2022
CUST3042,James,Schmidt,mary65@little-eaton.com,001-746-577-6825x2427,"9892 Brooks Ford, East Adamborough, AL 57039",New Austinmouth,Vermont,6/25/2024
CUST3043,Amanda,Summers,edwardsian@jones.net,(382)027-6235,"2061 Heather River Suite 030, North Robin, GA 17512",Lake Jasminport,Alaska,10/6/2023
CUST3044,Patricia,Wilson,emily84@evans.biz,001-830-019-1555x8354,"32622 Johnson Expressway Suite 992, Robertsstad, CO 17339",Vasquezstad,Arizona,7/14/2022
CUST3045,Anthony,Thomas,fjones@gmail.com,951.259.4350,"26213 Robert Points Suite 968, Richhaven, WA 21907",Walkershire,Kentucky,1/7/2025
CUST3046,Jennifer,Gregory,carol73@floyd.com,001-357-866-3552,"2533 Hampton Port Suite 124, Masonburgh, AL 83506",South Charlesshire,Alaska,2/19/2024
CUST3047,Shelly,Christensen,ccrawford@hotmail.com,244.114.9978x6975,"Unit 4607 Box 9111, DPO AA 38066",Lewisburgh,Massachusetts,7/10/2023
CUST3048,Albert,Hahn,scott93@bell.org,+1-502-129-7853x60634,"418 Jack Locks Suite 746, Lewiston, MN 64837",New Frankstad,Pennsylvania,3/12/2023
CUST3049,Sara,Solomon,georgejoe@gmail.com,111.603.4323,"8619 Reynolds Fort Apt. 105, South Jessica, NY 09863",Kathrynton,South Carolina,3/30/2023
CUST3050,Angela,Richards,leslie47@ford.net,131-058-0117,"65261 Gina Extension, Ruizside, NC 60060",Harringtonburgh,Connecticut,8/20/2023
CUST3051,Mary,Kennedy,smithrobin@perez.org,822-108-4252x4924,"0870 Santiago Ridge Apt. 362, Lake Heatherton, VT 77037",Bryanburgh,Wyoming,5/9/2024
CUST3052,Shawn,Campos,dianemendoza@jacobs.net,(281)489-4734,"USNS Wilson, FPO AP 11446",Robertmouth,South Dakota,6/10/2022
CUST3053,Brandon,Frye,hillkelly@hotmail.com,(330)166-6807x802,"7183 Veronica Vista Apt. 941, Stevenmouth, VA 68610",Reginaville,Wisconsin,7/15/2024
CUST3054,Jamie,Lucero,michael85@woods.org,+1-947-544-1694x848,"43838 Paula Mount Suite 272, Newmanborough, AZ 05888",Port Jasonhaven,Idaho,2/26/2023
CUST3055,Emily,Reyes,wlynch@yahoo.com,655.333.0910x81851,"95441 Chad Mews Suite 152, Jonathanside, IN 46311",South Carlaside,Alaska,4/16/2023
CUST3056,Sharon,Perkins,caitlynmartinez@yahoo.com,+1-249-163-2786x1014,"740 Timothy Plaza, Ericksonburgh, MD 15568",North Justin,North Carolina,12/21/2024
CUST3057,Matthew,Adams,jasonthompson@yahoo.com,908-555-0778x79553,"43819 Bailey Mission Apt. 023, Lake Robinton, IN 67625",New Phillip,Maine,7/16/2022
CUST3058,Lisa,Bridges,kbarnes@arellano.com,349.385.4174x895,"8620 Kimberly Fort, Andrewtown, IA 48254",Allenstad,Nebraska,4/24/2024
CUST3059,Ernest,Soto,cordovasteven@yahoo.com,578-434-2676x1581,"1599 Jonathan Light Suite 500, Danaland, AZ 70601",Lake Shannonberg,Arkansas,9/24/2023
CUST3060,Anthony,Fitzpatrick,xsimpson@glover.com,-2012,"1152 Kim Bypass, Shahmouth, MS 54351",Yangland,Hawaii,10/15/2024
CUST3061,Jessica,Le,paynepatricia@mcdaniel-haley.net,001-128-641-1864x75896,"252 Anderson Rest Suite 791, West Craig, AR 96778",East Justin,Idaho,2/10/2023
CUST3062,Diana,Grimes,bjohnson@hotmail.com,241.410.0397,"8856 Castaneda Drive, East Madeline, VA 50833",Roberttown,Kentucky,4/23/2023
CUST3063,Brooke,Smith,dawn94@miller.com,+1-737-360-4757x58352,"0899 Jones Fort Apt. 571, Prestonbury, MO 85829",Torresport,Idaho,4/25/2024
CUST3064,Andrea,Anderson,davisjoseph@levine.com,001-196-840-8459x22220,"11870 Shawn Branch Apt. 045, Port Tom, IN 09789",North Chelsea,Wyoming,12/16/2023
CUST3065,Christina,Hutchinson,owilliams@hotmail.com,001-007-206-1814x99124,"102 Taylor Ford Apt. 867, Davidport, RI 40994",South Haleybury,Delaware,1/28/2024
CUST3066,Bradley,Owens,dwhite@gmail.com,+1-675-010-3283x653,"5113 Marco Ramp, North Justin, AL 04882",West Catherinetown,Tennessee,9/28/2022
CUST3067,Courtney,Roberts,tara41@gmail.com,-4995,"661 Merritt Village Apt. 574, Daviston, CT 44438",Michaelchester,West Virginia,7/25/2024
CUST3068,Cynthia,Griffith,rleon@thornton.com,(439)110-0398x67554,"287 Cindy Cliffs Suite 563, Stevensonborough, VT 36976",South Caitlyn,South Dakota,2/16/2025
CUST3069,James,Velasquez,gardnersuzanne@smith-taylor.com,001-570-439-9482,"87685 Stout Estates Apt. 921, New Erikchester, SD 94935",New Brianshire,Maine,8/1/2023
CUST3070,Latoya,Rodriguez,award@davies-powers.com,001-089-986-6310x88609,"8889 Amy Cove, East Greg, FL 74093",Timothyberg,Florida,2/9/2025
CUST3071,Cheryl,Rose,rebecca32@hotmail.com,001-782-537-7996x412,"5209 Ronnie Alley Suite 242, Lake Yolandaside, SC 81703",Holtstad,Indiana,9/16/2024
CUST3072,Melissa,Patterson,stephanie30@gmail.com,001-156-289-5442x45719,"385 Walker Parkway, East Brittany, NY 07324",Heatherport,West Virginia,12/20/2023
CUST3073,Matthew,Villa,jeffrey67@smith-boyd.com,160-427-5485x069,"96912 Lee Spring Suite 147, Gardnermouth, AL 77010",West Lynn,Connecticut,9/3/2022
CUST3074,Jill,Garcia,williamsdawn@tanner.com,(779)601-8400,"Unit 6906 Box 9001, DPO AA 15205",Vazquezburgh,Colorado,11/19/2024
CUST3075,Carol,Lutz,haleymiles@gmail.com,(020)261-7180,"5537 Jackson Village Suite 504, East Jessica, TX 35034",North Nicoleton,Alaska,10/20/2024
CUST3076,Sara,Park,dixondonald@parker.biz,(520)362-8001x399,"PSC 7710, Box 3628, APO AA 12651",Lake Jennifer,Oregon,11/16/2023
CUST3077,Michelle,Morgan,lisafarrell@yahoo.com,(150)075-8162x208,"32537 Amber Forks Suite 871, Lake Jeremyberg, RI 02262",East Teresa,Vermont,1/18/2025
CUST3078,Lee,Morgan,stronglori@ferguson.net,991-480-0707x322,"09757 Foster Ramp Suite 250, Port Laurenfort, VA 72447",Summersburgh,Texas,10/14/2022
CUST3079,Cory,White,uwilliams@hotmail.com,(780)941-2983,"7611 Angela Roads, West Charles, OR 44964",Rodriguezville,Iowa,6/27/2024
CUST3080,John,Miller,vincenterin@gmail.com,001-007-896-1314x38716,"28970 Diana Rue, South Ashleymouth, MN 03594",Timothymouth,North Carolina,10/3/2024
CUST3081,Samantha,Clark,sophia61@warren.com,001-992-494-5128x8019,"55456 Higgins Gateway Suite 139, Port Paul, NC 15459",North Williamstad,Washington,4/19/2022
CUST3082,Jose,Smith,rodriguezmichael@hotmail.com,001-774-438-9531x7555,"113 Miller Glens Apt. 389, New Amandahaven, DC 61575",South Joshua,North Carolina,5/1/2022
CUST3083,Aaron,Ball,stacey65@gmail.com,257-598-7663x2937,"Unit 7108 Box 1402, DPO AA 39840",South Susanview,Texas,2/12/2023
CUST3084,Monique,Mclean,turnerzachary@olson.com,001-996-666-6733,"337 Hubbard Station, Perkinsside, ID 08415",Ramirezfort,Vermont,4/1/2023
CUST3085,Heather,Norton,nrhodes@jensen.com,+1-931-589-4231x1530,"73944 Tyler Squares Apt. 929, Thomasfort, OH 63233",Port Derekfurt,Maine,8/30/2024
CUST3086,Michelle,Murray,combsbrenda@wilkinson.net,+1-268-174-6388x5411,"Unit 2250 Box 2416, DPO AA 64157",Davidhaven,Vermont,2/24/2023
CUST3087,Dana,Wiley,cynthiarobinson@caldwell.com,001-691-371-5001x29909,"8505 Charles Creek Apt. 179, Adkinsmouth, LA 01529",Timothyton,Iowa,3/12/2024
CUST3088,Nicholas,Anderson,zanderson@lane.info,6518357259,"51865 Johns Parks, Jamieburgh, DE 92525",Marcton,Michigan,2/29/2024
CUST3089,Tina,Pham,justinmoore@gmail.com,197.274.5159x3794,"216 Nancy Row, Tiffanymouth, AR 37644",South Michael,Kansas,2/10/2024
CUST3090,Scott,Bailey,glenn53@gmail.com,+1-399-050-8388x43472,"18736 Erin Lakes, Jeffreybury, MN 03842",Seanland,Oklahoma,5/14/2022
CUST3091,Robert,Farmer,vmitchell@gmail.com,279-803-4790,"3191 Mason Glens, Marystad, IA 02695",Port Ashley,Rhode Island,3/31/2023
CUST3092,Erica,Garcia,jbarrera@hotmail.com,001-453-011-2087,"40731 Coleman Shoal, Greenside, TX 28756",Lake Johnview,Idaho,8/5/2024
CUST3093,Breanna,Williams,austin81@kim-dyer.com,272-061-8719x4919,"92208 Higgins Row Suite 521, Darrellburgh, OH 72772",Annaport,Tennessee,6/22/2022
CUST3094,Margaret,Greene,stephen43@gmail.com,(140)393-5343,"7853 Andrews Garden, West Sharontown, WA 42920",South Lisamouth,Pennsylvania,7/4/2022
CUST3095,Alexandra,Montgomery,james26@watson.info,001-314-302-7379x494,"286 Michelle Fort, Jeremyside, LA 36823",North Stephanie,Wyoming,4/15/2024
CUST3096,Colleen,Rodriguez,troy76@yahoo.com,(696)471-7758x177,"037 Joseph Ports Suite 908, East Chelseaview, AK 82129",East Michael,Nebraska,1/23/2025
CUST3097,Karen,Flynn,pughamy@yahoo.com,271-941-4163x579,"726 Jason Turnpike Apt. 303, Ashleyton, NE 11732",Hancockstad,Indiana,12/22/2022
CUST3098,Dana,Davis,davidgraves@miller.com,+1-625-885-6952x872,"393 Rodriguez Fords Suite 674, Port Deborah, TN 46987",Suttonview,Idaho,3/2/2024
CUST3099,James,Gates,toni59@hotmail.com,(247)562-4651x24490,"0532 Latoya Tunnel, Jasonstad, RI 69768",Burchhaven,Maine,6/13/2022
CUST3100,Annette,Burke,rfletcher@gmail.com,001-383-993-5060x48564,"0283 Christian Shores Apt. 543, Ramirezborough, HI 97480",Geoffreyside,Virginia,9/3/2023
CUST3101,Nicole,Elliott,lopezvalerie@thomas.biz,383-112-1450,"Unit 5950 Box 9967, DPO AA 03250",Lake Theodore,Montana,11/27/2024
CUST3102,Wyatt,Sandoval,ashley10@warren-gregory.com,+1-662-284-6911x32915,"802 Robin Estates Suite 164, Marthaview, OK 36982",Millerstad,Connecticut,2/23/2025
CUST3103,Jorge,Camacho,joseph80@yahoo.com,(774)950-0162,"3937 Bennett Ramp Apt. 261, Lorishire, IL 10506",Raymondborough,Illinois,10/25/2024
CUST3104,Kyle,Sullivan,michael22@gmail.com,910.321.9785x898,"1622 Ashley Ridge Apt. 849, West Christopher, UT 62233",South Jackville,Connecticut,8/11/2022
CUST3105,Katherine,Henderson,harrisamanda@yahoo.com,2810896776,"2089 Joanne Overpass Apt. 795, Stantonville, KY 63816",Marcfort,New York,11/24/2022
CUST3106,Gerald,Burnett,jessicasawyer@yahoo.com,001-822-512-4648x24261,"809 Kyle Road Apt. 181, West Edgar, HI 51121",South David,Connecticut,11/20/2024
CUST3107,Raymond,Werner,krystalmartin@mayer-hernandez.com,212-610-6030,"3597 Campbell Ville Apt. 707, Smithview, OH 63821",Port Madison,Alaska,2/1/2023
CUST3108,Sierra,Morse,cunninghambreanna@grimes.biz,001-398-932-1051x9727,"87132 Lewis Vista, West Alexa, MS 76002",Jillmouth,Idaho,5/31/2023
CUST3109,Marcus,Duncan,alex85@gmail.com,790.370.8428x78608,"5762 Cook Land Suite 698, Edwardview, CA 55635",Johnsonfurt,Arkansas,7/28/2022
CUST3110,Elizabeth,Williams,mendozasteve@orr.com,955-435-3009,"48223 Anne Summit Apt. 105, Ruizville, CA 82464",South Benjaminberg,Alabama,10/12/2022
CUST3111,Melissa,Foster,kmartinez@gmail.com,1263122565,"8960 Duran Plain, Rodriguezbury, MA 34818",Sarahport,Maine,6/17/2022
CUST3112,Jerry,Collins,hernandezcody@russo.com,(210)592-4120x9058,"359 Bullock Plains, North Christopher, IN 50630",Kleinfurt,Hawaii,4/8/2025
CUST3113,Edwin,Vasquez,mario04@gmail.com,001-737-387-4721x4615,"113 Compton Junction, Lake Kayla, DC 26890",Moorefort,New Jersey,8/1/2022
CUST3114,Andrew,Carroll,graystephen@gmail.com,940-195-0556x72743,"641 Anthony Freeway Apt. 117, Thomasstad, IA 90771",Youngshire,Wisconsin,11/7/2023
CUST3115,Gabrielle,Schmidt,kmartinez@bray-fields.com,491.398.3405x96995,"08899 Mark Oval Suite 718, Holdenfurt, NJ 98341",New Jacquelinechester,Nebraska,4/22/2022
CUST3116,Troy,Moore,jenniferglenn@roberts.com,190-582-6911x720,"557 Davis Union, East Mario, ND 24418",Carlaton,Kentucky,5/3/2023
CUST3117,Heather,Walsh,victoriagrimes@hotmail.com,001-160-563-8333x0275,"6202 Hill Row, Helenborough, MS 42900",Jenniferbury,South Carolina,4/17/2023
CUST3118,Michael,Cain,djimenez@yahoo.com,994-643-8174,"722 Tammy Ways Suite 265, Jeremyfort, AZ 56745",Hoganborough,Nevada,9/21/2022
CUST3119,Tara,Acosta,john55@hotmail.com,+1-983-005-2514x3868,"0608 Flores Street, Jodistad, IA 72120",West Erictown,Georgia,4/4/2023
CUST3120,Dakota,King,vanessa43@gmail.com,+1-011-718-0287x98061,"48750 Davenport Lodge, South Angela, DC 86945",South Elizabeth,Nebraska,6/27/2024
CUST3121,Donna,Patel,youngjoshua@christensen.net,001-698-215-5829,"62042 Michelle Walk, South Annetteport, WI 56407",Burnettborough,Washington,11/18/2024
CUST3122,Kevin,Patterson,washingtonmichael@ayers-coleman.biz,+1-538-119-0235x881,"3506 Richard Meadow, Olsonhaven, DC 94381",North Willietown,Minnesota,11/15/2023
CUST3123,Tara,Williams,william64@johnston.com,(977)367-4527,"9212 Carlos Gateway Apt. 265, Gardnerburgh, IN 14740",Andersonmouth,Florida,1/7/2025
CUST3124,Kelsey,Navarro,cory30@yahoo.com,537.386.1496,"USCGC Jackson, FPO AP 14735",New Katherineshire,Iowa,11/19/2023
CUST3125,Holly,Stewart,sandra39@harris.org,-8438,"912 Meza Lights Suite 674, Rodriguezshire, TN 33421",South Jennifer,Louisiana,4/19/2023
CUST3126,Alan,Molina,martinezchristopher@montes-fritz.com,939-314-7081x54896,"504 Gomez Wall, Cochranmouth, MI 58875",Port Tyler,Alabama,1/6/2025
CUST3127,Phillip,Coleman,kennedygregory@walton.com,(153)220-4505,"95995 Woods Island Suite 649, Wilcoxtown, NJ 56026",Dianaville,Vermont,3/28/2025
CUST3128,Michael,Rodriguez,hamiltonlori@benson-butler.biz,678.136.3340,"7458 Valentine Islands, Anthonyburgh, WA 45095",Andersonville,Nebraska,12/25/2024
CUST3129,Debra,Pope,hebertbenjamin@johnson.com,(281)627-0352x2775,"113 Webb Via, Veronicamouth, PA 95135",Hallburgh,New Mexico,6/25/2024
CUST3130,Robert,Lewis,cochrankarl@marshall.net,551-184-8114x14209,"2501 Robinson Union Apt. 743, East Yvette, MN 65957",Laurenview,California,2/1/2024
CUST3131,Jessica,Welch,harrisangela@hotmail.com,001-064-205-1227x264,"Unit 6508 Box 8850, DPO AA 81585",Ashleyberg,Montana,5/13/2022
CUST3132,Kara,Houston,marymartinez@white.com,-3546,"816 Melissa Expressway, Hunterburgh, OH 14833",Thomasshire,Arkansas,1/20/2024
CUST3133,Chase,Edwards,justin15@blake-bryant.biz,001-886-123-2190x4941,"45393 Singh Light, South Lisa, KY 32949",Downsberg,Vermont,10/29/2022
CUST3134,Andrea,Burns,emcintosh@hotmail.com,001-453-463-9302x04245,"702 Tracey Hollow Apt. 966, Angelamouth, SD 19851",Rodriguezburgh,Maine,1/31/2023
CUST3135,Donald,Mendoza,jonesian@yahoo.com,999.915.1330x19949,"93714 Flowers Ramp Suite 553, Rojasland, CO 45131",Lake Alyssatown,Arizona,5/2/2024
CUST3136,Denise,Anderson,erinblair@smith.com,647-014-0134,"USNV Gilbert, FPO AE 91050",Wardfort,Indiana,11/15/2023
CUST3137,Leslie,Chapman,kim66@jackson.com,+1-663-003-9053x854,"414 David Walk, Lake Joshua, WA 48853",North Danielleburgh,Georgia,6/26/2022
CUST3138,Courtney,Allen,pattersonkevin@potter-lopez.biz,+1-608-392-6953x84739,"800 Ramos Shoals Suite 920, New Elizabeth, IA 19939",West Jacqueline,Maryland,1/3/2024
CUST3139,Megan,Robinson,wilsonwilliam@jackson.com,(341)330-1438x37033,"70695 Jeff Throughway, Lake Sheilaville, DE 67590",West Christopherstad,Florida,8/19/2022
CUST3140,Michael,Hughes,millerwesley@gmail.com,(490)379-4888,"1634 Robinson Glens Apt. 233, Baileyton, OK 05554",Brittanyburgh,Virginia,11/19/2022
CUST3141,James,Cummings,jeffrey63@barnett.com,001-556-598-9654x51751,"992 Brown Loop, Andersonbury, WV 96401",West Donnaberg,Vermont,8/11/2024
CUST3142,Alyssa,Dorsey,umoran@gmail.com,550.780.9245x806,"6158 Rodney Hills Apt. 018, Kimside, NC 80720",Boyletown,Kansas,8/23/2023
CUST3143,Kenneth,Hill,burgesserik@manning-sanchez.com,122-327-3430x6626,"2982 Hannah Isle Apt. 672, North Lisa, NY 30016",Port Brooke,California,3/8/2024
CUST3144,Christopher,Martinez,middletonhaley@sparks.com,001-013-692-6907x0887,"28255 Lambert Keys, Reneeville, NV 22891",North Christine,Washington,1/4/2023
CUST3145,Antonio,Davis,dcantu@yahoo.com,001-659-426-8080x88597,"29057 Fuller Well Apt. 624, Thomasville, IL 19819",Port Tracy,Arizona,7/12/2023
CUST3146,Brian,Gonzalez,thompsonnicole@yahoo.com,+1-597-367-6771x705,"26901 Betty Neck Suite 324, Amandabury, TN 77544",Justinville,Montana,9/7/2024
CUST3147,Angela,Hebert,crawfordstephanie@lee.com,437-497-9797x3242,"016 Kevin Stravenue, Veronicabury, NH 45889",West Aaron,Vermont,10/13/2022
CUST3148,Lisa,Harris,mcdonalddustin@thornton-flynn.com,5650500895,"Unit 9619 Box 3834, DPO AE 36114",Lake Karenview,New Hampshire,5/9/2022
CUST3149,Johnny,Castillo,carlos79@yahoo.com,(190)358-9092,"297 Carla Villages, Jasonland, ND 57454",North Alexandrashire,Oklahoma,8/21/2024
CUST3150,Marc,Mays,camerongreen@gmail.com,(183)807-9006,"77090 Brock Island, South Zacharymouth, WY 24343",Daleton,Virginia,6/19/2022
CUST3151,Natalie,Martin,danaturner@yahoo.com,-3496,"375 Barnett Bridge, Thompsontown, HI 86101",Taylorburgh,Wisconsin,1/20/2023
CUST3152,Debra,Williams,sabrinastone@johnson-shah.com,625-520-7405x634,"54980 Gloria Mills, South Christopher, OH 28810",East Brian,Wyoming,12/9/2022
CUST3153,Jose,Russell,charles65@hotmail.com,180-407-4748,"94867 Matthew Squares Apt. 213, Petersonburgh, VA 85763",New Robin,Indiana,12/16/2023
CUST3154,Melanie,Odonnell,dpayne@hotmail.com,875.860.5817x8943,"267 Jo Shore, East Vicki, WY 10713",Port Austin,New Jersey,10/9/2023
CUST3155,Amanda,Guerra,rleon@hudson.com,943.319.0652,"907 Kathy Rapid, Lake Joyce, VA 65296",Christopherside,North Dakota,5/19/2023
CUST3156,Michael,Brown,wcopeland@hotmail.com,+1-876-289-5374x7829,"881 Christopher Lane Suite 820, Underwoodstad, IN 53566",New Carolton,New Mexico,4/1/2023
CUST3157,Bruce,Hodges,courtneyfrancis@castro-jones.com,(906)506-7992,"USCGC Wallace, FPO AE 61265",South Mark,South Dakota,12/22/2022
CUST3158,Wendy,Warren,hudsonautumn@yahoo.com,322.058.6367x15484,"859 Christensen Corners Apt. 990, Port Nicholas, TX 25082",West Donaldhaven,Maryland,5/30/2024
CUST3159,Antonio,Thompson,rrasmussen@hunter.com,240.254.2928,"14100 Tucker Crescent Apt. 184, Ashleymouth, NE 64283",Port Williamville,Maryland,7/16/2024
CUST3160,Zachary,Collins,xbrown@hudson-lamb.biz,5003224544,"253 Casey Dam Apt. 981, Collinsshire, ME 41193",Crystalland,South Dakota,4/8/2025
CUST3161,Jessica,Sanchez,christensenangel@yahoo.com,(288)381-0153,"750 Bruce Radial Suite 311, Lake Alyssaberg, ME 02999",Lake Sandra,North Dakota,1/15/2025
CUST3162,Natalie,Rivera,denise59@gmail.com,001-160-282-3248x079,"PSC 3527, Box 9448, APO AP 34757",Gilesmouth,Arkansas,2/6/2023
CUST3163,Lacey,Wong,gberry@gmail.com,267-542-5692x183,"045 Oscar Station, Moraland, SC 90341",New Alexis,Alaska,9/21/2022
CUST3164,Cynthia,Jones,kruiz@gmail.com,(798)375-8019x061,"0714 Gutierrez Circle, Brianville, NY 01634",North Madisonstad,Nebraska,1/4/2023
CUST3165,William,James,penny32@hardin.com,020.421.3732,"7185 Nelson Ford Apt. 169, Christopherville, HI 74331",East Brianna,Wyoming,6/23/2024
CUST3166,Robert,Gregory,georgewest@stephens-james.com,253.517.9115x404,"553 Wu Ways Suite 954, North Cassandratown, UT 32079",Youngburgh,Louisiana,5/1/2023
CUST3167,Tamara,Leon,wendyjohnson@yahoo.com,+1-253-849-5042x7117,"198 Timothy Divide, South Ronaldshire, NY 31165",North Timothychester,California,4/4/2023
CUST3168,Benjamin,Clark,samanthairwin@curry.com,600-509-4364,"PSC 5881, Box 4624, APO AA 22967",West Michael,Pennsylvania,10/1/2024
CUST3169,Holly,Day,christine18@gmail.com,2206720300,"3729 Cole Avenue Suite 327, Port Christinaburgh, AK 29509",South Tammy,Oregon,9/5/2022
CUST3170,Jesse,Vang,cuevasjustin@reed.com,-10396,"05188 Jason Island Apt. 468, West Madeline, OH 90098",New Nathanberg,Idaho,1/18/2025
CUST3171,Lori,Morrow,jesse57@horne-evans.com,+1-979-917-4602x212,"626 Fisher Mission Suite 777, West Nicolasville, MS 08404",Port Lisa,Michigan,5/25/2024
CUST3172,Lori,Raymond,hillsamuel@yahoo.com,949.928.3639,"422 Susan Village Suite 668, Moniquehaven, ME 40771",New Amber,North Dakota,5/19/2024
CUST3173,Felicia,Davis,lewisjane@gmail.com,(505)189-1660x3514,"519 Brett Inlet, Port Alexa, VA 09018",West Christinemouth,Colorado,7/4/2024
CUST3174,Alexis,Brock,lmoyer@gmail.com,001-116-928-2144x54289,"164 Michael Spring Apt. 538, Bryantburgh, NV 03434",Martinezport,New Hampshire,6/14/2023
CUST3175,Joseph,Ford,alvarezashley@banks-gordon.net,980.021.8084x6534,"3472 Lopez Well Suite 018, Port Daniel, AK 66512",Carterhaven,Louisiana,3/22/2024
CUST3176,Christopher,Hurst,eray@whitehead.com,(147)906-7733x79342,"711 Nicole Cliff Suite 263, East Lisaberg, NE 74780",Hamiltonmouth,New Jersey,2/15/2023
CUST3177,Dawn,Flores,monicacooper@yahoo.com,(775)306-8935x7539,"52769 Quinn Fork Apt. 970, Lake Anthonyside, WY 38249",West Timothy,Delaware,7/7/2023
CUST3178,Anthony,Ochoa,wilsonwilliam@morrison-reynolds.org,(956)469-5171x44182,"920 Michael Cliff Apt. 822, Port Nicole, IN 01477",Danielburgh,Montana,7/1/2022
CUST3179,Jennifer,Kelly,richard47@hotmail.com,156-338-5698,"9902 White Haven Suite 001, Lake Lisaton, TN 12238",Zacharyville,Connecticut,7/31/2023
CUST3180,Adam,Brown,johnmartinez@hotmail.com,8141213258,"16809 Jackson Shoals Suite 231, Lake Kelli, HI 74881",Chenton,Arkansas,9/20/2022
CUST3181,Matthew,Schmidt,michellejohnson@yahoo.com,326-030-9924x0564,"73201 Sanchez Square Apt. 696, Riverafort, WI 17947",Suttonburgh,West Virginia,4/5/2024
CUST3182,Tanya,Johnson,michaelbrennan@yahoo.com,(347)946-6730x77991,"8344 Molina Rue Suite 615, Joshuafurt, KS 57964",Ortegachester,Indiana,5/15/2024
CUST3183,Logan,Paul,romankatelyn@hotmail.com,+1-392-723-4035x9329,"312 Timothy Dam Suite 057, Port Benjamin, NM 81994",Port Ryan,New Hampshire,7/27/2023
CUST3184,Brad,Jimenez,tracy26@bailey.com,3529999332,"81446 Griffin Stream, Port Stephenbury, RI 81878",North Cynthiamouth,Arkansas,7/23/2023
CUST3185,Sara,Miller,sjones@hotmail.com,+1-366-165-8566x61280,"6248 Dustin Track, Jerryside, OH 36238",East Michael,Louisiana,1/6/2025
CUST3186,Krystal,Mays,elizabeth06@thompson.net,001-805-667-2600x2388,"5170 Richards Plains Apt. 751, New Scottchester, MO 26587",North Troy,Hawaii,9/5/2024
CUST3187,Tina,Bradley,stephanievalenzuela@tucker.com,(715)043-1254x96260,"1828 Schroeder Court Apt. 324, Danamouth, MD 01195",West Brandonburgh,Nevada,4/13/2024
CUST3188,Kenneth,Williams,gregorylee@yahoo.com,-8504,"545 Christina Mill Apt. 329, Powellburgh, KS 18194",Port Frankside,Iowa,3/14/2024
CUST3189,Lindsay,Robinson,denise10@yahoo.com,(194)343-6961,"872 Moore Bridge Apt. 202, Jamiemouth, AL 46907",Beckton,Ohio,2/19/2025
CUST3190,Christopher,Preston,brandon77@gmail.com,5429589618,"USNV Farmer, FPO AE 78930",Ibarrafurt,Arizona,9/9/2024
CUST3191,Brian,May,montgomerytammy@gaines.com,534.331.3369x9663,"778 Salazar Court, Gouldstad, IN 75607",Duncanmouth,Wisconsin,4/19/2022
CUST3192,Mark,Dyer,jennifertanner@wilkins-nichols.net,3228564239,"2924 Robert Pass Apt. 181, Ryanhaven, KS 43903",Lake Pamelaborough,South Dakota,9/28/2023
CUST3193,Paul,Andrews,vnguyen@gmail.com,(189)926-9582x84391,"41834 Heather Islands, North Tristan, GA 17728",Lake Spencer,North Dakota,6/25/2024
CUST3194,Lynn,Waters,shannon06@hotmail.com,748-492-7072x189,"4303 Lucas Brooks, Rachelberg, WA 29167",Gordonport,North Carolina,10/15/2024
CUST3195,Nancy,Casey,ferrellclaudia@collins-james.com,+1-166-671-3856x400,"7894 Lindsey Canyon Suite 543, New Stephenside, KY 79605",Cassandrafort,West Virginia,2/8/2025
CUST3196,Gabrielle,Edwards,fherrera@hotmail.com,(318)539-9286,"68293 Baldwin Point, North Caitlyn, IL 45468",South Kristen,Massachusetts,7/6/2024
CUST3197,Jose,Clay,mark30@anderson.info,(720)811-0480x2504,"Unit 7715 Box 6415, DPO AP 95625",Lake Kennethview,Connecticut,6/25/2022
CUST3198,April,Chavez,jperry@rice.com,+1-891-123-8734x09418,"72820 Jason Corner Suite 866, Caseyburgh, WV 47713",Denisestad,Massachusetts,2/6/2023
CUST3199,Noah,Gonzalez,pamela74@gmail.com,751-801-1897,"3514 Glenda Station, North Latoyaville, MS 22256",Ryanton,Washington,2/8/2025
CUST3200,Sydney,Moore,rodriguezdoris@wiley.com,(576)442-7811x1264,"19597 Natalie Union, South Mitchellville, KS 57580",Williamsside,Oregon,5/5/2023
CUST3201,Heather,Velazquez,bowmandillon@hotmail.com,-5780,"1408 Frye Port, Port Daletown, WI 28747",South Erinshire,Pennsylvania,9/15/2023
CUST3202,Carmen,Nelson,leslierodriguez@hotmail.com,(231)029-3643,"3937 Marcus Shores, Lake Taylor, RI 62770",Gentrytown,Georgia,4/1/2025
CUST3203,Emily,Russo,nicholskelly@hughes-sanchez.org,001-178-980-8391x68849,"18106 Amanda Springs Suite 530, West Anthonybury, VT 24362",North Johnville,Virginia,9/10/2024
CUST3204,Alexis,Price,christopherramirez@hood-harris.info,999.386.2849x65862,"38278 Jeremy Crescent, Millershire, NE 01365",East Tammymouth,Kansas,12/29/2022
CUST3205,Carol,Rodriguez,brianbarrett@yahoo.com,769-850-9350x64750,"Unit 5425 Box 8185, DPO AE 58352",Angelafort,Washington,6/30/2022
CUST3206,Courtney,Thomas,vdiaz@sanchez-barnes.com,-5955,"90333 Sanchez Creek, Robertside, ID 34704",West Ryan,Louisiana,10/15/2024
CUST3207,Ryan,Graham,jenningstara@torres-leonard.net,001-457-156-1133,"968 Mitchell Stream, Lake Jasonchester, NJ 34933",Lake Vanessaport,Indiana,9/26/2022
CUST3208,Jeffrey,Glass,jason53@yahoo.com,3597798141,"793 Patricia Isle, Christopherburgh, VA 81806",Danamouth,Virginia,10/26/2024
CUST3209,Karen,Matthews,jesse94@hotmail.com,544.994.1394x800,"6224 Miller Brooks Suite 010, Larastad, FL 09644",Keithburgh,Oklahoma,11/14/2023
CUST3210,Michael,Jordan,macdonaldjudith@johnson.com,+1-879-283-2191x14374,"1854 Lisa Mission, Buckleyland, GA 92896",South Danielle,Kansas,12/6/2024
CUST3211,Greg,Deleon,fchung@yahoo.com,+1-176-853-1503x22662,"54028 Sean Knolls Suite 217, Garciaview, AZ 94572",South Megan,Nebraska,8/9/2024
CUST3212,Aaron,Skinner,davidtrujillo@hotmail.com,119.116.7890,"90559 Garcia Centers Suite 659, Lake Michaelshire, NC 93616",Matthewsmouth,Massachusetts,4/22/2024
CUST3213,Michelle,Jones,charles50@yahoo.com,001-236-619-6070x719,"3388 Obrien Manor Apt. 327, North Adrienne, UT 36922",New Brandy,Arizona,5/29/2023
CUST3214,Stephen,Baker,michaelhudson@whitehead.com,+1-416-045-7066x347,"37635 Anderson Ports Apt. 519, Saraburgh, MT 22469",Dickersonshire,New York,1/23/2025
CUST3215,Jeremy,Newton,wmiles@yahoo.com,001-955-558-5861,"6305 Craig Estates, Langshire, CA 24091",Brianborough,Idaho,1/3/2025
CUST3216,Phillip,Coleman,ianday@hotmail.com,293-513-3966,"674 Brandon Lights Suite 384, Port Rhondafort, IA 62448",Richardsonfurt,Colorado,2/24/2023
CUST3217,Erica,Juarez,david05@gmail.com,-4035,"USNS Henderson, FPO AP 32825",Curtiston,West Virginia,3/16/2025
CUST3218,Alan,Wood,lisa60@johnson.org,817-261-4625x0056,"910 Elizabeth Cliffs, Howardview, KS 47615",North Karenland,Alaska,9/27/2023
CUST3219,Elizabeth,Guzman,kthompson@pittman.info,(038)160-7433,"6608 Swanson Club, South Karaberg, MS 22669",Port Aliciaview,Alabama,5/17/2024
CUST3220,Curtis,Hodge,hineslisa@gmail.com,359.530.0534,"3119 Crawford Streets, Mccarthyfort, HI 25319",Rogersborough,North Carolina,8/4/2023
CUST3221,Susan,Bauer,tiffanymontgomery@hotmail.com,960-080-7844,"5561 Norman Prairie Suite 861, Port Robert, WA 97493",Lisaborough,Vermont,3/13/2025
CUST3222,Mary,Bruce,cgreene@roy.com,135.458.1186x29676,"84327 Nicholas Square, Myersland, DC 37476",North Amyshire,Kentucky,7/16/2024
CUST3223,Lauren,Williams,ubanks@gregory.com,971-134-1907x81318,"36978 Torres Ridge, New Alicia, LA 39881",West Jessicaville,Nebraska,5/17/2024
CUST3224,Edward,Brady,rzhang@warren.org,958-284-5696x0390,"35732 Pope Mountains Suite 893, West Megan, RI 04129",Calvinbury,Louisiana,12/17/2023
CUST3225,Brian,Oconnell,oarnold@mckee.com,(503)571-2027,"884 Denise Drive, Stephenland, SC 51303",Robertberg,Arizona,1/30/2024
CUST3226,Sarah,Leonard,cgood@potter-young.com,8191423342,"416 Bryant Square Apt. 182, Whitneyfort, MS 51170",North Steve,Oregon,5/21/2024
CUST3227,Bryan,Walters,lucasadams@thomas.org,001-043-499-9385x2330,"6366 Michael Loaf Apt. 022, Aliciaview, MI 18412",Alexanderstad,Texas,3/16/2024
CUST3228,Angela,Reed,watkinsdonald@yahoo.com,4445249523,"7414 Bryant Causeway Apt. 381, Maddoxmouth, SD 04588",West Joseph,South Dakota,1/24/2025
CUST3229,Larry,Herman,nprice@tyler.com,398-264-8975x6698,"601 Pope Valley, North Craigchester, MI 20674",Lake Johnny,Vermont,2/13/2024
CUST3230,Kara,Bowers,yrollins@collins.com,585-354-7750x89515,"473 Michael Haven Suite 751, West Alex, WY 41613",South Kaylee,Colorado,10/29/2022
CUST3231,Eric,Greene,jonathan37@riley.com,+1-574-750-9006x586,"75277 Khan Branch Apt. 933, Lake Mary, OH 50008",Hernandezburgh,New York,4/26/2023
CUST3232,Deborah,Watkins,jeremyfranco@gmail.com,(627)263-1158x11057,"193 Peters Roads Suite 285, West David, ND 98369",Brittneyberg,Idaho,12/13/2022
CUST3233,Christine,Horn,victorialane@hotmail.com,714-744-1030,"1173 Elizabeth Fall, South Kennethfurt, LA 62697",Jocelynborough,Maine,6/2/2022
CUST3234,Melissa,Gentry,parksmarc@jones-boyd.info,(360)563-7849x66651,"PSC 9741, Box 6306, APO AP 29718",Stewartport,Maryland,4/26/2023
CUST3235,Kaitlin,Lopez,tammyboone@huffman.com,771.371.2671x79898,"USNS Wilkinson, FPO AE 18838",West John,Florida,5/30/2024
CUST3236,Matthew,Hernandez,rtrujillo@johnson-weaver.com,(596)786-3776x229,"8879 James Mill, Debrachester, WY 14106",North Patricia,Hawaii,1/19/2025
CUST3237,Christopher,Spencer,rotharthur@hotmail.com,(889)840-9542,"020 Steven Bypass Apt. 605, East Michaelfurt, NY 79244",Davisview,Wisconsin,2/11/2024
CUST3238,Barbara,Curry,wreynolds@carter.com,001-674-357-4760x507,"68943 Schwartz Plains Suite 671, Baldwinfurt, IN 76415",Powellville,Alabama,4/20/2024
CUST3239,Kimberly,Montoya,alex22@yahoo.com,(821)779-5731x649,"2238 Herman Plaza Apt. 739, Port Alexport, KY 92398",Millerberg,Connecticut,7/19/2022
CUST3240,Evan,Gill,melanie82@yahoo.com,4114979080,"83623 Alice Glens Suite 216, Turnerhaven, NH 20566",Petersonport,Louisiana,1/3/2024
CUST3241,Gene,Hawkins,thomas70@patterson.com,(060)241-8464,"0130 Sean Inlet, Perezport, IN 18530",Brianland,New Jersey,6/24/2024
CUST3242,Jodi,Jordan,allenashley@herrera-collins.com,001-253-351-0511x771,"089 Matthew Grove Suite 410, South Jake, KS 95133",South Robert,California,12/27/2023
CUST3243,Crystal,Jacobson,leejustin@lyons-foster.com,+1-857-149-3648x4416,"2487 Erin Forges Suite 453, New Victoriafurt, WI 73290",Lake Aaronburgh,Massachusetts,3/31/2024
CUST3244,Kimberly,Parks,diana76@hotmail.com,001-905-488-2838,"589 Christina Valleys Suite 237, North Mercedes, MA 21827",Lawsonborough,New Mexico,3/3/2025
CUST3245,Angela,Jordan,lmoreno@gmail.com,760.511.1151,"USNV Bennett, FPO AA 98546",Daviston,Georgia,12/19/2022
CUST3246,Jennifer,Nichols,lambertpatrick@hotmail.com,001-694-517-2267,"74196 Bennett Stream Apt. 346, Port Karenmouth, LA 66695",Archerfurt,Connecticut,10/8/2022
CUST3247,Melissa,Garrett,ruben37@tucker-adams.com,5624085723,"043 Moreno Centers, New Priscilla, OH 32095",East Shannon,Ohio,3/3/2025
CUST3248,David,Wallace,moorechristopher@ramirez.com,590.063.5312x33490,"USS Brown, FPO AA 34018",Lake Jennifermouth,Minnesota,2/17/2024
CUST3249,Alexandra,Franklin,shelley25@brewer.net,385.540.8664x009,"75625 Anthony Ports Apt. 144, Stefaniebury, OK 35684",Port Ashley,South Dakota,5/2/2024
CUST3250,Meredith,Hall,phillipsdaniel@gmail.com,457-433-8336x96638,"613 Watson Junction Suite 233, Jacobsfurt, CT 70890",Laurafurt,Indiana,5/19/2022
CUST3251,Jennifer,Lee,trevor99@yahoo.com,3279603809,"Unit 3855 Box 2507, DPO AP 88338",Brandonton,New York,4/16/2024
CUST3252,Steven,Johnson,jweaver@yahoo.com,(105)727-0251,"6233 Aguilar Square Apt. 864, Arellanoland, MO 08476",Mandytown,Oregon,12/16/2024
CUST3253,Christopher,Walton,thompsonbryan@lopez.com,598-120-2169,"97875 Bennett Track Suite 691, Port Amandachester, UT 73432",New Leroy,Kentucky,8/13/2024
CUST3254,Yolanda,Hall,james20@yahoo.com,974.155.7668,"954 Danielle Fall, Mccanntown, OR 31084",New David,Minnesota,6/23/2023
CUST3255,Robin,Moreno,whitekevin@gmail.com,001-258-218-1704x517,"560 Moran Overpass Suite 495, West Leah, CO 20053",Lake Gary,Nevada,10/27/2022
CUST3256,Geoffrey,Johnson,krystal97@lynch.com,(932)347-1350,"6024 Yvonne Orchard Suite 947, West Deanshire, ME 41809",Averyfurt,North Dakota,1/29/2024
CUST3257,Christy,Chung,samantha33@collins.com,001-303-193-1623x09483,"9423 Harris Rest Suite 027, Port Calebborough, AK 12842",West Bettyberg,North Dakota,11/17/2022
CUST3258,Jennifer,Pham,olsonbrandon@bishop.biz,001-173-980-6736,"3475 Edwards Hollow Apt. 731, Riverafort, GA 45410",South Kristen,South Carolina,11/25/2022
CUST3259,Rachel,Johnson,patrickbryant@yahoo.com,355-228-5470x225,"90401 Martinez Ports Apt. 412, Jamesborough, TN 96754",Port Kenneth,Colorado,2/12/2023
CUST3260,Miranda,Tyler,bradleygonzalez@yahoo.com,(765)417-4335,"2165 Daniels Hill Apt. 661, Lake Garybury, MI 43634",Bradfordland,Kentucky,12/12/2023
CUST3261,Austin,Phillips,gravesgregory@yahoo.com,9559094013,"649 Elizabeth Row Suite 852, Lake Jessicamouth, NM 17011",Lake Sarah,Hawaii,7/27/2024
CUST3262,Laurie,Fisher,alexandra08@yahoo.com,(351)861-4715x6949,"PSC 0066, Box 4710, APO AA 87688",Simonside,Ohio,4/13/2025
CUST3263,Frank,Roberts,ashley55@harris.biz,+1-485-675-9927x44901,"0070 Michael Inlet, New Kevinhaven, AZ 78296",Charlesborough,Alabama,2/16/2025
CUST3264,Sherry,Jensen,matthewgonzalez@gmail.com,931-313-0010,"37625 Sierra Path, West Kimshire, MN 81102",Elizabethport,Utah,8/1/2023
CUST3265,Jessica,Burton,taylorbarry@lowery.com,842-276-9401,"864 Davis Forges Suite 841, Port Anthonyshire, IL 51672",Rodriguezburgh,Arizona,8/27/2022
CUST3266,Darren,Cowan,margaretpugh@barnes.com,897.070.3215,"8498 Cody Locks Suite 459, East Joannahaven, AZ 44152",South Kristinbury,South Carolina,7/9/2023
CUST3267,Scott,Mcdowell,dsalinas@yahoo.com,001-362-579-7772x773,"251 Hansen Coves, Michaelberg, TN 29934",Charlesshire,Alaska,12/16/2024
CUST3268,Sandra,Mccarty,wileychristine@brown.com,688.046.1278,"23392 Victor Radial Apt. 198, Sarahland, MN 57256",Ramirezland,Georgia,11/13/2024
CUST3269,Stacey,Johnson,sean81@gmail.com,+1-479-051-0086x6129,"0754 Benjamin Cliffs Apt. 550, West Jenniferville, CO 01605",North Shawnburgh,Tennessee,8/28/2022
CUST3270,Heather,Burns,cwalsh@park.com,(203)863-0610x6099,"73808 Kim Meadows Suite 924, Matthewsview, VA 18364",Blakeburgh,Alabama,2/22/2023
CUST3271,Robert,Copeland,sean51@torres.net,454-694-4391x071,"646 Spears Parks, South Karen, UT 72184",Baxterview,Kansas,7/25/2024
CUST3272,Melanie,Ibarra,matthewmiller@gmail.com,001-226-759-0688x8041,"48029 Barbara Crossroad Suite 402, East Marymouth, NJ 93158",Port Heather,South Carolina,12/30/2023
CUST3273,Daniel,Perez,nicholasharvey@nelson.com,(002)742-9093x107,"935 Mark Key Suite 510, Williamsmouth, WA 78604",Lake Michaelburgh,Vermont,2/3/2024
CUST3274,Brandon,Holt,williamslinda@bridges-ross.biz,+1-294-928-8758x54689,"327 Crawford Inlet, Ashleyberg, TX 64269",Smithborough,New Hampshire,8/13/2022
CUST3275,Lance,Johnson,vsmith@yahoo.com,430.169.3244,"2109 Michelle Lights Apt. 994, North Tammytown, WY 49430",Port Holly,Ohio,11/15/2023
CUST3276,Ashley,Hayes,mreyes@gmail.com,(018)706-4704x648,"336 Ryan Course, Pittsside, MI 67387",Yorkview,Maine,1/9/2024
CUST3277,Amy,Carrillo,ibarnes@price.com,479-937-6553,"15420 Fry Street, Smithview, MS 16844",North Dannyton,North Carolina,3/31/2024
CUST3278,Steven,Davila,darren19@simpson.com,001-911-846-8081,"08335 James Estates Suite 207, West Amandamouth, RI 05916",Reedfurt,Louisiana,5/15/2022
CUST3279,Leslie,Green,duarteadam@huynh.com,-1145,"98968 Kimberly Stream Apt. 093, New Cheryl, HI 12786",Melissamouth,Illinois,5/1/2024
CUST3280,Julie,Sanchez,thomas80@robertson.com,001-900-337-0965x0890,"6157 Mercado Ville Apt. 703, Lake Heather, SD 66164",East Kenneth,Arizona,10/22/2022
CUST3281,Hunter,Campbell,james80@gray.com,+1-059-764-1238x1463,"71273 Thomas Summit Apt. 159, South Kathleen, NV 36267",North Lisaport,North Dakota,8/8/2023
CUST3282,Jessica,Henry,cynthiakelley@gmail.com,635-040-3069x916,"89617 Huff Center Suite 821, Brendaview, ID 59701",West Renee,Maine,5/5/2024
CUST3283,Leslie,Turner,franciselizabeth@fleming-bennett.net,(953)150-3022,"5533 Deborah Row, Port Sarahburgh, NY 86193",South Audrey,Oregon,6/19/2024
CUST3284,Dustin,Sloan,chelsea12@gmail.com,001-698-980-9522,"PSC 7316, Box 2961, APO AE 77683",Lake Davidmouth,Nevada,4/2/2024
CUST3285,Amanda,Martin,tracymay@serrano.org,829-266-4477x23544,"5320 Larson Forks, North Peterland, ME 22410",Rachelbury,Arkansas,12/10/2022
CUST3286,Randy,Keller,ebeck@gmail.com,954.547.5267x2780,"USNV Munoz, FPO AP 18218",East Brenda,Nevada,8/13/2023
CUST3287,Paul,Garcia,david86@patterson.org,259.605.1816x5483,"39926 Juan Courts Suite 538, West Markfurt, ME 29800",New Sandrashire,Ohio,9/29/2022
CUST3288,Frank,Anderson,patricia94@gmail.com,8269942372,"0569 Torres Stream Apt. 818, Jonathanberg, DE 27200",Lake Michaelville,Kansas,12/12/2022
CUST3289,Anthony,Cooper,jason00@tran.net,001-677-906-3544x972,"646 Stephanie Fords, Kendraton, IN 68370",Danport,Tennessee,11/26/2023
CUST3290,Joseph,Robles,cassandralandry@yahoo.com,658.520.0881x02245,"961 Williams Underpass, Laurenbury, HI 94040",South Gerald,Florida,1/27/2023
CUST3291,Carlos,Wilcox,monica46@gmail.com,001-801-184-8930x674,"35919 Brown Haven, Aguirrefurt, DC 88517",Michellestad,North Dakota,8/23/2022
CUST3292,Samantha,Anderson,moorematthew@hopkins-glover.com,094-017-9834,"68283 Carrie Ports, Carloston, OK 77389",Port Sandra,Maine,4/5/2024
CUST3293,Kevin,Shelton,ulopez@yahoo.com,458-560-5124x031,"724 Sherri Forest, Hawkinshaven, GA 67053",East Kristine,Connecticut,2/5/2023
CUST3294,Linda,Livingston,wcollins@peterson.com,001-580-288-8669x2968,"413 Daniel Villages, Christineborough, WI 24721",Lake Robert,Maine,7/2/2023
CUST3295,Sandra,Gonzales,jameslong@rodriguez.info,107.447.9596x1184,"83691 Fletcher Stream Apt. 647, Melissaport, CT 60919",Ellisfurt,Maine,8/22/2023
CUST3296,Donna,Compton,keith54@hotmail.com,001-792-432-1676x3660,"USNS White, FPO AE 18643",Doughertyshire,Utah,5/4/2023
CUST3297,Benjamin,Johnson,novaklarry@hotmail.com,880-562-0877,"977 Charles Lakes, Simpsonton, DC 79710",Ashleechester,Tennessee,8/16/2024
CUST3298,Nancy,Clark,ejones@yahoo.com,+1-592-557-6254x1433,"151 Tracy Orchard, Johnsonport, NC 20723",South Catherine,South Dakota,5/13/2022
CUST3299,Anita,Cowan,lisa34@moore.com,+1-130-823-5853x32922,"72398 Freeman Bypass Suite 547, Jeffreyport, AZ 68546",North Shawn,Utah,9/26/2024
CUST3300,Deborah,Proctor,wesley21@miranda-bowen.com,402.716.4586x781,"96219 Hannah Overpass Apt. 527, Jenniferport, UT 83284",West Jeremyview,Montana,9/22/2024
CUST3301,Shaun,Khan,markclark@moore-garza.com,341.939.9088,"USS Ramirez, FPO AP 98661",Garciamouth,Utah,4/9/2024
CUST3302,Bradley,Thomas,rodney89@yahoo.com,793.446.2104x62093,"97210 Allen Green Apt. 664, Petersside, MD 39173",Robertmouth,Minnesota,2/23/2025
CUST3303,Michael,Kramer,elizabeth43@goodwin.info,(980)921-0023x900,"755 Gallegos Cliff Apt. 680, West Justinchester, MT 25880",Hallmouth,Michigan,11/24/2024
CUST3304,Evelyn,Higgins,wilsonwilliam@hotmail.com,9441926546,"339 Amy Village, Brianbury, GA 36723",Lake Samuel,Massachusetts,2/21/2024
CUST3305,Brandon,Castillo,jenniferberry@yahoo.com,(507)114-6493,"38783 Perez Viaduct Suite 408, East Andreabury, HI 72234",Paulhaven,Rhode Island,2/28/2024
CUST3306,Matthew,Dyer,haydentonya@hernandez-manning.com,(818)654-3513x028,"14712 Alan Spurs Apt. 298, South Williamberg, OH 19082",Melindaborough,Nebraska,5/6/2024
CUST3307,Spencer,Pineda,maria42@yahoo.com,546-356-7867x0693,"4384 Michael Park, West Kimberlyborough, SC 02459",West Betty,South Dakota,12/24/2022
CUST3308,Peter,Oliver,tayloreric@nguyen-deleon.org,(382)113-8709x196,"41545 Rodriguez Dale, Kingfort, AZ 79163",South Allison,Nebraska,3/22/2023
CUST3309,Lynn,Costa,garciadeborah@ramirez.com,+1-283-505-7302x8171,"01049 Decker Drive, Strongfurt, NV 33837",Nelsonborough,Oregon,12/31/2022
CUST3310,Donna,Scott,morrowdaniel@morales-logan.org,+1-046-041-8681x2862,"099 Cindy Forks, East Rebecca, MO 07667",South Adamside,Rhode Island,6/18/2022
CUST3311,Cynthia,Norton,tina71@yahoo.com,151-682-1807,"88728 Price Harbors Apt. 068, New Miguelstad, MO 46795",Fieldsside,Nebraska,6/30/2024
CUST3312,Jonathan,Woodard,boyerbenjamin@ortiz.com,-2358,"876 Charles Lock, Andreaton, WI 24801",Rubenbury,Nevada,7/29/2024
CUST3313,Richard,Wagner,dpugh@giles.com,-5265,"21419 Nichols River Suite 361, East Timothy, MA 22177",Garciahaven,Maryland,4/3/2024
CUST3314,Robert,Burns,angelabrewer@gardner.biz,001-990-531-4096x57924,"USCGC Fletcher, FPO AA 77175",Lake Stephanie,Arkansas,9/11/2024
CUST3315,Robin,Stanley,christensenkerry@donaldson.com,001-439-619-6286,"932 Collins Station, Carriemouth, NC 63247",Floydstad,New Hampshire,2/22/2024
CUST3316,Edward,Johnson,nconrad@hotmail.com,125-737-9229x8388,"PSC 8076, Box 1147, APO AE 39143",Davidberg,Tennessee,2/8/2025
CUST3317,Stephen,Craig,stewartnicole@smith.com,(524)179-7912x3944,"3064 Melanie Islands Apt. 894, South Jennifer, OH 61872",Connermouth,Nebraska,3/31/2023
CUST3318,Katherine,Ochoa,grose@reynolds.com,(833)817-5156x186,"05089 Colleen Springs, Lake Kellyside, NJ 12106",Mcdanielburgh,New Hampshire,7/31/2022
CUST3319,Erica,Vazquez,awatts@rivera.com,161-968-0670x0449,"522 Curtis Valleys Suite 544, Hickmantown, KS 93872",Warnerside,Maryland,3/25/2024
CUST3320,Katherine,Bowman,howarddaniel@adams-moody.com,+1-785-906-6591x339,"USCGC Haney, FPO AA 45105",Zunigaborough,Maryland,2/18/2023
CUST3321,Patricia,Fitzgerald,trevor18@jackson.net,(319)723-2377,"875 Hamilton Terrace Suite 833, South Richardchester, OR 72336",Port Derektown,California,4/20/2024
CUST3322,Amanda,Green,mooreerica@gmail.com,674.645.9260,"36684 Keith Avenue, Port Charleston, FL 21697",North Margaret,Wisconsin,9/5/2023
CUST3323,Amber,Johns,david98@hotmail.com,001-675-642-4879,"316 Michelle Fork, Jordanmouth, MI 52394",Maryville,Delaware,9/16/2024
CUST3324,Zachary,Mcdonald,victoria38@hester.biz,001-433-046-2240,"98222 Heather Fork, Marieshire, WA 11526",Johnsonside,Rhode Island,11/1/2022
CUST3325,Brittany,Lee,daniel74@gmail.com,(444)919-0816x308,"64756 Levy Center Suite 766, Devinside, OH 95047",West Ericmouth,Missouri,4/11/2024
CUST3326,April,Le,autumn18@hotmail.com,914-730-3106x15730,"PSC 2839, Box 8636, APO AP 33591",New Scottport,Alaska,5/19/2023
CUST3327,Maria,Sims,christina87@gmail.com,+1-862-300-1043x1453,"999 Fitzpatrick Wells, Cassidyburgh, GA 16037",South Jeffery,Maine,12/14/2023
CUST3328,Mark,Navarro,riversstacy@silva.biz,7793687448,"05084 Elizabeth Flats, West Robert, OH 54798",West James,Texas,9/4/2023
CUST3329,Todd,Wheeler,christopherharris@hubbard.com,001-634-657-2523x33114,"8485 Lee Spurs Apt. 220, South Billy, KY 55354",Ashleyton,Connecticut,12/8/2023
CUST3330,Lisa,Phillips,thomas90@castro-gilbert.info,(381)659-7649,"379 Weaver Key, New Jeffrey, MS 79280",Port Kathleenton,North Dakota,7/19/2024
CUST3331,Shelley,Peters,robertrubio@yahoo.com,001-713-723-1607x98429,"669 Barry Field, Stevemouth, UT 83282",New Curtisland,Texas,12/28/2023
CUST3332,Mark,Yang,salassara@hotmail.com,001-647-552-5963x2535,"0130 Jessica Summit, Walkerfort, CO 88703",North Bobbyville,Louisiana,8/23/2022
CUST3333,Jessica,Johnson,lindsay15@gmail.com,364-331-9691,"03862 Benjamin Crest Suite 301, Mariostad, MI 07556",Frankberg,Wyoming,6/14/2023
CUST3334,Rebecca,Bowers,amy10@jordan.com,212-216-4555x851,"9151 Margaret Turnpike Apt. 624, North Courtneychester, DE 12174",New Kimberly,Kentucky,4/15/2025
CUST3335,Charles,Baxter,andrew96@hotmail.com,160-348-0003x7017,"54707 Williams Expressway Apt. 894, Sheppardbury, VT 98669",Lake Shannon,Kentucky,4/11/2024
CUST3336,Joseph,Espinoza,jcarter@hotmail.com,(531)189-0927x437,"13010 Deborah Street Suite 704, New Joseph, OR 79572",Lake Michael,New Hampshire,7/3/2022
CUST3337,Lori,Bernard,chensamantha@hammond.info,+1-845-177-1096x706,"70583 Tanner Club, Robertsonside, IA 41610",Christianville,Minnesota,10/18/2023
CUST3338,Brandon,Nelson,ashley50@yahoo.com,824-621-2198x288,"237 Hamilton Ford, Johnsonburgh, ME 03164",Port Stevenside,New York,4/7/2024
CUST3339,Christopher,James,kennethschultz@morris-colon.info,(522)575-2928x2517,"900 Justin Brooks Apt. 586, New Tiffanystad, SC 42259",Deanhaven,Florida,10/24/2023
CUST3340,Christine,Franco,ericmercado@serrano-jackson.org,888-499-4844x698,"70871 Timothy Viaduct Suite 387, Rojasstad, OH 10780",Bakerhaven,Nebraska,12/5/2022
CUST3341,Ann,Anderson,stephensimmons@hotmail.com,+1-559-625-7618x43549,"0421 Julie Club, Port Adam, KY 26929",Ericahaven,Alabama,8/21/2023
CUST3342,Maria,Burns,alisonsmith@yahoo.com,005.469.7507x59911,"759 Crawford Expressway, North Saraland, AR 47837",Thomastown,Hawaii,5/22/2022
CUST3343,Stacy,Smith,simmonsmarc@gray.net,+1-556-525-7241x571,"23071 Ford Knolls, Port Dominictown, NV 15962",Dukefort,Alaska,8/14/2023
CUST3344,Bonnie,Parker,cruzdenise@hill-hodges.org,233-642-2310x11051,"57386 Austin Drives, Justinhaven, NE 94383",West Evan,South Carolina,6/5/2024
CUST3345,Kenneth,Smith,barnestabitha@melendez.net,493.250.3362x341,"5087 Simpson Well Suite 019, Lake Sarah, OH 11251",Chambersport,Virginia,5/8/2023
CUST3346,Jeremy,Pierce,uherring@kennedy.com,074.039.7376,"234 Crystal Roads, West Kaylastad, WY 59255",East Jimmy,Minnesota,1/19/2024
CUST3347,Mary,Fox,uward@hotmail.com,246.370.4930x205,"8709 Davis Village, Hinesmouth, MS 03128",Fieldsmouth,Massachusetts,10/29/2022
CUST3348,Christine,Caldwell,saramendez@hotmail.com,795.644.8358x7903,"251 Chad Hills, West Monicaberg, NY 77061",Lake John,Hawaii,5/8/2024
CUST3349,Samantha,Hernandez,abernard@gmail.com,5014810729,"93050 Lara Bypass Suite 005, Powellstad, ME 96196",Taylorburgh,North Carolina,12/6/2023
CUST3350,Sarah,Fox,scottrusso@hotmail.com,(577)390-4071x19371,"7620 Terri Underpass Apt. 045, South Allison, GA 01930",Mcculloughberg,Kentucky,2/17/2025
CUST3351,Carrie,Collier,aphelps@yahoo.com,001-424-760-0315x87660,"33824 Brown Grove Apt. 461, Allenhaven, SD 34938",Lake Steve,New York,3/25/2024
CUST3352,Kevin,Jones,alvarezkelsey@yahoo.com,001-571-461-9996x5532,"PSC 0659, Box 7438, APO AE 91480",Robertston,Iowa,5/12/2023
CUST3353,Suzanne,Willis,erica21@webb-li.com,(302)565-1922x815,"802 Krueger Plains Apt. 674, Dawnstad, SC 43418",Rayfort,Nevada,6/14/2023
CUST3354,Joel,Hebert,debra64@bryan-black.com,698-538-9626,"PSC 6972, Box 5956, APO AP 27920",New Katherine,Indiana,10/31/2022
CUST3355,Angel,Stewart,andrewharris@harmon-nguyen.com,693.093.9646,"22109 Jacob Burg Apt. 603, Curtisfurt, NJ 96982",Wrightfurt,Alabama,6/10/2023
CUST3356,Joshua,White,carterbrian@alexander-johnson.com,007.150.4840,"5328 Hensley Branch Suite 336, East Davidberg, ME 61682",West Melissaborough,California,3/16/2024
CUST3357,April,Carter,mitchellalejandro@watson.info,001-283-718-0977x533,"64014 Ashley Springs, Port Maxwell, NC 23361",Lake Garrett,Pennsylvania,6/26/2022
CUST3358,Misty,Thomas,christopher15@lee-zimmerman.com,(574)661-0435x62825,"007 James Prairie Suite 445, East Mary, WI 02896",West Heidihaven,Iowa,1/14/2024
CUST3359,Benjamin,Rowe,johnsimpson@roth.biz,001-336-219-5804,"023 Yates Estate Suite 517, North Terrifurt, NC 68215",Paulstad,Maryland,7/24/2024
CUST3360,Danny,Sanders,scottrowland@hotmail.com,-10747,"7544 Joseph Glens Suite 357, Richardsmouth, GA 11990",Brownbury,Ohio,8/3/2022
CUST3361,Jason,King,qvargas@hotmail.com,+1-209-704-9838x8671,"Unit 2735 Box 3709, DPO AA 08222",Heatherchester,Vermont,5/26/2024
CUST3362,David,Williams,alvarezshawna@gmail.com,(920)637-8653x1250,"6433 Alyssa Inlet, East Timothy, MI 48717",Justinmouth,Wisconsin,3/2/2024
CUST3363,Cindy,Turner,hoodgregory@campbell-smith.net,(572)028-7962x258,"32613 Estrada Plaza, Lake Tracyburgh, PA 93925",West Staceyland,Vermont,8/25/2022
CUST3364,Shannon,Hess,maria68@baker-peck.com,956.005.2478,"PSC 8054, Box 3179, APO AA 74949",West Laurahaven,South Carolina,6/1/2024
CUST3365,Sheila,Edwards,perezjennifer@yahoo.com,(097)190-2785x340,"02868 Walls Falls Suite 099, Amandatown, CA 45316",New Sonya,Alabama,4/13/2024
CUST3366,Eric,Anderson,smithmichael@benson.org,(239)397-4961x16318,"886 David Loop Apt. 870, West Mikeland, OR 67125",Samuelborough,Texas,11/5/2023
CUST3367,Sean,Smith,rodriguezdaniel@moss.biz,001-632-291-8546x186,"4325 Johnson Drive, Albertmouth, DE 94245",South Michael,North Carolina,7/6/2023
CUST3368,Mary,Jones,brian71@mccarthy-stephenson.com,686-873-2004x61719,"Unit 2492 Box 3339, DPO AP 91087",Laurafurt,Oklahoma,12/25/2023
CUST3369,Samuel,Johnson,laurenarias@yahoo.com,749-165-9802,"546 Brown Pine Suite 164, North Davidview, VT 68189",New Aaronborough,Georgia,5/26/2023
CUST3370,Heather,Hart,nicholasflynn@yahoo.com,405.179.0681x748,"61862 Ronald Prairie, Matthewfort, IN 16091",East Michaelton,South Dakota,12/16/2024
CUST3371,Austin,Adkins,wilsonkathy@hotmail.com,625-021-7168x0629,"0135 Carlson Island, Lake Jason, MA 88539",Riveraberg,Minnesota,1/15/2023
CUST3372,Gregory,Beck,jeffrey56@perez.com,991-427-9992x719,"60850 Peterson Run Apt. 830, Dianeview, WA 01606",South Katherineton,Michigan,4/17/2023
CUST3373,Christine,Alexander,meltonwilliam@rich-blair.com,+1-350-308-7920x95548,"569 Savannah Passage Suite 848, Bishoptown, WA 89651",Lake Laura,Georgia,12/5/2024
CUST3374,Emily,Brown,josephpowell@king-sullivan.net,(380)739-1061x1377,"16794 Joseph Spring Suite 549, West Patricia, LA 26745",Jamesbury,Massachusetts,10/4/2022
CUST3375,Chelsea,Parsons,craighoover@adkins.info,(230)126-2689x5618,"604 Mark Overpass, Port Rachel, WI 28174",East Jessicamouth,California,2/7/2023
CUST3376,Charles,Richard,taylor66@bennett.com,(039)124-7349x08315,"267 Walters Path, Taylorburgh, OH 12302",Kelleytown,Maryland,6/24/2024
CUST3377,Catherine,Wilson,harrisonalyssa@gmail.com,679-748-8220x81724,"14245 Jackson Roads, Laurenfurt, GA 60437",Lake Angelaville,Kansas,5/6/2023
CUST3378,Melissa,Rocha,jameskatherine@murphy.com,+1-543-290-2615x292,"06597 Thomas Isle Apt. 683, Lauraport, WV 58066",Port Nicole,South Carolina,3/25/2025
CUST3379,Matthew,Brown,tara14@gmail.com,(359)957-4561,"997 Carson Path, Lisabury, OR 97278",Moralesshire,West Virginia,6/5/2023
CUST3380,Alexander,Anderson,andersonkathleen@johnson-church.org,590.577.3016x29011,"2822 Lewis Fall, Sarahbury, RI 39421",New Daniel,Washington,10/17/2023
CUST3381,Amber,Weber,anthonybenitez@gmail.com,001-843-196-6204x20676,"269 Megan Plains, West Seanview, SD 12378",Lake Michele,Vermont,7/29/2024
CUST3382,Sydney,Gentry,guy73@miller-estes.biz,001-474-382-9821x927,"895 Molina Village Suite 744, South Tina, MI 90154",Sethtown,Michigan,8/9/2022
CUST3383,Timothy,Hayes,jchan@gmail.com,660-589-5256x817,"262 Cory Springs, Ericshire, MA 37956",Lake Mary,Hawaii,5/2/2022
CUST3384,Jody,Clark,steelegregory@yahoo.com,159.389.6119x9780,"9123 Leonard Prairie Suite 339, Jennifertown, IN 82216",West Christinachester,Arkansas,2/11/2024
CUST3385,Rachel,Bailey,upeterson@weeks.com,357.381.4830x5731,"1520 Mccarthy Flat, Lake Michael, VT 04308",Deanland,South Carolina,5/6/2023
CUST3386,Ryan,Romero,newtonchristopher@yahoo.com,(412)614-4374,"2949 Kristina Springs Suite 954, Moralestown, AK 40118",Cervantesstad,California,12/8/2024
CUST3387,Timothy,Brown,joannfranco@hotmail.com,619.310.2914,"37149 Malone Lights, East Erinfurt, NV 21208",Michaelfort,South Carolina,3/25/2025
CUST3388,Matthew,Morales,shawna45@moyer.net,030-702-7633x773,"USS Rhodes, FPO AE 36286",Huntchester,Pennsylvania,3/27/2024
CUST3389,Jason,Carey,james28@mcguire.com,(184)819-8818x759,"492 Hamilton Lights Suite 194, South Timothystad, ID 23556",East Richardhaven,New Jersey,3/28/2023
CUST3390,Crystal,Davis,hdavis@moore.com,+1-005-218-3135x73395,"08690 Perez Lodge, South Michael, HI 39870",Timothyview,Illinois,11/25/2022
CUST3391,Robert,Burke,theresabowers@payne-wise.com,(235)333-9606x88862,"2926 Kristin Stravenue Suite 916, Johnsonhaven, ND 50348",Elizabethside,Washington,11/26/2023
CUST3392,Bradley,Forbes,david97@gmail.com,001-821-633-8856x6775,"771 Amanda Junction, New Alexanderville, IA 68703",Angelaport,Vermont,9/18/2023
CUST3393,Linda,Watson,cindy51@hubbard.info,-4433,"305 Lawrence Summit, Charlesmouth, WI 65747",East Michael,New Jersey,4/30/2024
CUST3394,Kristi,Malone,aaron37@pineda.com,766-175-8624,"94013 Michael Forges Suite 725, New Pamela, NM 94740",Dawnport,Colorado,9/29/2024
CUST3395,Mary,Taylor,theresa15@sutton.com,001-007-814-2392x4520,"77013 Hannah Terrace, Port Michele, DE 79783",Carolbury,Wyoming,9/23/2023
CUST3396,Charles,Lynch,zhanson@gmail.com,-2275,"9403 Hamilton Station Apt. 249, Robinsonville, PA 33991",Kimberlystad,Kentucky,3/21/2023
CUST3397,Sergio,Livingston,cody35@blanchard-moore.com,939-754-3040,"4140 Smith Park Apt. 182, New Alexander, FL 29655",South Rebeccatown,Maryland,3/3/2025
CUST3398,Colton,Williams,creyes@gmail.com,428.140.9826x42030,"64368 Kenneth Road Suite 736, Matthewville, HI 50432",West Mark,Washington,8/28/2022
CUST3399,David,Jordan,gonzalesjames@hotmail.com,969-737-0391,"2123 Mann Radial Apt. 734, Farmerberg, SC 99125",Donaldburgh,New Jersey,3/1/2025
CUST3400,Angela,Blevins,scottaustin@maldonado-bradley.com,908.549.9992,"8760 Melissa Station, Willisberg, AZ 51673",East Monicatown,Ohio,1/25/2024
CUST3401,Charles,Cunningham,burnsmelanie@gmail.com,001-449-355-6415x71377,"275 Tucker Turnpike, New Jade, NE 19325",Littleland,Minnesota,9/10/2022
CUST3402,Felicia,Anderson,clarkstephanie@collins-peterson.net,001-952-937-5349,"077 Hall Creek Apt. 498, Lake John, CA 94201",Port Ebony,Florida,8/13/2022
CUST3403,Crystal,Hale,buckleyjamie@yahoo.com,(196)557-7111,"USCGC Moore, FPO AA 36661",East Dylan,Maine,2/25/2025
CUST3404,Marie,Wood,cindyhunt@fowler-allen.biz,(578)782-8546x15389,"8650 Johnson Glen Suite 607, Tammyton, OR 21406",Amyside,Ohio,5/19/2022
CUST3405,Kenneth,Conley,djackson@hudson-robinson.com,+1-686-917-9563x50734,"91247 Cody Streets Apt. 291, Davisborough, CA 10695",Lake Michael,Connecticut,8/30/2024
CUST3406,Vanessa,Ward,huffjeffery@mendoza.com,509-803-2664x2253,"909 Thomas Lock Apt. 732, New Patrickburgh, MI 11192",East Colin,South Carolina,8/29/2024
CUST3407,Heidi,Weeks,leearellano@pearson.com,307-772-8501,"3117 Ball Throughway Suite 281, West Robert, IA 90310",East Nataliefurt,Georgia,2/8/2023
CUST3408,Glenda,Keller,cabrerajulie@gmail.com,+1-616-129-4050x9017,"0568 Hernandez Radial Suite 826, Kathleenchester, AK 23451",Hillchester,Oklahoma,1/22/2025
CUST3409,Matthew,Gutierrez,gordonjeffrey@fernandez.com,172-911-8519x3371,"8683 Gregory Club Suite 802, South Johnathanview, AL 81632",East Scott,Iowa,2/6/2024
CUST3410,Chelsea,Sawyer,joelwaters@scott.org,636.137.0891x6843,"USCGC Rosales, FPO AP 42589",Jenkinsmouth,Montana,7/1/2024
CUST3411,Christina,Bullock,meganmaxwell@gmail.com,6796897178,"1048 Alice Alley Suite 339, Jenniferhaven, WY 70306",Gomezton,Kentucky,4/8/2024
CUST3412,Matthew,Anderson,hserrano@yahoo.com,048.685.6679x3796,"39857 Matthew Street Apt. 935, North Danastad, VT 47305",Lake Theresashire,Tennessee,3/2/2023
CUST3413,Luis,Buck,mollyflores@yahoo.com,417-795-8063x3470,"PSC 3029, Box 1082, APO AE 87651",Port Margaretborough,Indiana,4/12/2024
CUST3414,Jacob,Bowen,colonjohn@gmail.com,421.877.1668x774,"325 Collins Loaf Suite 389, Dorothyfurt, FL 71665",Piercefurt,Nebraska,4/5/2025
CUST3415,Thomas,Walker,ajenkins@hotmail.com,+1-552-177-4306x5077,"8396 Jorge Motorway, Sandrashire, OK 86876",Vickimouth,Hawaii,2/13/2024
CUST3416,Jason,Salazar,danielle62@hotmail.com,620.636.3762x0573,"09254 Cole Street, New Jennifer, SD 03974",Cherylfurt,Pennsylvania,1/18/2025
CUST3417,Jonathan,Spencer,hfuentes@yahoo.com,001-099-168-9338x0424,"4343 Boone Parkway Apt. 652, Hernandeztown, MO 08352",Caseport,New Mexico,10/21/2022
CUST3418,John,Brown,cheryl42@leblanc.com,001-342-981-3830x38291,"2125 Victoria Keys Suite 276, North Dianaberg, NC 37236",New Jessefort,Idaho,9/25/2023
CUST3419,Michael,Larson,lesliejackson@gmail.com,277.364.5175,"47360 Shannon Station Suite 514, North Christinemouth, OR 73783",West Cherylstad,Georgia,1/14/2025
CUST3420,Erika,Gonzalez,michaelwalker@wood.com,001-873-185-2888x445,"630 Chavez Manors Apt. 069, Tyroneton, MI 57906",Carolview,Kentucky,1/5/2024
CUST3421,Jason,Zimmerman,kevin70@gmail.com,+1-078-169-5201x6337,"69927 Hogan Via, Christineview, CT 74277",Stevenborough,California,6/17/2023
CUST3422,Alex,Kim,uosborne@gonzalez.biz,(605)410-6493,"2106 Denise Mews Suite 084, South Deborah, MO 13003",North Toddbury,Wisconsin,4/19/2024
CUST3423,Cynthia,Carter,josephvazquez@yahoo.com,(088)814-2550x16637,"8399 Samantha Rue, Walkerland, MO 86756",Collinsborough,Mississippi,1/26/2024
CUST3424,Aaron,Good,burchdaniel@fry-chen.com,438.152.4059x3597,"58221 Javier Springs, Brewerhaven, GA 79721",Lake Jason,New Hampshire,9/17/2023
CUST3425,Paige,Galloway,kramertheresa@hotmail.com,427-486-3692,"43369 King Village Apt. 656, Rebeccaview, SC 43246",New Jodi,North Dakota,2/15/2023
CUST3426,Jeffrey,Lowe,rgomez@johnson-bell.com,535-709-6264,"72839 Nunez Squares, West Stephanie, CO 47071",Kathrynburgh,Minnesota,4/1/2023
CUST3427,Tammy,Johnson,adam73@hotmail.com,583.016.7303x99985,"914 Ruiz Dale, North Thomasshire, OK 02211",Port Jamesstad,Arizona,6/30/2023
CUST3428,Morgan,Hawkins,zwells@yahoo.com,(691)018-3578x9788,"951 Simpson Corners Apt. 091, Lake Elizabeth, MO 98637",East David,Arizona,11/7/2022
CUST3429,Danny,Montgomery,sgibson@tucker.com,119-849-0807x16120,"Unit 5396 Box 0498, DPO AE 23547",Cruzport,Alabama,9/25/2023
CUST3430,Nicholas,Taylor,burkekimberly@carroll-rodriguez.biz,(570)370-4918x5176,"7520 Morgan Cliff Apt. 746, Jacksonport, FL 44048",Andersonton,Washington,7/29/2023
CUST3431,Mitchell,Williams,christina64@price-walters.com,1648240930,"4178 David Terrace Apt. 342, Scottborough, AR 34980",Lake Christinamouth,New Jersey,2/10/2025
CUST3432,Melissa,Ayers,larryhester@gmail.com,759.239.6416x135,"8669 Alfred Plain, Lake Carla, UT 87448",Lambertstad,Nebraska,9/10/2024
CUST3433,John,Rush,peggy23@morales-wilson.net,+1-473-243-6035x499,"084 Mccarthy Common, Daniellechester, MA 54080",Lake Jonathan,Arizona,9/18/2023
CUST3434,Paula,Cox,jennifer18@williams.com,(637)168-5798,"93153 Jorge Plains, Dennisberg, IN 66212",Lake Emily,Kentucky,1/10/2023
CUST3435,Richard,Blair,sara82@garza-delgado.com,750.905.3445x97958,"83640 Paige Spring Suite 108, East Thomaston, LA 28499",Kaitlinborough,Kentucky,7/21/2022
CUST3436,Jackson,Morris,jenny98@frost.com,155-875-0942,"578 Martinez Summit Suite 440, Stevenmouth, NV 38390",South Teresaborough,Oklahoma,1/15/2024
CUST3437,Shaun,Jones,bharris@garcia.org,901.865.5908x837,"160 Roach Shore Suite 405, Maxwellview, OR 34814",Jasonfurt,New Mexico,1/22/2025
CUST3438,Alyssa,Gonzalez,wtownsend@gmail.com,5768585167,"047 Sara Club, Hernandezborough, NJ 80681",Walkerborough,Pennsylvania,12/23/2024
CUST3439,Christopher,Davis,kmiller@berry.net,001-518-740-8863,"79688 Joseph Place Apt. 111, North Aaronstad, UT 54785",North Dianeburgh,Idaho,5/21/2024
CUST3440,Samantha,Young,sward@yahoo.com,001-749-922-3446x21511,"11639 Riley Prairie, West Jennifer, CO 79230",Lake Andrew,Illinois,7/31/2022
CUST3441,Gabriel,Johnson,qyu@harris-gillespie.com,(665)697-0670x4752,"USNV Collins, FPO AP 96637",Thompsonburgh,Delaware,2/24/2025
CUST3442,Emily,Alexander,victoriagriffin@reed.com,001-542-769-8997x294,"48292 Boyle Courts, New Daniel, WY 16566",Kirkside,Nebraska,3/19/2025
CUST3443,Nancy,Bridges,angela77@jenkins.net,658-835-0768x63982,"6912 Webb Parkway Apt. 756, Matthewhaven, NJ 34291",Robinsonmouth,Illinois,4/19/2022
CUST3444,Taylor,Richardson,bradyeric@mcdonald-reynolds.com,001-666-972-9438x6009,"407 Sullivan Pike, East Hollyville, MN 12729",Gonzalesburgh,Alaska,4/5/2023
CUST3445,Marie,Anthony,maryrandall@hotmail.com,406-665-3812,"2421 Soto Lake, Port Danielville, OR 46297",Wrightside,Missouri,8/30/2024
CUST3446,Lisa,Perez,sean72@carter.com,415.920.1153,"USS Gomez, FPO AA 59357",West Kevin,Nebraska,6/2/2022
CUST3447,Ashley,Hall,oburch@hotmail.com,001-759-303-0026,"67972 Olivia Divide, Dianeview, OH 33206",Amyville,Kentucky,10/2/2024
CUST3448,Eric,Smith,danieldunn@hotmail.com,663444493,"18987 Jason Stravenue Suite 137, Snowport, NJ 65681",New Jon,Wisconsin,1/8/2025
CUST3449,Sheryl,Benson,daisy16@castillo-heath.info,396.081.0115x3298,"909 Angela Isle, Evanburgh, VT 74557",West Cherylport,Wyoming,3/5/2025
CUST3450,William,Jones,markbenson@walker.com,451-608-3319x257,"6301 Patricia Mountains, North Christopher, DE 45033",South Garybury,Virginia,11/26/2023
CUST3451,Brian,Harris,dnorris@aguirre-ritter.com,424.190.2322x096,"217 Gary Village Suite 623, Ashleyburgh, ID 71917",Millerstad,New Hampshire,11/13/2023
CUST3452,Daniel,Martin,jacobperry@gmail.com,(802)260-4994,"49235 Garcia Port Suite 492, Garciaton, MT 22021",Martinezstad,Maine,5/1/2023
CUST3453,Jeffrey,Sanchez,lkaufman@gmail.com,290-133-7699,"541 Butler Track, Victorville, ME 98140",South Markberg,Alabama,2/19/2024
CUST3454,Donna,Ward,diana34@brown-mitchell.com,466-213-8467,"1769 Johnson Shore, New Marybury, SC 03430",Lake Josephton,Texas,11/24/2023
CUST3455,Brent,Morris,isantana@yahoo.com,995.921.2106x95669,"9156 Paul Keys, Kyleshire, UT 48104",New Juliaton,Tennessee,8/9/2023
CUST3456,Nancy,Gutierrez,michellerice@price-camacho.com,-5835,"34378 Phillips Junction Suite 292, Port Jackie, VT 93085",South Sierra,Alaska,5/16/2024
CUST3457,Matthew,Thomas,rogersalexis@yahoo.com,621.157.3017,"875 Monroe Ridge, North Jennifer, MD 65904",Port Michaelfurt,Texas,12/17/2023
CUST3458,Kimberly,Mcdonald,matthewbeltran@hotmail.com,-5609,"USNV Wilson, FPO AE 53842",West Jamesshire,Kansas,6/3/2022
CUST3459,Dustin,Ward,melissa28@hotmail.com,556.974.8621x2546,"042 Walker Mountains, Tylerhaven, NY 33282",Lake Jameshaven,Mississippi,2/25/2023
CUST3460,Eugene,Johnson,travis39@hotmail.com,549-060-0836,"47491 Johnson Glen Suite 229, Myersville, ID 92588",Christychester,Vermont,12/30/2024
CUST3461,Jamie,Bradley,jason20@yahoo.com,330.219.9642x657,"9057 Dwayne Drive, West Jon, KY 63003",South Markville,Maine,3/23/2024
CUST3462,April,Moreno,zromero@lee.com,820.032.4092x4261,"51034 Mcdaniel River Apt. 994, North Brianburgh, VA 37471",West Aaronbury,Montana,1/20/2024
CUST3463,Joy,Jackson,danielcook@gmail.com,001-731-383-5755x1059,"63373 Washington Mountain Apt. 844, Christopherton, DC 17652",New Michaelshire,North Dakota,6/13/2024
CUST3464,Elizabeth,Nguyen,linda98@stewart-garrison.info,807258210,"1633 Camacho Mountains Suite 494, Martinberg, CT 97192",Sherritown,New Jersey,1/26/2023
CUST3465,Stacie,Mcdonald,youngadam@smith.com,2582057932,"48378 Harvey Junction, East Zachary, NY 86569",Port Amanda,New Jersey,9/5/2022
CUST3466,Crystal,Potter,aaronmartinez@douglas.org,001-839-843-2837x9633,"78704 Hensley Circles, Lake Kevinmouth, WA 02985",Evansberg,Idaho,11/15/2022
CUST3467,Elizabeth,Vang,zlowe@hotmail.com,001-342-449-7429x24295,"4111 Mark Village Apt. 122, Janetfort, WA 11995",Velezville,Oklahoma,4/28/2022
CUST3468,James,Cowan,joycechristine@gmail.com,+1-114-972-2571x830,"PSC 4705, Box 9857, APO AP 67388",East Natalieberg,Tennessee,9/18/2024
CUST3469,Janet,Solis,millermatthew@rhodes.com,151-758-1169,"0784 Katherine Rue, North Elizabethbury, CO 87479",Lake Jacquelineside,Nevada,1/18/2025
CUST3470,Donna,Boyd,duncanpaul@leonard.org,001-266-392-5057,"71685 Wright Curve Apt. 481, Ryanburgh, MN 58036",Richardmouth,South Dakota,10/3/2024
CUST3471,Jacob,Wilson,rtucker@harris-hopkins.org,-1042,"26457 Williamson Shore Apt. 961, Elizabethland, MA 88108",Hudsonville,Utah,10/15/2023
CUST3472,Megan,Johnson,scottautumn@hotmail.com,5262873256,"32200 Debra Point Suite 416, Port Eugene, GA 43966",West Lindsey,Colorado,6/29/2023
CUST3473,Stephanie,Torres,sierramorris@hotmail.com,032-697-0574x362,"PSC 2499, Box 4080, APO AA 58806",Mendozastad,Alaska,10/21/2023
CUST3474,Angela,Johnston,gerald85@chapman-davis.com,+1-617-715-7886x3752,"18515 Wilson Neck, New Christinamouth, IA 97369",Port Joshua,Illinois,4/30/2024
CUST3475,Tara,Jones,hahndawn@richardson.biz,141-800-8831x685,"08812 Vanessa Corners, South Heather, SD 30348",Phillipsmouth,Delaware,5/23/2024
CUST3476,Shannon,Brock,melindawilson@williams-thompson.com,405.163.6346x5908,"PSC 6384, Box 0156, APO AA 06234",Haleyburgh,Vermont,2/12/2024
CUST3477,Eric,Chavez,patricia87@campos.com,257-642-0800x2341,"41297 Meyer Lakes Apt. 603, Hernandezhaven, IA 01486",Jamiestad,Colorado,7/4/2022
CUST3478,Erin,Guerrero,melissa42@garcia-williams.com,3255718252,"USNV Ward, FPO AA 64783",North Tyler,North Dakota,3/22/2023
CUST3479,Jonathan,Browning,josephhardin@yahoo.com,471.254.2214,"4269 Christina Curve Apt. 185, Jennaside, GA 98491",Lake Jacquelineburgh,Michigan,3/15/2023
CUST3480,Emily,Boyer,thomaswilliams@yahoo.com,5789384507,"789 Mckinney Orchard Apt. 142, West Jamesshire, WA 81502",North Cameron,Alaska,11/6/2023
CUST3481,Dana,Martin,mrobbins@yahoo.com,(287)603-5026,"56372 Cindy Extension, Steveberg, UT 68906",East Autumnfurt,Connecticut,9/12/2022
CUST3482,Catherine,Brooks,whitejuan@gmail.com,512-065-0609x06048,"296 Hawkins Court Apt. 336, Lake Robert, MA 85052",Raymondport,Vermont,3/13/2024
CUST3483,Michael,King,gomezmichael@gmail.com,(982)286-7826,"321 Nichols Valleys, Timothybury, HI 53354",Davisfurt,North Carolina,3/14/2024
CUST3484,Richard,Robbins,batesteresa@huang.com,430-997-6289x479,"0174 Michael Shore, North Michael, RI 45773",East Jennifer,North Carolina,11/8/2024
CUST3485,Billy,Stout,alyssacarr@ortiz.com,001-259-937-0768x8498,"426 William Parkway Apt. 827, South Matthewbury, DE 94139",East Victoriafort,North Carolina,8/28/2024
CUST3486,Bill,Robinson,madisonhenderson@becker.biz,305-059-9362x310,"854 Anthony Cove, Allenburgh, OK 03153",West Anthonychester,Arkansas,12/28/2023
CUST3487,Elizabeth,Lee,johnmyers@yahoo.com,001-180-602-6570x1688,"888 Amanda Mountains, Jenniferborough, FL 05181",North Michael,Maine,6/21/2022
CUST3488,Dawn,Alexander,heather19@morris.org,022-144-5293,"3598 Jared Pine Apt. 465, Wattschester, NY 17497",Derekshire,Nevada,4/12/2024
CUST3489,John,Castaneda,hunterclark@gmail.com,-2134,"569 Peter Squares Apt. 699, West Douglashaven, NC 90326",Lake Kimberlyside,Nebraska,3/15/2023
CUST3490,Krystal,Cooper,daniel49@gmail.com,551-712-5702,"Unit 4447 Box 2895, DPO AE 62702",West Peter,North Carolina,9/25/2023
CUST3491,Denise,Huffman,johnstoncraig@yahoo.com,7268102178,"380 Buck Trail, Morrismouth, HI 83391",Henryview,Kansas,7/27/2022
CUST3492,Kari,Harris,mileselizabeth@yahoo.com,(849)334-8294,"079 Miller Neck, East Diana, DE 81425",West Emily,New Mexico,4/25/2022
CUST3493,Sara,Johnson,oconnellmelissa@gilbert.com,+1-744-589-7171x450,"4942 Anderson Groves, New Elizabeth, AL 69061",Adamsbury,Oregon,8/12/2023
CUST3494,Jeremy,Powers,christensencathy@parker.biz,649.994.3737x1266,"78620 Douglas Gardens, Freyfurt, NM 25510",West Karen,Connecticut,1/30/2024
CUST3495,Ryan,Lopez,oschwartz@gmail.com,373.052.5682x197,"04420 Kevin Island, South Brendastad, WY 44670",Middletonshire,West Virginia,11/1/2023
CUST3496,Courtney,Boyd,phamilton@steele.com,287-491-7897,"1803 Laura Falls, Kirstenchester, RI 14025",North Christopherfurt,Alaska,1/29/2024
CUST3497,Tracy,Odom,timothy57@leon-adams.com,100-013-0814x88464,"60276 Weaver Green, Nicoleport, MA 94191",Richardfurt,Arizona,10/3/2022
CUST3498,Michael,Mckee,olivia76@hotmail.com,001-683-099-1452x51982,"12774 Edwards Route Apt. 963, North Nicolemouth, VA 48400",Lake Leonardstad,North Dakota,10/23/2024
CUST3499,Charles,Hernandez,rodriguezjason@gmail.com,696602578,"243 Fox Loop Apt. 187, Greentown, NY 03059",Williamston,Missouri,5/23/2024
CUST3500,Kimberly,Smith,rhernandez@bates.com,001-215-671-2591,"12725 Young Lakes Suite 160, East Kaylamouth, IA 52274",Austinchester,Maine,11/9/2022
CUST3501,William,Adams,dnguyen@yahoo.com,230.360.7889x7236,"USCGC Duncan, FPO AA 89280",North Kelly,Vermont,1/17/2024
CUST3502,Darlene,Lewis,michaellee@yahoo.com,(574)190-3774x7559,"58762 Patricia Crest, New Lisafurt, NC 77077",Lake Carol,Minnesota,8/10/2022
CUST3503,Michael,Goodman,kristimartinez@allen-christian.info,-2543,"844 Elizabeth Extension Suite 973, East Derek, AL 90234",Lake Stephanieville,New Hampshire,1/10/2025
CUST3504,Mary,Davis,dhall@hotmail.com,+1-668-239-4178x83399,"00064 Keith Groves Suite 197, North Tristanfort, FL 86573",Carterport,New Mexico,7/1/2024
CUST3505,Jose,Herrera,kerrdiana@gmail.com,001-074-619-2908x5635,"32474 Reed Points, New Tyroneborough, SD 19534",North Zacharyfurt,New Mexico,8/10/2022
CUST3506,James,Aguirre,tracey79@riddle.com,751.616.5206x9902,"04363 Freeman Curve, Rogerstown, HI 97075",North Denise,Delaware,8/23/2023
CUST3507,Carlos,Reed,bkoch@gmail.com,+1-464-417-0283x3123,"911 Curry Via, East Stacyborough, KY 75090",West Michael,North Dakota,4/8/2024
CUST3508,Alexa,Brooks,jodi36@davis.com,186.657.1519x48788,"980 Mahoney Track, Franciscotown, SD 88323",Port Ariana,Kentucky,6/13/2023
CUST3509,Daniel,Le,kelly24@gmail.com,(048)184-3841,"16224 Walker Bridge Suite 151, New Eric, WY 44571",Vargasside,Oklahoma,9/30/2024
CUST3510,Erica,Rodgers,owolfe@james.com,7068669409,"403 Sanchez Road Suite 608, Johnland, MA 46971",North Darrenview,Arizona,11/6/2022
CUST3511,Joshua,Anderson,jwhite@long-allen.com,231.482.0352,"077 Rebecca Corners, Acostaport, DE 53735",Goodmanburgh,Georgia,2/14/2024
CUST3512,Patrick,Mcgrath,victor08@gmail.com,3856186112,"54691 Emily Forge Apt. 441, New Tylerberg, AZ 36593",Williammouth,Maryland,5/26/2022
CUST3513,David,Graham,sethstafford@hotmail.com,(247)152-8262,"1091 Walker Forest, Adrianaland, SD 21047",Rogersborough,Virginia,6/7/2022
CUST3514,Michael,Casey,nicolevaldez@harris.com,001-834-431-7543x775,"USNV White, FPO AE 44469",South Michellebury,California,3/1/2025
CUST3515,Michael,Villa,hernandezmark@schneider.com,(506)209-7564x82416,"6589 Mark Park, Port Patricia, NJ 54808",Taylorborough,Mississippi,9/13/2022
CUST3516,Kristen,Sanders,whitejason@walker.com,001-913-865-7739x39301,"USS Butler, FPO AP 09489",Chrisburgh,Arkansas,6/3/2024
CUST3517,Jason,Mueller,bowmanmichelle@hotmail.com,763.263.0269x8623,"1687 Schmidt Ways, Bethmouth, VA 47274",Rodriguezmouth,Pennsylvania,3/30/2024
CUST3518,Robert,Hamilton,xgriffin@baker.com,621-858-1894x703,"40506 Woodard Lodge Apt. 421, Lake Danielbury, AZ 81765",South Shannonshire,California,9/17/2024
CUST3519,Jennifer,Duncan,grant98@gmail.com,845-606-5864x96311,"Unit 1460 Box 3491, DPO AA 92372",West Christymouth,Colorado,3/21/2024
CUST3520,Lindsay,Lewis,burketamara@graham-dougherty.org,+1-476-063-5796x70290,"804 Webb Glen, Andrewborough, TN 77620",Port Holly,Arizona,4/24/2022
CUST3521,Brandon,Cooper,sreid@bell.com,(964)380-4488x96367,"Unit 6133 Box 9865, DPO AE 59647",Chambersside,Oregon,10/29/2024
CUST3522,Tanya,Brennan,roberthopkins@bridges-hurley.com,483.852.1072,"875 Paul Rapids Suite 813, North Jeffrey, DC 92397",West Matthew,Alaska,12/4/2023
CUST3523,Samantha,Cooper,bakerkatherine@hoffman-grant.biz,+1-559-605-0347x73925,"502 Diane Road Suite 927, South Aaronburgh, VT 33253",Coxhaven,Kentucky,6/30/2022
CUST3524,Cassandra,Ruiz,ashley10@yahoo.com,588-634-1578x419,"739 Laura Estate, North Susan, ND 17211",Barreraberg,Colorado,9/5/2024
CUST3525,Scott,Burke,clester@mendoza.org,248.482.8911,"8595 Lopez Roads, North Christianview, WA 26564",West Gregory,Utah,8/2/2024
CUST3526,William,Ayers,mckinneykevin@hansen.org,(524)470-5967x07185,"225 Miguel Port Suite 570, Port Christopherland, AR 43060",Wolfhaven,New Hampshire,1/28/2025
CUST3527,William,Vance,craig03@meyer.com,403-857-5788x71913,"99185 Frederick Courts, Kristinfort, DC 10824",Lake Jennifer,Kansas,6/13/2024
CUST3528,Justin,Scott,olsenkristy@hotmail.com,001-879-810-9151,"9072 Barker Terrace Suite 747, South Justinfort, AL 97043",Sabrinastad,Rhode Island,3/13/2024
CUST3529,Jorge,Oliver,joseph45@diaz-frost.info,+1-879-449-8925x1258,"5236 Robert Green, Bethfort, MS 54543",New Nataliemouth,Hawaii,10/11/2023
CUST3530,Jennifer,Gibson,ocunningham@jones-olsen.org,960.964.7767x047,"127 Monroe Rue Suite 248, Mercadofort, MT 38792",Lake Kathy,Oklahoma,9/27/2022
CUST3531,Toni,Johnson,dariushutchinson@gmail.com,001-253-038-5213x92234,"88235 Amanda Brook, Sandyborough, CA 62119",South Diana,New Hampshire,9/20/2024
CUST3532,Angelica,Johnson,nevans@gmail.com,182-846-0262,"Unit 9215 Box 2446, DPO AA 53507",Parkton,Arizona,9/20/2023
CUST3533,Bryan,Ross,robertssean@gmail.com,-3295,"935 Amber Islands Suite 473, Rebeccatown, IN 18617",Amandatown,Tennessee,2/13/2024
CUST3534,Lauren,Porter,robertssarah@reynolds.net,001-512-111-7178x718,"78180 Wendy Circles, Adamsport, NC 15918",North Curtis,Tennessee,2/28/2023
CUST3535,Timothy,Boone,wallsdavid@gregory.com,211088165,"2267 Martha Bridge, East Sarahstad, LA 95368",West Jamieside,New York,12/4/2022
CUST3536,Tiffany,Wiggins,whitney83@yahoo.com,001-545-192-0427x4658,"22889 Victoria Drive, Benjaminville, WY 58370",Blaketown,South Carolina,4/18/2024
CUST3537,Christina,Velazquez,elaineboone@yahoo.com,204-712-8149x14361,"53520 Connor Mountain Suite 525, Port Christopher, ME 03554",Ritamouth,Maine,8/27/2022
CUST3538,Norman,Stark,bparrish@williams.com,008.078.2832,"10033 Larsen Overpass, New Brandiside, FL 58826",Mendozabury,Oklahoma,8/12/2024
CUST3539,Alicia,Jones,simpsonsteve@yahoo.com,(356)704-9341x9512,"47224 Pierce Passage Suite 807, Robertfurt, TX 56712",Jenniferville,Washington,11/13/2024
CUST3540,Thomas,Taylor,jpalmer@hotmail.com,(935)636-8038,"9124 Jennifer Forks Apt. 837, Valdeztown, NV 68622",Watsonton,Alaska,7/14/2024
CUST3541,Savannah,Scott,ujenkins@cook.info,362.690.4207x8793,"25777 Dunn Lights Suite 010, Gonzalesfort, WY 92877",West Nathaniel,Connecticut,10/6/2022
CUST3542,Michael,Price,xgarcia@flowers.com,474.216.0193,"51811 Matthew Isle, Ryanport, VT 07493",Leeview,Iowa,5/1/2024
CUST3543,Cathy,Walker,ocain@baker.com,800.752.9886,"1690 Martin Shoals Suite 494, East Lauraburgh, IN 21933",Lake Wendystad,Alaska,2/19/2024
CUST3544,Jessica,Bryan,adam88@gmail.com,3311376383,"821 Christina Mountains, New Chadburgh, WY 59024",Clarkstad,New Jersey,8/17/2023
CUST3545,Laura,Smith,phodges@hotmail.com,107.477.2171x567,"28960 Flores Ways Suite 778, Danielville, GA 23019",Amandahaven,Delaware,4/20/2022
CUST3546,Melinda,Miller,jim61@gmail.com,(165)590-2980,"347 Emily Ports, Garciaview, TN 00573",East Tim,South Carolina,7/14/2024
CUST3547,Robert,Jordan,lgomez@yahoo.com,001-291-111-5642x991,"920 Jeremy Mountain Suite 744, Stewartmouth, NM 50470",Lake Josephmouth,Hawaii,2/19/2023
CUST3548,Brian,Perry,arroyokatherine@gmail.com,+1-661-910-6911x8696,"0982 Evelyn Pine Apt. 394, Robertton, NV 10382",Sullivanport,Texas,9/7/2023
CUST3549,Paula,Lawrence,freemandwayne@smith-novak.info,318.203.0689,"PSC 8345, Box 0597, APO AA 91321",Angelaborough,Utah,3/11/2023
CUST3550,Samuel,Brown,lisacalhoun@hall.com,(763)916-6857,"4244 Stacey Ridge, Lake Sean, DE 20780",Jeffreymouth,Mississippi,12/4/2024
CUST3551,Elizabeth,Brown,amy40@hotmail.com,-6773,"52626 Melissa Vista Suite 536, New Samantha, WV 33430",Jamesstad,North Carolina,4/14/2024
CUST3552,Diamond,James,caseyfreeman@hotmail.com,909-921-4978x7485,"3741 Shawn Square, Whiteside, MD 91795",New Alexis,Delaware,4/16/2025
CUST3553,Stephanie,Dawson,gateserin@hotmail.com,(583)009-8517x5840,"189 Brown Drive, North Jesse, TX 79416",West Mary,Connecticut,10/30/2024
CUST3554,Victor,Brooks,imercado@garcia-wilson.biz,(905)672-4068x59305,"USS Shelton, FPO AP 50424",Port David,North Dakota,3/3/2024
CUST3555,Jacqueline,Reyes,iwilliams@yahoo.com,+1-080-918-7699x14993,"8360 Jacob Island, Mcdonaldmouth, OH 85583",East Stephen,Oregon,4/7/2024
CUST3556,Laurie,Hurley,david13@hotmail.com,(299)806-5479x5882,"6418 Grant Camp, Lake Timothystad, MI 03599",South Brendastad,Montana,1/1/2025
CUST3557,Cindy,Schmidt,rileyrose@stephens.info,2512720766,"543 Kevin Track, Hernandezland, MS 99853",New Danielhaven,Ohio,3/11/2024
CUST3558,Diana,Rogers,holly26@gmail.com,+1-469-647-2183x1405,"09609 Gregg Field, Websterside, MS 49935",West Veronica,Kentucky,5/7/2022
CUST3559,Michael,Newton,kristiewall@gmail.com,-2889,"37151 Jacqueline Extensions Apt. 189, North Melindashire, IL 51633",West Daniel,West Virginia,11/4/2023
CUST3560,Debra,Harper,andrewbryant@hernandez.org,579.300.5129,"52137 Cole Fork, Molinamouth, IN 19490",Ricetown,Maryland,9/6/2023
CUST3561,Paula,Marshall,griffithtracy@lowery.com,-7240,"237 Rosales Port, New Codymouth, UT 13482",North Tammychester,Pennsylvania,7/21/2023
CUST3562,Nicole,Terrell,urivas@hotmail.com,(270)231-1825,"85255 Miguel Heights Apt. 790, Woodberg, MA 99701",Shortview,Idaho,4/17/2022
CUST3563,Jim,Gray,angelicapeterson@murphy-sanchez.com,+1-781-017-2386x54923,"Unit 0594 Box 6592, DPO AP 20171",Port Christopher,South Dakota,1/21/2025
CUST3564,Victoria,Jones,wsanders@yahoo.com,001-212-893-3534,"75685 Hanson Tunnel Suite 669, Rodriguezchester, AL 04859",North John,Florida,11/16/2022
CUST3565,Samantha,Taylor,shawnbailey@gmail.com,4324181094,"71655 Colin Locks Apt. 813, Samanthaville, ME 47868",Lake Ashley,Missouri,9/24/2023
CUST3566,Monique,Smith,csmith@yahoo.com,766.045.1571x54949,"PSC 2712, Box 1514, APO AE 46689",Beverlytown,Maryland,3/2/2023
CUST3567,Anthony,Petersen,joyce36@hotmail.com,001-063-633-8718x72308,"40107 Sarah Avenue, Lake Michael, VT 67742",South Julie,North Dakota,2/14/2023
CUST3568,Lori,Tucker,christine95@hotmail.com,(234)149-3184x1517,"964 Garrett Burg, Johnsonville, NE 83943",West Timothy,West Virginia,1/29/2024
CUST3569,Paula,Miller,christopherbest@fields.biz,895-013-9158x3125,"28508 Huber Spurs, Kramermouth, WY 71724",Hutchinsonfort,Kansas,5/1/2022
CUST3570,Yolanda,Hicks,seanwalker@hotmail.com,(979)461-9356,"35989 Rios Haven, Elizabethchester, NE 96630",South Cheyennestad,Texas,7/7/2024
CUST3571,Debra,James,wlittle@hotmail.com,133-434-8780,"3948 Lindsay Walk Apt. 453, Diaztown, MT 59198",Smithport,Oregon,3/7/2025
CUST3572,Valerie,Perez,armstrongchelsea@hotmail.com,001-269-329-4147x652,"08268 Thomas Summit, Karenshire, PA 10002",Masseyside,Hawaii,8/31/2024
CUST3573,Melissa,Russell,owhite@gmail.com,846.043.2958x1584,"824 Denise Point, Stephaniefort, RI 16850",North Elizabethberg,Maine,11/17/2023
CUST3574,Patricia,Becker,vkeller@hotmail.com,(346)877-7900x07231,"32656 Davis Flats, New Daniellemouth, AK 61711",Port Sandraside,Minnesota,1/7/2024
CUST3575,Debra,Brown,john71@fleming.com,+1-047-354-3026x14668,"12621 Margaret Inlet Apt. 886, Scottborough, ME 00843",Munozborough,Connecticut,4/5/2025
CUST3576,Gregory,Palmer,acevedopaige@king.com,(788)494-7993,"598 Emily Trace Suite 792, West Stephanie, KY 50593",Port Noah,Colorado,11/4/2022
CUST3577,Stephen,Price,hmccoy@gmail.com,(628)259-4125,"295 Thomas Villages Apt. 559, Williamport, FL 20627",Theresamouth,Alaska,4/9/2025
CUST3578,Cynthia,Perez,margaretkennedy@franklin.com,742-612-4807,"484 Kevin Rapids Suite 631, West Colin, AZ 28860",East Williamside,Washington,6/14/2023
CUST3579,Jonathan,Barry,tarahernandez@hotmail.com,(247)373-2853x8297,"67915 Scott Inlet, Crystalport, OR 20604",Lake Ryan,Utah,5/5/2022
CUST3580,Robin,White,caseycrosby@wolf.org,(752)762-5039,"030 Kimberly Summit Apt. 543, North Daryl, KY 62482",Edwardshaven,Delaware,2/23/2025
CUST3581,Roberto,Jacobson,sabrinawilcox@gmail.com,2180760139,"52864 Jessica Mountain, Amystad, MT 74981",West Hannah,Ohio,3/6/2025
CUST3582,Donna,Clark,sarahhill@yahoo.com,001-167-622-3397,"40259 Michelle Centers, North John, CT 65376",New Larry,Massachusetts,2/24/2024
CUST3583,Elizabeth,Smith,douglas88@thomas.com,3832418231,"8808 Mitchell Dale Suite 356, Francistown, DC 13179",Paulview,Maryland,10/10/2024
CUST3584,Carol,Pitts,janetcarson@snyder.biz,307-692-0657,"162 Amy Path Apt. 244, Lake Linda, LA 54901",West John,Nebraska,5/12/2023
CUST3585,Bryan,Young,molinasara@hotmail.com,001-259-879-7843x057,"6695 Arroyo Views Suite 447, Virginiaview, NH 64785",South Teresa,Montana,2/25/2025
CUST3586,Connie,Keller,zstewart@chambers.com,4952468490,"03710 Paul Extension Suite 738, Jaredshire, WI 20525",East Samanthaland,Ohio,3/19/2025
CUST3587,Christopher,Wallace,jortiz@gmail.com,694-630-1144x6789,"3146 Anderson Spur, West Christinamouth, TX 18499",Coreymouth,Michigan,2/7/2024
CUST3588,Heidi,Anderson,lamjoshua@patrick.com,-1038,"2254 Brittney Shoals, East Jennifershire, AL 59374",South Richardburgh,South Dakota,4/17/2022
CUST3589,Joy,Robertson,vmanning@gmail.com,+1-289-499-5545x795,"047 Smith Throughway, Thompsonchester, MS 16293",East David,North Dakota,8/7/2024
CUST3590,Frederick,Preston,thomasstacey@wilson.biz,103-898-3604x39311,"USS Brown, FPO AA 89231",East Ariana,Colorado,2/21/2024
CUST3591,Isaac,Summers,ymyers@yahoo.com,472.035.6301,"22010 Valdez Field, Boydberg, ME 36199",South Kimberlymouth,Pennsylvania,1/6/2025
CUST3592,Aaron,Delgado,brandon70@yahoo.com,992.645.4143x3447,"73140 Payne Mission, South Calebtown, RI 29978",Davidton,Alaska,7/17/2022
CUST3593,David,Foster,jacobthomas@hotmail.com,001-503-786-1900x973,"90455 James Lodge, Jennifertown, MT 34899",Smithshire,Nevada,5/19/2023
CUST3594,Dwayne,Burton,fmoyer@gmail.com,917.564.4804x057,"73395 Reynolds Fords Apt. 280, East Garrett, IL 22192",New Jillton,Michigan,7/14/2024
CUST3595,David,White,curtissanchez@hotmail.com,341.357.4164,"25594 Debra Skyway Apt. 213, West Jamesfurt, WA 16552",New Michael,Connecticut,8/13/2024
CUST3596,Alejandro,Williamson,johnsonmichael@gmail.com,001-826-859-1209,"PSC 1583, Box 2140, APO AA 63736",Port Amy,Wyoming,5/10/2022
CUST3597,Tiffany,Clark,holmescurtis@hotmail.com,+1-015-417-8023x6907,"1450 Denise Branch Apt. 512, West Laura, NH 84914",South Hollyhaven,Texas,2/20/2024
CUST3598,Jessica,Morales,qtodd@orozco.com,001-741-522-7394x545,"63744 Robert Spring Suite 217, Meyersfurt, OH 32942",South Kellyhaven,Wyoming,3/9/2023
CUST3599,John,Simon,david14@hotmail.com,6984820308,"7549 Moore Center, Jillland, AR 04929",Raymouth,Nevada,1/9/2023
CUST3600,Tammy,Myers,odomjames@moore.com,506-729-6782,"USS Lee, FPO AE 17194",South Angela,Washington,4/29/2024
CUST3601,Robert,Barrett,zmoreno@hotmail.com,502-071-6163,"205 Kurt Walk, Lake Ryanhaven, FL 73506",New Rebecca,Ohio,3/29/2024
CUST3602,David,Lee,mary18@gilbert-davis.com,977.596.0421,"243 Judy Groves, Barnesstad, MS 66260",South Cynthia,Kentucky,8/20/2023
CUST3603,Anthony,Collins,jimmy68@yahoo.com,(764)993-3276,"150 White Prairie, Karenmouth, HI 13859",Lake Anthony,Minnesota,3/1/2024
CUST3604,Leon,Wheeler,jennifer18@hotmail.com,063-229-3894x7701,"6744 Brianna Freeway Apt. 154, New Logan, AL 80617",Andreaside,Hawaii,7/16/2023
CUST3605,Michael,Schroeder,fullermichael@yahoo.com,366-280-8129x1746,"052 Katie Parkway, Port Patrickport, TN 26380",New Michellemouth,Oklahoma,1/8/2024
CUST3606,Samantha,Ramos,daisyphillips@carroll.com,963-525-7895x34087,"6225 David Mills Suite 959, Troytown, CT 44898",West Charles,Wyoming,5/7/2023
CUST3607,Tyler,Gibbs,andrea63@gmail.com,001-950-631-0210x252,"PSC 0437, Box 8712, APO AE 62483",Ingramfurt,Florida,2/4/2024
CUST3608,Nicole,Ramos,jeffreygarcia@byrd.com,(657)959-3640x40875,"79193 Johnson Bridge Suite 936, Lake Luke, IA 16426",Stephanieview,Rhode Island,4/30/2023
CUST3609,Jessica,King,paige87@weaver.com,591.924.3685,"49960 Lopez Fall Suite 711, West Marcia, MS 90564",Lisatown,Montana,7/8/2022
CUST3610,Morgan,Perry,vasquezsteven@matthews-preston.info,001-439-468-9034,"2740 Walton Branch Suite 915, Lake Tommy, RI 43590",Johnsfurt,Iowa,9/10/2024
CUST3611,Kelsey,Dixon,andrea71@yahoo.com,+1-442-321-6694x95327,"570 Mitchell Shore Apt. 329, North Mark, VA 94723",New Michael,Maine,5/23/2024
CUST3612,Martha,Hansen,wmontgomery@yahoo.com,+1-496-442-6443x649,"5662 Gonzalez Highway Apt. 164, Danielport, AK 18248",South Kevin,Iowa,11/29/2022
CUST3613,Daniel,Sandoval,aguirreamanda@liu.biz,+1-823-499-5997x271,"34927 Fox Parkway Apt. 399, South Scott, MT 29102",Charlesburgh,New Jersey,7/30/2022
CUST3614,Thomas,Morris,gtanner@robinson.com,+1-401-467-2131x2854,"06920 Eric Extensions Suite 941, Port Kellytown, AL 40380",Port Corey,Rhode Island,11/3/2022
CUST3615,Keith,Pham,mbryant@fernandez.net,863-615-7766,"578 Brandon Place Apt. 540, Lake Kyleport, MT 05431",Lake Christina,Michigan,2/14/2024
CUST3616,Christopher,Perez,monicatrujillo@yahoo.com,(792)080-8230x581,"8627 Elizabeth Drive, Nicolemouth, SD 02587",Frazierborough,Kansas,10/25/2023
CUST3617,Derrick,Sanchez,tammy80@hotmail.com,074.103.7074x6198,"0534 Walker Rue Suite 302, South Kristin, SC 60424",Greenchester,Ohio,7/17/2024
CUST3618,Jessica,Walters,carolynwatson@hotmail.com,(759)030-3572x57527,"9808 Miles Pine, Hillville, DE 85187",Schroederfort,North Dakota,4/6/2025
CUST3619,Melanie,Garcia,cheryl46@yahoo.com,9865647452,"0272 Kristin Row Apt. 058, Millerland, VA 76790",Fitzpatrickside,Arizona,6/18/2022
CUST3620,James,Morales,huntertyler@douglas-williams.com,194-574-0492x26362,"574 Anthony Camp Suite 321, Adamport, HI 30159",New Lanceland,Idaho,6/14/2022
CUST3621,Stephanie,Green,wlowe@gmail.com,(599)587-5360,"6945 Rita Skyway, East Barbara, NV 40066",Johnchester,Colorado,8/22/2023
CUST3622,Kristin,Marshall,tjohnson@yahoo.com,(821)404-4530,"803 Elizabeth Pine, West Kathrynview, AZ 76463",Brianville,West Virginia,3/15/2024
CUST3623,John,Haas,wcalhoun@hotmail.com,676.546.2519x956,"120 Erin Fork, Jonesmouth, MO 20399",Carolynville,West Virginia,3/4/2023
CUST3624,Amanda,Mitchell,faith43@yahoo.com,884.407.1546x42923,"3347 Ashley Square, Angelafurt, AR 84585",Pearsonburgh,Oregon,12/24/2024
CUST3625,Evan,Williams,xford@brown.com,601-005-1996x96831,"178 Adam Green, East Lisaport, LA 51266",Josephfort,Iowa,6/18/2024
CUST3626,Christopher,Smith,joseparsons@young.com,001-730-784-7337,"998 Lee Drives Apt. 350, Johnfurt, SC 40561",Mcdonaldfort,Iowa,2/18/2025
CUST3627,Isaiah,Johnston,michaelwells@jackson.com,(075)174-6746x1161,"37608 James Centers, Harringtonland, WV 01287",Gabrielborough,Wyoming,5/16/2023
CUST3628,Daniel,West,pamelahanson@hall-king.com,(416)462-3377x28899,"Unit 4582 Box 7219, DPO AP 91724",Zacharyfurt,Maine,9/6/2023
CUST3629,Travis,Young,kari98@wilson.com,(395)527-9848x834,"9565 Sharon Junction Apt. 759, Rosestad, VT 56743",Teresaland,Virginia,3/30/2025
CUST3630,Nancy,Day,jeffrey46@hotmail.com,436.849.7618,"629 Hoffman Ridges, West Michaeltown, PA 02404",Davidtown,Maine,11/7/2023
CUST3631,Melissa,Williamson,aaron47@gmail.com,168.876.3435x907,"10173 Berg Oval Suite 761, East Catherine, RI 95655",Michaelchester,Illinois,7/18/2024
CUST3632,Shelby,Scott,jenniferthompson@ray-davis.net,666853447,"4784 Jared Junction Suite 626, Turnerland, MA 86533",Port Sonyaland,Iowa,8/7/2024
CUST3633,Jessica,Reed,kwells@gmail.com,189-832-1534,"16788 Nguyen Groves Apt. 789, East Aimee, AR 22981",Madelineberg,West Virginia,9/7/2022
CUST3634,Timothy,Lester,ramoskrystal@yahoo.com,862-469-0550,"225 Allen Plaza, Warnerstad, OK 18889",Ellischester,Mississippi,1/13/2023
CUST3635,Paige,Jackson,nicholas24@gmail.com,-2227,"PSC 2471, Box 9773, APO AP 24570",Philliphaven,Georgia,12/26/2023
CUST3636,Melissa,Patel,castillobrittany@yahoo.com,890-084-8606,"330 George Turnpike, West Johnchester, IN 16501",South Ianville,Washington,5/23/2022
CUST3637,Marcia,Barron,patrickburns@yahoo.com,001-427-713-9261x08583,"555 Anne Court Apt. 722, Port Deanburgh, ND 44958",East Angel,Mississippi,3/27/2024
CUST3638,Hayley,Jones,dshepard@garcia.com,+1-979-454-3042x99446,"820 Beth Dale, Janeton, NH 10678",Louisborough,Rhode Island,8/30/2022
CUST3639,Jason,Gregory,efox@yahoo.com,942-334-5159x8073,"173 Kim Grove Apt. 929, Aliciaton, NE 83363",Leehaven,Kansas,8/23/2023
CUST3640,Daniel,Robinson,fryelisa@yahoo.com,676.494.5741x95495,"198 Jamie Mountains Apt. 188, Hernandezville, SC 70730",Caitlinbury,Oklahoma,11/16/2022
CUST3641,Tony,Mckee,danielkimberly@yahoo.com,(776)692-7555x52797,"403 Rhonda Corner, Leeside, NJ 73955",South Albert,New York,4/3/2024
CUST3642,John,Mcmillan,staylor@george.com,7944362385,"53913 Robert Street, Crosbymouth, AZ 68135",Toddland,North Carolina,6/27/2022
CUST3643,Clinton,Mullins,yhicks@coleman-thompson.com,+1-486-219-4370x46850,"8005 Heather Cliff, Port Amberborough, ID 78046",South Cameron,Ohio,10/11/2022
CUST3644,Daniel,Thomas,charlesbriggs@gmail.com,(681)695-2843,"PSC 9999, Box 3963, APO AA 97082",Jacobborough,North Carolina,4/3/2023
CUST3645,Andrew,Carter,littlebarbara@white.com,390.853.4902,"771 Rebecca Trace Apt. 396, Yolandahaven, NC 45187",Lawrencetown,Alaska,4/12/2025
CUST3646,George,Carr,dawn03@hotmail.com,429-393-6448x89886,"3902 Matthew Road Apt. 844, East Ryanport, NM 51799",North Dylantown,Rhode Island,12/16/2023
CUST3647,Tammy,Thompson,katherinekeith@carrillo-cervantes.com,1618938438,"9452 Phillips Trafficway, Angelastad, AZ 97594",Gilmoreborough,Washington,2/1/2024
CUST3648,Leslie,Lyons,vramirez@crosby.com,8757012654,"Unit 6561 Box 2084, DPO AP 46739",Port Tiffanyfurt,West Virginia,8/12/2023
CUST3649,Stephanie,Rivera,parrishjeffrey@hotmail.com,415.520.9505x80682,"PSC 1771, Box 1231, APO AA 47275",Olsonbury,Vermont,7/17/2023
CUST3650,Corey,Peterson,patricia95@young.com,288.978.6942x262,"206 Susan Place, Taylorburgh, UT 51512",East Evan,Ohio,2/7/2023
CUST3651,James,Hoffman,haleyspencer@smith.info,001-717-543-0267x9560,"4920 Bennett Prairie, East Erica, SC 82070",New Marc,Washington,10/28/2022
CUST3652,Robert,Howe,cherylhart@nguyen.org,-4705,"96995 Robert Lakes Suite 977, Michaeltown, NC 92924",New Robertberg,Massachusetts,2/9/2024
CUST3653,Russell,Robertson,davisjeffrey@hotmail.com,(334)349-4858x84774,"97513 Brian Cliff, South Harry, MS 37244",South Craig,Michigan,8/27/2024
CUST3654,Thomas,Anderson,katherine23@gmail.com,001-836-907-4649x06417,"62854 Bender Street Suite 736, Michaelton, CT 23273",West William,Michigan,5/13/2023
CUST3655,Lori,Gonzalez,lisa19@dennis.net,763.339.0578,"41832 Green Parks, Lake Thomasfurt, UT 95098",Harveyshire,Connecticut,1/20/2023
CUST3656,Claire,Boyd,michael82@gonzalez-price.com,001-979-911-2270,"0586 Kayla Fall Suite 810, Knoxmouth, RI 52423",East Markland,Nevada,2/8/2024
CUST3657,Cassandra,Washington,butlerrobert@gmail.com,190-063-6224x684,"PSC 8273, Box 5723, APO AE 72847",North John,New Mexico,10/13/2023
CUST3658,Taylor,Reed,kari03@gmail.com,093-748-1439,"770 Parker Ridges, New Joshuatown, OK 48632",West Jason,South Dakota,1/21/2023
CUST3659,Heather,Simmons,zcaldwell@hotmail.com,857-365-1433x69038,"180 Rachel Walks, Ericside, VA 68105",Fletcherport,Rhode Island,4/22/2024
CUST3660,Patricia,Douglas,vanessa98@jones.net,(240)420-8750,"330 Wilson Common Suite 391, Lake Thomas, WV 02532",New Andrewburgh,Montana,5/10/2022
CUST3661,Sharon,Johnson,brooke28@gmail.com,-2911,"228 Emily Plaza Suite 870, West Michelle, CA 05744",Port Kimberlyburgh,Arkansas,10/29/2024
CUST3662,Mark,Williams,smithyvette@yahoo.com,508.101.6132,"488 Pacheco Tunnel Apt. 027, Gatesburgh, TX 09460",Bradleyville,Alaska,5/3/2024
CUST3663,Christie,Thompson,sandralowe@gmail.com,(861)453-2935,"662 Willie Station Suite 309, Port Samanthaview, CO 40832",North Paulville,Rhode Island,2/17/2024
CUST3664,Kimberly,Hall,chankevin@weber.com,(673)463-5049,"6437 Johnson Port, Port Edwardstad, IN 25897",Obrienside,Virginia,12/26/2023
CUST3665,Blake,Anderson,zosborne@hotmail.com,(956)056-0044x6349,"688 Barnes Mews, Clementsmouth, DC 35253",Stevenfurt,Minnesota,12/24/2022
CUST3666,Sergio,Mendez,colemanamber@ryan.com,(683)929-2891x38602,"5298 Garcia Mission Suite 591, East Jesseport, NJ 90330",Bruceberg,Maryland,5/6/2023
CUST3667,Anthony,Harrison,kimberlyconrad@hotmail.com,(772)365-6580,"34211 Gonzalez Track, North Dwayne, TN 07114",Juliafort,Indiana,7/12/2024
CUST3668,Daniel,Cooper,jared52@schroeder-alvarez.com,-6730,"679 Susan Flats, East Timothyport, MN 85819",Lake Codyshire,South Carolina,2/22/2025
CUST3669,John,Bishop,diazdeborah@hotmail.com,001-282-248-0859x4718,"7267 Mark Crossroad Apt. 686, Rodriguezfort, FL 71702",Charlesborough,Indiana,9/22/2023
CUST3670,Jose,Gardner,adamstina@gmail.com,6115775781,"281 Robbins Extension Suite 544, Lake Terriport, AZ 59595",Carrland,Arizona,4/16/2024
CUST3671,Adam,Smith,mark17@gmail.com,(897)432-4601x601,"794 May Mall, Caitlinburgh, NH 28118",Port Jamesshire,Maryland,7/17/2024
CUST3672,Christopher,Rodriguez,hallemily@gmail.com,3194446351,"32047 Stephanie Ways Suite 432, East Danaland, HI 29572",South Kathleen,Virginia,1/25/2025
CUST3673,Andrea,Ball,myerscaleb@nichols-brown.com,488.658.4840x97501,"38604 Curtis Isle, North Crystalborough, VA 96526",Christineview,New Hampshire,1/29/2025
CUST3674,Melissa,Carpenter,jacobwilson@hotmail.com,(243)026-4906,"232 Lee Villages, Port Manuel, AL 74912",Victoriamouth,Virginia,9/21/2024
CUST3675,Courtney,Mitchell,shellysmith@park.net,001-383-282-3683x009,"797 Susan Corners Suite 986, Kevinville, OH 58366",West Erinside,Texas,5/2/2023
CUST3676,Jennifer,Callahan,wsanders@hotmail.com,(094)405-0027x91116,"1040 Harris Roads, South Brookeside, TX 39740",Rodriguezmouth,Wyoming,9/10/2024
CUST3677,Gregory,Jones,ann50@johnston-king.biz,(126)060-0517x7236,"514 Daniel Cliff Suite 515, Lake Thomas, IL 34834",Selenaport,Michigan,11/25/2024
CUST3678,Linda,Hill,jackcarter@carney.biz,+1-104-060-0194x818,"Unit 5659 Box 3976, DPO AA 29001",Nathanton,Arizona,6/17/2023
CUST3679,Amanda,Berry,jonathan39@gmail.com,(693)459-5078x972,"047 Becker Passage Apt. 524, Thompsonberg, MN 90429",Joneshaven,Nebraska,10/22/2023
CUST3680,Amber,Sparks,dperez@lee.biz,(889)113-7330x3511,"26318 Baldwin Manor Suite 291, Robertview, MI 22003",West Jessicachester,New Jersey,1/9/2023
CUST3681,Pamela,King,melissaknight@hotmail.com,001-053-844-9108x740,"24877 Owens Points Suite 365, Angelashire, IL 29036",South Aaronfurt,South Dakota,8/6/2024
CUST3682,Kenneth,Jensen,william55@hotmail.com,368.367.2526x4108,"540 Park Motorway, Davidland, MD 65842",Port Kellyland,Arkansas,11/5/2023
CUST3683,Alexander,Chang,karina21@hotmail.com,(413)927-2917,"97949 Kelly Skyway Apt. 919, Antoniohaven, ME 10072",North Ginaview,Tennessee,11/2/2023
CUST3684,Kathleen,Hicks,ashley42@ford.com,838.095.1698,"11899 Michael Villages Apt. 673, East Charlesburgh, SD 21624",Marciafurt,North Carolina,11/17/2022
CUST3685,Joseph,Walls,gregory63@dillon.com,666-538-3720x8920,"87878 Kathryn Camp, Robbinsfurt, DE 04688",Dawnville,Massachusetts,1/12/2024
CUST3686,Rebecca,Brewer,cbrooks@perry-haynes.info,163-956-2140,"0826 Weber Unions Apt. 275, Michaelmouth, ND 43886",Hoffmanfort,Idaho,2/9/2023
CUST3687,Michelle,Crawford,suarezemily@martinez.biz,+1-225-524-1990x719,"38238 Jeffrey Burg Apt. 398, New Cory, OH 44783",Barryfort,Arizona,5/31/2022
CUST3688,Nicole,Austin,richard17@nelson.com,966.885.0861x207,"6120 Amber Mountains Suite 507, Jillberg, WA 40446",West Yvonneside,Alabama,6/24/2024
CUST3689,Tonya,Gamble,deannamaddox@yahoo.com,+1-307-487-5651x171,"232 Ashley Parks, Donnastad, VT 55305",North Jasonborough,Arkansas,4/15/2025
CUST3690,Norman,Oliver,robert64@gmail.com,430-897-7165x07103,"5128 Salinas Mews, Alvaradohaven, SD 36506",South Allisonfurt,Nebraska,9/27/2022
CUST3691,Chris,Miller,brandonparker@williams-bradley.biz,670-438-9181x179,"3163 Amy Lakes, Matthewmouth, VT 66307",South Christopherton,Tennessee,6/5/2023
CUST3692,Todd,Wood,brent89@yahoo.com,(371)734-5206x723,"6342 Lynn Mall Apt. 684, Port Derrickfurt, MN 34768",West Michelle,California,7/7/2022
CUST3693,Denise,Smith,patelwanda@morris-todd.net,875.462.9418x90231,"7078 Elliott Points Suite 786, New Michelle, KS 17516",Lake Eugene,West Virginia,11/29/2023
CUST3694,Debra,Peterson,courtneyanderson@gmail.com,122.696.8062x34639,"USNV Baker, FPO AE 88269",East Adam,Mississippi,6/21/2023
CUST3695,John,Mueller,jasmin70@madden.com,(958)713-5994x326,"4285 Bryant Mount Suite 841, Lake Christinafurt, FL 12611",North Melissaberg,Rhode Island,7/7/2022
CUST3696,Brianna,Sexton,tjohnson@hotmail.com,+1-534-103-6533x1592,"22607 Lisa Mountains, Mackenzieberg, KY 16259",Mannshire,Oregon,5/26/2024
CUST3697,Jeremy,Lam,mlynch@schmidt.com,635-142-4157x54498,"03702 Nash Plains Suite 323, New Johnnyside, PA 82407",West Robertburgh,South Dakota,7/23/2024
CUST3698,Nathan,Craig,nelsonlori@garcia-ballard.info,4030302459,"3374 Norman Fords Apt. 199, Sherryfurt, MD 73266",West Anthony,Montana,9/27/2023
CUST3699,Paul,Herrera,louisstephens@carney.com,475-757-3070x7212,"99186 Strong Cove Suite 367, South Julie, ID 11058",Port Jamie,Maine,10/29/2023
CUST3700,Tara,Woodard,jonathan48@gmail.com,+1-559-051-2069x11007,"9362 Christian Plains, Christophershire, NY 82606",West Ginafurt,Utah,5/10/2024
CUST3701,Jason,Pena,sgreen@gmail.com,861.209.6776,"USNV Fletcher, FPO AP 21409",Castillochester,Nebraska,9/24/2024
CUST3702,William,Daniel,pgilmore@nelson-parker.com,001-592-377-0503x900,"2387 Jessica Land, Port Bobbybury, MI 34063",North Cynthia,West Virginia,2/19/2023
CUST3703,Terry,Moran,robin52@yahoo.com,+1-969-950-5619x382,"2167 Kerr Neck Apt. 466, South Leslieshire, HI 69770",West Sherriborough,Arizona,7/26/2022
CUST3704,Kathleen,Willis,elane@villanueva.net,390-638-1656x496,"8982 Thomas Drives, Ericfort, WV 05495",East Christopher,Wisconsin,8/7/2024
CUST3705,Tony,Bridges,linda37@gutierrez.com,3006886418,"958 Watson Rapid Suite 652, Frankmouth, MA 50112",Lake Michael,Illinois,5/25/2022
CUST3706,Blake,Adams,tonya96@ellis-smith.org,(529)108-5961x25058,"174 Maria View, West James, AZ 00724",North Erin,Kentucky,10/3/2024
CUST3707,Laura,Ibarra,michael41@fletcher.com,(560)391-0137,"9845 Macdonald Islands Suite 065, Danielfort, SD 53055",Lake Robert,New York,7/30/2023
CUST3708,Richard,Williams,maureenbailey@hotmail.com,(107)254-6187x77356,"78059 Brian Hill, South Josestad, VT 75919",Jamesview,Oregon,8/28/2023
CUST3709,Omar,Smith,scottrachel@gmail.com,098.995.7480x007,"1808 Justin Inlet, Perryfurt, KS 29032",Greenburgh,Nevada,1/12/2024
CUST3710,Mark,James,shafferjoseph@torres-munoz.com,(377)874-3909x9141,"32546 Lauren Valley, Meganton, CT 11347",Sotoview,Delaware,6/28/2022
CUST3711,Kathryn,Sullivan,liucynthia@wilson.com,160-316-0943,"236 Simmons Greens Apt. 311, New William, DE 01981",Chandlerfort,Oklahoma,6/25/2024
CUST3712,Alicia,Armstrong,robertsjason@yahoo.com,+1-275-030-6103x057,"80062 Graham Knolls Apt. 781, West Candace, TN 55664",Courtneystad,Florida,7/21/2024
CUST3713,Dana,Campos,stacie15@yahoo.com,585-322-6138x781,"3939 Huffman Light, Romeroburgh, IN 95797",Richardsonborough,Texas,5/12/2024
CUST3714,Danielle,Hunter,kyle52@yahoo.com,(420)631-5034x2925,"157 Jeffrey Station Apt. 999, Vanessatown, VT 27607",West Paulaburgh,California,12/31/2022
CUST3715,Erin,Macias,lauren96@hotmail.com,(244)088-3470x148,"23782 Alexis Trail, West Chrisberg, ID 83818",Lake Danielport,Arizona,1/6/2024
CUST3716,Sandra,Young,omoore@murray-white.com,-7449,"9166 Brown Ways, Bethanychester, IL 52395",Rodriguezborough,Wyoming,6/24/2022
CUST3717,Robert,Simpson,deanlarry@gmail.com,+1-003-277-9646x0523,"1430 Young Extensions Apt. 268, Gloriaborough, PA 47263",Lake Brianfort,Iowa,9/7/2023
CUST3718,Kayla,Hopkins,xsutton@gmail.com,+1-400-199-8172x742,"06643 Stokes Cape, West Kellystad, NJ 96461",North Lisa,Florida,11/30/2024
CUST3719,Kaylee,Reyes,pmendoza@hotmail.com,762-001-5720x44015,"USNS Moreno, FPO AP 11893",South Bethanybury,Nebraska,4/7/2025
CUST3720,Tommy,Buchanan,moorestephanie@wilkinson.com,791602448,"8588 Holmes Stream, Lake Jacobfort, OR 10234",South Jillhaven,Rhode Island,6/22/2024
CUST3721,Tabitha,Gates,gordonmelissa@hotmail.com,-10893,"91647 Roberts Estate, Mckenzieville, DE 43504",South Davidfurt,Texas,12/20/2024
CUST3722,Timothy,Wilson,bradley87@hotmail.com,001-779-390-7877x825,"640 Megan Creek, Batesbury, NM 26432",North Robinbury,Pennsylvania,1/19/2025
CUST3723,Brenda,Strickland,scottshepherd@yahoo.com,861-775-9257x59755,"886 Madeline Haven Apt. 127, New Anita, IL 01766",Lake Eddieborough,Massachusetts,9/17/2022
CUST3724,Dana,Taylor,keith61@yahoo.com,(252)319-5184x299,"40728 Perez Falls, East Amandabury, WV 49314",Aaronton,Massachusetts,8/31/2024
CUST3725,Crystal,Taylor,amyers@bautista-diaz.com,(202)462-4570x716,"967 John Knoll, Alexandraport, MA 02846",Jessicahaven,Missouri,10/18/2023
CUST3726,Alyssa,Robinson,hartmanstacie@gmail.com,(131)138-6020x76316,"52256 Wright Wall, North Karenburgh, MI 70461",West Williamport,South Carolina,12/2/2022
CUST3727,Carl,Martinez,kyle62@chan.com,(836)411-2617x97492,"1967 Lisa Camp, Hughesshire, NE 45147",Mullinsbury,South Dakota,10/25/2024
CUST3728,Raymond,Herman,rebeccawalls@yahoo.com,001-673-824-0846x952,"36601 Walls Via Suite 967, South Michellefurt, RI 30224",South Davidland,Idaho,6/25/2022
CUST3729,Amanda,Perez,thomasromero@reid-robertson.com,126-949-8516,"448 Rebekah Common Suite 767, New Briantown, NV 89322",Taylorside,Montana,12/19/2022
CUST3730,Willie,Jones,deniselevine@hotmail.com,-2321,"21935 Derek Roads, Garciaville, MT 66685",Jerryport,Arizona,10/5/2022
CUST3731,Kristin,Boyd,nmyers@hotmail.com,596-692-2512x255,"3056 Dana Mills, Port Ashleymouth, IA 80502",Port Breannaport,South Dakota,7/18/2022
CUST3732,Jessica,Wilkerson,jessica39@valentine.com,2739263223,"7493 Sue Common, Hughestown, HI 62400",East Samanthaton,Pennsylvania,8/29/2023
CUST3733,Thomas,Campbell,cody06@green-atkinson.com,001-715-650-1213x4592,"0770 Kristi Meadow, Jennifertown, UT 34018",Ryanborough,Illinois,3/22/2023
CUST3734,Ashley,Wiggins,sandra54@gmail.com,001-090-591-2150x983,"3693 Gonzalez Throughway Suite 007, West Joshuaborough, KS 86346",Jamesborough,Texas,10/3/2024
CUST3735,Kimberly,Schneider,cynthiawebster@hotmail.com,732.141.0418x54362,"28291 Wilson Burg, Smithborough, MI 55457",New Erin,Massachusetts,4/3/2024
CUST3736,Erica,Ramirez,brian44@george-marshall.com,812-290-0996x944,"2888 Paula Coves, North Jeffrey, CT 65101",North Jimmyfurt,Georgia,5/29/2023
CUST3737,Megan,Smith,jordanjohn@hotmail.com,5893329949,"6862 Joel Summit Apt. 713, Lake Lisaland, NY 09412",Greenside,Oklahoma,2/14/2023
CUST3738,Briana,Smith,arnolddavid@hotmail.com,597-919-9653,"222 Shawn Canyon, New Christinaport, RI 97272",Chapmanborough,Ohio,2/6/2025
CUST3739,Tracy,Kirk,xharrison@henderson.biz,(064)330-2330,"589 Williams Valleys Suite 694, Port Tammymouth, MT 64670",Travisburgh,Delaware,2/5/2023
CUST3740,Kelly,Martin,burtonsteven@yahoo.com,(066)759-5065,"540 Hardin Forge Suite 654, Mooretown, MN 67152",Scottstad,Illinois,6/12/2023
CUST3741,Sandra,Anderson,zwalker@moss-reyes.com,(431)061-1921x006,"391 Amy Via Apt. 077, East Lee, PA 90157",East Gabriel,Indiana,12/11/2023
CUST3742,William,Church,garzacarlos@tran-simmons.com,857.583.3109,"2218 Maxwell Point, North Erin, NV 60434",Lake Maurice,Delaware,11/12/2023
CUST3743,Joseph,Rush,xparrish@lawson.com,501-630-7085x6409,"862 Matthew Stravenue Apt. 527, Trevinomouth, OK 43774",Port Edward,Utah,12/26/2022
CUST3744,James,Montgomery,shuff@bullock-howell.com,(700)651-3452,"52175 Amy Squares, East Jenniferbury, AR 43142",Burgessshire,Rhode Island,9/12/2024
CUST3745,Joshua,Parker,salazarmarcia@graham.com,001-513-059-1648x053,"3023 Smith Gateway Apt. 931, Curtisfort, OK 22596",Port Jennifer,Kentucky,6/21/2022
CUST3746,Robert,Jones,richardsonjose@yahoo.com,+1-773-176-8823x87364,"5357 Jonathan Cape, Moorefort, NE 42438",Debrafurt,Hawaii,1/28/2023
CUST3747,Victor,Rivera,rlarson@yahoo.com,(683)682-5791x472,"8790 Michael Lane, Montgomerychester, SC 84957",Hendersonborough,Florida,12/16/2024
CUST3748,Michael,Holmes,ellisjonathan@hotmail.com,(921)332-5377,"9795 Hall Trace, East Jenniferville, MO 80472",Campbellmouth,Alaska,11/3/2022
CUST3749,Sarah,Little,michaellambert@hotmail.com,251-784-6408x19075,"50175 Robert Junctions, Stevenbury, OH 83638",Scottfort,Wisconsin,5/23/2023
CUST3750,Tyler,Lewis,edwardfigueroa@gmail.com,-9345,"USCGC Johnson, FPO AP 74262",Campbellbury,Arkansas,10/24/2024
CUST3751,Monica,Henry,davismonique@rogers.com,4192932625,"USNS Young, FPO AA 61428",West Rachelburgh,Arizona,6/12/2022
CUST3752,Raymond,Le,kathrynmitchell@hotmail.com,(483)422-1502x2748,"6003 Dominique Street, Garciafort, OH 73144",East Jamesbury,Texas,7/26/2024
CUST3753,Patricia,Lloyd,corey09@reeves.org,390.975.3086x9916,"26698 Smith Ville Suite 362, Sanchezfort, OH 87855",Stephanieview,Maine,8/23/2023
CUST3754,Karen,White,kevinperez@peck-patel.com,(110)812-2337x684,"PSC 7143, Box 8231, APO AA 22420",Port Ivan,North Carolina,9/6/2023
CUST3755,Gregory,Martinez,tramirez@yahoo.com,+1-771-029-5467x23749,"3508 Harrison Spur Apt. 302, Patrickmouth, NE 29249",Williamsmouth,Missouri,11/13/2024
CUST3756,Patrick,Patterson,jeffjacobson@garcia.com,-8641,"7534 Smith Field, Ruizfurt, UT 71320",Hunterchester,Alabama,1/10/2024
CUST3757,Edwin,English,ymunoz@calderon-day.com,9779843305,"6806 Jennifer Square, Chapmanland, KY 02281",West Carolineview,Massachusetts,5/28/2022
CUST3758,Monique,Morgan,christopher04@key.com,931-738-1342x17842,"02574 Carroll Falls, Patriciafurt, TN 93936",Hollandberg,New Mexico,7/13/2022
CUST3759,Ryan,Taylor,sherriandrews@hotmail.com,-438,"51280 Paul Radial, Port Katherineberg, NE 78164",Ryanmouth,West Virginia,7/16/2022
CUST3760,Steven,Dean,justinfrank@hill-williams.com,+1-537-911-4236x54680,"160 Reynolds Lock Apt. 480, East Christinebury, MN 38101",East Michael,Alabama,12/30/2024
CUST3761,Teresa,Patel,upitts@gmail.com,001-455-380-8383x98320,"PSC 5677, Box 3845, APO AP 84496",Carterland,Kentucky,7/31/2022
CUST3762,Ronald,Johnson,thunter@harrison-davis.com,492-672-6113,"63989 Williams Ville, Robertmouth, WY 29492",Saraport,Maine,2/12/2025
CUST3763,James,Short,hhunter@pearson-brown.org,(864)634-1068,"090 Morris Terrace Suite 950, Edwardmouth, NY 16438",Brianaland,New York,7/16/2024
CUST3764,Todd,Thomas,mary71@nunez-underwood.com,(997)675-0799,"Unit 4834 Box 5491, DPO AE 98543",Fernandezside,Washington,9/20/2024
CUST3765,Joshua,Mclean,lisapeterson@yahoo.com,001-733-349-4759,"5964 Mccoy Vista, West Christinaborough, CT 58387",Cunninghammouth,Virginia,10/26/2023
CUST3766,Maria,Allison,etorres@yahoo.com,(565)731-7152x1075,"719 William Manor, Saraville, DC 53093",Port Joseph,Tennessee,1/27/2025
CUST3767,Tony,Jackson,anichols@yahoo.com,419-890-7865,"124 Thomas Prairie Apt. 943, Grahamchester, AK 81242",Taylorville,Georgia,5/18/2024
CUST3768,Monica,Palmer,andreballard@young.com,142.172.6274,"14963 Christopher Light Suite 512, South Michaela, AL 15399",Paulport,Nebraska,9/19/2024
CUST3769,Antonio,Farley,mmoran@hotmail.com,001-535-659-0104x432,"98657 Heather Hill, Lake Meganton, NE 07334",Lauraview,Alaska,4/15/2025
CUST3770,Carlos,Flores,mshields@hotmail.com,367-670-3586x3368,"885 Kevin Summit, South Joseph, SD 99237",West Alanhaven,Tennessee,1/15/2025
CUST3771,Elaine,Duncan,lori90@hotmail.com,001-279-353-6030x561,"226 Kyle Forest, South Brian, IL 61562",West Vanessa,Massachusetts,2/18/2025
CUST3772,Raymond,Mack,kgarcia@ortiz-hale.info,8486339428,"8585 Brown Terrace, East Karen, OR 80027",Michaelshire,Michigan,7/26/2023
CUST3773,Natalie,Patrick,stewartwilliam@grimes.com,+1-514-384-6568x0630,"83379 Victor Ridges, Lawsonburgh, MT 63698",Josephfurt,Tennessee,2/5/2024
CUST3774,Brooke,Monroe,horozco@hoover-romero.info,069.124.5566,"581 Rosario Lodge, Johnhaven, WV 49505",Lake Richard,New York,3/12/2023
CUST3775,Nicholas,Alexander,eberger@owens-morris.biz,501.519.7767x968,"583 Holland Ford, East Kim, VA 84047",Richardmouth,California,8/11/2024
CUST3776,Brenda,Hall,cyoung@brown-martinez.com,958-470-4053,"850 Denise Locks, Lopezmouth, IA 79490",South Steven,Arkansas,1/14/2023
CUST3777,Kenneth,Mcdonald,brooksstacy@hotmail.com,(832)156-3044,"1452 Hull Grove Apt. 585, Faulknerstad, KS 24867",South Deborah,Alabama,6/19/2024
CUST3778,Cynthia,Roberts,williamsraymond@bowers.info,915-980-1919,"3510 Chung Course Apt. 349, Alishaville, ID 21561",Jimmymouth,North Dakota,10/18/2024
CUST3779,Erika,Glover,ivan58@gmail.com,273-479-1795,"9095 Eric Roads, Mariahville, GA 16498",Andersonchester,Mississippi,8/11/2024
CUST3780,Angela,Hall,hubbarderic@potts-salinas.com,001-223-723-1326,"07463 Rogers Cliffs Suite 931, Katherinetown, UT 57959",Lake John,Alabama,3/14/2023
CUST3781,Shelley,Lin,mmartinez@norman.info,001-108-938-3366,"580 Jennifer Mill, East Daniel, DC 65873",Nicholsside,Maine,5/26/2023
CUST3782,Thomas,Kim,angelacain@mckay.com,+1-457-690-1136x9087,"130 Rebecca Views Apt. 742, Lake Sheilafort, WI 29457",Rebeccachester,Wyoming,11/8/2024
CUST3783,Maria,Rodriguez,sophiaholt@gmail.com,1501197826,"677 Cristian Locks Apt. 688, Parkermouth, NV 33449",Ramirezville,South Dakota,12/24/2023
CUST3784,Jeffrey,Sullivan,bailey80@collins-cole.com,+1-137-168-6412x9121,"87037 Dennis Canyon Apt. 603, Coreyfort, ND 26481",Garciaville,Washington,5/27/2024
CUST3785,Laura,Ross,arroyowalter@graham-stevens.org,+1-623-998-0383x1085,"0394 Crawford Summit Suite 894, Hesterland, NE 66301",Jamesbury,Arkansas,10/16/2023
CUST3786,Amy,Dunn,hwilson@nelson.com,2302831277,"Unit 8285 Box 7061, DPO AA 98396",North Sarah,Rhode Island,3/29/2023
CUST3787,Tyler,Benjamin,jessica70@alvarez.com,(566)879-1688,"1106 Murillo Spurs, Port Jeffrey, CO 38430",Lake Roberto,New York,2/7/2025
CUST3788,Trevor,Clark,nlester@hotmail.com,-8019,"2857 Lopez Via Apt. 418, Lake Ryan, NY 25395",Allenburgh,South Dakota,8/25/2024
CUST3789,Sarah,Morgan,wbryant@dixon.com,+1-767-414-0594x196,"90029 Hernandez Shoals, Cuevasview, VA 03344",Robertsstad,New Jersey,10/17/2023
CUST3790,Nicole,Aguilar,yrussell@gmail.com,305-926-3815x87651,"3536 Barry Mountain Suite 853, East Ericburgh, NE 95873",West Lorifort,Delaware,1/5/2023
CUST3791,Sean,Decker,priscilla27@lopez.biz,404-421-0620,"2135 Wilson Forge Apt. 271, Diazfort, DE 33333",Johnsonville,Florida,7/30/2023
CUST3792,Katie,Peck,fskinner@clark.com,691-252-9285x9370,"505 Jeffrey Lodge Suite 247, East Pamela, LA 17162",Morenostad,New Mexico,1/19/2023
CUST3793,Maria,Mendoza,brandy72@evans.com,-4959,"786 Bowen Via Apt. 775, Rossborough, WA 60085",Dennisland,Vermont,12/5/2022
CUST3794,Meagan,Norris,kburns@gmail.com,852-751-9421,"41018 Harris Flats Apt. 342, Port Matthew, NC 79707",Christophershire,North Carolina,3/19/2023
CUST3795,Jacob,Wolf,shawndrake@gmail.com,(011)458-5976,"8299 Obrien Circle Suite 637, New Jerrychester, MS 26684",Port Harryfurt,Ohio,9/10/2022
CUST3796,Patricia,Stone,jadewolfe@ochoa.biz,819-210-8966x65511,"59885 Jacob Brook, Mendozaville, WY 68699",Port Jeremyville,Minnesota,3/31/2023
CUST3797,Adrian,Spencer,gregoryschmidt@yahoo.com,625.035.1783,"2194 Danielle Turnpike, Ruthside, NV 16669",Robertstad,Nevada,1/8/2024
CUST3798,Travis,Bowman,jacksoncynthia@hotmail.com,739-282-5367x193,"535 Bryan Square, Port Larryton, AR 03741",Cortezborough,New York,7/17/2023
CUST3799,Dylan,Ford,craigdiana@humphrey-duffy.com,+1-533-307-4882x8626,"7952 Phillips Junctions Suite 332, Drewhaven, WI 90546",North Linda,Massachusetts,7/11/2022
CUST3800,Nicholas,Maldonado,blevinscrystal@hotmail.com,001-808-218-5796x5759,"454 Brooke Ferry, South Ashley, CA 93012",East Alexisborough,Utah,10/24/2023
CUST3801,Lindsey,Ortiz,nathansalazar@yahoo.com,-4143,"615 Ford Orchard, Hammondview, OK 21259",West James,Oregon,2/9/2024
CUST3802,Kevin,Parker,agutierrez@horne.com,001-648-207-5920x843,"USS Jackson, FPO AP 67763",Martinezbury,Delaware,4/10/2024
CUST3803,Charles,Rogers,barnettchristopher@yahoo.com,771-410-5415x138,"Unit 4752 Box 3804, DPO AA 17539",Port Sandramouth,Wyoming,2/19/2023
CUST3804,Nancy,Silva,lgonzalez@cox.org,775.658.4186x54535,"PSC 6731, Box 2636, APO AA 45093",Port Jordan,Arizona,10/16/2024
CUST3805,Stanley,Allen,martinezmarcus@herrera.com,174.634.1950,"006 Erica Turnpike, Martinezfurt, PA 67660",Matthewsmouth,Iowa,3/28/2023
CUST3806,Jennifer,Grant,qlopez@pham-roman.org,(367)430-0791x030,"26572 Garner Row Apt. 090, Nathanielview, DC 31814",Terrenceshire,Maryland,10/1/2022
CUST3807,Jason,Calhoun,melissamyers@yahoo.com,770-754-1773x6553,"18423 Schmidt Streets, South Tanyafurt, LA 28690",Brittanyberg,Washington,12/18/2023
CUST3808,Erika,Rodriguez,wilsonbridget@hotmail.com,765.194.6809x7965,"38847 Maria Lodge Apt. 215, Josephfurt, WY 16157",New Joelmouth,Arkansas,11/11/2022
CUST3809,David,Durham,hshelton@hotmail.com,987.620.1082,"14481 Sarah Tunnel, Ericksonshire, VT 91142",Port Amyhaven,California,9/20/2024
CUST3810,Brandy,Wang,debrawoods@yahoo.com,001-303-184-1950,"642 Diaz Gardens, Lake Tamaraland, ND 56162",West Brandiview,Washington,7/19/2022
CUST3811,Luis,Park,jbrown@sanchez.com,820.416.0020,"07425 Peggy Keys Apt. 072, Johnville, MT 69039",Warrenhaven,Nevada,2/18/2025
CUST3812,Isabel,Kline,utaylor@yahoo.com,001-413-251-1696x76545,"294 Maurice Cliff, Gonzaleschester, WV 62248",East Richardburgh,Washington,9/6/2024
CUST3813,Ana,Brooks,taylordebra@benitez-hall.com,+1-756-994-8955x05625,"1610 Meredith Underpass Apt. 275, New Megan, NV 53302",Johnland,Pennsylvania,11/29/2022
CUST3814,Jacob,Carlson,solisalyssa@gmail.com,001-183-417-8706x775,"USCGC Savage, FPO AE 77574",Walkerview,Ohio,7/2/2024
CUST3815,James,Duran,wbowen@alvarado-farmer.biz,+1-632-725-5980x02587,"Unit 3348 Box 4073, DPO AE 34110",Port Audrey,Illinois,5/10/2023
CUST3816,David,Williamson,gmercado@yahoo.com,2554479556,"9398 Mendez Groves, Christinestad, MN 36104",Zunigatown,New Hampshire,12/22/2022
CUST3817,Kyle,Smith,glenn27@yahoo.com,(754)811-0364,"PSC 1852, Box 3757, APO AA 64586",North Maryton,Michigan,4/27/2023
CUST3818,Amanda,Simmons,uvargas@pope.com,+1-920-774-5358x702,"6318 Thomas Court Suite 270, Daughertyshire, MA 67066",Caldwellton,Massachusetts,7/31/2022
CUST3819,Michael,Roberts,rose92@gmail.com,868-581-5825x978,"6565 Clark Centers, North Cindy, PA 43308",East Michelle,Vermont,5/9/2022
CUST3820,Heidi,Kerr,zbuchanan@gmail.com,+1-050-780-3098x5363,"Unit 6246 Box 3333, DPO AA 93261",Davidfurt,South Carolina,1/8/2024
CUST3821,Hannah,Lee,pkemp@williams.com,056.050.0477,"9993 Beck Prairie Apt. 097, West Kathrynfort, WV 22388",North Markburgh,Oregon,10/3/2022
CUST3822,Darren,Hale,vsharp@newman.info,337.669.4899,"478 Thomas Track, Johnview, RI 56448",Lake Kimberly,Montana,5/23/2022
CUST3823,Megan,Clark,andrewgreene@hotmail.com,039-761-2127,"800 White Station Apt. 174, Danielfort, VA 96297",Johnsonport,Indiana,11/25/2023
CUST3824,Christopher,Young,vramirez@hotmail.com,+1-209-046-3497x469,"351 Wells Wells Suite 592, Port Sharon, PA 07171",Lake Jesse,California,8/27/2022
CUST3825,Kenneth,Watts,josephsmith@hotmail.com,268.223.2340x574,"86245 Daniel Harbors, Lindabury, OR 22005",North Terri,Colorado,12/8/2023
CUST3826,Anne,Price,jenniferwilliams@murray-myers.net,6426886660,"3944 Larson Mission, New Lindaview, OR 84197",South Emily,Utah,11/11/2022
CUST3827,James,Crawford,jonathanrodriguez@hotmail.com,073.609.4658x97347,"755 Sara Garden Apt. 680, Johnmouth, WI 95488",Barbaraland,Wisconsin,8/8/2022
CUST3828,Jennifer,Riddle,stephanielopez@yahoo.com,5510657633,"222 James Pine, Mezaburgh, WY 46820",Zacharyland,North Carolina,8/27/2023
CUST3829,Renee,Bell,michaela16@bradley.biz,(772)347-0741,"53184 Daniel Drive, Boydborough, IN 53959",Jimmytown,North Dakota,2/16/2023
CUST3830,Rebecca,Acosta,stacy76@gomez-sanders.net,717.037.0024x949,"Unit 2654 Box 8864, DPO AE 37291",Edwardsmouth,Utah,9/8/2023
CUST3831,John,Welch,katherine41@duran.com,+1-383-326-9514x792,"50839 Timothy Corner Suite 516, North Lindseyfurt, NH 59332",New Richardborough,Pennsylvania,8/30/2023
CUST3832,Wesley,Waters,fcase@lopez-campbell.net,001-970-777-4884x65456,"344 Sims Turnpike, Sherylport, CO 85743",Port Stefaniebury,Michigan,7/8/2023
CUST3833,Lindsay,Gray,wchristian@miller-kim.com,645-774-9221x9593,"25719 Mcgee Knolls Suite 990, Pachecoview, CT 71323",Graystad,Maine,4/9/2023
CUST3834,Richard,Anderson,danieljackson@hensley.com,722-198-6210x725,"669 Perez Circle Suite 765, Port Elizabethborough, HI 88315",Lake Jessica,South Carolina,1/26/2025
CUST3835,Joel,Rodriguez,twise@gardner.info,001-020-016-5855,"PSC 7559, Box 0963, APO AP 93140",West Tammymouth,Idaho,7/23/2022
CUST3836,Jeffrey,Johnson,salexander@nguyen-pratt.com,582.875.9802x36602,"08027 Gray Mountain, West Cory, IN 77281",Wallchester,Kentucky,1/10/2023
CUST3837,Madison,Livingston,david51@west.com,001-294-780-0855x14983,"Unit 6131 Box 9303, DPO AE 45146",Mcgeeview,Vermont,6/28/2024
CUST3838,Christopher,Day,alyssadonaldson@gmail.com,001-305-781-8606x9436,"117 Myers Inlet Apt. 914, Jessicatown, IA 70060",Michaelstad,Indiana,8/10/2024
CUST3839,Jonathan,Chaney,cooperdeborah@hotmail.com,427.405.2324,"6068 Marks Mountains, Lake Charlestown, MS 23126",Morseberg,South Dakota,5/1/2024
CUST3840,Theodore,Smith,lynnyoung@mcbride-thornton.net,324-068-5562x1423,"1172 Victor Mission Suite 387, Lake Jonathan, NE 39309",North Philip,Alabama,6/20/2023
CUST3841,Virginia,Smith,ogriffith@briggs.net,009.308.3213,"33256 Howe Loaf Suite 262, Kevinbury, HI 04386",Chavezside,Connecticut,10/26/2024
CUST3842,Jose,Peck,hannahball@torres.biz,742-083-1454x976,"4093 Pearson Greens Apt. 823, Jefferychester, AZ 29648",East Jasonview,Montana,1/4/2024
CUST3843,Chris,May,colemanjeremy@hill.org,(363)327-8490x8826,"7105 Taylor Turnpike, Woodsborough, CT 78425",South James,Wyoming,6/15/2023
CUST3844,Hannah,Miller,blackmonica@hotmail.com,256729388,"728 Wagner Mount Apt. 369, Silvaburgh, TX 11001",West Davidborough,Utah,4/21/2024
CUST3845,Robert,Martin,roy66@hotmail.com,+1-246-283-5676x676,"USNS Mcmahon, FPO AP 47143",Angelamouth,Nebraska,3/29/2025
CUST3846,Bailey,Henderson,perezdaniel@smith.info,+1-626-323-9308x8937,"298 Cisneros Crescent, Brandonstad, NM 84502",East Rebekahport,Mississippi,9/16/2022
CUST3847,Kyle,Cox,patricia70@yahoo.com,+1-142-012-3203x0060,"737 Corey Course Suite 198, Reedfort, MA 52080",Cooperchester,South Dakota,10/23/2022
CUST3848,Aaron,Ryan,theresa49@gmail.com,(949)020-7695x57842,"9148 Sharp Mount, Lake Kelly, AR 94173",Lake James,New York,7/10/2024
CUST3849,Jeffrey,Harrison,elizabethdavidson@washington.com,001-894-118-5548x75099,"0070 Andrea Loop, East Kathleen, MT 18230",Port Benjamin,North Carolina,12/30/2023
CUST3850,Ryan,Schmidt,trivas@clark.org,8868265390,"42928 Cross Summit Suite 590, New Angela, WY 03959",Rebeccaport,New Hampshire,5/4/2022
CUST3851,Emily,Reyes,torresandre@yahoo.com,001-200-231-3545x491,"2229 Little Route Suite 105, West Dalefurt, CT 77268",Myersland,Texas,11/13/2023
CUST3852,Denise,Ward,josephmonroe@allen-gutierrez.biz,+1-629-288-7689x4193,"Unit 8349 Box 5181, DPO AA 79365",Clayton,West Virginia,2/27/2024
CUST3853,Douglas,Warren,tonyhorton@johnston.com,(449)217-8946x2224,"6869 Villa Well Apt. 668, North Jessica, RI 05753",Edwardsstad,Pennsylvania,5/3/2023
CUST3854,Jim,Moore,frenchjohn@rivera.com,(503)753-4219x37610,"9812 Katie Extension, Anthonychester, ID 88429",Smithchester,North Carolina,8/17/2023
CUST3855,Gerald,Alexander,dustin90@hotmail.com,367.198.8319,"41050 Susan Causeway, Port Joelville, OR 03836",New Raymond,New Mexico,10/5/2022
CUST3856,Bernard,Morgan,johnwalton@hotmail.com,001-109-798-2620x22252,"298 Nelson Lane Apt. 407, Timothyport, FL 09793",Calebhaven,Missouri,7/25/2022
CUST3857,Sherry,White,tonyaramos@yahoo.com,(462)456-4440x83997,"60157 Jeffrey Ridges Apt. 234, West Rebeccafort, GA 40299",Schneiderport,Georgia,12/29/2024
CUST3858,Brian,Hess,janice44@nolan.info,485-829-0718x128,"7864 Allen Park, West Michael, DC 74457",Juliechester,Texas,1/4/2025
CUST3859,Juan,Marks,lunabryan@carter.com,459.950.9986x490,"PSC 5933, Box 5771, APO AE 14603",Johnfort,Kentucky,6/22/2024
CUST3860,Jacqueline,James,lwise@gmail.com,(932)100-0308x59151,"712 Justin Spring Apt. 543, Wardbury, FL 07701",Joanland,Rhode Island,3/30/2023
CUST3861,Catherine,Harris,travis87@hughes.com,297.941.4380x26651,"327 Coleman Row, Rebeccashire, NE 57174",East Anthonyburgh,Delaware,4/23/2023
CUST3862,Elizabeth,Brown,cwells@gmail.com,(407)704-4563x384,"8311 Danny Locks, Lopezmouth, OH 75259",Molinamouth,Virginia,11/12/2023
CUST3863,Annette,Walton,butlerryan@yahoo.com,001-899-412-3514,"757 Coleman Mountain Suite 456, Williamhaven, AZ 30666",East Patrickton,Louisiana,7/16/2022
CUST3864,Alicia,Alexander,janegraham@hotmail.com,(997)157-6275,"7677 Stout Port, East Katieshire, OR 90918",Laurachester,Idaho,9/30/2023
CUST3865,Christine,Bennett,williamsnatasha@walker.com,001-400-690-6700x61887,"8808 Mark Isle Apt. 297, Navarroburgh, KY 49826",Brendatown,North Carolina,10/26/2022
CUST3866,Jessica,Schneider,cross@gmail.com,683-756-5654x15233,"PSC 7822, Box 0025, APO AP 74260",North Lori,Maine,8/1/2024
CUST3867,Laura,Roberts,john70@hotmail.com,730.063.6340,"722 Mary Avenue, East Kevinmouth, RI 45817",Jaredmouth,Idaho,1/4/2025
CUST3868,Daisy,Mclean,lowecameron@diaz-martin.com,+1-337-815-2690x02013,"330 Russell Station, Brianmouth, AL 65232",Georgeview,Illinois,1/11/2024
CUST3869,Kimberly,Wilson,joshuaevans@hotmail.com,343.239.1147,"79011 Megan Course, Bobberg, IL 81231",Port Erin,Hawaii,9/2/2024
CUST3870,Denise,Young,olivia00@smith.info,573-383-1042,"1768 Jill Vista Apt. 930, Port Aprilchester, WV 96095",Millershire,South Dakota,6/5/2023
CUST3871,Rachel,Day,michelleyoung@mcintosh.org,398-314-9562,"79795 Munoz Roads Apt. 384, South Jessechester, NV 09633",East Alexis,Hawaii,9/25/2022
CUST3872,Jay,Herring,joshua06@wells-miller.biz,-9351,"3539 Martinez Mall Apt. 596, East Destinyton, CA 84505",Michaelmouth,Massachusetts,12/26/2022
CUST3873,Troy,Davis,david62@hebert-burch.info,039.152.1776x57871,"498 Walton Extension, North John, AZ 36593",Dianeburgh,South Dakota,8/23/2022
CUST3874,Lisa,Aguilar,eric97@hotmail.com,-8539,"83093 Garza Glens Apt. 592, Josephburgh, UT 55333",New Christianland,Michigan,11/13/2022
CUST3875,Charles,Mendoza,ywashington@hotmail.com,793-334-9640x709,"93240 Elliott Key, Lake Lisa, SD 54226",Matthewchester,Oregon,2/28/2024
CUST3876,Margaret,Taylor,melissagalvan@osborne-mitchell.biz,001-422-479-4074x78578,"7817 Joe Meadows, Stephaniemouth, NH 44351",North Jillville,New Hampshire,7/25/2024
CUST3877,Robert,Mason,traciyork@gmail.com,(780)714-8803x6230,"39218 Dominic Spurs, North Maria, LA 37245",West Brianmouth,Massachusetts,10/12/2024
CUST3878,Melanie,Maxwell,kaustin@hotmail.com,(074)954-4560x888,"7844 Braun Flat Apt. 462, New Michael, ID 08391",Saundersstad,Vermont,12/23/2024
CUST3879,Travis,Cooper,amypierce@conrad.com,838-145-6833,"015 Tiffany Lodge Apt. 453, East Amyfort, VT 99847",East David,Illinois,5/6/2023
CUST3880,Benjamin,Cooper,rhondanorman@johnson-cook.net,997.999.2229,"PSC 1170, Box 6125, APO AE 99382",Bradfordfort,Nevada,3/1/2024
CUST3881,Carolyn,Buchanan,johnrice@yahoo.com,374-744-7412,"395 James Fords, West Williamshire, GA 93256",New Brandon,Oregon,1/10/2025
CUST3882,Kyle,Peters,stephen47@gmail.com,(278)679-3958,"860 Rebecca Branch, Sarahside, MO 40130",Millsfort,Maryland,8/13/2022
CUST3883,Angela,Contreras,lisasmith@gmail.com,+1-042-575-5817x497,"8250 Jones Shoal Suite 381, Port Matthewstad, MI 20460",Smithtown,Arkansas,2/4/2024
CUST3884,Julia,Martinez,oruiz@gmail.com,6678339095,"9576 Peterson Union, South Sheilahaven, GA 79549",Dunlapberg,Nebraska,1/13/2023
CUST3885,Aaron,Reed,lanejason@bailey.org,+1-680-648-6346x403,"78202 Aaron Expressway, Wallacehaven, CT 74010",Kellyton,California,10/28/2024
CUST3886,Andrew,Stevens,wjohnson@hotmail.com,001-888-128-8266x6161,"0839 Mitchell Green, West Michaeltown, MN 86003",Derekville,Idaho,1/26/2025
CUST3887,Kevin,Stokes,juliedavis@gmail.com,655.428.2040x1019,"3052 Zachary Highway, Jacksonmouth, NY 77878",North Morgan,Massachusetts,6/30/2024
CUST3888,Michael,Campbell,peterskaren@gmail.com,966-107-6917x51493,"47933 Allison Key Apt. 346, West Markhaven, MD 73213",New Danielside,New Mexico,11/29/2022
CUST3889,Victoria,Smith,smithjoseph@cabrera.biz,001-504-837-0518x8652,"Unit 4268 Box 2605, DPO AP 17933",North Sophia,West Virginia,6/27/2022
CUST3890,Annette,Ward,linda26@yahoo.com,7914692281,"2601 Sarah Estates, Pearsonport, TX 07174",Jaclynmouth,Arizona,10/7/2022
CUST3891,Johnny,Reynolds,sanfordclarence@ross.com,(565)060-9543x386,"84612 Kenneth Rapid Suite 610, New Michael, CA 01509",East Cynthia,Rhode Island,3/6/2023
CUST3892,Alexandra,Hudson,melissaturner@yahoo.com,+1-711-740-3540x27258,"59416 Munoz Ferry Apt. 030, Jessicatown, FL 98654",Ashleyland,Minnesota,2/18/2023
CUST3893,Danielle,Smith,burkejoyce@gmail.com,001-831-864-4549x59899,"860 Murphy Corner, Evelynport, MT 07986",South Kendrahaven,Indiana,2/14/2024
CUST3894,Jeffery,Ferguson,rhanson@gmail.com,371-708-9805x394,"Unit 1644 Box 2060, DPO AP 18038",South Jonathanfurt,Ohio,4/21/2023
CUST3895,Lauren,Maynard,lewiserika@thompson-graves.com,(282)366-1167x0573,"751 Rose Manors Apt. 254, East Jennifer, UT 75087",Shortchester,West Virginia,3/31/2025
CUST3896,Matthew,Faulkner,tina79@hotmail.com,+1-735-390-8675x3744,"PSC 6277, Box 4024, APO AE 23806",Lake Christopher,Ohio,1/17/2024
CUST3897,Morgan,Russell,williamsnathan@gmail.com,+1-616-056-3272x294,"Unit 5426 Box 4444, DPO AA 75371",Mitchellmouth,Hawaii,7/16/2023
CUST3898,Jennifer,Reyes,xcantrell@cole.info,001-864-326-9566x036,"33916 Tucker Mountain, Amandachester, ME 85384",New Nicholas,Michigan,6/14/2023
CUST3899,Thomas,Collins,donald79@gmail.com,770-647-7263,"92356 Gregory Inlet Suite 704, New Leviton, KY 25686",Amyhaven,Utah,3/15/2023
CUST3900,Tamara,Donovan,jerrydunn@yahoo.com,080.864.9083x9912,"120 Derek Inlet Suite 310, Pooleland, TN 40077",Alisonborough,Louisiana,4/8/2024
CUST3901,Amanda,Cervantes,gutierrezlauren@hotmail.com,(288)229-8312x627,"75814 Newman Center Apt. 292, Littleville, DE 61679",Barronside,Indiana,3/16/2025
CUST3902,Megan,Meyer,joshuamullins@hotmail.com,+1-305-144-0936x1744,"442 Janice Passage, East Ashley, DC 56459",Smithland,Texas,9/26/2022
CUST3903,David,Johnston,sonya98@yahoo.com,140.796.1417,"1720 Ariana Views Apt. 978, Garciamouth, NC 25381",Brendanfurt,Arkansas,2/22/2023
CUST3904,Stephanie,Pena,alison96@blair.net,711-144-5590x8955,"14091 Thomas Land, North Aprilport, MI 39675",South Lindseyberg,Kentucky,1/14/2023
CUST3905,Ashley,Griffin,danny64@foster.com,(507)989-9929x69215,"90810 Blake Station Apt. 157, Port Jacqueline, KY 49366",Phillipland,Utah,12/8/2024
CUST3906,Kelly,Suarez,glenn09@stein.info,(182)321-2650,"27698 Kristi Islands Apt. 462, South Melodychester, CT 00826",East Matthewstad,Vermont,3/24/2023
CUST3907,Janet,Berry,umoran@jackson.com,026-373-4496x9815,"92867 Kimberly Forest, Andreabury, WY 89271",South William,Maryland,12/29/2022
CUST3908,William,Barker,meadowsjames@rodriguez.com,353.384.6674,"68405 Joanna Glen, Hernandezshire, OH 58744",Ballardbury,Indiana,3/15/2025
CUST3909,Amy,Molina,christina74@yahoo.com,419.279.2900x2454,"976 Ryan Spurs, Ricemouth, NY 43181",East Josephfort,Wyoming,2/22/2023
CUST3910,Aaron,Robles,wyoung@spears.com,+1-026-568-4320x54029,"926 Alvarez Neck Suite 483, Mariashire, OK 53146",North Jonathonview,Idaho,1/7/2024
CUST3911,Mark,Wilson,warddouglas@hotmail.com,(780)458-5408,"2895 Sanchez Brook Suite 826, Lake Steven, NY 96222",Terryport,Minnesota,4/3/2024
CUST3912,Matthew,Johnson,johnsonpaul@daniels-fowler.com,001-862-217-8794x13135,"240 Jeremy Junctions, Monicamouth, DE 73521",Turnerfurt,North Dakota,12/7/2024
CUST3913,Cynthia,Riley,weaverjennifer@yahoo.com,(037)570-8826,"31168 Nicholas Summit, East Robert, LA 97594",South Bryanbury,Arkansas,5/8/2023
CUST3914,Elizabeth,Smith,bellmegan@collins.com,+1-631-244-7317x38675,"856 Amy Drives, Williamston, DC 01514",North Angela,Alabama,2/10/2023
CUST3915,Jonathan,Mclaughlin,gwilliams@yahoo.com,+1-443-596-3713x76632,"Unit 0469 Box 7708, DPO AP 17161",Adrianborough,Idaho,6/26/2023
CUST3916,Lisa,Hunt,lbutler@yahoo.com,(023)686-6176x9678,"512 Christopher Mountain, Kevinmouth, GA 73571",Howellhaven,Washington,9/14/2022
CUST3917,Steven,Hall,christy38@parsons-alvarez.net,001-046-044-3572,"9415 Brown Forge, Chanview, AK 27769",North Erin,Alabama,3/17/2024
CUST3918,Bobby,Watson,lmorales@gmail.com,(422)736-5198x021,"2569 Felicia Coves Apt. 991, Meghanburgh, CO 60267",Karenmouth,Oregon,10/11/2024
CUST3919,Lisa,Preston,jmitchell@hotmail.com,(649)133-6942x449,"USCGC Guzman, FPO AP 58621",Brownside,Alabama,8/26/2022
CUST3920,Cole,Ali,jocelyn95@gmail.com,325.870.7311x4305,"61146 Michael Harbor Apt. 532, Meadowsville, NM 30235",Pennyfort,North Dakota,6/22/2024
CUST3921,Michele,Gross,huffmanjustin@bowen.net,810-088-6378x480,"22055 Andrew Viaduct Suite 567, Kellerside, OH 62267",Port Joseph,Arkansas,2/22/2024
CUST3922,Susan,Lopez,wjohnson@williams-giles.com,(177)683-3518x4859,"1848 Morris Avenue, South Michaelfurt, PA 04184",North Justinmouth,Arkansas,9/2/2023
CUST3923,Benjamin,Austin,travisochoa@blackwell-jennings.com,-9450,"948 Michael Ports, East Patriciaberg, OH 85301",Kristinehaven,Maine,6/24/2023
CUST3924,Spencer,Sanchez,theresamiller@gonzalez.info,028.127.5460,"733 Kenneth Route, Erikview, CA 16097",Mariaborough,Montana,7/6/2024
CUST3925,Michael,Baird,kcannon@yahoo.com,315-275-3661,"052 Leblanc Pine Apt. 698, Stanleyville, KY 32756",Goodfurt,Illinois,3/15/2024
CUST3926,Lisa,Torres,isaiahrich@scott-burgess.com,118-462-3324,"PSC 3611, Box 7542, APO AP 40543",Marisafurt,Kentucky,8/2/2023
CUST3927,Kristin,Hernandez,sweeneymelinda@wagner-santos.com,+1-817-886-9101x3347,"3150 Melissa Rue, Anthonychester, NV 93720",Monicaburgh,Vermont,6/6/2024
CUST3928,Pamela,Murray,gpowell@hotmail.com,+1-682-758-3229x826,"013 Patricia Summit, Crystalhaven, KS 63623",Lake Thomas,Connecticut,6/26/2023
CUST3929,Russell,Nichols,hstafford@butler.com,2957687998,"1163 Jacob Haven, East Patrickport, TX 81868",Ramirezland,Idaho,7/4/2024
CUST3930,Mary,Grant,luke08@evans.org,7749326299,"65292 Jones Flat Suite 398, East Jason, ND 02633",New Brian,Iowa,10/30/2023
CUST3931,Timothy,Kane,stephanie10@gmail.com,(578)423-9946x160,"3525 Crystal Bridge, Phillipborough, MN 04453",Clarkview,Texas,7/25/2023
CUST3932,Joshua,Obrien,silvaleslie@poole.com,(416)230-8476x722,"USCGC Jenkins, FPO AA 79674",Sarashire,Washington,1/27/2023
CUST3933,Adrian,Cunningham,wendyfernandez@david.info,921.156.6409x650,"6976 Alex Mountains, East Sheila, NE 28160",Cooperborough,Georgia,11/11/2024
CUST3934,David,Haas,zimmermantaylor@yahoo.com,-953,"2756 Morales Fields, Tiffanyside, MT 06092",Lopezfurt,New Jersey,10/24/2024
CUST3935,Wendy,Brady,aprillawson@smith-hughes.biz,(821)631-2921,"Unit 7651 Box 6499, DPO AE 55706",Lisaberg,Washington,1/13/2025
CUST3936,Joel,Jacobs,brownmichael@oneal.biz,952-149-1003,"3216 Kevin Springs, East Stacychester, DC 48180",West Melissastad,South Carolina,12/29/2022
CUST3937,Joshua,Collins,cmitchell@hamilton.net,(705)844-1635x3969,"85982 Amanda Junctions, Antonioview, DC 23127",Edwardsmouth,Alaska,1/12/2023
CUST3938,Robert,Moore,samuel89@hodges.com,651.319.9049,"750 Smith Bypass Suite 826, New Tinaport, AL 73152",Brandonbury,South Dakota,7/3/2024
CUST3939,Donald,Mayo,christopherholmes@hotmail.com,578.724.5648,"94283 Grant Divide, Davidfort, GA 18985",Port Matthew,West Virginia,7/14/2024
CUST3940,Rebecca,Hernandez,fburton@gmail.com,531-332-5498x372,"1447 Gina Neck Apt. 873, North Angelafurt, VT 59686",Johnview,New Hampshire,12/10/2022
CUST3941,Joseph,Saunders,davisthomas@yahoo.com,680-427-6865,"92013 Wilson Turnpike, Edwardfurt, OK 04764",Lake Valerie,Arizona,4/12/2024
CUST3942,Beverly,Sullivan,jrangel@yahoo.com,(272)747-0205,"33930 Ramirez Inlet, Lake Brittany, NM 07616",South Jordan,West Virginia,10/25/2022
CUST3943,Anne,Stark,jdaniels@hotmail.com,(586)813-7050,"853 Campbell Land, Lake Samuel, IN 33741",Port Beverly,Alabama,3/22/2024
CUST3944,Sean,Clements,johnbooth@hull-hernandez.net,001-011-955-7817x320,"853 Vasquez Flat Suite 621, Cynthiaport, OK 18516",East Jeffery,North Carolina,8/3/2022
CUST3945,James,Leon,thomaslisa@wolfe-powers.com,001-732-449-6897,"92558 Alvin Landing, New Amber, DE 76690",West Madeline,Tennessee,11/27/2024
CUST3946,Sara,Wright,brendanroberts@lee-jenkins.info,234-983-5809,"1101 Brendan Camp Apt. 018, West Catherine, WV 71414",Davismouth,Louisiana,10/2/2024
CUST3947,Monica,Avila,spalmer@clark-andrews.biz,001-032-515-6908x506,"14308 Barr Pine Suite 522, Randalltown, WY 59499",Rogershaven,Massachusetts,9/16/2022
CUST3948,Jonathan,Hall,joannaherrera@hotmail.com,174.870.9943,"8280 Lorraine Union Apt. 706, Port Manuelmouth, OH 58703",Andrewview,Ohio,7/29/2022
CUST3949,Sherry,Pierce,townsendcole@moon-payne.com,(901)698-0414,"025 Dickson Forges Suite 426, West Cheyennefurt, KS 38287",Mooremouth,Vermont,11/25/2024
CUST3950,Christopher,Cooke,michelle19@hotmail.com,+1-174-329-6368x195,"42481 Matthew Tunnel, Cynthialand, MA 38530",North Nathanport,Pennsylvania,10/31/2022
CUST3951,Willie,Sandoval,jameswatkins@yahoo.com,(928)728-6903,"0667 Arnold View Apt. 382, Port Cherylburgh, WV 81031",Port Matthew,Maine,9/16/2023
CUST3952,Paul,Dixon,lee29@hotmail.com,293-148-0458,"0480 Hurst Glens Suite 283, Parksland, TN 22768",Port Samanthafurt,Massachusetts,3/11/2023
CUST3953,Wendy,Poole,clarkjustin@harmon.com,8442519967,"657 Taylor Harbors, East Kaylatown, MT 18438",Barreraport,Missouri,6/19/2024
CUST3954,Joseph,Massey,fhancock@rios.com,169.211.8407x42777,"8135 King Lakes Apt. 967, West Stephaniefurt, KS 04513",Gonzalezfurt,Kansas,1/29/2024
CUST3955,Tammy,Carter,kelly32@smith.org,001-236-693-6256x90879,"Unit 7931 Box 1941, DPO AA 97397",North Patricia,South Dakota,8/22/2024
CUST3956,Jennifer,Frank,hendrickscynthia@torres.com,008.314.6329,"22966 Cameron Neck, West William, MA 59838",Pamelaton,Missouri,11/9/2023
CUST3957,Tina,Wu,brandiobrien@schmidt.com,-4654,"PSC 5077, Box 5625, APO AE 08992",Fernandeztown,Colorado,8/19/2024
CUST3958,Kristen,Park,leejames@hotmail.com,+1-574-500-3591x022,"21852 Holmes Hollow, Lake Roger, NJ 33461",Catherineland,Florida,10/23/2023
CUST3959,Kathleen,Powers,garciaamanda@estrada.com,+1-554-344-2251x134,"71271 Jackson Flat, Tranfort, CA 19522",West Zachary,Oregon,3/28/2025
CUST3960,Patricia,Ferguson,michael31@yahoo.com,001-483-747-6731x246,"26263 Joseph Drives, West Williamstad, MA 73376",Reyesview,Colorado,4/30/2024
CUST3961,Michael,Buck,robertshaw@hall.net,155-613-2841x744,"8748 Tracy Pines, Port Coreymouth, ID 80940",Bryantside,Vermont,10/6/2022
CUST3962,Nicole,James,fmayer@gmail.com,925-752-0177,"49001 Ashley Mountains Apt. 932, New Stephaniechester, OH 43088",Arthurville,Washington,7/3/2024
CUST3963,Linda,Cole,carpenterderek@marks.com,001-611-901-3808x4760,"577 John Flat Apt. 430, Barnesview, MS 30770",Allisonbury,Louisiana,11/21/2024
CUST3964,Sarah,Douglas,elizabeth37@hotmail.com,196.005.2317x052,"PSC 7342, Box 4675, APO AP 55006",Port Michaelberg,Florida,1/28/2023
CUST3965,Matthew,Freeman,qedwards@yahoo.com,(619)370-2075,"9506 Christopher Ports, Port Susan, NJ 99633",Port Zacharyland,Florida,9/8/2022
CUST3966,John,Marshall,ddaniels@yahoo.com,(669)510-8577,"PSC 0767, Box 7730, APO AA 69898",South Annettefurt,Utah,3/3/2023
CUST3967,Tracey,Little,vfarmer@hotmail.com,902.885.2239x463,"25681 Gonzalez Flat, Brandonfort, WA 93222",West Nicoleberg,Hawaii,2/3/2023
CUST3968,Nicole,Anthony,tinaleach@yahoo.com,(718)989-0369x23351,"53207 Woodard Port, Lake Emma, DC 54484",Rodneyburgh,Oklahoma,8/18/2022
CUST3969,Kathy,Brown,michael41@gmail.com,220.427.0806x9148,"19564 Lopez Causeway, Oliverport, NV 27896",South Nicholas,South Dakota,4/3/2024
CUST3970,Travis,Jacobs,garciaandrew@hotmail.com,880-537-9211x3729,"3012 Brown Divide Suite 713, New Laura, MA 08738",South Christina,South Dakota,11/23/2022
CUST3971,Xavier,Moore,cooperamy@gentry-wallace.biz,3856881060,"9051 Elizabeth Hollow Apt. 825, Port Amy, ND 98999",Andrewport,Maine,9/3/2024
CUST3972,Steven,Harrison,davisdwayne@mosley.com,(070)893-4692,"4897 Sean Mills, Thomashaven, KS 93165",Henryville,Nevada,5/4/2024
CUST3973,Alicia,Wallace,caitlyn00@phillips.org,390-529-1938,"PSC 2478, Box 3607, APO AA 67314",West Joseph,Nevada,12/28/2024
CUST3974,Alexis,Costa,youngrodney@hotmail.com,(096)957-3506x400,"35111 Johnson Loop Suite 659, Pacechester, IA 20428",South Bobby,Oregon,8/25/2023
CUST3975,Jeanette,Haney,andreharvey@rice.com,(987)914-2046,"025 Kennedy River Suite 987, South Daniellefurt, VA 47108",Port Stephanie,Indiana,1/30/2024
CUST3976,Mark,Mitchell,elizabeth67@yahoo.com,(924)800-2422x9118,"976 Kelly Shores Suite 622, Lake Adrianfurt, PA 10718",Lake Amyshire,Wisconsin,4/12/2024
CUST3977,Elizabeth,Henderson,mark52@hotmail.com,+1-447-647-1156x6527,"817 Crystal Ville, Lake Carlport, NC 25086",West Brendastad,Utah,10/11/2024
CUST3978,Jason,Graham,ealvarez@hotmail.com,984.598.2876,"72798 Christian Courts Apt. 520, South Robert, AZ 98679",South Abigail,North Carolina,12/31/2024
CUST3979,Christian,Brown,osmith@garcia.com,001-961-190-3493,"992 Valdez Heights Apt. 386, Donaldstad, MD 95884",Taraview,Rhode Island,4/14/2024
CUST3980,Aaron,Rivera,smithsuzanne@yahoo.com,293.570.4643,"89923 Compton Summit, North Teresachester, KY 81805",South Rhonda,Missouri,7/25/2023
CUST3981,Gilbert,Mcconnell,darlenewashington@gmail.com,324-571-1310x53813,"USS Hawkins, FPO AA 87829",Keithhaven,Alaska,8/10/2024
CUST3982,Tammy,Ramos,gwoods@johnson.com,390-506-4424x9444,"73761 Hamilton Trail, South Benjaminborough, AZ 40984",Lake Kylie,Hawaii,11/19/2024
CUST3983,Danny,Koch,burgesskyle@pope.org,735-669-0550x8126,"509 Allison Mews Apt. 279, New James, RI 60961",Lake Shannonfort,New Hampshire,7/6/2024
CUST3984,Julia,Wise,michelle90@marks.com,454.451.9242x1009,"USCGC Mays, FPO AA 94644",Hannahburgh,South Carolina,6/8/2023
CUST3985,Jennifer,Callahan,burkecassandra@dorsey.com,5352277591,"6067 Anderson Drive Suite 635, Gregoryberg, NC 02165",Fullerborough,West Virginia,1/26/2024
CUST3986,Michael,House,janet37@harris-spencer.org,597.232.9760x77427,"480 Deborah Gardens, Lake Sara, MN 70535",Michaelbury,Washington,6/6/2022
CUST3987,Jose,Wheeler,waltersrandy@gmail.com,(099)398-8738x28754,"13624 Lawrence Orchard Suite 293, North Heather, DC 57439",East Elizabeth,Alabama,9/11/2022
CUST3988,Toni,Kelly,piercestephanie@williams.com,963-902-0355x8976,"398 Webb Mall Apt. 216, Williammouth, OH 12778",East Sue,Missouri,5/18/2023
CUST3989,Charles,Walton,antonio37@hotmail.com,001-273-096-6063,"54796 Sims Fords, Kevinport, MI 76137",Kimberlyview,Nebraska,10/10/2023
CUST3990,Krista,Ortiz,hinesamy@kemp-snyder.com,987.414.4278,"4862 Megan Flat Suite 295, Alvaradoview, MS 88482",Smithmouth,Maryland,2/23/2024
CUST3991,Laura,Horn,brandonroberts@hotmail.com,242.799.3810x4801,"31672 Daniel Trail Apt. 983, New Brittany, CT 15934",South Timothyberg,Minnesota,12/12/2022
CUST3992,Vanessa,Reed,jesse98@yahoo.com,544-043-5695,"2970 Woods Square Suite 157, Port John, RI 48299",East Laurenmouth,North Carolina,10/26/2022
CUST3993,Gregory,Ibarra,lawsonrachael@gmail.com,(844)279-7903,"4979 Andre Field, Coxburgh, AK 34737",New Dylan,South Dakota,4/17/2023
CUST3994,Nicole,Sherman,evelyn12@davidson-friedman.com,001-405-432-4429x6100,"80326 Bennett Village Suite 507, Michaeltown, CA 31786",Brendaborough,Missouri,8/10/2022
CUST3995,Laurie,Pitts,christopher04@gmail.com,849.687.2568x7475,"11089 Renee Underpass Suite 507, New Stephen, NC 05268",Cannonport,Alaska,11/5/2023
CUST3996,Hannah,Riddle,megantaylor@fisher-martinez.com,+1-300-763-1091x32628,"USCGC Harrison, FPO AE 34531",New Tracy,South Carolina,10/20/2023
CUST3997,Gabriela,King,parksjoyce@yahoo.com,277-103-7524,"938 Alexander Mill, Robertton, MD 73794",North Sheilamouth,Connecticut,11/26/2022
CUST3998,Melissa,Little,josephhoover@weaver.biz,001-630-113-5842x7342,"52483 Jonathan Knolls, Fisherfort, OH 81514",Marybury,North Dakota,1/24/2024
CUST3999,Connie,Atkinson,bmorris@harris-green.com,(203)894-4666x668,"8495 York Track Suite 708, Breannamouth, WV 38247",Davisstad,New York,3/10/2024
CUST4000,Jeffrey,West,irobinson@blankenship-lester.com,001-007-261-5349x5359,"141 Samantha Keys, Alishashire, UT 27175",East Kathleenburgh,Massachusetts,7/24/2022
CUST4001,Diana,Lopez,shermanmelissa@hamilton.com,439.978.6398x787,"1881 Mcconnell Run, Bryanburgh, CT 07408",Christinaside,New Mexico,3/22/2024
CUST4002,Thomas,Vargas,adam48@hotmail.com,+1-290-514-7716x43324,"38960 Mark Centers, Michaelland, IA 62182",East Traciton,Ohio,12/25/2023
CUST4003,Elizabeth,Cannon,wallacedavid@yahoo.com,369.504.9062x845,"6148 Novak Keys, Mooreburgh, NV 87611",Roseview,Utah,3/8/2024
CUST4004,Dawn,Joseph,nspears@brown-miranda.com,787-617-3177,"0598 Lawrence Junction Suite 612, Gayview, FL 80511",New Davidhaven,Maine,12/19/2023
CUST4005,Claudia,Simon,vpage@yahoo.com,917329168,"270 Mark Course, Lake Keithchester, GA 06828",East Dawn,Alaska,9/4/2022
CUST4006,Brandon,Benson,smithrebecca@gilbert-bass.com,(137)321-3941,"USNV Howard, FPO AE 96859",East Jeremy,Utah,11/4/2023
CUST4007,Robert,Miller,paul28@yahoo.com,+1-365-920-0508x962,"98240 Brandi Roads Apt. 116, Lake Jasonview, WI 07708",Bakermouth,Louisiana,4/8/2023
CUST4008,Judith,Hughes,jasonmueller@hebert.com,998-182-6110,"Unit 7982 Box 4178, DPO AA 87673",New Michellehaven,Arizona,8/9/2024
CUST4009,Robert,Simpson,jennifer92@hall.biz,879.171.0562,"00213 Jaclyn Burgs Apt. 031, North Edwardtown, MA 69310",Jonesview,Florida,2/5/2025
CUST4010,Luke,Vance,olivermark@gmail.com,829-522-0466x693,"3723 Ruben Fall, Nancyshire, VT 53600",Danielchester,Rhode Island,1/28/2023
CUST4011,Devin,Carrillo,nicholsangie@stevens-perkins.com,746.547.0832x406,"26543 Wilson Cliff Apt. 392, Vasquezburgh, CT 27754",Veronicachester,Florida,4/24/2023
CUST4012,Alexandria,Cruz,bhernandez@yahoo.com,+1-287-719-0001x32282,"PSC 5504, Box 0128, APO AE 53292",Lake Jessica,Florida,12/16/2022
CUST4013,Richard,Mcknight,omorgan@hotmail.com,671-964-0873x1014,"360 Edwards Creek, Johnnytown, OK 13983",New Davidtown,Nevada,11/14/2024
CUST4014,Robert,Hernandez,garciaeddie@wilson-ballard.org,001-182-786-0244x460,"927 Tapia Mill, Port Amyburgh, OK 72956",Michaelview,Alabama,2/17/2025
CUST4015,Virginia,Evans,kmartin@yahoo.com,176-910-4960,"07564 Rhodes Cliff, Keithbury, NM 09742",West Robert,California,3/15/2025
CUST4016,James,Smith,mdavis@hotmail.com,001-713-448-4489x01141,"5367 Kathleen Forges Apt. 667, Vargasview, ID 88826",North Michellestad,Minnesota,11/4/2022
CUST4017,Kenneth,Gomez,craigwilson@hotmail.com,576-810-2006x288,"596 Hooper Key Apt. 875, South Sierra, IL 07362",Tabithaville,New Jersey,2/6/2023
CUST4018,Melissa,Gregory,katrina59@yahoo.com,468.970.4089x092,"1198 Noah Burg, Matthewhaven, PA 43238",East Kellyburgh,Indiana,1/31/2024
CUST4019,Nicholas,Owens,ythornton@smith.biz,534.647.1536,"1975 Mckenzie Greens Suite 089, Port Lee, ND 51802",New Colleenhaven,New Jersey,6/4/2024
CUST4020,Allison,Miller,paceronald@hotmail.com,(836)614-6527x11611,"585 Corey Station Apt. 629, Elizabethberg, MT 26116",Richardfurt,North Dakota,3/8/2024
CUST4021,Katrina,Craig,kelleyjeff@yates.com,596.795.9999,"360 Austin Flat, Vincentville, AL 24971",Haynesfurt,Connecticut,10/21/2024
CUST4022,Michael,Bell,kpineda@jones-smith.com,160-743-0750x6888,"516 Emily Forest, Georgechester, ME 58207",South Edward,Indiana,1/15/2025
CUST4023,Charles,Villarreal,aray@hotmail.com,001-131-851-1538x42457,"6642 Mariah Rapids, Bentleyfurt, IL 52124",East William,Alaska,4/21/2022
CUST4024,Christina,Phillips,taylorjoseph@leach.com,(377)622-6507x70893,"29214 Obrien Mountains, North Makaylaland, AK 35711",South Davidport,Idaho,6/19/2022
CUST4025,Ashley,Williamson,marissasmith@gmail.com,466.381.9508x28283,"248 Joseph Knolls Apt. 776, Washingtonview, MI 96099",Lake Laurie,Delaware,10/6/2022
CUST4026,Jonathan,Steele,yrobinson@yahoo.com,127.309.5800,"0293 Susan Fork Suite 247, West Thomas, NJ 45419",West Harryview,Michigan,10/8/2024
CUST4027,Dennis,Guerra,tiffanyharris@yahoo.com,001-749-052-4231x1185,"331 Lee Vista, Farmerborough, AL 13349",West Josestad,Nevada,4/13/2025
CUST4028,Louis,Lawrence,williammontgomery@yahoo.com,-7001,"191 Michelle Garden Apt. 718, Leeburgh, OH 65174",Kimville,Maine,10/8/2023
CUST4029,Sarah,Hill,karen86@yahoo.com,001-827-226-1861x725,"192 Amanda Rapid, West Davidborough, OH 32392",Adammouth,Delaware,3/13/2023
CUST4030,Stephanie,Pennington,curtis15@hotmail.com,8947398163,"1419 Shannon Road, North Victorside, MN 31620",North Garrett,North Dakota,6/29/2024
CUST4031,Christina,Osborne,bonnie15@stark.org,001-432-598-8240x640,"145 Gardner Inlet Suite 031, Nicolestad, MN 21663",Port Pamela,Rhode Island,6/21/2024
CUST4032,Amber,Gomez,stephanie59@adams-gordon.info,286.605.1248x282,"418 Lopez Ville Apt. 097, Taylorside, NM 80345",South Michaelshire,North Dakota,1/22/2025
CUST4033,David,Moore,christianbrian@wood-hardin.com,001-124-619-6874x39454,"USS Reese, FPO AP 12069",Tuckerburgh,West Virginia,4/23/2022
CUST4034,Bryan,Mcconnell,bakeraaron@lee-kelly.org,(679)792-1022x93063,"79941 Maria Canyon, Port Lindsaymouth, MN 25721",Lake Jillville,Mississippi,2/10/2024
CUST4035,Lisa,Arias,justinbray@gmail.com,446-513-8129x108,"17086 Pace Pine Suite 717, South Joshua, ID 65695",Whitefurt,Indiana,11/28/2023
CUST4036,Sheila,Jones,olewis@smith-hill.com,692-609-4724x03990,"1304 Matthew Roads Apt. 757, Yatesland, AZ 93382",New Meghan,South Carolina,6/8/2023
CUST4037,Benjamin,Stone,imartinez@gmail.com,163.265.8168x7806,"552 Green Terrace, Lake Bradfort, ID 85855",Melanieport,Utah,2/13/2023
CUST4038,Melissa,Zamora,janebrown@stewart-burton.com,(359)383-6770x6174,"74675 Benjamin Street Suite 681, Jennyland, RI 31453",Williamsville,Texas,10/21/2023
CUST4039,Marcia,Soto,keyann@davidson.com,348.507.7948x36669,"816 Garcia Parkway, North Andrea, CT 42376",Stevenburgh,Massachusetts,12/29/2024
CUST4040,Caleb,Tate,charles10@hotmail.com,(541)610-6986,"655 Gibbs Rapids Suite 139, New Donna, ND 28540",Michaelberg,Colorado,12/16/2022
CUST4041,Anthony,Giles,charlesbarnes@gray.net,(299)298-6146,"25480 Vasquez Common Apt. 041, North Robertberg, CO 39609",Georgechester,Mississippi,9/11/2024
CUST4042,Taylor,Hernandez,charlesmichael@gmail.com,(097)720-2120x23288,"18090 Joseph Brook Suite 167, North Lanceberg, CT 05056",Grantmouth,Iowa,1/23/2023
CUST4043,Jennifer,Cook,daletaylor@gmail.com,-8828,"808 Mullins Crossroad, New Kathleen, VA 82756",East Nicole,Virginia,7/22/2023
CUST4044,Daniel,Nelson,maryjohnston@gmail.com,(219)233-2755x638,"PSC 1043, Box 1348, APO AE 57843",Ronaldhaven,New Mexico,8/2/2022
CUST4045,Amy,Beck,mendezrebecca@gmail.com,-2681,"4392 Ball Falls Suite 098, Port Christopherfort, CA 60045",Blakemouth,Kentucky,2/24/2023
CUST4046,Sherri,Willis,maryjohnston@gmail.com,811.213.6957,"8825 Anderson Fields Suite 938, Coreyview, MD 19799",Port Kennethville,North Dakota,12/30/2024
CUST4047,Gwendolyn,Bell,michael19@yahoo.com,946-588-5949,"9410 Ayers Extensions, Cathyville, WA 51787",Lake Michaelborough,North Carolina,3/22/2025
CUST4048,Laura,Hamilton,yyoung@yahoo.com,5726473304,"956 Michael Roads, North Evelyn, ID 49151",New Morganhaven,New Jersey,6/13/2024
CUST4049,Diana,Rangel,jritter@harrison.info,001-154-774-9833x373,"63231 Stevens Hollow Suite 332, West Shane, KS 10048",West Kerriton,Nevada,12/2/2024
CUST4050,Shannon,Kelly,timothyhines@wiley.net,(534)672-0642x98604,"94172 James Springs, Tylerborough, WI 48300",Lake Johnny,West Virginia,10/26/2024
CUST4051,Hannah,Fleming,allenbenjamin@hotmail.com,001-065-731-7369x046,"65292 Barrett Shores Suite 867, North Elizabethport, MN 70876",Susanshire,Maryland,9/14/2023
CUST4052,Jamie,Wall,hooperbrittney@hotmail.com,001-928-192-2675x722,"14897 Scott Place Suite 171, Paigefurt, PA 11415",Port David,Nevada,9/12/2023
CUST4053,Angela,Small,lrichardson@yahoo.com,416.570.3469x58119,"56445 Avila Rue, West Amy, AR 37358",West Sandramouth,Kansas,4/13/2024
CUST4054,Joshua,Reid,lerebecca@yahoo.com,5503508856,"97614 Gina Drive Apt. 333, Eileenbury, MT 81295",Kimberlyborough,South Carolina,10/20/2023
CUST4055,Amanda,Fields,fcarlson@kelly-walker.com,8358462486,"5505 Karen Union Suite 185, Lake Adrianland, ME 20434",Darleneland,Illinois,2/29/2024
CUST4056,Timothy,Knight,ztorres@hotmail.com,666.333.1880x28140,"568 Williams Points, Jacksonchester, DC 80725",Kellymouth,Vermont,10/4/2023
CUST4057,Michael,Burnett,greenestephanie@gmail.com,047-522-0860x8380,"2007 Jessica Villages, Tracieburgh, NV 92294",Jerryville,Nebraska,10/31/2023
CUST4058,Brian,Martinez,david91@flynn.info,+1-990-181-8765x1972,"2092 Eduardo Creek Apt. 525, New Anthony, NJ 06571",New Ann,Arizona,8/11/2024
CUST4059,Debra,Peterson,bryan34@koch.com,422-842-5607x51548,"3718 Allen Union Apt. 501, Michaelside, NC 41441",North Dennismouth,Rhode Island,11/7/2023
CUST4060,Elizabeth,Barton,rebecca41@hotmail.com,-3347,"USS Lindsey, FPO AE 08481",Nicholasfurt,Colorado,1/2/2023
CUST4061,Aaron,Heath,sherry74@jones.com,070.687.1654x1132,"2231 Christina Bypass Suite 150, Jeanton, IA 03020",Wagnerbury,Idaho,2/6/2024
CUST4062,Nancy,Mills,keithgalvan@jordan.com,+1-149-174-9481x87221,"62924 Susan Mountain Apt. 724, Port Matthewland, SC 04254",Patriciaport,Mississippi,8/15/2024
CUST4063,John,Bentley,zrussell@hotmail.com,3290434831,"3425 Nguyen Underpass, North Regina, NE 73129",Robertland,Maine,11/8/2023
CUST4064,Chad,Lucas,fwalker@fields-carpenter.com,1500084082,"641 Connie Row, Blevinsmouth, TX 25973",Danielsburgh,Massachusetts,6/12/2023
CUST4065,Christopher,Gibson,sherri60@yahoo.com,924.799.9951,"18488 Davis Causeway Apt. 587, Davidton, MO 21994",Lake Johnville,New Hampshire,11/4/2022
CUST4066,Gary,Keller,wesley43@campbell-lopez.org,699-638-7756,"56973 Jesse Neck Apt. 825, Lake Jorge, GA 59518",Toddton,Wisconsin,12/14/2023
CUST4067,John,Hawkins,kking@taylor.org,478.794.6373x11136,"287 Derek Trace Suite 308, Lake Kristiside, DE 87093",Barryville,Nebraska,8/9/2023
CUST4068,Jasmine,Mccormick,eric37@pierce.com,+1-562-406-6074x8405,"38819 Wendy Rue Suite 682, East Andrew, TN 95703",Reesebury,Kentucky,7/20/2022
CUST4069,Jessica,Gray,cbailey@hotmail.com,291.224.0935x737,"5070 Taylor Spurs Apt. 523, Medinashire, ME 19609",Mooreton,Idaho,9/19/2023
CUST4070,Raymond,Howard,frazierantonio@johnson-hines.info,082.744.0267x2969,"37643 Cole Flat, South Nicoleville, ND 87891",West Candiceberg,North Carolina,10/13/2022
CUST4071,Jerry,Graves,tamara68@hotmail.com,(582)505-9055,"409 Johnson Viaduct Apt. 529, Rogersmouth, HI 27094",Andersonland,South Carolina,1/7/2024
CUST4072,Matthew,Branch,veronica32@hardin.com,352.103.1627x85602,"288 Thomas Extensions Suite 363, Patelmouth, NC 85653",South Herbertside,Nevada,2/13/2025
CUST4073,Walter,Allen,ndavis@gmail.com,001-022-194-0284x3977,"45107 Diana Village Apt. 809, Cummingsfort, OH 09672",East Donna,Alaska,12/23/2022
CUST4074,Andre,Harris,rodrigueznatasha@johnson.com,001-449-690-9839x296,"78346 Nguyen Stream Suite 623, West Erinhaven, PA 80287",Johnborough,Missouri,9/16/2024
CUST4075,Patricia,Hogan,cory87@campbell.com,-2244,"270 Anthony Springs, New Audrey, AK 37377",Christopherville,Michigan,4/12/2023
CUST4076,Donna,Stark,belltravis@shelton.com,+1-951-259-8932x265,"070 Curtis Tunnel, West Christopher, ID 41799",New Alisha,Oregon,9/6/2022
CUST4077,Jenny,Johnson,charles09@richards-hodge.org,904.108.5038,"59464 Ian Spurs Suite 824, Lake Jennifer, AR 31489",Loriville,Washington,1/30/2025
CUST4078,Beth,Osborn,heatherhughes@nelson-farmer.net,(441)081-4255,"036 Barrett Common, South Maria, KY 68947",Jaimeville,Missouri,2/4/2023
CUST4079,Rhonda,Fernandez,ooconnor@gmail.com,(333)791-6815x885,"85708 Jeffrey Junction, Gloriabury, HI 87533",Lake Shane,Idaho,2/4/2025
CUST4080,Caleb,Mcconnell,leewilliam@cruz.biz,001-640-301-4648x6347,"2717 Cherry Oval, East Stephanieville, UT 33662",West Laura,Maine,4/22/2022
CUST4081,Marilyn,Chavez,hallsarah@yahoo.com,605.801.4383x29297,"186 Samuel Springs, Lake Stephanie, WI 78752",East Maryhaven,Tennessee,10/3/2022
CUST4082,Katie,Garcia,timothy18@gmail.com,001-696-089-8990x9054,"PSC 2678, Box 3723, APO AA 66998",West Suzanneburgh,Connecticut,6/17/2022
CUST4083,Bryan,Sharp,pamela43@taylor.com,704.496.3880x70462,"837 Justin Oval, Port Stephanieland, MT 85320",North Tim,Wisconsin,10/26/2022
CUST4084,Ryan,Baldwin,gramirez@mckee-crawford.com,+1-030-467-1050x351,"49113 Yolanda Trail, Patriciaburgh, RI 72520",Sherrimouth,Washington,6/23/2022
CUST4085,Karen,Wilkins,scott60@ramirez-lawson.com,001-048-976-1545x18355,"956 Eduardo Branch Apt. 337, North Benjamintown, IA 63124",South Donna,Wyoming,9/15/2023
CUST4086,Daniel,Hammond,melanie52@gmail.com,5849432704,"912 Raymond Trail, Tanyabury, NC 33894",Chelseaport,Louisiana,9/6/2023
CUST4087,James,Brooks,vjones@thomas.com,+1-802-976-7634x8296,"640 Steven Shores Suite 764, Waltermouth, AZ 96620",South Melissaville,New Mexico,12/19/2022
CUST4088,Adam,Carter,rhenson@chambers-bailey.com,(967)048-6967x3026,"435 Aaron Prairie, South Elizabeth, OK 20704",Johnmouth,Virginia,4/17/2024
CUST4089,Michael,Blair,jennymartin@nielsen.info,001-298-173-0572x6677,"44305 Valerie Springs Apt. 286, Julieside, ME 47675",Fergusonville,New York,9/18/2023
CUST4090,Bryan,Mcpherson,janderson@duarte.com,141.766.5464x1934,"PSC 6241, Box 3031, APO AP 69999",Mcguirefurt,Mississippi,11/20/2022
CUST4091,Michael,Harris,cheryl91@yahoo.com,630.033.9613x658,"23941 William Ranch, North Robert, ME 77410",Charlesborough,Nevada,6/1/2022
CUST4092,Trevor,Bowman,lewisbrittany@harvey.biz,192-247-6688,"4210 Murray Crossing, Kevinville, LA 62023",Port Cindy,Idaho,6/4/2023
CUST4093,Brooke,Andrews,seanrodriguez@hotmail.com,861-022-5765x5684,"50967 Ariel Ranch, West Nicolehaven, WA 48781",Thompsonchester,Kansas,1/22/2025
CUST4094,Christine,Nichols,perry63@hess-russell.com,087-178-3552x714,"289 Elizabeth Flat Suite 995, Blackburgh, IA 64519",Brewerberg,West Virginia,7/30/2022
CUST4095,Luke,Manning,jefferyfrancis@wise.com,024-455-5525x14550,"535 Patel Parks Suite 096, North Elizabethview, CA 11361",Hortonmouth,Louisiana,4/17/2023
CUST4096,Oscar,Walters,pittssuzanne@lopez.org,(627)057-4719x979,"315 Juan Crescent Apt. 272, Port Nicholas, GA 25713",Lake Philip,Massachusetts,4/17/2022
CUST4097,Tracy,Ramsey,ronnie05@johnson.biz,(275)823-1618x5016,"960 David Park, North Brianmouth, TX 58944",New Brian,Texas,5/16/2022
CUST4098,Shane,Lopez,fwilliams@gmail.com,(229)846-4128,"09123 Justin Cove, Gutierrezbury, WA 72660",Lewischester,New Hampshire,4/19/2024
CUST4099,Miranda,Henry,emilypatton@yahoo.com,822-827-8709,"4145 Jason Springs Apt. 179, Manningtown, CT 94964",West Rachelbury,Colorado,12/14/2022
CUST4100,Thomas,Molina,patriciabrown@gmail.com,939.905.6311,"933 Clarence Center Suite 866, South Jessica, NC 32181",Ericshire,Indiana,8/26/2024
CUST4101,Travis,Perkins,newmansamantha@wheeler.com,594-921-9821,"5023 Gonzalez Lake, Thomasview, IN 70674",Davidmouth,Kentucky,8/13/2023
CUST4102,Charles,Sims,abennett@garcia-anderson.net,997-518-6945x63162,"187 Reid Station, East Rebecca, AZ 39077",Summersside,Mississippi,2/1/2023
CUST4103,Christina,Wallace,robinsonmichelle@gmail.com,+1-476-536-0312x750,"51551 Kemp Motorway, Lake Mary, NC 72219",South Kathrynton,Illinois,10/28/2023
CUST4104,Kayla,Lewis,traviskelly@tyler.org,+1-932-940-4147x63393,"6903 Adam Way Suite 840, Angelastad, VT 92315",West Kimberly,Kentucky,6/19/2022
CUST4105,Adrienne,Miller,whitewilliam@allen-white.com,(983)688-8295x260,"365 Tracy Plains Suite 116, West Melissa, NV 93220",New Jenniferhaven,North Carolina,1/8/2025
CUST4106,Nicholas,Love,jessica24@saunders.net,+1-518-199-3596x35495,"0420 Jones Dam Apt. 017, Muellerfurt, SC 59273",Fosterbury,Nebraska,4/11/2025
CUST4107,Adrian,Watson,lhaney@hotmail.com,(193)187-3884,"28253 Williams Union Apt. 334, Walkerview, VA 69123",Port Jessica,North Dakota,1/23/2024
CUST4108,Pamela,Long,paul59@hotmail.com,553.097.4733,"39516 Gardner Inlet Suite 896, Donaldside, MT 72685",New Kaitlinview,South Dakota,11/7/2023
CUST4109,Shelly,Garcia,danielle13@perez-jones.com,640-764-9334x1014,"34681 Timothy Walks Apt. 062, Phillipsburgh, MD 35165",Josephton,Pennsylvania,8/8/2022
CUST4110,Tami,Meadows,obarrett@cameron.com,055.936.4815x088,"67048 Silva Crest, Anthonyton, CO 33856",Russostad,Ohio,8/6/2022
CUST4111,Kristen,Farley,rabbott@carr-ortega.net,3325496013,"USNV Torres, FPO AP 58919",South Alisonbury,Alaska,5/22/2023
CUST4112,Miguel,Wheeler,jonesstephanie@yahoo.com,(016)212-2759x9141,"5738 Ryan Cove, Eileenfort, KS 35756",North Stefaniemouth,Colorado,10/1/2022
CUST4113,Jacob,Wise,angela52@hotmail.com,154.316.3926x727,"063 Delgado Brook, Murrayville, NM 87893",West Christopherfurt,Oklahoma,12/17/2024
CUST4114,Marie,Edwards,dominique46@gmail.com,(884)933-7571x53987,"0683 Samantha Course Suite 428, Lopezberg, VA 25978",South Mary,Pennsylvania,4/28/2024
CUST4115,Yvonne,Singleton,rjacobson@hensley-pearson.biz,489-160-8042,"810 Aaron Garden, South Alexaton, OH 43225",Ryanburgh,New Jersey,7/30/2023
CUST4116,Eric,David,dmcbride@nunez.com,006-976-4468,"94637 Oliver Coves Apt. 508, Crystalmouth, OH 14458",New Kimberlybury,Nebraska,4/5/2025
CUST4117,Russell,Benitez,carlathompson@jordan.biz,098-388-1013x15538,"PSC 8534, Box 7045, APO AA 87426",Lake Sandra,Nebraska,11/20/2022
CUST4118,Thomas,Green,samanthacooley@gonzalez.info,(233)942-8099x9013,"8132 Nicole Drive Apt. 902, East Tonyborough, MN 21299",New Justin,Massachusetts,6/28/2024
CUST4119,Randy,Werner,nparker@blevins.com,(276)196-0648,"34486 Nelson Shoal, Cooleymouth, VT 14975",New Jessica,Alaska,8/31/2024
CUST4120,Michelle,Townsend,umoss@morgan.com,509-960-5115,"234 Cooper Lock Suite 259, Phillipsmouth, AK 21866",North Charles,Rhode Island,3/3/2023
CUST4121,Theodore,Hancock,john42@yahoo.com,556.532.4566,"12495 Andrew Springs, Joshuafort, CO 38445",Brownburgh,Massachusetts,5/30/2024
CUST4122,Thomas,Rodriguez,casey24@yahoo.com,481.504.0888,"USNS Sampson, FPO AA 24636",Stevensfort,North Carolina,8/22/2023
CUST4123,Ann,Elliott,bbrown@parker.biz,+1-183-761-6566x7767,"8584 Brittany Mountain Suite 859, Estradaview, AZ 92441",Garciaborough,South Carolina,5/28/2023
CUST4124,Alyssa,Vance,imoss@yahoo.com,(470)355-3467,"93524 Catherine Wall, North Sara, MO 06914",Kennethhaven,Ohio,5/17/2023
CUST4125,Robert,Ramirez,kevinacevedo@gmail.com,(403)021-5162x624,"957 Timothy Harbors Suite 094, Corytown, VT 32029",North Lisaville,Ohio,1/26/2024
CUST4126,Patrick,Jimenez,thomas03@wright-davidson.com,(026)804-4420,"52802 Lauren Knoll Suite 838, Edwardsfurt, DC 42204",Maryhaven,Massachusetts,12/15/2023
CUST4127,Ryan,Richardson,smithbrenda@gmail.com,304-804-7491,"USNV Brown, FPO AA 81666",Jonesstad,Wisconsin,8/31/2023
CUST4128,Michael,Chavez,kimberlygonzalez@williams.com,001-729-154-7065x928,"642 Johnson Track Apt. 632, Anneland, IL 98298",Sullivantown,Nevada,3/22/2023
CUST4129,Samantha,Rosales,andrewjohnson@wood-molina.com,(542)224-2481,"79259 David Stravenue, South Kristenfort, AK 68927",South Tanyaland,New Hampshire,1/16/2025
CUST4130,Tracy,Hicks,jasonmartin@kaiser.com,-7568,"5120 Miller Path Apt. 159, Kellerfort, AZ 11048",Troyhaven,Kansas,6/20/2022
CUST4131,Alex,Green,ericsimon@gmail.com,001-904-189-7364x9570,"679 Brenda Forks Apt. 610, Franklinland, NM 55734",Angelafurt,Idaho,10/26/2024
CUST4132,Andrea,Anderson,mcintyreheather@gmail.com,745.939.3033x082,"172 Chelsea Corner Suite 100, Vargasside, NV 75949",Simpsonport,Michigan,8/13/2023
CUST4133,Dustin,Parsons,tinatran@gmail.com,1126221395,"USS Porter, FPO AP 18829",Hillside,North Carolina,9/21/2024
CUST4134,Mary,Trujillo,michael50@white.com,132-436-0126,"076 Warren Cape Suite 692, Erintown, IA 78090",Stefanieburgh,Virginia,9/30/2023
CUST4135,Samuel,George,sanchezjessica@gmail.com,001-544-595-5681x676,"50126 Arnold Mews, Lake Lindaton, NY 75826",Juarezstad,North Carolina,8/10/2024
CUST4136,James,Carter,megan00@garrett.com,351-684-9375,"830 Donald Streets, New Kevin, OK 24704",Ayalaside,West Virginia,7/22/2023
CUST4137,Robert,Whitaker,gcox@yahoo.com,(518)584-1070,"261 Matthew Ridges, Davidville, CO 16769",South Kennethview,New Hampshire,4/19/2022
CUST4138,Philip,Miller,colemanamanda@mcdaniel.com,001-543-129-1910,"07454 Miller Ridge Apt. 174, New Timothy, DC 91831",New Stevenfort,New York,11/8/2024
CUST4139,Catherine,Figueroa,boydmelissa@norton.com,6229379250,"82865 Kevin Trail Suite 861, South Lauraton, MT 96295",Davisview,Montana,1/2/2025
CUST4140,Rachel,Walsh,kvillegas@garcia.com,435.372.9029x007,"47683 Lisa Ranch, North Jackson, CO 53469",Lambertshire,Georgia,11/8/2023
CUST4141,Wayne,Owens,hudsonguy@yahoo.com,(002)651-3409x89547,"353 Ann Street, North Jerryhaven, WA 95128",West Michaelfort,Nebraska,3/1/2025
CUST4142,Brandon,Fernandez,dawnmartinez@richardson.com,+1-683-722-1313x4298,"771 Jenkins Field Apt. 753, Jasonhaven, SC 99935",Lake Stephentown,Illinois,4/26/2024
CUST4143,Jason,Vega,fsmith@hotmail.com,(685)466-9749x13019,"80767 Brianna Garden Apt. 952, Lake Haleyside, FL 00847",Suttonstad,New Mexico,5/28/2023
CUST4144,Barbara,Butler,wgomez@woodard.org,(330)187-2024,"23798 Erik Tunnel, Taylorbury, NE 30196",East Dennisborough,South Carolina,8/30/2024
CUST4145,Justin,Jones,brownnicole@hotmail.com,101-144-2537x154,"94782 Nelson Ridge, Weissfurt, CA 90435",Bethhaven,South Carolina,12/18/2023
CUST4146,Derek,Payne,alishathomas@gillespie.org,(861)956-6503,"3807 Corey Prairie, Youngside, NC 38910",Briggsstad,Washington,12/15/2024
CUST4147,Renee,Davis,ann26@yahoo.com,+1-144-292-5047x8032,"89872 Debra Junctions, Cindyville, ME 88590",Lake Sonia,Wyoming,1/8/2025
CUST4148,Richard,Moore,lucassullivan@yahoo.com,619-575-4062x3354,"46196 Sparks Cliffs, South Susanchester, AR 75602",West Julian,Pennsylvania,6/12/2023
CUST4149,David,Kelly,jkerr@mann.com,(764)749-3342x3177,"478 David Wall Suite 293, Gordonport, CA 07603",Derekstad,Pennsylvania,9/20/2022
CUST4150,Ryan,Fletcher,harrismichael@gmail.com,-10794,"9481 Victoria Mills Apt. 357, South Lisamouth, KY 13828",Lake Jamesville,Alabama,1/9/2025
CUST4151,Barbara,Patel,hmonroe@stewart.com,659.682.0536x4680,"3086 Adam Cliff, Stephanieside, PA 65381",North Christie,Tennessee,9/4/2022
CUST4152,Heather,Parker,stephanie29@bradley.org,(824)277-5394x725,"PSC 9692, Box 8228, APO AA 85080",Paulchester,Minnesota,1/5/2025
CUST4153,Nicole,Russell,garrett84@gmail.com,(778)412-6253,"0114 Wayne Mountains, Grayport, WI 09381",Martinezstad,West Virginia,1/3/2025
CUST4154,Paul,Jimenez,yualejandro@gmail.com,(381)946-1281,"39115 Melanie Knolls Suite 037, Brooksmouth, KS 83989",Burnsport,Texas,2/23/2025
CUST4155,Melanie,Wagner,rcunningham@rose.org,+1-612-423-1007x9560,"9311 Martinez Inlet Suite 985, Sarahview, WA 66459",Gonzalezport,Louisiana,1/21/2024
CUST4156,Travis,Adams,anthony85@smith-johnson.net,(855)205-0774,"894 Smith Via, Lake Cynthiaville, SC 06005",Port Lisa,Rhode Island,9/18/2023
CUST4157,Jade,Frederick,daniellegarcia@mason.com,+1-224-900-9583x9938,"88401 Carol Prairie, Websterhaven, GA 37358",West Barbaraborough,Vermont,1/3/2024
CUST4158,Jesse,Hanson,jaclynkane@gross.com,322.273.4981x22923,"347 Craig Shores, East Mary, HI 46206",New Dennis,Colorado,6/16/2022
CUST4159,Leslie,Smith,robbinsamber@gmail.com,672.552.8262x237,"5728 Chandler Squares, East Anamouth, LA 40511",Davidfort,Kansas,5/28/2022
CUST4160,Melanie,Burgess,cohenpamela@cowan-martinez.com,539-415-8203x0160,"723 Johnson Hill Apt. 927, Crossshire, NH 54118",Lake Cynthia,Virginia,4/1/2023
CUST4161,Erica,Brewer,samantha31@yahoo.com,211-599-9623,"76724 Eric Vista Apt. 733, Jessicaview, VT 28022",West Markchester,North Dakota,6/7/2023
CUST4162,Andrew,Hunter,vanessabanks@mcneil-smith.biz,704-393-6152,"PSC 1554, Box 6878, APO AP 38246",Kellystad,California,2/9/2025
CUST4163,Brianna,Smith,qelliott@hotmail.com,(665)850-8445,"54269 Shelley Neck Apt. 938, Port Jennifershire, SD 81813",Summershaven,Illinois,4/16/2024
CUST4164,Kelly,Miller,christopherbaker@turner.net,416.360.5185,"5560 Gregory Pike, Wintersshire, CA 86876",East Michael,Virginia,6/30/2022
CUST4165,Alyssa,Castaneda,perezdevon@yahoo.com,833-308-4308x55328,"202 Morris Fort, Lake Gina, NJ 98759",Kimberlystad,Tennessee,9/30/2024
CUST4166,Linda,Johnson,kevin94@gmail.com,8383526978,"962 Michael Glen, Lake William, MT 42762",Lake Reneeside,Mississippi,6/22/2023
CUST4167,Daniel,Smith,katherinewilliams@smith.com,314.031.8885x522,"627 Chapman Stravenue Apt. 889, Sharonview, IL 43856",West Kelli,Colorado,2/19/2025
CUST4168,April,Small,sotohannah@yahoo.com,933-447-4234,"60433 Christopher Well Suite 788, Robertport, CT 59713",Port Todd,Alabama,5/24/2023
CUST4169,Melissa,Ortiz,jmays@yahoo.com,001-527-966-2340x6863,"77962 Elizabeth Isle Suite 499, Scottview, ME 98089",East Donnastad,Ohio,4/24/2022
CUST4170,Patrick,Johnston,james05@huerta.com,275-344-4618x486,"PSC 3740, Box 1256, APO AP 65069",Shanefort,Illinois,8/5/2022
CUST4171,Nicholas,Lee,icooper@yahoo.com,160.685.6591x5421,"34464 Golden Underpass, Hernandezberg, SC 40345",Meganbury,Minnesota,2/9/2023
CUST4172,Sarah,Matthews,ryan01@hotmail.com,001-466-760-9773x177,"78554 Gaines Common, Davidview, ME 89872",Kristinbury,Texas,8/27/2022
CUST4173,Clinton,Acosta,nathan74@vazquez.com,(666)685-2417x6701,"PSC 3657, Box 8782, APO AA 03651",New Tinaland,Idaho,3/12/2025
CUST4174,Pamela,Mora,theresahebert@meyer-evans.com,510.047.0889x8201,"3645 Jackson Trail, Port Rebeccaport, NE 67065",Sandovalberg,South Carolina,10/30/2024
CUST4175,James,Anderson,kylebrown@hammond.com,695.283.2766x859,"327 Hernandez Passage Apt. 371, Johnsonton, NM 40047",Barberfurt,Delaware,12/9/2022
CUST4176,Tammy,Wolf,andrewhaley@hotmail.com,160.940.5876x985,"67435 Glover Loaf, Kristenshire, WA 76627",Abigailbury,Louisiana,1/22/2024
CUST4177,Jason,Williams,wfrye@hotmail.com,154-488-1832,"30865 Alexis Ports, West Christina, IL 89190",Benderfurt,New Mexico,4/7/2025
CUST4178,Erin,Clark,shannonlarson@hotmail.com,001-223-355-9674x6443,"807 Roberts Corner Suite 387, Bryantmouth, SC 69481",West Stephanie,North Dakota,6/29/2023
CUST4179,Michael,Jones,kathleen82@yahoo.com,(628)152-1817,"5652 Virginia Curve Suite 941, Jenniferview, NE 62212",East David,Colorado,9/28/2022
CUST4180,Michelle,Bryant,cynthia71@rodriguez.biz,122-724-7368,"65661 Short River, New Andrew, SC 56251",North Randall,Nevada,3/14/2023
CUST4181,Paula,Clarke,joseph70@yahoo.com,(528)982-5792,"8962 Perry Trail Suite 139, Gilmoreburgh, OK 38923",New Dawnborough,South Dakota,9/5/2023
CUST4182,Kurt,Black,wwiley@hotmail.com,352-055-6041x495,"697 Melissa Squares Apt. 289, South Morganmouth, WI 08907",Kevinside,North Carolina,9/24/2024
CUST4183,Kelly,Howe,daniel05@hotmail.com,+1-638-868-3412x44931,"330 Melanie Center Suite 905, West Gabriellastad, GA 54539",Hensonbury,New York,6/3/2023
CUST4184,Robert,Wheeler,garychandler@hotmail.com,127.629.8054,"Unit 6273 Box 7740, DPO AE 71321",Bradyside,Washington,12/11/2023
CUST4185,Brian,Mcdaniel,zdecker@gmail.com,636.388.2398x44288,"75243 Peterson Expressway, Jacobview, OH 83119",Louisshire,California,3/31/2025
CUST4186,Jenna,Stanley,leslie13@johnson.info,+1-008-486-2247x1847,"1945 Ryan Loaf, Johnsonfurt, RI 59381",Chavezton,Maine,3/7/2023
CUST4187,Ethan,Tanner,dfrancis@yahoo.com,(427)759-3439x320,"38677 Anderson Islands Suite 295, Mckenziemouth, ME 77353",North Leslie,Texas,1/6/2024
CUST4188,Melissa,Brennan,williammerritt@yahoo.com,001-011-377-3192,"8596 Blevins Station, Waltonborough, NY 09528",Port Lisaview,Arizona,2/23/2024
CUST4189,Kathryn,Bennett,ryanwade@lamb.biz,(306)818-5757x1039,"245 Jorge Row Apt. 118, New William, HI 47745",Mcintoshfort,South Carolina,11/4/2022
CUST4190,Matthew,Copeland,martinunderwood@hotmail.com,290-163-2796,"31458 Megan Gardens, Simonhaven, VT 62883",Bowenville,Alaska,3/30/2023
CUST4191,Emily,Ruiz,aprilmoyer@yahoo.com,(144)138-8429x38468,"8596 Allen Roads Suite 858, Thomasmouth, GA 44420",Robertsonport,North Carolina,5/26/2023
CUST4192,Tiffany,Snyder,alexisjohnson@hill-fuller.com,161.737.5763,"2026 Rebecca Ridges, Johntown, NV 25890",Port Karenshire,Wisconsin,12/22/2024
CUST4193,Emily,Rowland,smithjeffrey@hicks-hobbs.com,487-212-8730x8713,"61789 Allison Garden, Barryview, AR 47508",South Paul,Connecticut,5/4/2024
CUST4194,Christina,Boyd,fgordon@hotmail.com,559.920.4555,"50126 Bruce Bridge Suite 146, Troyfurt, ND 83799",Loriborough,Idaho,5/23/2024
CUST4195,Patricia,Dixon,coopersean@oliver.com,(183)767-6936,"366 Corey Road Apt. 411, Lake Kevin, LA 19256",Shawnton,Maryland,8/16/2024
CUST4196,Molly,Robinson,erichmond@yahoo.com,886-478-6000x122,"Unit 4207 Box 8435, DPO AP 46187",Nelsonmouth,Delaware,12/21/2024
CUST4197,Maurice,Davis,rodneycurtis@gmail.com,8994043984,"047 Julie Isle Apt. 609, Leahtown, TX 90052",North Charles,Georgia,11/12/2024
CUST4198,Michelle,Ramirez,jessica69@gmail.com,(720)129-6373,"9079 Evans Via Suite 668, Port Jessica, SD 52128",West Ashleyton,Mississippi,3/4/2023
CUST4199,Maxwell,Gallegos,perryjared@hotmail.com,001-078-068-6323x270,"41844 Best Walks, Port Davidton, OK 40103",Matthewmouth,West Virginia,5/31/2023
CUST4200,Sandra,Brown,elizabeth50@weiss.com,001-736-515-0619x921,"9822 Patricia Mall Suite 691, Murphyshire, AZ 48376",Orozcoville,Massachusetts,1/10/2023
CUST4201,Mark,Christian,martinezkimberly@gmail.com,+1-733-270-1410x8643,"PSC 3803, Box 3117, APO AE 87800",New Miranda,Massachusetts,10/10/2024
CUST4202,Jean,Crawford,joshuahall@sanders.biz,035.703.0812,"987 Edwards Square, North Wanda, OH 09661",Lake Ashleytown,California,1/2/2023
CUST4203,Eric,Reed,csanchez@hotmail.com,(646)299-0839x624,"9608 Amanda Field, Meyerchester, OH 27718",West Toddport,Maine,4/8/2024
CUST4204,Joseph,Peterson,nhoover@hotmail.com,001-053-720-4993x5428,"469 Smith Summit Apt. 383, Robertchester, NJ 65240",Perezport,Delaware,5/4/2024
CUST4205,Cassandra,Lewis,jacobsconnie@gmail.com,778-995-7628x79047,"2875 Bell Ford, Lopezberg, MO 76941",North Rebecca,Minnesota,2/3/2023
CUST4206,Jacob,Bender,bennettrebecca@taylor.org,436.275.5449x68220,"8361 Aguilar Turnpike Suite 242, Lake Samantha, NE 13657",Levitown,Massachusetts,3/15/2025
CUST4207,Amy,Hill,ujohnson@obrien.net,(679)483-0517x4174,"69383 Krueger Street Apt. 982, West Rebecca, SC 37056",Collinschester,North Dakota,5/2/2024
CUST4208,Crystal,Hughes,howardjessica@yahoo.com,069-638-7476x005,"23625 Sara Drives Suite 579, Ruthfort, NE 07822",East Amy,New York,10/11/2024
CUST4209,Erica,Diaz,mendezamy@yahoo.com,511.445.4520x87638,"49674 Dennis Underpass Suite 198, Anthonyborough, LA 32042",Sullivanbury,South Carolina,7/23/2023
CUST4210,Taylor,Randolph,dillonjonathan@wilson.com,(566)662-1144x6602,"156 Stewart Fort, Kirbyberg, MO 23256",Lake Samuel,North Dakota,6/9/2022
CUST4211,Melinda,Smith,emurray@yahoo.com,930.208.1579,"PSC 5295, Box 8120, APO AP 39087",Lindseyview,Washington,3/4/2025
CUST4212,Angela,Adams,robertsonsteven@rice.org,(530)993-4705,"634 Villegas Rue Apt. 640, Lake Tara, GA 78476",North Jennifer,Nebraska,10/30/2023
CUST4213,Christopher,Fox,anthonypaul@hotmail.com,001-353-414-2329,"USCGC Young, FPO AP 90051",East Taylorfurt,Iowa,8/25/2022
CUST4214,Eric,Harrison,lstrickland@kidd.info,248-785-9366x542,"76146 Davis Mission, Toddstad, ND 50482",North Kevinbury,Arkansas,4/25/2022
CUST4215,Lisa,Holden,kellyallen@yahoo.com,6436889789,"PSC 6107, Box 2189, APO AP 64336",Alexanderbury,Minnesota,6/26/2023
CUST4216,Reginald,Snow,nicholsscott@gmail.com,001-748-113-4675,"1537 Jacob Cove, Brianfort, SC 40137",Lake Rebecca,Alaska,11/11/2022
CUST4217,Bradley,Williams,hullsean@gmail.com,+1-572-627-7034x001,"140 Bonnie Manor, Marvinfort, SD 26318",Emilyland,Oregon,10/29/2022
CUST4218,Katelyn,Jones,milesmichael@robinson.com,179-630-0364,"74004 Ellis Ferry, Alexanderberg, IA 02164",New Lauren,South Carolina,1/6/2024
CUST4219,Stacey,Medina,rosegary@pacheco.com,(771)021-6212,"79310 Dawn Flat Apt. 012, New Kevinmouth, FL 17432",North Justinborough,Wisconsin,8/28/2024
CUST4220,Christopher,Martinez,weeksjavier@yahoo.com,652-105-2668,"04445 William Divide Suite 551, East Josephport, CA 90533",Josephtown,Colorado,7/23/2022
CUST4221,Jose,Graves,christophernichols@schmidt.com,687.452.4698x236,"4489 Long Neck, Stephanieville, MO 53200",Elizabethbury,Oregon,11/13/2022
CUST4222,Carl,Welch,matthew80@mcdaniel.com,304.358.1071,"728 Lauren Estate Apt. 360, North Christopherville, NY 38630",North Andrew,Nebraska,3/5/2023
CUST4223,Brandon,Parker,csmith@yahoo.com,9984844390,"670 King Cove, West Ashley, MD 00523",South Leslietown,Connecticut,4/27/2024
CUST4224,Timothy,Hunt,tylergregory@smith.info,350.638.0342,"4778 Bradshaw Route Apt. 947, Christinastad, DE 50096",Lake Jasonmouth,Oklahoma,6/17/2022
CUST4225,Courtney,Carey,shepardjustin@newton-mullen.info,(563)714-7848x1492,"7753 Ford Inlet, East Todd, AL 43649",East Kristachester,Indiana,1/24/2023
CUST4226,Sarah,Hodges,alvaradobrandon@brown.info,8534188202,"48728 Brown Court Suite 772, Kaitlynville, IA 83787",Rachelhaven,Maine,2/15/2023
CUST4227,Daniel,Johnston,kelly46@gmail.com,250-910-8779x332,"928 Lynn Extension Suite 848, Michellemouth, AL 14944",Skinnertown,Tennessee,3/22/2025
CUST4228,Robert,Harris,angela22@gmail.com,001-007-009-9724,"3354 Alicia Pine, Davidberg, UT 75757",West Jessicaberg,Iowa,1/27/2025
CUST4229,David,Burnett,gregory58@clark.com,648-176-3289x3795,"700 Claire Cove Suite 246, West Craigfort, IA 94141",Dillonchester,Michigan,8/11/2024
CUST4230,Susan,Morris,sarasmith@gmail.com,001-992-247-2696x41974,"194 Melissa Bypass, Jacksonshire, UT 79467",Port Andre,Illinois,11/29/2024
CUST4231,Melissa,Nelson,kelly85@yahoo.com,864-662-1932x43458,"1444 Richard Club Apt. 829, Smithberg, CO 81111",West Michael,Utah,1/21/2024
CUST4232,Amber,Cooper,mclaughlinlucas@yahoo.com,8603985341,"USCGC Frank, FPO AP 76129",New Brendan,Oregon,9/22/2024
CUST4233,Karen,Rodriguez,jamesmartin@yahoo.com,+1-486-740-3298x30512,"771 Garcia Springs Suite 109, New Tonyside, WA 08738",North Ashley,Arizona,1/18/2025
CUST4234,Kathryn,Brooks,davenportebony@williams-garcia.biz,542-931-2284x659,"60914 Parker Cape, New Jacqueline, KS 47828",Rachelfort,Alaska,9/20/2024
CUST4235,Ryan,Smith,justin51@hunt.info,401.731.5156x741,"14834 Jill Shore Suite 567, West Kimberlyside, ME 41409",Jacquelinetown,Washington,10/28/2023
CUST4236,Cody,Long,craighoward@davis-payne.com,590-930-5267,"PSC 0772, Box 8797, APO AA 27075",Sherryside,North Carolina,1/17/2024
CUST4237,Sarah,Hayes,mwalker@contreras.com,698-139-1052,"686 Joshua Gateway Apt. 770, West Aprilstad, KY 41691",Johnland,Mississippi,4/22/2023
CUST4238,Benjamin,Holt,bmoody@reid-martinez.com,+1-937-957-4793x60571,"USS Rodriguez, FPO AA 02028",East Katelyn,Illinois,3/20/2023
CUST4239,Jennifer,Davis,dmartinez@yahoo.com,(321)932-0274x866,"96667 Andrea Village Apt. 457, North Lisa, ND 70198",New Thomashaven,New York,12/23/2024
CUST4240,Bryan,Bennett,kschmidt@ford-beard.info,7609326929,"21083 Day Hollow Suite 854, Port Maryfort, VT 33712",Masonfurt,South Carolina,6/23/2022
CUST4241,James,Bruce,davisnicole@flowers.com,445-040-8666x2430,"4330 Lisa Mews, Ricardofort, VA 17514",Stanleymouth,Maine,8/16/2023
CUST4242,Andrew,Gibbs,gomezsusan@turner-stafford.com,3701230332,"296 Hall Islands, Daviston, CT 10452",Williamhaven,Hawaii,11/29/2023
CUST4243,Dominique,Carpenter,michelle18@baker-perkins.info,+1-864-760-4905x240,"8809 Lucas Via Suite 522, West Matthewmouth, OR 94377",South Williamport,Nevada,7/27/2023
CUST4244,Megan,Gallegos,russellgregory@gmail.com,001-884-192-1940x6843,"85971 Mueller Highway Apt. 184, Wesleyport, PA 84702",Port Alexander,Hawaii,10/7/2024
CUST4245,Deborah,Larsen,pcook@yahoo.com,+1-397-852-1063x66213,"361 Stevenson Extensions Apt. 189, Floresview, OH 53287",Jessicamouth,Kentucky,12/28/2022
CUST4246,Michelle,James,jmorales@gmail.com,336.227.1085x97864,"3265 Carlson Islands, West Mikeside, GA 84408",South Jeffreymouth,Texas,7/17/2024
CUST4247,Carl,Harris,fmosley@gmail.com,001-250-137-2100x2609,"93645 Anne Highway, Lake Reginald, MO 96325",New James,New Jersey,2/21/2023
CUST4248,Dana,Garza,lindsey36@hotmail.com,632.332.9911,"86591 Edwards Coves, Taylorhaven, NE 82126",Kimberlyview,Pennsylvania,7/7/2023
CUST4249,Anthony,Perez,vmartin@gmail.com,(125)445-6734x97846,"14325 Martinez Track Apt. 819, New Wesleyfurt, KY 25299",Crawfordstad,Kansas,7/14/2024
CUST4250,Joan,Smith,erika14@green.biz,945-374-9243x21398,"2322 Goodwin Courts, Erikbury, FL 40802",Kramerberg,Oregon,7/18/2023
CUST4251,Timothy,Hartman,stewartamy@gmail.com,173.909.2473,"22626 Regina Flats, Silvamouth, MA 41974",Port Cody,Wisconsin,10/26/2024
CUST4252,Jason,Bruce,liukatrina@house.com,001-323-159-0057x4742,"PSC 7103, Box 5365, APO AE 10794",North Jacqueline,Wyoming,8/29/2023
CUST4253,Sheila,Martinez,annettehall@carey-perkins.org,203-431-4548,"488 Brown Well Suite 801, North Zachary, WI 71829",Kathleenfort,Nebraska,12/31/2023
CUST4254,Brian,Powell,ericwilliams@hotmail.com,+1-767-631-0832x7098,"01165 Jaime Trafficway Suite 387, South Erin, UT 93318",East Christopher,Idaho,10/31/2023
CUST4255,Jo,Shaffer,samuel77@lucas.com,3227697180,"7363 Jennifer Lakes Suite 556, Port Yeseniastad, WI 81194",Kimberlyfort,California,8/18/2023
CUST4256,Laura,Pearson,pnelson@sandoval.org,(637)972-4638x2919,"3754 Keith Knolls, Chandlerport, IL 64333",Tonyland,Arkansas,11/27/2023
CUST4257,Matthew,Tapia,irobinson@christian.biz,+1-250-928-4867x3845,"220 Soto Fall Apt. 983, South Christinaville, AZ 08185",Lake Jennifer,Alaska,9/4/2024
CUST4258,John,Reid,timothy80@beltran.com,108.089.5436x1896,"51305 Martin Station, Douglasview, SD 60401",East Bradley,Wisconsin,8/17/2022
CUST4259,Tyler,Murphy,anna86@gmail.com,(846)696-5565,"76185 Welch Inlet, North Sarahaven, LA 71478",East Justinbury,Montana,3/26/2025
CUST4260,Tracy,Parker,nataliemoss@hotmail.com,-5087,"8543 Matthews Station Apt. 905, West Shannon, NJ 15563",Adamsberg,Arizona,5/27/2022
CUST4261,Michael,Norris,michael94@yahoo.com,(679)235-9283x897,"18724 Stephen Island, Amyland, OR 11566",New Jonathan,North Dakota,4/18/2022
CUST4262,Cody,Gallegos,christyhale@martin-schwartz.com,943.747.2692x339,"772 Heather Islands Suite 692, Nicolaschester, MS 30994",Alexandraview,Texas,7/20/2024
CUST4263,Jacqueline,Lewis,staceylowe@hotmail.com,+1-616-727-9097x90682,"65423 Elliott Avenue Apt. 984, West Tracy, MT 21143",North Patrickton,Wyoming,8/24/2024
CUST4264,Bobby,Rivera,erikasanders@gmail.com,(102)226-2831x50406,"40527 Nelson Drives, Port Tracy, ID 15469",West Richard,Alaska,11/9/2023
CUST4265,Stephanie,Copeland,david89@hotmail.com,(857)935-2938,"1116 Brandy Curve Suite 631, Davidsonland, CA 15545",New Justinshire,Alabama,6/26/2022
CUST4266,Thomas,White,jmiller@johnson.info,001-824-533-0538x7529,"73576 Myers Extension, Timothyton, GA 54193",Port Davidburgh,Oklahoma,7/30/2023
CUST4267,Erin,Jones,john92@yahoo.com,476.111.5671,"85623 Bell Mews, Port Elizabethville, OK 03262",Jenniferton,Montana,1/28/2025
CUST4268,Mary,Woodward,bsmith@hayes.info,(325)016-6919x0039,"44671 Stephanie Curve Suite 651, Deckerhaven, LA 51566",West Amyberg,New York,4/1/2024
CUST4269,Amanda,Hoffman,orogers@gmail.com,692.001.8030x915,"2429 Dominguez Square Suite 148, Summermouth, MN 82288",Alexisland,Montana,9/29/2023
CUST4270,Michelle,Miller,npeters@hotmail.com,+1-850-212-6670x9682,"2587 Leon Parkway, Lake Rebeccashire, NC 04548",Rhodeschester,Alaska,5/26/2024
CUST4271,John,Morton,peterfigueroa@vargas.net,(385)936-1696,"199 Christopher Plains, New Lindsey, NV 57268",New Lauramouth,Maryland,3/10/2023
CUST4272,Kim,Tanner,davisveronica@gonzalez-lyons.biz,704-425-5093,"410 Jennifer Mission Apt. 286, Autumnport, NJ 30938",East Micheleborough,Colorado,7/26/2022
CUST4273,Katherine,Wood,mark40@matthews.com,856-105-2780x72562,"6524 Vaughn Via, Port Veronicabury, HI 63923",South Anna,New Jersey,11/29/2022
CUST4274,Aaron,Stark,nnelson@smith-moss.com,1116800735,"Unit 4163 Box 2337, DPO AP 63491",Staceyhaven,Colorado,5/5/2023
CUST4275,Jessica,Lin,spaul@doyle.net,+1-485-451-8391x4351,"5433 Yu Points, Thomasbury, UT 48616",Shannonbury,Nebraska,6/20/2022
CUST4276,Michael,Jennings,carrie04@trevino-gonzalez.com,664.346.0791x0881,"500 Hartman Club Apt. 300, Christineberg, SC 00535",North Amberton,Oklahoma,3/15/2023
CUST4277,Tammy,Rivera,rbrennan@fowler.com,001-390-670-8349,"858 Peters Club, West Crystal, MA 54477",Lake Yvonne,Maine,4/6/2023
CUST4278,Roberto,Palmer,jeffrey25@johnson-taylor.info,293-488-6115,"725 Kimberly Squares Apt. 898, Port Angela, CT 44728",North Carlos,Louisiana,6/8/2023
CUST4279,Susan,Padilla,peggy25@lopez-jarvis.com,1011024359,"661 Lauren Squares, Allisontown, WY 01075",Hollyfurt,Kansas,11/18/2024
CUST4280,Lindsey,Kim,maria22@hotmail.com,(056)804-0829x578,"8007 Daniel Dale, North Michaeltown, NJ 83089",South Rachel,Florida,5/23/2022
CUST4281,Brian,Terry,sierrarobinson@hotmail.com,-10802,"USNV Cordova, FPO AA 65203",South Linda,Alaska,5/6/2023
CUST4282,Michelle,Kirby,rebeccalamb@hotmail.com,001-773-342-1959x57428,"2985 Woodard Hills Apt. 775, New Richard, WY 58973",South Brookeville,South Carolina,8/13/2024
CUST4283,Joy,Gonzalez,johnsonangela@yahoo.com,(107)630-8693,"97179 Davis Mill, East Matthewburgh, WA 97824",Miguelton,California,1/27/2023
CUST4284,Steven,Williams,jessica22@hotmail.com,638-690-8207,"39602 Joseph Road Suite 653, Shaunside, IA 96584",Port Deborah,Kansas,8/4/2023
CUST4285,Shane,Brown,ykaiser@yahoo.com,369.391.2445x0934,"23018 Miles Skyway Suite 546, Kimberlyport, KS 38359",Markfort,Illinois,3/13/2025
CUST4286,Stephen,Holder,tlopez@nelson.org,534.793.6825x6964,"27936 Javier Drives Suite 631, West Jenniferside, IN 06747",Ryanfurt,Rhode Island,3/6/2024
CUST4287,Edward,Morgan,joan80@lee.com,(928)101-3102x5444,"85849 Kristin Brooks Suite 647, West Jeff, WI 31280",New Daniel,Colorado,11/19/2024
CUST4288,Joyce,Soto,bonnie17@kemp-best.biz,+1-186-320-3244x381,"329 Janice Fall Suite 317, Harrymouth, WY 93218",Port Sherrimouth,Wyoming,4/5/2025
CUST4289,Ellen,Allen,markhernandez@gmail.com,596.422.5484,"084 Rollins Orchard, East Matthew, ND 18995",New Joshua,Florida,7/20/2023
CUST4290,Matthew,Doyle,lisaramirez@gray.com,001-515-674-0332x084,"7092 Aaron Crossing, Mcdonaldtown, DC 69872",Lake Micheal,Florida,9/13/2023
CUST4291,Meagan,Miller,conradchristine@perez.com,+1-125-151-9705x92569,"PSC 4156, Box 6605, APO AA 48455",North Raymond,Nebraska,11/3/2024
CUST4292,Raymond,Flores,wneal@powell.com,001-136-282-7562x498,"61042 Melanie Crossroad, Port Patrickland, OK 80533",New Deborah,Nevada,5/31/2023
CUST4293,Alexis,Flowers,yhodges@yahoo.com,165-613-5566x167,"43313 Victoria Bypass Suite 155, Hernandezhaven, IL 50288",Shanehaven,New York,5/6/2022
CUST4294,Tracy,Guerrero,samuelhowe@hotmail.com,001-602-051-0608,"01309 Curry Spurs, Jamesland, DC 76101",Williamchester,Nevada,1/24/2024
CUST4295,Aimee,Ferguson,brucereyes@kim.biz,(148)281-4278,"02283 Jones Ports Apt. 416, Lake Lisastad, KS 03211",Mccoymouth,Georgia,4/22/2022
CUST4296,James,Nelson,michael86@ewing-calhoun.com,(270)159-2340x5170,"484 Thornton Cape Suite 116, Hicksshire, IN 77362",West Heatherberg,Wyoming,6/29/2023
CUST4297,James,Jones,michaelmaxwell@gmail.com,870-778-6717x1391,"Unit 3651 Box 4360, DPO AA 92847",Jasonfurt,Texas,12/25/2023
CUST4298,Raymond,Smith,qvargas@hotmail.com,509-027-6372x0616,"USCGC Martinez, FPO AE 79284",South Larrychester,Minnesota,12/18/2024
CUST4299,Sarah,Joseph,edwin23@yang-murphy.com,968-619-5182x94749,"56363 Jimenez Dam Suite 664, Port Sarahfort, MS 21270",Jeffreytown,North Carolina,6/11/2023
CUST4300,Wendy,Mitchell,ygarrett@yahoo.com,-6078,"55046 Bauer River, Whiteton, ID 44832",Port Kevin,Texas,2/24/2023
CUST4301,Hannah,Wilson,rogerspatricia@gmail.com,963.018.6968,"69686 Ross Hollow Suite 551, Jacobhaven, TN 78135",East Oliviamouth,Idaho,6/7/2022
CUST4302,Karen,Foley,hgilbert@yahoo.com,238742857,"279 Wyatt Shoal, Rogersbury, PA 49970",Stephaniemouth,Rhode Island,1/4/2025
CUST4303,Derek,Sherman,lisa28@gmail.com,+1-586-405-1454x841,"080 Crystal Ford Suite 668, North Daniel, PA 99833",South William,Alabama,1/2/2023
CUST4304,William,Anderson,icampbell@gmail.com,1471873211,"8385 Sanford Place, Timothyland, UT 52486",Caldwellburgh,Montana,2/5/2025
CUST4305,Luis,Lee,cheyennehiggins@kirby-beasley.net,+1-215-494-6874x78838,"0191 Caitlin Mountain, Ericahaven, MT 12649",Christianport,Maryland,2/20/2024
CUST4306,Sarah,Martin,deannagordon@yahoo.com,617.258.8783x4791,"09349 Fisher Skyway Apt. 036, South Omar, AR 54346",Julianberg,North Carolina,12/8/2023
CUST4307,Audrey,Price,wileywayne@gmail.com,454.123.4711x25854,"6360 John Tunnel, Keithchester, DE 18174",Port Courtney,South Dakota,7/9/2022
CUST4308,Dennis,Andrews,lisacameron@yahoo.com,483-967-6344x8513,"0053 Frank Meadows, Justinmouth, CA 63161",North Shannon,Minnesota,6/1/2023
CUST4309,Melissa,Taylor,vwang@hotmail.com,(137)568-3796,"055 Kelley Land, Jeremytown, IN 97056",South Matthew,Kentucky,11/11/2024
CUST4310,Amy,Cook,scotthooper@hunt.biz,(530)325-8689,"664 Patterson Freeway Apt. 652, Harrisonfort, NC 15670",Pattonfurt,Delaware,4/22/2022
CUST4311,Matthew,Marsh,ybarton@hotmail.com,001-809-953-2192,"3517 Rodriguez Neck Suite 315, South Scotttown, NM 50212",East Derrick,Texas,11/23/2024
CUST4312,Alex,Perez,wilcoxjames@gmail.com,001-077-545-9286x994,"04123 Higgins Avenue Apt. 762, North Bradley, AR 62987",Heatherport,Connecticut,3/8/2024
CUST4313,Michelle,Johnson,dawnpowell@gmail.com,3713733906,"9199 Mikayla Fall, Foxchester, SD 87867",North Jonathanshire,Maryland,3/10/2025
CUST4314,Claudia,Novak,michelle45@garcia.com,001-569-262-7907x21799,"USNV Weeks, FPO AE 72396",Huynhstad,Kansas,7/27/2022
CUST4315,Megan,Sanchez,jonesrenee@hotmail.com,001-129-752-5359,"1955 Ernest Road Suite 436, Longmouth, CT 23593",Mccormickburgh,Massachusetts,8/25/2023
CUST4316,Kevin,Smith,darren26@yahoo.com,+1-563-276-2963x3670,"411 Donovan Path, Meaganland, NV 91952",West Anthonyland,Vermont,8/5/2024
CUST4317,Vincent,Garcia,cperez@johnson.com,(995)332-1120,"0049 Christopher Crossing Apt. 965, Justinmouth, ME 83413",North Dalton,Georgia,10/15/2024
CUST4318,Robert,Rivers,rgonzalez@collins.com,+1-388-686-0531x1881,"9991 Young Squares Apt. 156, South Frances, WY 59094",South Christina,Louisiana,10/16/2024
CUST4319,Jordan,Lucero,lgreen@gmail.com,738-276-8210,"66788 Christopher Glens Apt. 541, Kristiborough, ID 97227",East Frankborough,Nebraska,4/22/2022
CUST4320,Melanie,Simmons,qkoch@rojas-harris.com,510612254,"1436 Ryan Lodge Apt. 878, Nancybury, CT 49046",New Stephanie,Ohio,3/26/2024
CUST4321,Diana,Carroll,moorechristina@gmail.com,878-313-4959x8457,"94602 Ross Grove Suite 482, Brooksshire, OK 69013",Ericbury,New York,9/19/2022
CUST4322,Kristine,Perry,stephanieleonard@hotmail.com,740.979.0253x69728,"17450 Bonnie Ville, South Rayfort, NJ 89695",South Sandy,Arizona,7/15/2022
CUST4323,Lucas,Fernandez,hallbrian@williams.com,870.425.3745,"04661 Raymond Rapid, Arnoldmouth, IL 10762",Port Victor,Oklahoma,2/5/2024
CUST4324,Ashley,Ferguson,joshua51@yahoo.com,769-543-5613,"4247 Lee Orchard, West Kristin, IL 18637",Collinsfurt,Kansas,11/2/2024
CUST4325,Christina,Davenport,uberg@mason.biz,+1-804-222-0618x7778,"219 Veronica Forges Suite 232, North Samuel, OK 37655",North Dianeburgh,Maine,7/14/2022
CUST4326,Mary,Atkinson,mark26@gonzales.biz,+1-482-229-4879x2214,"24335 Anne Points Suite 930, West Kim, VT 90078",West Crystalport,Indiana,3/13/2024
CUST4327,Ryan,Cunningham,andreparker@miller.com,001-265-404-6956x5815,"78223 Gregory Flats, Reneeport, FL 17019",South Thomas,Hawaii,4/22/2023
CUST4328,Alicia,Lewis,qallen@hotmail.com,(498)769-8419x467,"7471 Eaton Landing Suite 273, North Brian, PA 85269",Port Abigail,North Carolina,3/31/2025
CUST4329,Eric,Kelley,maurice07@yahoo.com,+1-303-205-4456x8905,"509 Emily Burgs, New Whitney, RI 06675",Dawnfort,Pennsylvania,7/6/2024
CUST4330,Kayla,King,goodwinmichael@gmail.com,643-350-2840,"305 Shannon Stream Apt. 028, New Andrew, CT 97707",Jefferyborough,Wyoming,11/29/2024
CUST4331,Kelly,Whitaker,cwilliams@lamb.com,+1-495-925-0903x43160,"28656 Mitchell Corners Suite 913, East Drewville, MA 47858",Lewisberg,Alaska,3/26/2023
CUST4332,Emily,Lewis,robinsilva@harris.org,(547)843-1842x42042,"6327 Castro Fields Apt. 364, Lake Patricia, NY 73016",South Amy,New Hampshire,5/14/2023
CUST4333,Linda,Carpenter,brian84@moreno.info,669.925.7816x83932,"3764 Daniel Squares Apt. 118, Collinsport, VT 64550",East Antonioburgh,Wisconsin,5/4/2022
CUST4334,Zachary,Henderson,dyerkeith@petersen.com,001-460-347-3183x412,"3601 Walker Squares Apt. 898, Frankport, OH 21433",Port Robert,Minnesota,1/1/2024
CUST4335,Deborah,Smith,jennifer49@hotmail.com,(723)592-4062x4350,"2291 Hannah Roads Apt. 420, North Tammyfort, MD 35055",Kennethhaven,Mississippi,3/30/2025
CUST4336,Clarence,Jackson,amanda34@hotmail.com,+1-544-631-1268x199,"7172 Norman Place Suite 939, North Olivia, MN 71453",South Justinstad,South Dakota,8/21/2024
CUST4337,Scott,Alexander,ortizkatherine@yahoo.com,522-262-6693,"845 Rebecca Streets, Vaughntown, MD 40023",Cynthiaborough,Connecticut,2/4/2024
CUST4338,Joshua,Hughes,torrespamela@gmail.com,700301730,"60411 Wilson Pine, Port Rachael, NM 14262",Port Ashley,Colorado,1/2/2024
CUST4339,Charles,Newton,charles56@murray-jones.com,001-819-271-3835x6956,"734 Kathleen Place, Isabellaborough, VA 07994",Christopherstad,Louisiana,10/15/2022
CUST4340,Todd,Harris,dsanchez@gmail.com,413.293.9465,"677 Freeman Fork, Crosston, KS 14394",South Donnashire,Oregon,5/28/2023
CUST4341,Megan,Valencia,michael83@martin.com,939-837-5845x09083,"5957 Raymond Valleys Apt. 825, Davidbury, AZ 90305",New Jaclynmouth,Vermont,2/17/2025
CUST4342,Nathan,Glass,gonzalezpaul@rich-horton.com,+1-003-159-6190x86284,"53373 Christina Green Suite 459, South Vincentstad, MS 48333",New Jasmin,Ohio,4/5/2023
CUST4343,Gary,Carter,douglas32@house-chase.com,745.673.8171x6194,"028 Antonio Ports, Brittanychester, VT 32203",Millerburgh,Alabama,4/27/2023
CUST4344,Mallory,Miller,mclaughlinashley@daniels.com,-7309,"49568 Johnson Radial, Port Jenniferburgh, CO 16825",Mccoyland,Alabama,10/22/2023
CUST4345,Annette,Davis,acevedodiane@yahoo.com,(041)044-1216x9388,"763 Arnold Springs Apt. 177, Kristenmouth, NV 60882",South Bryan,Massachusetts,9/28/2023
CUST4346,Jennifer,Byrd,jordan10@yahoo.com,(570)497-7202,"11009 Diaz Overpass Apt. 621, Georgeport, NH 98390",Ronaldstad,West Virginia,12/31/2023
CUST4347,Kevin,Bray,brittanymejia@collins.com,791.688.3955,"511 Pittman Roads Suite 426, Lake Markport, CO 88330",East Lisastad,Texas,1/19/2025
CUST4348,Molly,Russell,robertbaker@hernandez-gonzalez.com,(142)434-1343,"973 Jasmine Prairie, West Bryanmouth, CA 97324",South Kristina,Washington,7/2/2022
CUST4349,Samuel,Nelson,crodriguez@yahoo.com,001-303-215-8932x6832,"USS Novak, FPO AP 56938",Kimberlystad,Mississippi,12/19/2022
CUST4350,Lauren,Kerr,sheilawyatt@garcia.com,6131067326,"USNV Wilson, FPO AP 61720",Lake Jamesmouth,Florida,7/5/2023
CUST4351,Crystal,Mora,eshepard@perez.com,(925)088-2896,"82722 Scott Canyon, Harriston, NV 41487",Garciaville,North Carolina,11/25/2022
CUST4352,Charles,Clark,jennifer18@hotmail.com,(509)583-5906,"9954 Brown Gardens Apt. 597, North Brycetown, AR 96977",South Heatherburgh,North Carolina,12/7/2024
CUST4353,Eric,White,brookehaas@lewis.com,001-733-650-9526x74383,"9362 Mejia Lock, New Sophia, MO 59166",Alexatown,Louisiana,4/9/2023
CUST4354,Nina,Wagner,mark52@cherry-shaffer.com,001-154-841-5879,"694 Ortiz Station, Port Stephenbury, NJ 07313",South Tim,Arkansas,4/11/2025
CUST4355,Scott,Bennett,vreyes@keller.info,(024)252-3067x1532,"30133 Scott Bypass, Rebeccatown, NV 61375",New Allisonhaven,Connecticut,9/18/2023
CUST4356,Danielle,Hunter,ashleyfletcher@cline-holder.com,(369)487-6608,"836 Rachel Squares Suite 284, South Amber, NV 16099",Vargasmouth,Indiana,2/26/2024
CUST4357,Kimberly,Shaw,daviskenneth@smith.net,386.279.3450x37584,"879 Wolfe Prairie Suite 189, Stephaniehaven, CO 74534",South Stephanieland,South Dakota,1/24/2025
CUST4358,Seth,Lee,tannerjoe@evans.com,670-608-2747x426,"PSC 0584, Box 6694, APO AE 53870",Jonesville,Minnesota,11/29/2024
CUST4359,Ashley,Cobb,kristy33@steele.com,100-122-8694x23321,"470 Mercer Meadow Suite 853, North Michaelport, VA 54133",East Gregory,South Carolina,6/19/2022
CUST4360,Tanya,Lindsey,troy07@rodriguez.biz,(175)884-6108,"080 Vincent Ville, Smithberg, CA 38058",Charlesmouth,Texas,4/13/2024
CUST4361,Carol,Perez,trevorreynolds@miles-smith.biz,749-926-4986,"Unit 7590 Box 1910, DPO AE 29633",Marcborough,Tennessee,8/13/2022
CUST4362,Alexandra,Gross,caseythompson@hotmail.com,+1-149-967-6108x362,"6160 Reynolds Mount Apt. 519, Lake Debrashire, NC 20827",Meganview,Oklahoma,7/19/2022
CUST4363,Angela,Ortiz,martinjason@yahoo.com,+1-085-251-6571x68374,"1754 Figueroa Groves Apt. 976, Port Susan, NM 25928",Rachelmouth,New Jersey,1/12/2025
CUST4364,Daniel,Evans,twolf@gmail.com,(650)696-4022x713,"50495 Lisa Inlet Suite 993, Hoganburgh, KY 65382",Williamsberg,New York,2/18/2024
CUST4365,Troy,Franklin,evansderek@johnson-gutierrez.com,001-254-300-4089x87114,"750 Moore Dale Suite 690, New Joseph, GA 01974",Davidborough,Colorado,3/31/2023
CUST4366,Katherine,Fernandez,huffcarla@munoz.biz,+1-810-863-7088x92383,"8323 Erin Park Suite 952, North Whitneyfort, MA 69814",Lake Petershire,Iowa,7/27/2023
CUST4367,Gerald,Stephens,amy02@yates-hoffman.com,322-687-3923x5594,"06778 Doyle Crescent, North Grace, KS 02726",Port Erin,Wyoming,5/17/2022
CUST4368,Kelly,Miller,martinezgregory@roberson-miller.info,831-464-4373,"219 Garcia Passage, South Jessefurt, AR 78090",Petersonmouth,Vermont,10/29/2022
CUST4369,Franklin,Flores,kimberlydavis@hotmail.com,8036719744,"Unit 1029 Box 8464, DPO AA 46814",Frankville,Iowa,4/25/2023
CUST4370,David,Hernandez,psimon@hotmail.com,422-120-0855x70532,"908 Guerrero Manors Suite 709, Lake Ashleyburgh, LA 76372",South Tammyfort,Iowa,8/19/2023
CUST4371,Kirk,Mitchell,nicholasedwards@shaw.com,(741)844-3749,"51029 Sutton Fall, South Jamesburgh, NV 47761",Sandraborough,Washington,12/18/2024
CUST4372,Jerome,Beasley,tracy49@yahoo.com,001-840-686-8349x4722,"030 Cowan Throughway, New Alyssahaven, AZ 97245",Port Lisa,South Dakota,6/27/2023
CUST4373,Amanda,Gaines,darrellyoung@rodriguez.org,(055)003-6006x7370,"244 Ray Prairie, South Melanie, NH 43818",South Melinda,Michigan,7/4/2023
CUST4374,Michelle,Jackson,christina06@short-woods.biz,001-619-628-8180x706,"87610 Hudson Stravenue, Port Kellyfurt, IL 63007",West Scott,Idaho,5/30/2024
CUST4375,Ashley,Hudson,anthonyrussell@palmer.info,468.802.1826,"780 Lynn Cape, New Jessicaland, ME 72835",Port Paulburgh,Nevada,9/29/2024
CUST4376,Aaron,Grant,stuartmegan@hotmail.com,+1-265-071-0974x87740,"0935 Johnson Heights, Logantown, ME 57734",Lake Lisaburgh,Arkansas,11/19/2024
CUST4377,Michael,Osborne,kari72@hill.com,945.574.4965,"588 Wallace Gardens Apt. 093, East James, OH 19634",Hoopershire,Georgia,8/10/2024
CUST4378,Charles,Rubio,logancollin@arnold-knight.com,519-540-8140,"13753 Lindsay Plaza Suite 364, Kristinaburgh, IA 73103",South Antonio,Nebraska,8/2/2022
CUST4379,Shannon,Burch,ronald61@clayton-jones.net,(119)143-5281,"2220 Logan Flat Suite 284, Deborahview, UT 87745",East Kylemouth,New Jersey,5/6/2024
CUST4380,Tyler,Juarez,obrienbrent@ward.net,+1-216-022-1851x77011,"971 Laura Cliffs Suite 972, East Frankchester, SC 29343",Ianland,New York,6/7/2024
CUST4381,Allison,Franklin,wdavies@miller.com,+1-130-728-3513x963,"83967 Gail Greens Apt. 614, North Leslie, WV 15547",East Nicholas,Florida,11/10/2022
CUST4382,Paul,Davenport,romerojade@wells.com,+1-990-280-5615x448,"0182 Jones Mountains Apt. 267, Port Tracyshire, MA 13091",West Jill,Kansas,2/17/2025
CUST4383,Katrina,Gordon,apeterson@frazier-johnson.net,(281)579-4490x394,"5465 Jonathan Ports, West Patrick, NE 70098",North Laura,Michigan,11/2/2023
CUST4384,Ashley,Mcdowell,deannaking@chase-patton.org,+1-051-990-4524x4937,"458 Guerrero Street Suite 842, Port Ashleyfort, CT 14470",Lisaland,New York,12/24/2024
CUST4385,Kevin,Hart,jeffreysmith@chavez.com,001-327-666-9772x0635,"75771 Boyer Bypass, New Caitlin, MT 18350",Hughesport,Virginia,6/9/2024
CUST4386,Lauren,Smith,pruittthomas@hudson.org,377.612.6164x9696,"8013 Jamie Walk Suite 690, South Jennifershire, LA 25571",Kaylachester,Washington,7/9/2024
CUST4387,Joshua,Bowman,russellwatkins@flores.biz,174.920.0555,"1452 Gregory Ridge, Valerieville, CT 54537",Longmouth,Wisconsin,5/22/2022
CUST4388,Eric,Mcdaniel,perezruben@yahoo.com,+1-959-340-3984x38969,"647 Kathy Rue, Rivasville, CA 45952",Robertland,New Hampshire,6/8/2022
CUST4389,Jessica,Davis,david44@hotmail.com,654.118.5673x5800,"999 Turner Forges Apt. 270, Meyerland, NJ 81619",Traceychester,Oklahoma,11/25/2022
CUST4390,Cynthia,Jones,yroberts@gmail.com,985-319-7170,"4204 Kathryn Gardens, Eddiechester, NH 44609",Port Brittany,Louisiana,7/3/2022
CUST4391,Susan,Lawrence,jasminemorales@yahoo.com,+1-188-243-0777x052,"92237 Thompson Keys Apt. 782, Port Christina, KS 98810",Michellehaven,Hawaii,2/28/2025
CUST4392,Kyle,Douglas,owood@yahoo.com,093-827-0979,"46721 Kirby Park, East Andrewburgh, IL 32100",Fischerberg,New Mexico,1/21/2025
CUST4393,Ronald,Smith,jonathan34@gmail.com,001-795-914-8972x590,"1926 Osborne Islands Apt. 167, Port Megan, GA 77355",East Caitlin,Mississippi,2/2/2024
CUST4394,Lisa,Wallace,jennifer81@gmail.com,715-091-4931x5409,"919 Elizabeth Flats, Port Lisa, ME 05180",North Robert,Maine,1/10/2024
CUST4395,Richard,Oconnell,alexanderhughes@gmail.com,298-343-0082x2197,"796 Melissa Hills Suite 738, East Emily, SD 45634",East Kendrastad,West Virginia,3/27/2024
CUST4396,Roberta,George,erika92@stephens.info,270-370-9221x5165,"55777 Salinas Vista Suite 228, Garciashire, TX 24776",West Ricardoborough,Iowa,12/17/2024
CUST4397,Brian,Young,davislatasha@yahoo.com,5183299795,"451 Andrew Glen Apt. 524, East Laurahaven, NE 93764",Washingtonmouth,Delaware,1/26/2023
CUST4398,Matthew,Vasquez,lauren47@yahoo.com,848.972.2925,"8043 Laura Mews Apt. 711, Jonathanport, NC 44913",Cynthialand,South Carolina,2/17/2024
CUST4399,Joseph,Duncan,jacobsonwilliam@hotmail.com,001-440-713-6225x41524,"174 Amanda Canyon, North Brenda, OR 17150",Lake Jeremy,New York,12/16/2024
CUST4400,Joseph,Owens,kimluke@garcia.org,(615)651-0556,"3976 Erika Spring Apt. 924, Port Sandra, MI 02055",New Chad,Florida,10/14/2022
CUST4401,Crystal,Jones,robertharris@frost.net,670.978.5786x3527,"9802 Choi Overpass, Deckerfurt, NH 54051",Aprilfurt,Hawaii,2/14/2023
CUST4402,Kyle,Jones,middletonvalerie@mcdaniel.com,(270)637-9863x829,"8856 Tracy Port Suite 711, New Crystalland, VA 96064",Riverashire,California,11/27/2023
CUST4403,Sherri,Gardner,ebell@oliver.com,+1-386-136-8344x7772,"17103 Smith Lodge, Port Williamstad, ID 51146",Lake Ray,South Carolina,5/6/2024
CUST4404,Justin,Young,amanda72@hotmail.com,220-760-4834x346,"79394 Chen Forge, Lake Victorhaven, NY 44273",Tracyshire,Colorado,2/6/2024
CUST4405,Lydia,Acosta,tracy78@hotmail.com,953-657-2866,"USNV Mata, FPO AA 07029",New Jared,Colorado,3/10/2024
CUST4406,Brittany,George,lawrencecarpenter@ramsey-hernandez.info,(833)519-4935,"254 Crystal Plains, North Mark, WI 05622",Codytown,Maryland,4/21/2024
CUST4407,James,Richardson,scottcherry@hotmail.com,+1-726-663-8301x2214,"PSC 1583, Box 4479, APO AP 41642",East Carrieburgh,Oregon,9/7/2022
CUST4408,Sarah,Smith,wumanuel@ramirez.org,7914542320,"50765 Betty Springs, Huffmanmouth, ME 61454",North Katherineshire,Mississippi,10/19/2022
CUST4409,Dalton,Johnson,taylorzachary@yahoo.com,7853936685,"832 Morgan Rapid, Port Becky, UT 01182",Padillaville,Indiana,7/18/2023
CUST4410,Katie,Thornton,tlee@hotmail.com,001-316-023-5029x1009,"09580 Jeffrey Shores Suite 779, Briannaville, NH 00986",South Rachael,Illinois,2/10/2023
CUST4411,Juan,Peters,dylanescobar@butler-stephenson.com,874.644.0671x95680,"220 Shelly Burgs, South Cheryl, IN 97872",Lake Darius,Nevada,10/18/2024
CUST4412,Gregory,Carroll,welchwilliam@gmail.com,4859490854,"29180 Juan Burg Suite 702, Lake Stephen, NE 40756",Lake Carlosmouth,Pennsylvania,4/2/2025
CUST4413,Mathew,Jordan,wbrown@vargas-durham.net,001-850-454-7059x53594,"5075 Rush Tunnel Suite 713, Caitlinshire, WV 76289",Gregmouth,Massachusetts,4/27/2024
CUST4414,Danny,Warner,hford@yahoo.com,(154)596-4257x07462,"64309 Lee Light, North Jamesville, RI 98881",Freemanport,Connecticut,10/19/2024
CUST4415,Diana,Luna,nancy31@carter.com,(102)742-2208x8386,"687 Tiffany Park Apt. 600, West Joseph, KS 37152",Steventon,Nebraska,1/18/2025
CUST4416,Joshua,Davis,nhuber@sparks.info,808-892-0633x86707,"8119 Wilson Lane, Port Kennethtown, CO 62861",South Joseph,Idaho,10/29/2023
CUST4417,Jennifer,Thompson,joseph68@cohen.biz,280-165-0661x29083,"649 Isabella Forks Suite 002, Kristinborough, TX 68060",Sharonstad,Ohio,4/12/2025
CUST4418,Travis,Holland,davilalisa@hood.biz,(910)913-9144,"15636 Haynes Harbors, Nolanland, IA 30521",North Reginald,Arkansas,8/14/2024
CUST4419,Sonia,Franklin,daniel35@drake.net,592-612-7040,"876 Barnes Lodge, Lake Darlene, IL 10893",Port Aprilside,Maine,2/16/2023
CUST4420,Hailey,Manning,hbrown@hotmail.com,(246)346-1072x150,"609 Lee Common, Charlesfort, WV 97715",North Donaldborough,California,3/1/2023
CUST4421,Brittney,Gonzalez,shepherdlisa@yahoo.com,080-764-1497,"5071 Vincent Path Suite 880, Lake Patricia, TN 59771",East Mindyview,Louisiana,8/26/2023
CUST4422,Nicholas,Gill,carolhamilton@yahoo.com,779-819-0179,"89143 Lisa Dam Suite 811, Schwartzville, OH 80281",Samuelside,Indiana,8/10/2022
CUST4423,Sara,Graham,cjones@hotmail.com,822.306.7673x271,"4590 Long Spur, North Elizabeth, NH 58204",New Donaldberg,Alaska,5/14/2023
CUST4424,Tammy,Hickman,irwinamanda@graves.com,384-377-3862,"5986 Davis Forks Suite 268, Halltown, MS 45583",Smithfort,Virginia,2/23/2025
CUST4425,Hannah,Mills,fernandezmichael@parker.biz,(681)750-0196x992,"Unit 6239 Box 9696, DPO AP 42913",Summersborough,Oregon,10/3/2022
CUST4426,Jeff,Terry,kwhite@hotmail.com,001-722-387-0280x374,"91991 Preston Island Apt. 492, Lake Alexisburgh, AR 92950",Toddfurt,Arizona,9/18/2024
CUST4427,Mary,Washington,brendatownsend@hotmail.com,(211)123-5615x54266,"4106 Graves Harbors Suite 235, South Nicole, KS 39566",New Maryburgh,Rhode Island,2/25/2024
CUST4428,John,Farley,betty08@cole-mitchell.com,231.605.2285x526,"37489 Ray Avenue Suite 649, South Crystal, VT 84132",Lake Melissafurt,Delaware,6/14/2022
CUST4429,Daniel,Harris,michael64@gmail.com,001-458-140-8180,"USNV Freeman, FPO AE 53020",Baileyberg,North Dakota,3/14/2023
CUST4430,Heather,Valdez,alvarezdarlene@gmail.com,420-054-7408,"35819 Lee Manors, New Jamie, MN 52987",Denisestad,New Jersey,12/7/2024
CUST4431,Grace,Franklin,kristin04@hotmail.com,001-636-428-0347x064,"916 David Ports Apt. 465, North Rachelfurt, CA 10850",Lake Scottside,Minnesota,9/7/2023
CUST4432,Joseph,Davis,pcole@yahoo.com,(645)659-0689x22770,"8597 Amber Freeway Suite 713, East Dustinmouth, OK 67189",South Angelica,Idaho,5/12/2022
CUST4433,Daniel,Mclaughlin,robertstokes@mcfarland.info,2913142456,"9542 Hannah Ways Apt. 554, Watkinsshire, CT 83973",Port Brentview,Oregon,10/20/2024
CUST4434,Robert,Nicholson,nicholasross@hotmail.com,(484)457-2413x511,"270 Tanya Shoal, North Angelatown, OR 77822",Williamsborough,Washington,11/7/2024
CUST4435,Lauren,Murray,tylerpeter@soto.org,001-522-131-2933x072,"USNV Leach, FPO AP 68841",Davidview,Hawaii,1/15/2024
CUST4436,Heather,Berry,shawnmorris@hotmail.com,+1-658-283-0401x2443,"021 Cassandra Ramp Apt. 669, New Carlamouth, HI 29376",Millerview,South Carolina,3/6/2023
CUST4437,Meghan,Gray,jonesrebecca@warren.com,701-660-1025,"36960 Jennifer Rue Apt. 151, North Joseview, NV 81800",Port Thomas,Nevada,9/4/2024
CUST4438,Elizabeth,Escobar,donald88@martinez.com,776.621.4183x2209,"350 Samantha Island Apt. 377, Woodville, MA 83396",Ashleyborough,South Carolina,7/4/2022
CUST4439,Jeffrey,Beck,bradtodd@hotmail.com,614.319.8149x64519,"41131 Laura Freeway, North Carolyn, DC 39203",Lyonsview,Idaho,8/19/2024
CUST4440,Antonio,Clements,kmelendez@reyes.org,738-714-4233,"79408 Jones Branch Apt. 316, Thompsonland, WV 96322",East Elizabethtown,North Carolina,8/17/2022
CUST4441,Sylvia,Liu,brianrosales@gross-woodard.com,(098)238-7071,"0763 Brock Union, Lake Lindamouth, KS 57087",Thomasport,Louisiana,8/26/2022
CUST4442,Mariah,Lowe,fjackson@thomas.com,001-989-008-8159,"8728 Richard Centers, South Omar, UT 37752",Davisstad,South Dakota,9/8/2023
CUST4443,Larry,Cooper,jason13@gmail.com,+1-342-279-7755x7539,"06072 Melissa Station, Brownfort, IL 13757",Dixonside,Virginia,1/18/2023
CUST4444,Billy,Henderson,michael43@chan-roth.com,(795)075-2798x56500,"54549 Douglas Locks, New Robert, AL 53947",Joshuaborough,Iowa,10/7/2024
CUST4445,Heather,Juarez,william13@griffith.info,001-246-915-9038,"59310 Durham Crest, Kylechester, SC 93676",Dunnmouth,Minnesota,2/19/2024
CUST4446,Amy,Watkins,amy33@hotmail.com,(422)397-7627x590,"58340 Clinton Crescent Suite 708, Gregoryview, ME 78563",Karenhaven,California,3/6/2025
CUST4447,Richard,Maldonado,tjimenez@hotmail.com,954.944.6018x27298,"3480 Eric Motorway Suite 553, Grosston, VT 53737",Rodriguezton,Wisconsin,10/9/2024
CUST4448,Jeremy,Steele,brandtthomas@gmail.com,625.768.5791x3004,"540 Floyd Land Suite 080, Jackton, KY 47917",Lake Samantha,Mississippi,1/23/2024
CUST4449,Amanda,Joseph,pwood@brown.com,001-319-294-5022x148,"0323 Lauren Manors Suite 194, Michaelside, NJ 46705",New Philip,South Dakota,1/31/2024
CUST4450,William,Ross,david42@holmes.com,001-858-502-7122,"288 Raven Forge Suite 500, Mayshire, AR 09739",East Christopher,Wyoming,9/9/2024
CUST4451,Ryan,Miller,ryanortiz@jackson-long.org,6718728078,"0766 Hamilton Skyway Apt. 990, Port Samantha, MT 27974",Keithborough,Maryland,2/19/2023
CUST4452,Jennifer,Price,angeladiaz@yahoo.com,(165)082-7178,"30252 Erik Forges, Hillside, SD 75621",Bowmanhaven,Massachusetts,2/10/2024
CUST4453,Stephen,Meyer,mariekaufman@kelly-heath.com,+1-097-676-7427x3681,"098 Michael Lights, Berryberg, NH 97294",Port Grace,West Virginia,2/15/2025
CUST4454,Kara,Martinez,nelsonkyle@yahoo.com,610.850.4333x373,"221 Julie Mills, West Shelia, WI 39396",East Valerie,Pennsylvania,4/22/2022
CUST4455,Lori,Walker,blanchardjeffrey@lyons.com,001-631-610-7055,"23093 Smith Square Apt. 555, Mooreville, OR 93457",Laurastad,Texas,2/8/2023
CUST4456,Joshua,Lyons,hporter@hanson.net,464.575.7577x10773,"57329 Harrington Pines Apt. 086, Williamsburgh, IL 08307",East Todd,Maryland,8/23/2024
CUST4457,Pedro,Williams,melissaperez@gmail.com,025.780.7104x27650,"555 Shelly Gardens, Port Alexandra, TX 38446",East Justin,Nevada,1/17/2025
CUST4458,Jon,Ingram,jeffreyoliver@gmail.com,853.620.5056,"PSC 2208, Box 3427, APO AP 34930",Cynthiamouth,Montana,2/8/2025
CUST4459,Gregory,Lopez,medinagarrett@gmail.com,+1-080-682-4980x2305,"194 Miller Cliff Suite 889, Richardmouth, MO 55753",Floresshire,Montana,8/26/2024
CUST4460,Christine,Fernandez,robert52@haas.info,626-775-5052x51634,"119 Palmer Alley Suite 972, South Stephanie, CT 07850",West Jennifer,Alabama,9/26/2022
CUST4461,Christopher,Wade,cmiller@ortiz-bell.info,5660929431,"7131 Schultz Plaza, East Laura, WI 88148",Port Ashleyton,Tennessee,6/29/2023
CUST4462,Jason,Melton,fsmith@gmail.com,(542)957-9513x124,"585 Timothy Point, Fosterberg, AL 45745",Lawrencechester,Massachusetts,4/8/2024
CUST4463,Candace,Graham,sharpmisty@hotmail.com,-4954,"0801 Donna Brooks Apt. 998, Lake Timton, AL 38596",East William,West Virginia,7/31/2022
CUST4464,Charles,Sanchez,williamjohnson@shaw-smith.net,419-327-9697,"7924 Stephen Mission Apt. 491, Nicoleville, RI 37710",Chadstad,Alaska,5/21/2024
CUST4465,Nicolas,Mcmillan,kristina54@cisneros.com,001-281-901-3272,"715 Johnson Mall Suite 152, Hernandezshire, WY 63910",East Zachary,Iowa,5/4/2022
CUST4466,Victoria,Young,alexis42@gmail.com,(691)052-3919x26897,"762 Shannon Common Apt. 588, South Colleenville, NM 14551",Lake Anthony,Nebraska,3/3/2025
CUST4467,William,Hoffman,murphyjoshua@hotmail.com,1704687197,"27972 Daniel Track Suite 164, Taylorborough, IA 55611",New Gabrielstad,California,12/8/2022
CUST4468,Vicki,Williams,samanthamorris@yahoo.com,(250)185-3503x8239,"46328 John Motorway Apt. 138, South Kevin, IA 39870",New Randyhaven,Florida,1/9/2025
CUST4469,Renee,Byrd,davidross@ramos.biz,665-337-6393x53119,"290 Julie Court Apt. 961, Lake Jasonfort, ND 43957",Samuelside,Louisiana,12/29/2024
CUST4470,Natalie,Chen,gillrachel@ochoa-palmer.com,800-111-2471x620,"71717 Gail Overpass, Samanthaborough, CA 32800",Mendozaport,Oklahoma,3/7/2025
CUST4471,Rachel,Forbes,mark68@gmail.com,(774)216-0212x5381,"89924 Erickson Place Apt. 060, Kimchester, MA 71440",South Nicolas,Georgia,7/20/2023
CUST4472,Jeffrey,Cochran,psnyder@hotmail.com,-4112,"2746 Lucas Mountain, Lake Ashleyton, WA 82058",West Anthonyside,Hawaii,7/26/2023
CUST4473,Thomas,Bush,richardwilson@castaneda.biz,+1-623-643-9070x75967,"23661 Andrea Extensions Suite 246, Port Carlosmouth, IN 29784",West Rachelfort,Texas,12/26/2023
CUST4474,Michael,Ellison,johnjames@yahoo.com,869.216.5718x323,"13415 Lopez Course Suite 982, South Richardside, VA 84202",Wongside,Kentucky,2/23/2023
CUST4475,Danny,Griffin,lsanders@gmail.com,001-123-287-4977x3793,"59905 Walker Road Suite 999, Cooperchester, NM 05091",Port Jessica,Louisiana,8/17/2022
CUST4476,Nicholas,Gonzalez,ronald05@ramirez-schwartz.com,587.029.3637,"707 Hughes Mills, Lake Josephhaven, MA 75045",Martinberg,Virginia,9/6/2024
CUST4477,George,Carroll,alarsen@yahoo.com,7137878483,"USS Larson, FPO AP 27173",Tracyborough,Connecticut,8/23/2023
CUST4478,Michael,Hernandez,mcdonaldjulie@smith-smith.com,104.037.9342x709,"68800 Ashley Plains, Port Josephtown, OK 86027",Chasetown,Kansas,4/26/2024
CUST4479,Tyler,Henry,matthewgilmore@harrison.com,001-644-735-3418x86005,"3261 Deborah Place, Josemouth, CT 98835",Farmerburgh,Indiana,6/9/2022
CUST4480,Timothy,Cameron,gibsonjeffrey@anderson-montoya.com,001-574-149-3418x936,"046 Jeremy Street Apt. 742, Port Yolandaport, OK 40061",Kellyview,New Mexico,6/14/2023
CUST4481,Joy,Johnson,yking@smith.com,(323)818-4398x4245,"213 Burton Forges, Tinachester, OR 62226",Brewerborough,Vermont,10/6/2022
CUST4482,Natasha,Mclaughlin,susan37@hotmail.com,865.680.3943,"255 Guerrero Station, Davidtown, ME 72540",South Heidi,Iowa,1/30/2025
CUST4483,David,Woods,tracy91@yahoo.com,+1-831-441-5779x31814,"743 Young Fields, Sawyerchester, MS 28133",Nelsonview,Iowa,1/9/2024
CUST4484,Ashley,Welch,iharrison@bradley.com,001-937-325-8997,"8434 Yolanda Fords, North Ashley, AR 74152",Brittneyside,Utah,9/26/2024
CUST4485,James,Bell,melindaperez@hotmail.com,001.693.3190,"USNV Marshall, FPO AA 83843",West Tyler,Oregon,2/12/2024
CUST4486,Bianca,Mills,richardcruz@gmail.com,242-705-4652x178,"1573 Taylor Parks Suite 136, Crosschester, OH 38231",West Michaelbury,West Virginia,9/9/2024
CUST4487,Tom,Schwartz,millerscott@yahoo.com,780-509-3879x44807,"781 Becker Gardens Apt. 471, South Jason, WV 78810",Danieltown,Nevada,7/10/2024
CUST4488,Renee,Torres,christina64@davis-wallace.info,(987)977-1163,"283 Paul Alley Suite 175, North Sarah, WI 74526",Vazquezview,Utah,11/7/2023
CUST4489,Andrew,Stout,huntersamantha@bennett.com,126-310-9863x42081,"2819 Payne Ridge Suite 380, Cynthiaton, ID 86186",Kennethtown,Montana,11/24/2023
CUST4490,Joshua,Mosley,richardsoncassandra@gmail.com,910.027.8573,"930 Potter Mission, South Kimberly, NJ 16632",Kristietown,Indiana,12/8/2024
CUST4491,Daniel,Smith,macklaura@gmail.com,001-287-801-6997x9899,"952 Alexander Summit, Lake Matthewfurt, WI 86418",East Seth,Tennessee,10/29/2022
CUST4492,Edward,Miller,fallen@yahoo.com,847.476.4673x077,"8092 Patton Stream, Port Jeffrey, SC 82007",Brownside,Virginia,8/26/2022
CUST4493,Amy,Lewis,mariahodge@johns.com,001-647-911-8772x378,"940 Banks Court, Boothfort, MN 13960",Gutierrezville,Ohio,9/6/2023
CUST4494,Antonio,Vargas,susan71@hotmail.com,(679)838-6853,"78736 Smith Spur Suite 923, New Matthew, NJ 99032",Lake Christophershire,Texas,12/26/2024
CUST4495,Steven,Lawson,bdickson@yahoo.com,628-871-9222x116,"15561 Blake Park Apt. 978, Johnsonton, NH 48576",Paulborough,Kansas,2/4/2023
CUST4496,Kayla,Davis,samuel28@gmail.com,938-966-3623x604,"06623 Robert Wells, Danielfurt, NM 87367",Joyceville,Montana,9/26/2023
CUST4497,Samuel,Duffy,rodriguezbenjamin@hale.com,8586697417,"22015 Hale Centers, South Michaelchester, ND 11364",Cassieview,New Hampshire,2/23/2025
CUST4498,Kyle,Bell,hansoncaroline@peterson.com,971.144.4792x033,"3057 Ruth Estates, Port Helen, PA 03595",Watsonchester,Arizona,10/16/2024
CUST4499,Christopher,Martinez,heidi39@chan.com,417-149-5493x10261,"439 Brooke Isle Suite 672, Mccormickport, DC 91075",Stephenborough,Delaware,4/6/2023
CUST4500,Ashley,Cox,scottgrant@yahoo.com,(976)533-0851x2081,"4962 Anthony Skyway Apt. 622, Jacquelinestad, MT 18864",South Melissaland,South Carolina,11/19/2022
CUST4501,Rebecca,Delacruz,melanie28@roberson-weaver.biz,(276)797-5511x01774,"04965 Tiffany Spurs Apt. 137, Hansenburgh, CT 04986",Keithbury,Oregon,4/7/2023
CUST4502,Jennifer,Clark,gloveramanda@rice.com,-3788,"918 Peter Inlet Suite 855, New Andrew, ND 94867",Jenniferhaven,Maine,3/3/2023
CUST4503,Samantha,Shah,wlee@ward-holloway.net,(636)379-4547x252,"0667 Bradley Expressway, East Natalieshire, WA 94799",Victormouth,Illinois,7/1/2024
CUST4504,Stanley,Pena,diazlisa@suarez.info,+1-229-744-7708x02074,"9187 Jessica Lights Suite 514, Youngstad, UT 70481",Lake Anthonybury,Pennsylvania,8/15/2023
CUST4505,Anthony,Mcgrath,marcus12@chase-herman.com,-10627,"54160 Farrell Forges Suite 027, South Karen, DE 55082",East Jason,Indiana,10/17/2022
CUST4506,Laura,Perez,matthew94@lopez.com,698.785.6524x47253,"1927 Hill Union Apt. 917, Tylerbury, OH 52373",West Meganfort,Alaska,10/2/2024
CUST4507,Robert,Sullivan,dennisclark@gmail.com,(986)430-7759,"USNV Smith, FPO AE 68596",Robertburgh,Iowa,10/18/2024
CUST4508,Carolyn,Cantrell,gbailey@yahoo.com,364-540-3658,"87612 Ford Loop, East Joseburgh, MD 50116",North Troy,Arkansas,10/18/2023
CUST4509,Paula,Mann,eric32@hotmail.com,4679910812,"87698 Eric Orchard, Jamesfort, ID 90693",Jessicatown,Utah,7/5/2023
CUST4510,Jennifer,Pena,zjacobs@hodges.com,(294)812-3683,"322 David Manor Apt. 531, East Donald, NM 02336",Kingville,Missouri,2/20/2023
CUST4511,Latoya,Washington,williamwells@yahoo.com,001-360-469-6833x681,"93045 Ashley Courts, Brittanyport, AL 78446",West Elizabeth,Kentucky,7/27/2022
CUST4512,Lisa,Mathis,williamsbrad@choi.net,(251)735-7653x7629,"147 Reed Motorway Suite 966, Rowetown, NY 94439",Nathantown,Rhode Island,1/20/2024
CUST4513,William,Diaz,jeffreywilliams@hotmail.com,500.160.6021,"587 Stewart Courts Apt. 826, South Krystal, PA 75686",Greenshire,Utah,11/9/2023
CUST4514,Amy,Cruz,xdiaz@johnson.com,400-886-3770x6705,"897 Wells Forge, North Ericland, NC 98560",West Virginia,Washington,11/24/2024
CUST4515,Henry,Morris,phillip75@gmail.com,+1-284-540-6416x998,"13710 Sheila Fields, West Gregory, LA 56263",Claudiamouth,Rhode Island,12/18/2024
CUST4516,Tiffany,Huff,smithjoseph@gmail.com,(976)387-6983x89353,"153 Reilly Points, Rogerton, WY 88678",Justinborough,Rhode Island,11/18/2022
CUST4517,Sara,Williams,daleadams@burton-king.com,785-195-7402,"19408 Tonya Crescent, Ashleyfurt, NM 03276",Kennethmouth,Georgia,8/18/2022
CUST4518,Justin,Glover,jrodriguez@yahoo.com,(290)688-4874x42347,"Unit 1045 Box 0893, DPO AE 65945",Nicholstown,Mississippi,9/25/2023
CUST4519,Danielle,Davis,emilywilson@hotmail.com,(585)798-8384x94583,"407 Joshua Mall, Thomasland, ME 05971",Port Elizabeth,Washington,4/6/2025
CUST4520,Jason,Moore,sjackson@hotmail.com,9169062371,"PSC 5248, Box 9261, APO AE 20165",Davidshire,North Carolina,12/1/2024
CUST4521,David,Cummings,taylorjames@yahoo.com,472-393-0489x160,"0613 Hunter Islands, Bethhaven, NV 64862",Harveyberg,Nebraska,7/29/2022
CUST4522,Ashley,Curry,juarezgabriel@gmail.com,707.358.3824x740,"634 Terrence Lights Suite 306, Benjaminmouth, WY 69224",Port Max,Rhode Island,4/19/2022
CUST4523,Shawn,Harris,jeremyhardy@hotmail.com,001-550-560-3739x88892,"975 David Branch Apt. 657, New Ashleyhaven, CO 81994",East Barrychester,Iowa,10/20/2023
CUST4524,Paul,Smith,maria27@higgins.com,2316871303,"587 Norma Road Suite 803, Lake Kathryn, WY 61348",Sanchezstad,Texas,5/20/2022
CUST4525,Guy,Harrison,ruben31@serrano.info,+1-697-269-9883x997,"779 Emily Trafficway, Lake Michaelview, NY 07542",Port Annette,South Carolina,6/12/2024
CUST4526,Tony,Hanson,christinapadilla@jackson-leonard.com,001-555-199-5616,"67757 Carter Plaza, South Linda, AR 05646",Cardenasbury,Michigan,1/29/2025
CUST4527,Scott,Martin,ppatterson@gmail.com,081.725.9999x50506,"Unit 6306 Box 1452, DPO AA 09824",East Brookehaven,South Dakota,10/13/2024
CUST4528,Shannon,Levy,cisneroswilliam@gmail.com,350-658-9752,"30495 Price Lake Apt. 177, West David, UT 85098",Malloryview,Iowa,2/27/2024
CUST4529,Lisa,Leonard,troy45@shannon.net,001-846-094-4099x7941,"361 James Plaza Suite 095, East Zachary, VT 79881",Danielleborough,Missouri,4/28/2023
CUST4530,Brenda,Hansen,kingjennifer@hotmail.com,129-723-0971x6868,"1723 Weiss Glen Suite 605, Hermanstad, MS 34299",Romeroland,Arizona,8/2/2023
CUST4531,Adam,Bell,bdavidson@yahoo.com,(196)616-4705,"75319 Adams Crest Apt. 964, New Margaret, WY 95689",East Jesseton,Kansas,11/19/2022
CUST4532,Joshua,Elliott,michelleadams@novak.org,351.273.4258x6112,"456 Bailey Vista, Edwardsland, IA 83260",Maryfurt,Vermont,9/13/2024
CUST4533,Joseph,Wright,kelly28@yahoo.com,934-836-7771x74781,"4571 Ellis Roads, North Jamesfort, AL 06367",Taylorberg,Louisiana,10/15/2024
CUST4534,Shane,Ramirez,christian36@brown-merritt.com,896296534,"2976 Jason Shoal, North Joseph, ND 11010",South Jacquelinefurt,Iowa,12/21/2023
CUST4535,Robert,Patterson,michelle65@gmail.com,8995980198,"USNS Patton, FPO AP 82361",East Maria,Nebraska,9/14/2022
CUST4536,Pamela,Cruz,charlesgarcia@patel.com,071-389-4952x8647,"44207 Kenneth Estate, Port Coreyton, KS 40462",Jonathanberg,New York,3/27/2025
CUST4537,Timothy,Fisher,amy75@werner-wise.com,012-451-3720x21451,"2317 Heather Island Suite 024, Lake James, WI 99595",Bartonland,Montana,6/26/2024
CUST4538,David,Moyer,zwilliamson@daugherty-downs.com,+1-790-910-1776x048,"3630 Jesse Stravenue, Mossstad, MA 88123",Davidfurt,Nebraska,5/4/2024
CUST4539,Stephanie,Higgins,odonnelljames@hotmail.com,055-498-0457x0077,"106 Andrews Cove Suite 261, North Kaylaton, NM 46571",Marktown,Arkansas,11/19/2023
CUST4540,Victoria,Ellis,ucoleman@patterson.net,(251)936-3839x558,"8233 Johnson Spring, North Michael, TN 46887",Martinezborough,Pennsylvania,7/17/2024
CUST4541,Sherry,Chaney,joseph79@kim.biz,001-702-951-3692,"97113 Hodges Hills, Thomastown, FL 74018",Mannview,Wyoming,11/13/2023
CUST4542,Cody,Morrow,ekidd@yahoo.com,+1-538-592-8099x87854,"443 Sandra Trafficway, Reginaborough, NV 42164",South Vickihaven,Oregon,9/15/2024
CUST4543,Eric,Foley,qshaw@yahoo.com,699.243.9811,"6522 Harding Squares Apt. 034, Amandaville, KS 16351",New Kevin,West Virginia,3/25/2024
CUST4544,Gregory,Moore,johnsaunders@jones.info,+1-074-871-5860x01009,"467 Gonzalez Vista Apt. 305, Moranview, AZ 77458",Kanemouth,Rhode Island,1/15/2023
CUST4545,Kyle,Macias,anthony56@rocha.com,1973205142,"41735 Robert Rapids Suite 590, Joseside, NV 74500",East Marcus,Alaska,11/25/2024
CUST4546,Michael,Patrick,kari40@beck.com,(485)688-6901,"5705 Robles Port, Browntown, ME 16794",Port Martin,Arkansas,3/4/2024
CUST4547,Michael,Smith,elizabeth91@wood.net,773-437-4941,"411 Abigail Cliff Apt. 242, South Maria, AZ 64827",North Robert,Kansas,6/23/2022
CUST4548,Julie,Singleton,isnow@hotmail.com,+1-116-040-0096x54803,"30593 Christopher Causeway Apt. 923, Nicholasfurt, AR 68809",Juanchester,North Dakota,5/25/2022
CUST4549,Todd,Elliott,nwilliams@gmail.com,(834)095-3041,"240 Katherine Fords, Georgestad, KY 03349",West Mark,Nebraska,6/12/2024
CUST4550,Jessica,Lee,marie73@estrada.org,(265)746-1999x226,"0901 John Light, Jonathanberg, UT 08253",Cervantesfort,Ohio,2/24/2025
CUST4551,Karen,Odonnell,liusamantha@yahoo.com,(433)948-5889x28225,"323 Walker Bypass, Port Wandabury, IL 66509",New Nicholasfurt,Rhode Island,6/25/2023
CUST4552,Leslie,Sims,monica25@hotmail.com,+1-260-102-6270x27525,"9447 Kline Drive, Jessicabury, NJ 49907",Port Brandon,West Virginia,5/30/2023
CUST4553,Angel,Ramsey,phillipvalencia@alvarado-payne.org,001-019-965-9612x646,"65557 Fields Orchard Suite 087, West Raymond, CT 05304",Bradfordmouth,New York,12/8/2023
CUST4554,Andrew,Levine,mark94@curtis-tate.com,574-048-5471x311,"55622 Lee Junction Apt. 237, New Robertton, IL 37722",New Terrimouth,New Mexico,11/28/2022
CUST4555,Brenda,Salas,ricky78@le-taylor.com,626-822-3582,"54274 Bennett Shore, New Nicholastown, IN 69006",Karenberg,Wyoming,12/31/2023
CUST4556,Kevin,Murray,tyleranderson@smith.com,2336408355,"1433 Marshall Via Suite 770, East Eric, DC 59277",Summerstown,Washington,3/23/2025
CUST4557,Michelle,Banks,marcus08@brown.com,650-237-1626x82550,"8538 Margaret Throughway Suite 288, Karinaview, MS 63212",West Josephborough,Michigan,4/4/2024
CUST4558,Jeffrey,Jones,alicia13@yahoo.com,001-749-824-4620,"699 Christopher Falls, East Brian, MA 37990",Ianshire,Nevada,12/7/2024
CUST4559,Catherine,Glover,ramirezglenn@johnson.com,001-002-030-1525x57672,"USS Miller, FPO AE 01493",Lake Lauren,Massachusetts,7/24/2024
CUST4560,Anthony,Gomez,ppalmer@moss.info,562-263-3394x9891,"067 Howard Highway Apt. 090, New Coreymouth, DC 30496",Port Thomasland,Maine,3/23/2024
CUST4561,Cody,Gallegos,huntjason@lopez.com,+1-668-635-3941x41014,"584 Day Lake, Beckhaven, WY 81169",Ryanberg,Montana,5/10/2023
CUST4562,Sharon,Bell,katrinaflynn@lopez.com,(714)478-8364,"10984 Rhonda Knoll, Michaelamouth, IA 47042",Christinafurt,Montana,11/16/2022
CUST4563,Julie,Lane,cfernandez@bowman.com,+1-739-742-1393x745,"20541 Amy Row Suite 647, East Pamela, MO 88975",South Brandibury,Nevada,6/8/2022
CUST4564,Shawn,Diaz,wolfeemily@camacho-marshall.com,001-774-744-7604x49890,"5554 Amy Brook, Jamiebury, AR 80421",Lisabury,Vermont,12/12/2023
CUST4565,Thomas,Krause,dalestephens@brown.biz,656-479-1038,"15771 Yvonne Street Apt. 618, Mirandaburgh, HI 09716",East Ashleeville,Montana,8/8/2023
CUST4566,Kimberly,Dalton,phampaul@cabrera.com,(548)699-3333x9942,"0267 William Light, New Nancymouth, AK 65758",West Eric,Texas,3/18/2025
CUST4567,Christina,Wagner,scottjames@mann.info,6209029416,"14949 Garcia Mountains Suite 103, Hernandezbury, OR 06753",East Emily,Minnesota,3/6/2023
CUST4568,Lisa,Scott,porterbradley@gmail.com,389-548-9181x2143,"170 Robert Light, Oliviatown, WY 52885",Tinabury,Indiana,7/19/2022
CUST4569,Rita,Estrada,jbrown@benitez.net,272.173.6279,"02021 Marquez Lodge Suite 580, Dannystad, UT 25818",North Martin,Texas,9/8/2022
CUST4570,Gail,Barnett,ewright@yahoo.com,(836)542-1739,"3561 Holloway Springs, North Andrewshire, IA 66054",Colemanview,Connecticut,6/1/2024
CUST4571,Brittany,Burns,nathaniel24@hotmail.com,001-066-300-8332x7913,"USS Jacobs, FPO AA 00525",Autumnland,Kentucky,5/11/2022
CUST4572,Nicole,White,huffmanwilliam@miller.com,(109)064-2496x80158,"1653 Carolyn Forges, Markshire, TX 19060",Abbottborough,Mississippi,3/22/2024
CUST4573,Katelyn,Wiley,willisdavid@gmail.com,001-036-257-3961x9461,"57982 Jacobs Ramp, East Christina, LA 55742",Lake Donaldhaven,Nevada,9/25/2023
CUST4574,Michelle,Mccarthy,michele64@james.com,001-622-053-3545x3359,"17545 Hooper Lakes Suite 002, Leeburgh, OR 04230",Collinschester,New Hampshire,3/27/2025
CUST4575,Dustin,Swanson,debrabrooks@gmail.com,001-610-811-6793x34862,"26829 Garcia Heights, Lake Eddieside, IA 64210",Martinborough,West Virginia,2/22/2023
CUST4576,Jennifer,Fischer,taylor40@hotmail.com,+1-935-153-2260x1021,"9766 Bruce Extensions, Lynchberg, NE 26710",Rebeccabury,California,8/1/2024
CUST4577,Katie,Leach,uhall@anderson.biz,393.627.2058x067,"581 Hill Track Suite 872, North Jacob, GA 96028",West Scott,California,2/18/2024
CUST4578,Michael,Bush,joelashley@gmail.com,(388)847-6385,"563 Alexander Dale Apt. 897, Lake Daniel, SD 40437",New Alexisberg,South Dakota,11/11/2022
CUST4579,Abigail,Gregory,howellcody@gmail.com,+1-545-426-4936x53713,"4720 Hernandez Spurs Apt. 300, Amandaton, OH 76366",North Davidburgh,North Carolina,8/13/2023
CUST4580,James,Krause,katherinecrawford@roy-bell.info,074-726-9621x548,"4228 Avery Path, Greenton, NH 41748",Colemanmouth,Alaska,8/16/2024
CUST4581,Zachary,Gray,michael82@yahoo.com,-1984,"94482 Mark Village, Brownview, TN 56649",South Brittanymouth,Alabama,11/6/2023
CUST4582,Kimberly,Roberts,logantheresa@klein-robinson.biz,001-750-525-1875x1059,"8738 Pratt Expressway, West John, NY 70261",Port Jenniferton,Michigan,3/1/2025
CUST4583,Julie,Melendez,patelsamantha@gmail.com,5144592525,"808 Flores Ranch Apt. 889, North Jeffreyton, IA 71087",East Grant,Tennessee,6/1/2024
CUST4584,Kevin,Morgan,barbarasmith@singh-franco.biz,975790214,"41821 Morrison Throughway, Kaylaview, CT 56267",Lake Nicholas,Michigan,4/8/2025
CUST4585,William,Walsh,blee@bartlett-castaneda.com,001-722-0302,"920 Benjamin Green Suite 269, Kelleyview, DC 01642",Bradleybury,Nebraska,8/18/2022
CUST4586,Phillip,Torres,aallen@wood-green.biz,+1-898-051-3936x217,"07853 Riley Bridge, Port Tammy, ID 61935",Martinland,Arizona,5/26/2022
CUST4587,Larry,Cervantes,smorgan@erickson.com,764.964.2498,"7083 Jennifer Pass, Anthonyport, NH 43785",Karenville,Hawaii,6/8/2024
CUST4588,Joshua,Wells,joshuawhite@moore-horton.com,576.540.0850x52158,"68784 Haynes Plain, Dianastad, VT 82511",North Melissa,Washington,12/29/2022
CUST4589,Danielle,Kim,jasminebeasley@nguyen-grant.biz,001-097-337-2450x920,"746 Christie Squares Suite 894, West Nancyberg, NC 89291",East Danielfort,Pennsylvania,12/17/2023
CUST4590,Kathryn,Reid,jimmysimpson@alvarez-bowman.org,(165)015-5265x615,"84760 Brooke Lodge, Morgantown, NC 08992",West Christophermouth,Mississippi,1/14/2023
CUST4591,Lisa,Sandoval,johnvincent@gmail.com,(581)814-1874x142,"890 Mercedes Center, Patrickland, AZ 99106",Jonesborough,Hawaii,5/4/2024
CUST4592,Steven,Kirk,aprillester@hotmail.com,223-695-5950,"52149 Lawrence Underpass, Harperland, MA 57689",West Suzannefurt,New Mexico,1/31/2025
CUST4593,Nathan,Perez,castilloroger@hotmail.com,+1-812-883-1119x055,"6430 Orr Court Apt. 935, Larryton, OK 53388",Davidland,Utah,3/11/2023
CUST4594,James,Williams,triley@yahoo.com,(024)600-9992,"69792 Joel Isle, Port Christopher, WA 53000",Jeremyfurt,Oklahoma,10/19/2023
CUST4595,Susan,Hall,michaelbentley@yahoo.com,281.097.0519x0674,"55849 Kimberly Center Apt. 226, Christophermouth, TN 01896",Stacymouth,Kentucky,1/5/2025
CUST4596,Kevin,Faulkner,xvelazquez@yahoo.com,(189)812-0016x92776,"56271 David Heights, North Danny, FL 02489",Johnnyfurt,Wisconsin,1/27/2025
CUST4597,Victoria,Martin,jeffreysullivan@yahoo.com,001-838-035-1338x7378,"117 Melissa Throughway Suite 106, Paulaburgh, VT 31171",Johnsonchester,Colorado,3/7/2023
CUST4598,Tara,Williamson,emily74@baker-clark.com,6899674450,"08883 Adams Road Suite 377, South Erik, IN 38655",Stuartstad,Oregon,6/17/2022
CUST4599,Pamela,Smith,alexandriaharris@hotmail.com,108-585-2674x27065,"01362 Smith Circles, West Brian, HI 56593",Contrerasmouth,Arkansas,2/27/2024
CUST4600,Justin,Cook,jonescory@hotmail.com,112.840.4093,"5419 Christopher Parkway, East Christopher, KS 16231",Andersonburgh,Wisconsin,9/1/2024
CUST4601,Marcus,Murphy,michaelgriffin@khan-ward.biz,001-750-070-7949,"5676 Mariah Loaf, Patriciaport, TN 08016",South Jacquelinebury,Massachusetts,2/4/2025
CUST4602,Marcus,Fernandez,edward89@gmail.com,919.689.3937x31201,"0101 Byrd Harbors, North Jennifer, PA 90970",West Robinview,South Carolina,9/2/2023
CUST4603,Ashley,Turner,curtis51@hotmail.com,8034175982,"Unit 1890 Box 4064, DPO AP 55274",Vegaton,Hawaii,5/23/2023
CUST4604,Mary,Hernandez,rangelalan@lucas.com,+1-311-048-2119x239,"43848 Norris Port, Anthonyview, PA 81086",Adammouth,Minnesota,5/2/2024
CUST4605,Brandon,Williams,farrelljustin@farmer.com,685-084-5827x7231,"PSC 2866, Box 2798, APO AA 07125",West Jenniferborough,Nebraska,4/15/2025
CUST4606,Dawn,Williams,deborah08@gmail.com,742-379-4634x27971,"30064 Gonzalez Branch Suite 999, South Shellyburgh, DE 61978",Jonathanfort,West Virginia,10/16/2022
CUST4607,Kim,Lee,ashley20@rivera.net,(214)636-9934,"539 Torres Mission Apt. 756, Jenkinsmouth, MO 62622",Kellybury,Oregon,4/20/2023
CUST4608,Robert,Green,rosedanielle@gmail.com,505.512.6140x574,"083 Kirsten Crossing Suite 177, Whitefurt, OR 67311",Davistown,New Jersey,11/6/2024
CUST4609,Valerie,Dudley,phillip41@yahoo.com,886-269-4525x960,"97417 Renee Crescent Suite 828, Jimmyshire, OR 22530",Michealstad,Rhode Island,10/3/2024
CUST4610,Edward,Moreno,lisajackson@yahoo.com,001-700-666-2001x45018,"4591 Jasmine Viaduct, Port Sylvia, NV 09152",Erinfort,Iowa,2/15/2024
CUST4611,Kyle,Green,phillipscharles@patton.com,001-729-214-7807x687,"90442 Tammy Trace Apt. 962, New Robertburgh, MA 21984",Baileyview,Virginia,12/17/2022
CUST4612,Heidi,Montgomery,nvillarreal@thomas-steele.com,138-004-5186x229,"446 Brian Rapid, West Christopherborough, NV 49540",Martinstad,North Dakota,3/27/2024
CUST4613,Travis,Benton,fernando23@little.biz,660-730-4131x711,"0074 Ariel Brooks Apt. 595, Annamouth, WV 06524",Thomasland,Wisconsin,10/7/2023
CUST4614,Kirsten,Riggs,williamconner@yahoo.com,+1-638-212-0505x18714,"943 Mark Drive Suite 003, New Jesus, IA 28530",North Tonyamouth,Louisiana,4/12/2023
CUST4615,Alyssa,Howard,floreschelsea@hotmail.com,+1-803-865-9385x37141,"USNS White, FPO AE 49065",South Jessica,Indiana,3/23/2025
CUST4616,Stacey,Richard,arielbates@gmail.com,001-736-658-3699x0205,"295 John Meadows, Mcleanshire, WY 64238",Evansport,South Carolina,2/2/2025
CUST4617,Amanda,Rowe,rsanchez@gmail.com,+1-840-429-3768x029,"4678 Aaron Lights, Kylebury, VT 00574",North Justinmouth,Pennsylvania,4/13/2023
CUST4618,Patrick,Hill,mahoneyaustin@brown.com,179.421.3476,"16333 Jennifer Plains, West Christopher, OH 86556",Lake Nataliebury,Maine,9/8/2024
CUST4619,Martin,Summers,ashley64@hotmail.com,440-642-4614,"821 Smith Square, West Stevenburgh, SD 99744",New Frank,North Dakota,8/17/2022
CUST4620,Juan,Flowers,chad69@esparza.biz,(922)416-6305,"879 John Forest, New Michael, UT 98357",Tranhaven,Delaware,1/13/2025
CUST4621,Nathan,Gibbs,cameronanderson@martin-woods.org,(985)243-9409,"253 Castillo Fields Suite 377, New Heidi, MN 21190",Michaelmouth,Colorado,4/23/2024
CUST4622,Jessica,Hoover,joelewing@yahoo.com,(187)882-7556,"069 Ronnie Neck, South Carolynbury, IA 42608",Alexanderstad,Montana,1/13/2025
CUST4623,Laura,Brown,scott32@carlson-taylor.com,6319307625,"08220 Frank Mountains Apt. 444, Warehaven, CA 88265",Port Juan,Missouri,6/19/2024
CUST4624,Lori,Harris,montoyamichael@gmail.com,(930)270-4252x267,"792 Tiffany Hill Apt. 617, Hannahborough, ND 14740",Donnaville,Oregon,2/6/2025
CUST4625,Jeanette,Harris,ericjordan@gmail.com,001-856-229-8591x45290,"389 Hayes Stravenue, Aguilarmouth, VA 78356",East Jessica,Virginia,5/24/2022
CUST4626,Cynthia,Arnold,jeremy65@torres.org,121-472-9439x347,"2032 Vang Island, Lake Dustinfurt, LA 78707",Cuevasbury,Utah,4/1/2025
CUST4627,Tonya,Solomon,jcohen@hotmail.com,-9309,"273 Leonard Rapids, Hernandezburgh, FL 35788",West Nicoleview,Alabama,1/7/2023
CUST4628,Jeff,Jones,patricklawrence@gmail.com,-4063,"91241 Hernandez Street Apt. 363, North Mirandahaven, WA 77997",Mooreton,Oregon,10/16/2024
CUST4629,Carly,Gonzalez,pcurtis@gmail.com,500.472.1446x1364,"595 Matthew Union Suite 910, Washingtonstad, OK 89249",Lake Rhondaborough,Wyoming,10/19/2024
CUST4630,Elizabeth,Soto,ianaguilar@evans-jones.com,252-911-4879x52239,"Unit 9826 Box 1465, DPO AE 98009",West Nicole,New York,11/27/2024
CUST4631,Katherine,Barber,nsimon@gmail.com,(609)390-3541x02607,"349 Andrew Club Apt. 099, New Brianshire, NC 84682",Emilyville,Nebraska,2/15/2025
CUST4632,Chad,Duncan,katherine93@yahoo.com,+1-724-424-1281x00268,"45507 John Crossing, East Ann, AL 09608",Dodsonburgh,Arkansas,2/2/2025
CUST4633,Nancy,Powers,youngelizabeth@hancock-mcmahon.com,9632281775,"563 Kimberly Creek Apt. 133, Jarvisborough, NM 58752",East Jenniferbury,Louisiana,9/5/2023
CUST4634,Gregory,Spencer,morrisonjessica@gilbert-mcmillan.org,+1-221-863-7021x87234,"Unit 2200 Box 1246, DPO AP 91695",South Sharonfort,Wisconsin,1/19/2025
CUST4635,Stephanie,Aguilar,lynnjoshua@robbins-silva.com,631-492-0785x921,"024 Matthew Circles Apt. 706, East Ashley, IN 17513",New Andrew,Louisiana,10/16/2023
CUST4636,Justin,Smith,karengonzales@howard-davis.info,4523739370,"795 Austin Lock Apt. 119, East Michelleburgh, IA 32755",Evansburgh,Arizona,12/13/2022
CUST4637,Patrick,Cole,yreilly@yahoo.com,+1-108-063-9141x047,"858 Wright Center Apt. 880, West Cindyville, DC 44801",Henrybury,Michigan,3/24/2024
CUST4638,James,Martinez,ginabird@yahoo.com,531.116.8861,"20970 Rachel Passage Suite 905, Floresfurt, FL 01856",Flemingchester,Hawaii,5/6/2023
CUST4639,Janice,Owens,yhoward@yahoo.com,(001)749-9085x59986,"791 Kristen Stravenue, Lake Meghanfort, CA 82223",Lake Michael,Indiana,8/17/2024
CUST4640,William,Morales,jeffreydavis@hotmail.com,(628)593-4613,"PSC 0506, Box 0892, APO AA 81409",Robertview,Georgia,4/29/2024
CUST4641,Carlos,Fernandez,xmccormick@hotmail.com,001-769-534-7404x706,"01764 Javier Glens Apt. 357, Richardborough, MI 40482",New Connor,Illinois,4/14/2024
CUST4642,Jennifer,Porter,jeremiah94@gmail.com,307-773-6178x13919,"302 Shane Junction Suite 470, Franklinstad, DC 75092",New Stephanie,Arkansas,6/9/2024
CUST4643,Jesus,Leon,careymelissa@gmail.com,967-070-7545x944,"7304 Johnson Crossroad Suite 769, North Crystal, VA 11017",Fitzgeraldside,Nebraska,8/15/2023
CUST4644,Daniel,Bell,arthur11@gmail.com,(207)317-8679,"52492 Dustin Port, Harrisville, OK 74417",Lake Randy,North Carolina,4/2/2023
CUST4645,Ronald,Harris,leslieharris@yahoo.com,004.652.1202x066,"065 Cooper Isle, East Melanie, PA 68159",Millerhaven,New Hampshire,10/17/2022
CUST4646,Daniel,Moreno,danieljohnston@gmail.com,437.225.1059,"07059 Parsons Orchard Apt. 097, Anthonyfort, ME 06694",Dixonburgh,Hawaii,5/16/2022
CUST4647,Jessica,Moore,robertphillips@strickland.net,419.361.6992x4402,"Unit 8364 Box 8118, DPO AA 36785",Davidville,Minnesota,8/31/2022
CUST4648,John,Brown,jessica42@skinner.net,001-459-572-0760x699,"Unit 2650 Box 8294, DPO AA 77688",Alyssaborough,North Dakota,11/24/2023
CUST4649,Olivia,Jones,shannondecker@hotmail.com,(020)016-9821x74889,"37599 Kelly Dam Suite 515, Lake Pamela, IA 93117",East Devin,Oklahoma,10/21/2023
CUST4650,Diana,Jackson,andrew14@gmail.com,+1-544-776-0357x151,"4759 Samantha Falls, South Joe, NV 34484",North Tamara,Louisiana,7/12/2022
CUST4651,Alicia,Luna,taylor31@yahoo.com,+1-984-464-4971x71181,"937 April Stravenue Apt. 908, Tonyafort, HI 49231",Hendrixbury,North Carolina,5/20/2023
CUST4652,Aaron,Watson,mcphersonjennifer@hotmail.com,(477)004-1375,"5438 Michele Center, West Joshuaville, VT 25964",Lake Aprilville,Maryland,10/4/2024
CUST4653,Charles,Wilson,vmorris@gmail.com,2405898868,"0474 Robinson Mountains Suite 641, Fernandezhaven, AZ 28846",Elizabethshire,South Carolina,6/10/2022
CUST4654,Jasmine,Jefferson,smithdeborah@knight.com,001-303-629-1468,"581 Scott View, East Jillianstad, GA 17554",Christychester,New Hampshire,1/20/2024
CUST4655,Carrie,Fritz,hartmanstephanie@tyler.com,244-949-2917,"6369 Andre Forks Suite 093, New April, ND 71101",West Kevinmouth,New York,8/14/2024
CUST4656,Meagan,Davis,mcdanieljennifer@gmail.com,658-479-3202x095,"1577 White Knolls Apt. 888, Michealside, IA 49342",Lake James,Rhode Island,11/4/2023
CUST4657,Heather,Caldwell,hwhite@yahoo.com,119.244.2336x933,"6858 Daniel Fort Apt. 458, West Ray, CO 03539",Richardfort,Florida,7/13/2024
CUST4658,Pamela,Gregory,yhenderson@marshall-smith.info,+1-472-639-7489x022,"5827 Robinson Loaf Apt. 518, New Blakemouth, IA 95520",Lake Jasonchester,California,1/6/2023
CUST4659,Joseph,Reilly,devans@yahoo.com,686-531-6607,"441 Kevin Park, Amandaview, LA 08732",Juarezmouth,Utah,4/2/2023
CUST4660,Charles,Russell,lowebruce@coleman.com,+1-881-103-2511x48804,"PSC 6029, Box 1506, APO AE 84989",Robinport,Florida,3/15/2023
CUST4661,Julie,Miller,michael13@gmail.com,001-954-197-2437x2612,"08934 Farley Alley Apt. 237, Hollandport, AZ 03597",New Candice,Massachusetts,10/11/2022
CUST4662,Shawn,Green,dunnjamie@gonzales-torres.com,5161957520,"1176 Rebecca Plains, Vargasborough, AK 30380",Hayesstad,Arkansas,11/29/2022
CUST4663,Maureen,Mcguire,eward@gmail.com,-3880,"PSC 6894, Box 4681, APO AP 90457",South Danielborough,Florida,2/4/2023
CUST4664,Daniel,Wilson,erodriguez@cook.org,6274262652,"078 Leslie Junctions, Valenzuelashire, SD 88185",Vincentfort,Michigan,5/23/2022
CUST4665,Hunter,Brown,garciajesse@gmail.com,(352)651-7402x08856,"1410 Michael Rapid, Stephenberg, ME 08561",Shelleymouth,Arizona,3/6/2025
CUST4666,Frances,Johnson,grayjeffrey@hotmail.com,777.036.0285,"8903 Parker Plains Apt. 113, New David, NM 54912",Port Robert,Delaware,9/23/2022
CUST4667,Christopher,Garrett,webbpamela@gmail.com,589-255-5468,"68622 Dunlap Meadow Suite 501, Tiffanyside, LA 09446",Hancockton,Alabama,1/11/2025
CUST4668,Alexis,Reyes,russokaitlyn@yahoo.com,860.152.6664,"83586 Noble Islands, Mcphersontown, WV 19587",Marystad,Hawaii,1/10/2024
CUST4669,Jonathan,Hampton,jeffreyking@yahoo.com,522.526.6733x4128,"9369 Hannah Roads, Alanborough, GA 94299",Port Samanthabury,Oregon,2/5/2025
CUST4670,Emily,Bowers,garciajacob@gmail.com,(461)457-2514,"28883 Theodore Canyon, Shawland, WY 07525",Port Nicole,Indiana,11/15/2022
CUST4671,Jasmine,Meza,kelly19@jones-george.info,(880)122-2665,"39332 Kristine Canyon, Alexview, SC 77785",Tommymouth,Missouri,10/16/2023
CUST4672,Corey,Lowery,alyssamelton@hotmail.com,+1-100-725-7572x19881,"5021 Kathryn Light, Matthewmouth, HI 65260",New Donald,Mississippi,8/7/2023
CUST4673,Jason,Montes,garymiller@harmon-kim.net,001-629-671-5141x5821,"749 Douglas Expressway, Russellburgh, VT 58092",Robertobury,Florida,5/30/2022
CUST4674,Lori,Thompson,estradacarla@yahoo.com,(191)117-9078,"PSC 7638, Box 7256, APO AA 45079",Lake Victormouth,Connecticut,7/11/2024
CUST4675,Peter,Anderson,kimberlymartinez@pineda-powell.org,356-360-8468x036,"44365 Hoffman Centers Suite 684, Jasonberg, NV 96693",South Jennifer,Rhode Island,7/23/2023
CUST4676,Brian,Warren,micheal94@jones-simmons.org,(925)486-2104,"327 Deborah Gateway, Jordanhaven, OK 67782",North Corey,Wyoming,5/19/2024
CUST4677,Abigail,Peterson,jilliankelly@gmail.com,409.597.8080,"Unit 4493 Box 7642, DPO AA 66209",New Wesley,Pennsylvania,1/7/2023
CUST4678,David,Cannon,david45@baker-velasquez.net,(230)637-2855x62917,"03160 Haynes Vista Suite 653, Armstrongtown, WV 20353",Bethanyview,Indiana,10/15/2022
CUST4679,William,Wilson,hollyedwards@white.org,001-226-609-3281x650,"8322 Darrell Fall Apt. 833, West Ernestborough, UT 96675",South Natalieview,Utah,6/3/2022
CUST4680,Matthew,Baker,jennifer46@hotmail.com,512.390.5056x46585,"PSC 4510, Box 5384, APO AA 20595",Michelleborough,North Carolina,9/20/2022
CUST4681,Emily,Johnson,sarah01@hotmail.com,+1-405-783-5998x95641,"537 Michelle Mill Apt. 765, Smithborough, AK 64821",Davidsonburgh,New Hampshire,3/28/2023
CUST4682,Gina,Gilbert,vcarter@hotmail.com,047.382.6134,"7659 Ashley Shoals, Davidhaven, VA 19257",South Angelahaven,Tennessee,4/18/2024
CUST4683,Kimberly,Gamble,juarezsean@gmail.com,8396370877,"6984 Davidson Fork, Josephport, TX 11510",Hurstland,Idaho,5/31/2023
CUST4684,Christina,Garcia,jacob06@gmail.com,391.623.6203,"94418 Fletcher Locks Suite 619, Jeffreyville, KY 00700",New Kathrynview,Montana,7/17/2024
CUST4685,Chloe,Barnes,tonya09@yahoo.com,4912816444,"96846 Bell Courts Suite 477, Alexandermouth, NJ 41241",Kimberlychester,Missouri,3/8/2025
CUST4686,Joseph,Barber,brittneyblack@hotmail.com,245.315.8777x4292,"19045 White Shoals, North Jennifer, NH 97212",Tammyborough,Iowa,5/18/2024
CUST4687,Lauren,Odom,jimesparza@yahoo.com,(017)745-1378x74064,"236 Michele Knolls Suite 988, Michaelshire, KY 56157",Jonathanmouth,Colorado,7/6/2022
CUST4688,Robin,White,vwoods@johnson.biz,+1-234-852-2684x0241,"9616 Horne Circles, West Robertland, MD 67808",North David,Oklahoma,10/5/2024
CUST4689,Kevin,Moody,jessicafuller@ramirez.net,023.613.1115x53940,"PSC 6038, Box 0167, APO AE 67376",New Alexandraland,New Mexico,5/21/2022
CUST4690,Matthew,Brooks,jcharles@mullen.com,(236)862-9076x405,"Unit 7786 Box 7885, DPO AE 26695",Phillipsville,California,9/12/2024
CUST4691,Philip,Hunter,tina16@yahoo.com,792-979-8411,"5594 Kevin Mission Apt. 803, Patricktown, NM 66417",East Robertport,Iowa,4/14/2024
CUST4692,Ann,Schultz,kimberlybennett@hotmail.com,+1-365-723-2240x66988,"355 Alvarez Court, Youngside, NC 78675",West Richardstad,Maryland,6/27/2024
CUST4693,Christopher,Dickerson,davidhinton@yahoo.com,001-121-627-8069,"15032 Holly Islands, West Phillip, NY 78731",Johnsonberg,New York,8/23/2024
CUST4694,Dustin,Jimenez,erikamoore@hotmail.com,+1-770-881-4665x827,"493 Sanchez Street, Frostshire, OR 61122",Anthonyview,Connecticut,9/26/2024
CUST4695,John,Kline,ericamorrison@yahoo.com,(334)942-0399,"087 Sparks Station, Grahambury, OK 81895",Port Roberttown,Massachusetts,9/7/2024
CUST4696,Jonathan,Stanley,thomas49@gmail.com,060.005.3185,"1514 Steve Trafficway, East Jonathanport, HI 10088",New Eduardo,South Dakota,11/19/2023
CUST4697,Andrea,Thompson,eellis@yahoo.com,001-859-672-3798x938,"602 Colleen Road Suite 670, Andrealand, NY 71953",Ericksontown,Hawaii,11/13/2023
CUST4698,Lauren,Alvarado,batestaylor@phillips-young.net,758.264.8419,"USS Roberts, FPO AP 79499",Marcusland,North Carolina,6/8/2022
CUST4699,Angela,Gonzalez,carlos08@hotmail.com,9628952252,"8588 Trujillo Spurs, New Jefferyfurt, NH 22299",Hamiltonchester,Michigan,3/9/2024
CUST4700,Elizabeth,Travis,nlambert@johnston.com,+1-982-756-7311x90809,"63506 Michael Stream Suite 421, Danielburgh, TN 01992",Campbellhaven,New York,4/26/2022
CUST4701,Barbara,Navarro,ginahoffman@mcdaniel.com,567.594.2304x7247,"796 Ray Garden, Austinside, NV 19255",North Erinberg,New York,6/7/2022
CUST4702,Ashley,Bates,susanblevins@hotmail.com,749.600.2516,"06360 King Estate, Juanview, VA 75811",New Justinview,Indiana,7/19/2024
CUST4703,Christina,Black,onunez@gmail.com,309.297.0613x90296,"489 Martinez Cove Suite 039, Mcintyremouth, DE 08786",Haleport,Illinois,5/6/2022
CUST4704,Jason,Leonard,susan55@dillon.com,681.360.1608,"8034 Antonio Mall, Lake Nicole, GA 64336",West Colleen,Louisiana,4/25/2022
CUST4705,Mary,Green,efuller@hotmail.com,229.071.3512,"56352 Love Garden Apt. 755, South Alvinmouth, IL 09409",Johnbury,Washington,10/19/2022
CUST4706,Charles,Wu,travis86@ramirez-turner.com,+1-594-776-2715x18560,"011 Ashlee Islands Suite 729, Cooketon, NC 78361",South Becky,Hawaii,1/5/2025
CUST4707,Ashley,Washington,johnwilliams@cobb.net,755.648.3040x316,"353 Stacy Row Suite 762, West Christineside, KY 64164",Butlerfort,Nebraska,2/12/2023
CUST4708,Ryan,Cain,joanna61@yahoo.com,5039019250,"4340 Stewart Squares Suite 799, Lake Sharon, NC 81674",West Kathleen,Virginia,4/11/2025
CUST4709,Debbie,Dominguez,ramseychristopher@hotmail.com,1368446344,"22863 Booth Park Suite 661, Hernandezstad, VA 92858",Cookborough,Minnesota,10/25/2024
CUST4710,Victoria,Miller,amy69@bates-morgan.com,114.072.5066x7561,"490 Rose Way Apt. 372, Walterstad, MD 93771",New Pam,Missouri,10/4/2022
CUST4711,Angel,Estrada,wjohnson@cabrera-pratt.org,090.228.9498,"61365 Kristine Hills, New Heathertown, NC 53445",East Brandibury,Nevada,4/3/2023
CUST4712,Devin,Villegas,garrettgonzales@davidson-smith.info,(480)264-6757x0747,"06101 Edwards Circles, Branchchester, WA 97682",Burgessberg,Nevada,5/16/2024
CUST4713,Vanessa,Robertson,brandon94@yahoo.com,+1-951-528-2161x8883,"8504 Tim Lodge, New Davidmouth, NJ 09305",Markshire,Connecticut,10/4/2024
CUST4714,Rhonda,Knox,richardsonveronica@mcintyre-miller.com,324-690-8742,"636 Roberts Meadows, New Veronicaburgh, OH 46860",Lake Christopherhaven,West Virginia,5/7/2024
CUST4715,Crystal,Ritter,sarah76@shaffer-johnson.net,939-525-0947x6778,"590 Timothy Village Apt. 648, Maryberg, IL 82389",Davisbury,Idaho,12/31/2024
CUST4716,Destiny,Mitchell,cassandraclark@hotmail.com,+1-058-251-7722x500,"USNV Reed, FPO AP 11875",North Michaelshire,Mississippi,12/27/2024
CUST4717,Brady,Lane,lindsey66@jones.com,517.257.6201x443,"987 Leblanc Valleys, East Terristad, NE 06717",South Maxwell,Hawaii,1/21/2025
CUST4718,Elizabeth,Barnes,margaretcox@hotmail.com,518.868.5049,"USNV Mccullough, FPO AP 44047",Lake Katrinahaven,Maine,6/20/2024
CUST4719,Katelyn,Fletcher,waltersjoyce@perez.com,905.723.0393x77105,"25321 Sarah Springs Apt. 111, Port Williamville, SC 44106",East Patrick,Iowa,4/18/2023
CUST4720,Brandy,Ramsey,wburnett@gmail.com,241.799.5474,"052 Angela Plains Apt. 048, Tammyborough, CA 91132",Deannaville,Pennsylvania,10/7/2023
CUST4721,Krista,Kaufman,tracy71@johnson-valenzuela.net,(747)354-7844,"351 Taylor Plain Suite 965, Pamelafort, VT 80213",Port Robertland,Colorado,8/18/2024
CUST4722,Jennifer,Miller,dcox@simpson-salazar.com,346-629-5267x02787,"83386 Wilkerson Mountains Suite 407, South Brett, MS 11489",Courtneyhaven,Wyoming,1/24/2024
CUST4723,Kyle,Joseph,igross@macdonald.com,001-882-262-5031x377,"904 Samantha Keys, Donnamouth, NM 29623",West Jesse,Wisconsin,11/3/2024
CUST4724,Melissa,Howard,ubrooks@gmail.com,313.595.7567,"PSC 1933, Box 2240, APO AA 35127",Wheelerhaven,Indiana,3/18/2023
CUST4725,David,Giles,wilsonkaren@gmail.com,363-241-7413x32853,"29211 Hays Light Apt. 467, Jenniferhaven, ME 35253",Port Lauren,Florida,1/18/2025
CUST4726,Mark,Schneider,abigail23@gmail.com,289.874.9653x459,"020 Williams Locks, Bradleyside, WY 41053",Jasonfurt,Mississippi,11/5/2023
CUST4727,Michael,Jacobs,weberkenneth@hotmail.com,414.984.2395x046,"430 Jones Mount Apt. 217, Phillipstown, CT 81566",Andreaport,Delaware,8/19/2024
CUST4728,Craig,Cannon,rachel72@norton.com,419-279-7704x6555,"PSC 4778, Box 8811, APO AP 66055",Scottburgh,New Jersey,8/27/2024
CUST4729,Zachary,Stevens,hartbarbara@thompson-torres.com,(347)067-2496,"17711 Norman Pines, West Robin, MD 76745",East Yvonne,Georgia,4/21/2024
CUST4730,Julie,Holland,vanessagray@rowe.net,(381)525-3198,"793 Mcmillan Walks, West Kathrynberg, DE 65428",Roytown,Michigan,2/18/2024
CUST4731,Jeffrey,Walton,rachel97@hotmail.com,001-881-279-4099,"2985 Pierce Lodge Suite 647, West Courtney, HI 40958",Taylortown,Louisiana,10/2/2022
CUST4732,Michael,Duncan,krichard@leonard.com,768-906-0462x18490,"8237 Mendez Track, East Williamfort, ID 77898",Michelletown,Washington,11/5/2022
CUST4733,Jennifer,Gonzalez,kenneth92@yahoo.com,(865)399-7146x503,"USNS Smith, FPO AP 68504",Stokesberg,Maryland,1/1/2025
CUST4734,Autumn,Hancock,mario23@yahoo.com,-10167,"5220 Yvette Oval, Dianeside, ID 28527",Jennifermouth,Hawaii,2/5/2024
CUST4735,Andrew,Richardson,durancorey@foster-miranda.org,6292781078,"762 Riley Lodge Suite 871, Wendyview, HI 12202",North Christyhaven,Kansas,2/7/2024
CUST4736,Nicole,Wilson,kaitlynhowell@yahoo.com,(757)490-8094x77466,"0778 Carr Isle, Weisstown, TX 87434",East Michaelview,Arkansas,7/24/2024
CUST4737,Sydney,Gray,faith61@sanders-wallace.info,001-911-709-2655x421,"PSC 4228, Box 6493, APO AP 92528",New Jaime,Montana,11/6/2022
CUST4738,Michael,Arellano,gilbertphilip@gmail.com,290.682.3574x3534,"16901 Ellison Harbor Apt. 375, Lake Christopherborough, RI 66498",Changhaven,Mississippi,3/26/2024
CUST4739,Matthew,Rangel,stephaniehiggins@mcdonald.com,001-147-377-0939,"10030 Darrell Manor Apt. 612, Johnchester, OH 81312",Whiteport,Kentucky,6/3/2024
CUST4740,Robin,Jackson,michelle46@gmail.com,5169434029,"34978 Ferguson Park Suite 669, Jamesmouth, AZ 49402",Johnnyside,Vermont,4/23/2023
CUST4741,Stephanie,Tran,barbara03@hotmail.com,001-212-354-9555x0348,"PSC 5666, Box 4791, APO AE 35378",North Christyside,Missouri,5/2/2024
CUST4742,Patricia,Young,imays@elliott.com,125.216.9012x3062,"0129 Stephen Dale Apt. 261, Wilsonport, ND 67204",South Jason,Nebraska,9/27/2022
CUST4743,Melissa,Ray,hunter21@hotmail.com,(929)271-9248x7576,"68862 Penny Drive, Robinfurt, NH 74700",North Jennifer,Idaho,7/8/2022
CUST4744,Tamara,Arias,alexis55@hall-sparks.com,117-478-6866,"87344 Lee Rapid, Ramoshaven, OH 77916",Lake James,Florida,6/4/2023
CUST4745,Christian,Santiago,bchavez@miller-gill.net,119-763-8939,"00138 James Trace Suite 036, Medinafurt, VA 18722",Grossmouth,Pennsylvania,6/30/2024
CUST4746,Samuel,Mcfarland,medinaronald@hotmail.com,(759)115-6476,"4912 Andrew Avenue Suite 245, Mollybury, AL 23382",West Patriciafurt,Indiana,9/18/2022
CUST4747,Linda,Boyd,courtney36@bryant-mcdonald.com,951.300.9871x00170,"2316 Michael Wall Suite 965, Port Charlesstad, SD 49018",North Andrew,Maine,7/23/2023
CUST4748,John,Burns,brandon25@yahoo.com,624-374-3903x9041,"6077 Barry Inlet Apt. 880, East Derrick, WY 64306",Port Joseborough,Iowa,9/19/2023
CUST4749,Natasha,Branch,marroyo@gmail.com,(645)687-6463x568,"6322 Garcia Squares, East Williamhaven, KY 09154",Williamhaven,Pennsylvania,12/16/2024
CUST4750,Katie,Farrell,parkerrose@hotmail.com,+1-128-165-5570x105,"130 Barnes Glen, Smithchester, RI 99677",Kaiserfort,Ohio,9/2/2024
CUST4751,Nicholas,Patrick,dillonluis@hotmail.com,354-335-2318,"32444 Sean Row, Sheilamouth, MS 35419",New Ashley,Michigan,4/14/2023
CUST4752,Leslie,Matthews,alicia97@bennett.org,-5840,"578 Jose Spur Suite 279, Odonnellton, GA 39225",Kristenton,Ohio,2/15/2024
CUST4753,Christian,Cox,bryanttara@smith-smith.info,(059)777-0258,"595 Roberts Greens, West Brenda, NC 26455",Jessicaberg,Alaska,8/11/2023
CUST4754,Michael,Davis,emily17@smith.net,001-792-034-0834x97306,"18559 Marquez Mews, North Krista, MN 45805",Knightfort,Missouri,11/27/2023
CUST4755,Christopher,Miller,garythomas@pineda.com,556.947.7073x819,"226 Williams Lock, Peckchester, TN 17584",East Brandonport,Arkansas,3/30/2023
CUST4756,Heidi,Wolfe,svillegas@yahoo.com,(229)722-3503x90586,"3219 Russell Throughway, Johnsonberg, MT 25800",Jamesstad,Washington,3/2/2025
CUST4757,Diana,Johnson,tdaniel@hotmail.com,588.543.0858,"7989 Audrey Centers Suite 183, West Darren, AL 82827",West Vanessa,Vermont,3/29/2023
CUST4758,David,Smith,rodneywilliams@hotmail.com,983-874-9673,"858 Steven Via Suite 523, Jenkinsview, NJ 00648",Jasonshire,Texas,10/7/2022
CUST4759,Jessica,Banks,robert41@yahoo.com,+1-689-833-6205x8854,"7229 Dawn Club Suite 591, New Dawnborough, AZ 11033",Jonesborough,Arkansas,4/6/2023
CUST4760,Timothy,Drake,christopher82@gmail.com,(123)247-2060,"74739 Shannon Place Apt. 432, North Christopher, WY 25743",East Jennifer,West Virginia,1/12/2024
CUST4761,Seth,Salas,amy81@hotmail.com,(695)915-4549x901,"70389 Janet Oval, Kanehaven, WA 36793",South Henryfort,Alaska,12/25/2024
CUST4762,Rachel,Meadows,april61@smith.com,(222)524-2905x95554,"263 Marc Ports Apt. 972, East Michaelport, MI 94578",Port Danborough,Maine,7/2/2023
CUST4763,Amanda,Contreras,fernandezsydney@ward.biz,638.329.9385x19860,"218 Campbell Stream, Jacobville, UT 20385",Natalieberg,Utah,11/16/2023
CUST4764,Louis,Bates,sgibson@hotmail.com,(205)714-0953x95960,"7241 Morales Burg Suite 768, Schwartzborough, KY 77332",North Andrewmouth,Delaware,10/29/2023
CUST4765,Grace,Cooley,gilbertjames@caldwell-zamora.com,707.733.7699x9383,"14859 Billy Lake, South Dylan, PA 23841",East Allen,West Virginia,9/12/2022
CUST4766,Paige,Fischer,ashley29@yahoo.com,187.385.7840x095,"195 Cameron Key Apt. 808, West Alejandro, AK 63545",South Collinshire,Arizona,12/27/2022
CUST4767,Emma,Clarke,pjohnson@hotmail.com,001-916-787-5664x30526,"80094 John Centers, South Laura, WI 60946",Evansburgh,Minnesota,11/26/2023
CUST4768,Jose,Brown,gloria83@roman-duran.net,001-010-420-3312x4106,"4906 Love Meadow, Lake Michaelview, OH 93506",West Michaelborough,Oklahoma,1/21/2025
CUST4769,Emily,Butler,robert80@cross.biz,5127082543,"5852 Molina Dale Apt. 997, Marybury, HI 67258",South Cody,South Carolina,3/29/2025
CUST4770,Stephen,Gonzalez,fharris@yahoo.com,(924)579-2304x49912,"88430 Alex Ridge, New Richardborough, HI 61633",West Troy,Minnesota,5/19/2024
CUST4771,Michelle,Vasquez,heather39@yahoo.com,1797753700,"71438 Chase Meadow, Lake Tylerborough, MA 84640",South Brett,North Dakota,4/3/2023
CUST4772,Nicole,Reynolds,cblake@pope.com,001-423-925-9543x145,"39853 James Tunnel, Bushbury, OH 59224",Parkerbury,Michigan,2/3/2025
CUST4773,Nichole,Jones,johnsonkenneth@yahoo.com,597.025.9512,"199 Katelyn Unions Suite 137, South Wendy, FL 13238",South John,Hawaii,12/24/2024
CUST4774,Tonya,Young,karamorrison@molina.com,066.813.3897x82036,"1348 Garza Summit, Bartonberg, CT 17653",Courtneyton,Florida,2/9/2024
CUST4775,Julie,Hernandez,suzanne43@davis.com,(344)657-3139,"93558 Bates Pass Apt. 064, Lake Shawnview, WA 27682",Port Christopherton,New Jersey,5/27/2024
CUST4776,Richard,Hernandez,qcamacho@yahoo.com,-8002,"8640 Brittany Inlet, North Danielberg, IN 55476",Lake Bridget,Nebraska,3/9/2023
CUST4777,Pedro,Mcdonald,qbrown@evans-henry.info,001-158-267-1634x674,"USCGC Schultz, FPO AP 17072",South Rodney,Tennessee,8/6/2024
CUST4778,Amy,Warner,maria76@crawford.info,028.607.6021,"03004 Andrew Field Apt. 354, Willischester, AL 92292",North Ashleeville,Washington,10/27/2022
CUST4779,Ivan,Whitehead,andersonheather@yahoo.com,001-484-504-6716x071,"29221 Johnson Manors, East Tracyhaven, NV 79572",Williamsland,Virginia,7/15/2023
CUST4780,Charles,Wood,bishoprebecca@hotmail.com,450-236-6074x3973,"7741 Burton Walks, Powersland, MA 57690",South Ruth,Texas,2/7/2023
CUST4781,Bradley,Smith,brandon61@gmail.com,909-809-7167,"71316 Williams Corners Suite 429, Ochoatown, KS 62482",Lake Saraview,Minnesota,9/1/2023
CUST4782,Howard,Thomas,nelsoncourtney@wise-martinez.net,-8551,"367 Alex Loop Apt. 372, Port Emilymouth, CO 42594",Port Vanessa,Colorado,10/11/2022
CUST4783,David,Diaz,bairdlawrence@gmail.com,170.555.8172x26820,"PSC 3797, Box 4018, APO AE 67487",West Christina,Illinois,6/29/2024
CUST4784,Michael,Rosario,josebridges@rodriguez.com,(777)963-8631x08064,"9756 Kristin Unions Apt. 984, Wadehaven, AK 77098",Jessicaport,North Carolina,5/22/2023
CUST4785,Brandon,Allen,richard38@yahoo.com,589-369-6872,"76065 James Brook Apt. 708, Emilyberg, AZ 87932",Jacquelinefurt,Rhode Island,10/3/2022
CUST4786,Haley,Contreras,micheal24@sandoval.net,001-940-768-8248x8485,"11091 Espinoza Fields, East Annette, IL 96034",Lloydview,Tennessee,1/29/2023
CUST4787,Julie,Johnson,schneiderraven@huffman.info,+1-030-982-7572x769,"928 Theresa Rapids, New Michaelfurt, NY 43659",Bonnieborough,Utah,4/14/2025
CUST4788,Heather,Alexander,vanessaanderson@hotmail.com,468-680-6545x3310,"59866 Steven Burgs Apt. 421, Francoburgh, OK 67137",New Albert,Texas,1/10/2023
CUST4789,Douglas,Riddle,isaac98@yahoo.com,9206460263,"465 Martin Stream, Samanthachester, NY 86077",South Andreastad,Iowa,9/9/2024
CUST4790,Deborah,Hall,reyesrobert@peterson.org,952-065-9339,"894 Dylan Freeway Suite 777, South Jennifershire, NM 75178",Port Wendyton,Pennsylvania,1/15/2023
CUST4791,Yolanda,Pugh,michael81@hall.com,(628)916-5727x4710,"99836 Smith Neck Suite 119, Johnhaven, SC 36713",East James,Arkansas,1/19/2023
CUST4792,Jessica,Clayton,ustone@garrison-navarro.org,+1-953-077-0812x92370,"0920 Katherine Keys, South Jason, CA 12173",South Steven,Maine,5/3/2024
CUST4793,Amy,Brown,obriendonna@hotmail.com,6330536579,"PSC 7546, Box 1957, APO AE 14515",Lake Kristen,Tennessee,5/17/2022
CUST4794,Sheila,Small,rhodesmary@hernandez-peterson.com,(252)923-2740x272,"726 Ronald Union Apt. 858, South Lauren, MN 73013",Lake Sara,Idaho,10/2/2023
CUST4795,Kelly,Martin,wthompson@hotmail.com,+1-851-070-0301x67034,"44039 Theresa Centers, Roseton, WY 95257",Lake Sherriburgh,New Mexico,6/11/2022
CUST4796,Teresa,Wright,swoods@serrano-leon.info,(296)685-4293,"48835 Amber Island Suite 412, East Lisaburgh, NV 94692",Katherinestad,Maine,2/15/2025
CUST4797,Joseph,Baker,rfreeman@gmail.com,551-481-3652,"282 Brooks Mission Apt. 605, Mirandastad, MI 99552",East Paulchester,New Jersey,7/25/2023
CUST4798,Stephen,Rodriguez,vegadenise@george.com,001-308-197-1588x47685,"5524 Austin Radial Suite 327, Emilyville, CA 51339",Hillshire,California,7/31/2022
CUST4799,Brooke,Mcclure,rwilliams@hotmail.com,967286948,"57463 Fleming Loop, Port Mary, SC 04582",Port Randyhaven,Delaware,6/1/2023
CUST4800,Robert,Nelson,edwardsmary@garcia.com,(361)199-3097x3246,"59034 Kelli Village, Mullinsburgh, IN 95976",South Sarahview,Alaska,9/2/2024
CUST4801,Rick,Kelley,ellisnicholas@velez.com,5254162532,"713 Romero Drives, Andrewsville, DC 37491",North Jamesberg,Wisconsin,7/30/2023
CUST4802,Kevin,Villanueva,spencerkara@yahoo.com,+1-030-573-7657x8180,"3013 Cory Estate, Steveview, MA 88584",East Kaitlynstad,Vermont,10/4/2023
CUST4803,Robert,Mann,ashley69@fuller.com,(775)970-7641x2641,"8957 Richardson Terrace Apt. 419, Katrinaburgh, ME 21302",South Stephentown,New Mexico,1/27/2023
CUST4804,Jason,Brooks,kmcdonald@gmail.com,+1-075-534-0188x240,"1797 Amy Locks, South Alexfurt, PA 27004",East Brandon,West Virginia,4/10/2024
CUST4805,Katie,Jimenez,tparker@santos-stout.com,4902531821,"79959 Murray Ferry, Lake Amandastad, MS 35954",Lake Daniel,New Jersey,10/31/2023
CUST4806,Andrew,Hoover,duncanbrian@hotmail.com,(873)312-2338,"7845 Ian Plains, Lake Rhonda, MD 80268",Tammyshire,Nevada,7/15/2023
CUST4807,Amy,Ramirez,zpetersen@yahoo.com,-4316,"5387 Candice Streets, New Williamfurt, WV 86336",Justinville,California,6/22/2022
CUST4808,Laurie,Miranda,johnsonanthony@clark.com,+1-888-697-4955x1844,"734 Mary Drive Apt. 662, Kristashire, TN 04748",Harmonfurt,Alabama,11/19/2023
CUST4809,Michael,Brown,amy85@williams-weeks.com,(819)019-4891x661,"932 Kenneth Trace, Davishaven, DE 37631",West Kevinview,Massachusetts,5/31/2022
CUST4810,Victor,Taylor,reeseangela@yahoo.com,001-970-961-9913x40373,"1903 Robin Camp Suite 422, Johnsonmouth, KY 79768",Martinton,Tennessee,1/23/2025
CUST4811,Sylvia,Brennan,pallen@yahoo.com,001-137-322-2304,"461 Austin Plains, Bridgesshire, KY 85978",Christiantown,Utah,11/5/2022
CUST4812,Amy,Myers,tdillon@gmail.com,001-085-824-0111x53390,"930 Sloan Plaza, Adamsbury, WV 15248",Zacharyberg,Maine,7/9/2022
CUST4813,Matthew,Flynn,vcole@estrada.net,001-287-246-8769x0581,"1553 Morton Trace Apt. 200, West Madelineton, TN 96551",Stevenland,California,5/5/2023
CUST4814,Aaron,Wang,vsmith@thomas.com,+1-664-142-1991x7047,"503 Dawn Points, North Thomasfort, AR 15394",Henrytown,Nebraska,10/8/2024
CUST4815,Shirley,Bailey,aweaver@walter-jenkins.com,+1-035-269-7302x87962,"58716 Michael Union, New Andrew, WV 71088",New Michellebury,Arizona,4/4/2024
CUST4816,Rebecca,Hamilton,robert23@gmail.com,187.016.3004x7282,"80452 Andrew Route, Obrienmouth, GA 84408",Donaldburgh,Oregon,6/2/2022
CUST4817,Laura,Schultz,patriciaroman@gmail.com,741-650-5319,"945 Gary Tunnel Apt. 143, Woodview, AL 70159",Lake Carl,South Carolina,7/14/2022
CUST4818,Mary,Bailey,ebender@yahoo.com,502.031.3809x20477,"55145 Coffey Plains Suite 226, Matthewtown, MD 65174",Buchanantown,New Mexico,11/12/2022
CUST4819,Alan,Gallagher,brockkevin@hotmail.com,(263)873-2862,"08722 Christina Village Apt. 701, Hannahtown, SC 37791",Stewartshire,Wyoming,1/10/2023
CUST4820,Mark,Jackson,catherine46@gmail.com,(681)889-4859,"309 Sarah Alley Apt. 667, West Troyburgh, ND 90959",Charlesville,Montana,7/12/2023
CUST4821,Kimberly,Gillespie,smithedward@ali-benson.com,629.921.9462x44151,"3715 Martinez Landing, Joyceville, CA 82191",Harrisonmouth,South Dakota,7/30/2024
CUST4822,Norma,Thompson,mark40@hunter-hall.com,549.632.7256x9622,"4707 Robert Walk, Gravesview, DC 74429",Novakside,Kentucky,6/25/2022
CUST4823,Gina,Diaz,xjones@gmail.com,(294)774-7810x21015,"PSC 0818, Box 1859, APO AA 17524",Port Ryantown,Idaho,4/18/2023
CUST4824,Megan,Russell,lgriffin@noble.org,-2124,"USNV Ballard, FPO AA 48685",South Scott,Wisconsin,2/22/2025
CUST4825,Rhonda,Lee,melissa33@avila-garcia.com,843-895-8408x336,"Unit 7210 Box 8732, DPO AE 06923",Kathleenfurt,New Hampshire,10/25/2024
CUST4826,Jeff,Pham,matthew71@chan.com,(230)342-9602,"562 Christian Crescent, Lake Courtneyfurt, TN 14680",North Karen,Hawaii,11/20/2023
CUST4827,Charlotte,Ruiz,kelleyhaley@hotmail.com,321.747.9307,"269 Debra Stream Apt. 610, Cummingsport, AZ 34033",West Kimberly,Idaho,7/12/2023
CUST4828,Bryan,Dunn,debradawson@wilson.info,+1-303-450-9705x86632,"2303 Sherman Flats, Whitestad, IL 52377",Port Tamaraton,Wyoming,9/28/2024
CUST4829,Joseph,Frederick,jacquelinebrennan@gmail.com,(892)964-2450x737,"Unit 4973 Box 5406, DPO AE 62972",Port Deborahfort,Louisiana,10/27/2022
CUST4830,Jenna,Curtis,ryan54@fernandez-cooper.com,001-017-526-4634x20764,"61072 Jason Wall Suite 008, West Ryanmouth, MO 67042",Ericfort,Vermont,7/1/2024
CUST4831,Anna,Sanchez,ydavis@gmail.com,001-118-584-8014,"938 Hannah Rest, Edwardbury, FL 17898",Andersonmouth,Delaware,12/22/2023
CUST4832,James,Williams,melissa99@bradley-johnson.com,001-573-077-3316x574,"65929 Schneider Port, Melissashire, VT 44921",East Rachel,Kansas,5/11/2023
CUST4833,Matthew,Jackson,kenneth09@gmail.com,516.003.7204x50745,"8499 Steven Keys, Port Deannaport, MO 88412",South Kevin,Louisiana,9/7/2023
CUST4834,Jason,Henry,yvonne61@hotmail.com,(556)138-7473x495,"252 Matthew Cliffs Apt. 189, Edwardborough, IA 71366",East Jessicaside,Idaho,3/27/2023
CUST4835,Heather,James,jamesbryan@hotmail.com,501-620-2700x89403,"109 Lindsay Throughway, Dixonmouth, ID 38412",Jamesstad,Utah,4/24/2024
CUST4836,Gabriel,Klein,phillipsscott@gmail.com,-3410,"51005 Miller Ways Suite 737, Keithstad, VA 64454",North Meganfurt,West Virginia,7/23/2024
CUST4837,Bryan,Mcfarland,cheryl58@yahoo.com,827.179.5131,"PSC 0720, Box 0654, APO AA 18460",Karashire,Alaska,12/1/2024
CUST4838,Reginald,Williams,nicholas96@gmail.com,-4756,"14180 Lindsey View Apt. 218, South Thomas, AL 05067",Meganville,Montana,3/3/2024
CUST4839,Patricia,Fletcher,audrey54@yahoo.com,(534)004-1332,"PSC 4187, Box 9297, APO AA 98127",Jenniferport,Alaska,12/9/2022
CUST4840,Joel,Bell,wooddonna@gmail.com,001-604-559-9166x2548,"7327 Mitchell Tunnel, Cesarside, MD 52652",East Jeremy,Michigan,2/6/2025
CUST4841,Victoria,Miranda,austinkim@gmail.com,-2568,"Unit 8771 Box 7151, DPO AE 36083",West Jamesburgh,Maine,2/27/2023
CUST4842,Anthony,Sutton,frenchcarlos@hotmail.com,622.403.9424,"58270 Margaret Ridges Suite 111, New Joel, DE 81259",Anitaborough,Kansas,4/30/2024
CUST4843,Ashley,Santiago,ortiztroy@grant.com,+1-136-812-9487x11243,"8747 Goodwin Circle Apt. 202, Kevinfort, KS 80351",North Jamesview,New Hampshire,12/1/2023
CUST4844,Earl,Lewis,carpenterstacey@yahoo.com,841.709.9620,"PSC 7141, Box 0165, APO AP 48192",Lake Melissaside,Utah,6/16/2024
CUST4845,Molly,Roth,donald83@hotmail.com,770.348.2715,"653 Frederick Ports Apt. 421, Harrisontown, LA 35562",Sanchezland,Connecticut,11/6/2022
CUST4846,Natalie,Gregory,brendacalhoun@hall.biz,157-223-9048x2894,"42176 White Vista, Robertfort, ND 26353",North Ashleyland,Oklahoma,1/13/2023
CUST4847,Reginald,Morgan,maryfloyd@gmail.com,001-462-636-6937x28356,"362 Christopher Hill Suite 019, West Davidberg, TX 31489",Kennethview,New Mexico,10/9/2023
CUST4848,Jennifer,Stevenson,joycenelson@mccarthy.org,337-618-9590x0805,"2919 Laura Park, Martinezbury, MT 97879",West Derrickshire,Idaho,10/16/2022
CUST4849,Raymond,Harris,ashleyho@gmail.com,984.769.7704,"5777 Savannah Burg Apt. 329, Lake Deborahton, TN 74712",West Jonathanshire,Tennessee,6/7/2023
CUST4850,Kristin,Lopez,ebradley@morris.com,272.473.4960,"USS Gross, FPO AP 13420",Murraychester,Utah,8/31/2022
CUST4851,Rebecca,Serrano,patelsteven@swanson.com,614-307-6895x777,"58597 Arthur Springs, South Staceyborough, SD 91016",Washingtonton,Vermont,11/21/2022
CUST4852,Laura,Anderson,mholmes@preston-grant.com,017-330-9665x4612,"5110 Luna Underpass, North Craig, RI 13783",Tiffanyberg,West Virginia,8/13/2022
CUST4853,Matthew,Martin,christina76@hotmail.com,-5178,"9527 Jessica Cliffs Apt. 775, Lake Kristy, NH 84393",Port Joshua,Nebraska,9/17/2023
CUST4854,Alicia,Welch,howardkristina@gmail.com,344-538-6178,"7411 Sonya Plains, Bennettborough, HI 52577",Ginashire,Nevada,6/6/2024
CUST4855,Joseph,Freeman,brian11@gmail.com,9543145348,"69157 Reyes Avenue, Olsenport, WY 58902",New Phillip,Virginia,6/27/2022
CUST4856,Sandra,Ortega,brittanylewis@hotmail.com,401.102.7575,"30890 Wilkins Forges Suite 356, Joanhaven, OH 34212",Drakechester,Kansas,3/28/2024
CUST4857,David,Harper,roysims@gmail.com,028-679-9867x4222,"65726 Desiree Ridge Apt. 610, Martinezton, VA 15007",Patelborough,Kansas,12/19/2022
CUST4858,Harry,Cooper,ghenry@carter.com,4261595652,"21341 Rice Avenue Suite 659, Ortiztown, NY 97598",North Kimberly,Utah,9/18/2024
CUST4859,Mary,Thompson,howerobert@yahoo.com,(697)759-8090,"894 Santiago Plains, East Amystad, LA 53962",Alanville,Oregon,10/23/2024
CUST4860,Michelle,Turner,megan71@colon.info,(939)341-9948,"69394 Jones Estates Apt. 813, Port Joseland, MA 46853",South Lisa,Pennsylvania,1/15/2024
CUST4861,Jennifer,Mason,qwhite@schaefer-jones.com,(851)144-3099,"6777 Lee Locks Suite 954, South Robertfurt, IA 85153",West Laura,California,4/12/2024
CUST4862,Garrett,Thompson,funderwood@yahoo.com,(878)994-1013x757,"Unit 5839 Box 4402, DPO AA 05200",West David,North Dakota,6/12/2023
CUST4863,Karen,Roberts,spencer84@hotmail.com,(799)261-9507x6029,"131 Barbara Cliffs Suite 953, Gomezfurt, IA 29250",Lopeztown,North Carolina,5/25/2024
CUST4864,Hannah,Morgan,jameswoodard@shepherd-james.com,(823)212-9159,"543 Jacqueline Trail Suite 082, South Barbara, OK 38622",Lewisfurt,Wyoming,7/11/2024
CUST4865,Tina,Franco,hilldavid@taylor.org,(586)656-7247x58575,"37458 Carl Ports, Port Shawnmouth, LA 06634",Danielstown,Vermont,9/12/2024
CUST4866,Nicole,Chandler,wwells@hotmail.com,(885)129-6040x55260,"00892 Amber Club Apt. 912, East Christopherfurt, MD 30494",South Mark,Alaska,3/2/2023
CUST4867,Leah,Phillips,cohenpatricia@beck.com,(929)033-6478x0273,"85192 West Extensions Apt. 679, South Matthew, MD 88933",East Joseph,Georgia,5/18/2023
CUST4868,Bobby,Chavez,olsonbenjamin@hotmail.com,582-651-8080,"5932 Fernandez Passage, Jamesbury, MD 82815",East Rodney,Utah,9/25/2023
CUST4869,Kyle,Ward,jerrylawrence@hotmail.com,896-782-6972x75456,"281 Wall Fort, Laurenmouth, WV 23208",North Susanbury,South Dakota,4/21/2022
CUST4870,Brittney,Schmidt,bakervanessa@yahoo.com,(068)011-5547x66854,"102 Amanda Key, Brandonberg, TX 13656",North Tara,Indiana,3/18/2024
CUST4871,Sarah,Kerr,timothyvelasquez@mcdonald.com,794-171-8635,"704 Julie Plain, East Leah, MO 87885",Juanton,Wisconsin,3/6/2025
CUST4872,Richard,Higgins,stacy17@lopez-hansen.com,427.526.3761x75730,"318 Leslie Mission, East Travis, KS 73279",North Debra,Indiana,11/16/2022
CUST4873,Matthew,Vargas,lynnwall@baker-elliott.com,(058)821-4038,"9555 Taylor Heights Apt. 253, South Edward, VA 57054",Willisview,Iowa,9/13/2023
CUST4874,Joshua,Newton,chelsea13@gmail.com,724.311.4697x02957,"147 Tate Summit Apt. 613, Tammystad, DC 52194",West Brianfurt,South Dakota,4/30/2022
CUST4875,Jacob,Abbott,lewissamuel@hotmail.com,352.105.5451x7873,"88120 Carrillo Ports Apt. 767, Brookehaven, NJ 35379",Williamsshire,Vermont,1/8/2025
CUST4876,Kyle,Dominguez,ulee@gmail.com,001-063-761-2040x760,"06026 Brady Plaza Apt. 695, Kellyshire, NH 77264",Lisaland,Alabama,6/1/2023
CUST4877,Carmen,Elliott,clarkvirginia@hotmail.com,689-412-8363x7087,"0372 William Throughway Apt. 798, Millerville, IL 10473",Beckland,Missouri,9/23/2022
CUST4878,Robert,Butler,zroberts@gmail.com,933.158.5163x5277,"028 Anderson Flats, Port Sarah, CT 44772",West Anthonyshire,Alabama,4/6/2024
CUST4879,Robert,Watkins,adamgreene@saunders-foster.org,828-717-8048x28801,"87023 Alexander Drive, Lake Michael, ME 10293",Port Eileenhaven,Virginia,9/8/2024
CUST4880,Stephanie,Hale,ehorn@yahoo.com,+1-661-025-4471x3024,"8826 Smith Inlet Apt. 949, Gabrielview, NY 72149",Barberton,South Dakota,11/19/2024
CUST4881,Wesley,Olson,lauren98@hotmail.com,+1-925-395-9190x635,"386 Klein Mill, South William, AZ 86741",Port Denisemouth,Mississippi,11/6/2023
CUST4882,James,Bentley,lowen@yahoo.com,2837741266,"290 Garner Creek Apt. 667, West Darlenetown, WA 62618",East Katherinemouth,Illinois,6/29/2024
CUST4883,Jackson,Li,afields@quinn-winters.info,3650581710,"416 Albert Prairie Apt. 170, Piercechester, MO 16809",New Jamieview,North Dakota,6/16/2023
CUST4884,Cynthia,Harris,ericlee@yahoo.com,(888)018-9226x62823,"49642 Meghan Lock, Port Cynthiahaven, OK 70136",Lake Deborah,South Dakota,1/5/2024
CUST4885,Vanessa,Dawson,michelecastillo@hotmail.com,(819)985-1109x57924,"99806 Baker Creek Apt. 459, Heidiside, AZ 15314",Amandachester,Rhode Island,11/6/2022
CUST4886,Gregory,Stevens,rodriguezphilip@hotmail.com,001-344-568-7551x61458,"91836 Gibson Rest Suite 438, Reeveston, IN 56697",Perezburgh,Pennsylvania,12/2/2022
CUST4887,Nicholas,Levine,nicholebarnes@payne.biz,+1-324-140-2523x90734,"4199 Palmer Trail, Grahamberg, OR 40219",East Cameronmouth,New York,12/10/2022
CUST4888,Stephanie,Barr,williamsalexander@foster.org,001-437-613-2840x76208,"587 Jason Locks Suite 590, Rileyshire, TX 53279",Monicachester,Idaho,2/9/2025
CUST4889,William,Lopez,steven45@gmail.com,(017)955-3331x65979,"2868 Lopez Viaduct Suite 443, Masonberg, AL 99404",Weaverborough,Idaho,1/31/2024
CUST4890,Katrina,Hernandez,oscar62@gmail.com,058.962.2863x13111,"8373 Brock Via Suite 362, Patricktown, KY 57004",Suzanneview,Wisconsin,7/7/2023
CUST4891,James,Davis,keithbrown@davis.com,-10523,"018 Smith Avenue, Jacksonton, ND 98259",Port Kerri,Delaware,1/28/2023
CUST4892,Sean,Pierce,jennifer15@yahoo.com,(658)122-4893x981,"641 Marcus Island Apt. 394, Lake Jacobchester, ID 88605",North Jamestown,Nebraska,10/18/2022
CUST4893,Amy,Smith,marc23@mcdonald.com,(812)249-5107,"012 Hicks Row, Samuelview, OR 22058",South Belinda,Oklahoma,1/1/2023
CUST4894,James,Navarro,grace17@huff.com,(235)188-0946x620,"Unit 3144 Box 0313, DPO AE 28308",Jenniferton,North Carolina,2/15/2024
CUST4895,Noah,Campbell,ryanbrooks@gmail.com,814-602-1418,"908 Julian Plain Suite 035, Lake Josephmouth, NE 90633",East David,South Dakota,8/1/2024
CUST4896,Jason,Reynolds,owenjennifer@brown-davis.com,(313)172-6305x8261,"715 White Throughway, Port Keithfort, IA 81595",East Michael,Wisconsin,8/19/2023
CUST4897,Shelly,Daugherty,nburns@wong-pennington.com,-4209,"6057 Woods Wall, West Joshua, RI 96572",New Tamarafurt,Oklahoma,10/10/2023
CUST4898,Kimberly,Patterson,greendanielle@clark-turner.biz,001-223-792-1033x026,"5232 Juan Orchard, Port Sarahbury, AZ 09422",North Joshua,Illinois,3/16/2025
CUST4899,Leah,Arellano,velazquezkelsey@hotmail.com,001-729-187-2027,"8227 Woodward Club, Juliestad, VA 94851",Lake Anthony,Ohio,3/9/2024
CUST4900,Michael,Washington,cookjamie@yahoo.com,607-155-4235,"844 Bryan Plaza Apt. 813, Nancyfort, GA 21991",North David,Kansas,7/27/2022
CUST4901,Christopher,Kelly,amy77@hotmail.com,(455)568-0267,"59486 Michael Lodge, New Melissaview, VA 63782",Michelleshire,Ohio,10/4/2024
CUST4902,Evan,Lawson,yvettesalazar@patrick-hall.net,542-553-5801,"3988 Hill Club, North Matthew, TX 48400",Port Mauriceport,Massachusetts,2/19/2024
CUST4903,Ross,Salinas,coxamanda@wolf-quinn.com,(380)979-9291x1126,"242 Dwayne Cape, Jessicafurt, MA 97647",Bethanyburgh,Idaho,3/6/2023
CUST4904,Brandon,Hammond,sandrastewart@hotmail.com,940-241-4789x828,"76065 Norman Underpass, Jonesstad, VT 92771",South Sara,Pennsylvania,10/28/2022
CUST4905,Matthew,Leach,obooker@hotmail.com,001-259-503-2099x4094,"536 Carlson Turnpike, Kaitlynside, CT 37330",Port Michael,Maine,7/28/2024
CUST4906,Roy,Dyer,russell60@livingston.net,811.906.7257,"874 Goodman Burgs Suite 136, North Emma, IL 20218",South Annechester,Virginia,3/22/2024
CUST4907,David,Bryan,sara53@gmail.com,217.550.5270x7893,"Unit 2254 Box 3678, DPO AA 41968",North Thomas,Utah,7/22/2022
CUST4908,Sarah,Evans,wreyes@gonzalez.com,366.223.5057x5714,"644 Robert Drive, Lisaside, VT 40221",Barryview,Michigan,10/14/2023
CUST4909,Kenneth,Schneider,christinaperez@yahoo.com,835-973-7986x836,"PSC 9518, Box 4589, APO AA 24416",Lake James,Michigan,5/9/2023
CUST4910,Willie,Anderson,amandabradley@yahoo.com,669-397-5050x46787,"055 Lowery Fork, Ericchester, MI 31316",West Jessica,North Dakota,5/10/2024
CUST4911,Lisa,Lawson,barbaragordon@hotmail.com,001-431-165-6389x3961,"920 Fred Trafficway Suite 676, North Tina, KY 81612",Smithmouth,Alaska,4/8/2025
CUST4912,Gerald,Lewis,alejandro80@golden.com,148-468-5890,"81295 Fox Ports, Bradymouth, WY 60578",Ronaldberg,Wyoming,3/1/2023
CUST4913,Suzanne,Frank,swansonnicole@yahoo.com,001-052-048-6487,"3376 Cooper Row, Port David, MT 06557",New Dorothyfort,Maryland,11/24/2022
CUST4914,Bruce,Garcia,frederick10@hotmail.com,411.221.7775x0976,"002 Monica Shoal Apt. 056, East Lauraland, NE 46705",Angelafurt,Florida,12/25/2023
CUST4915,Barbara,Krueger,jbenton@hotmail.com,352.462.9629,"USNS Robinson, FPO AA 17957",East Sabrina,Montana,4/5/2025
CUST4916,Jessica,Smith,keith18@davis.org,+1-802-891-5274x185,"4399 William Spurs Suite 778, Evansberg, TN 69151",North Emilyville,Alaska,8/10/2023
CUST4917,Bradley,Norman,tim69@cardenas.info,+1-289-959-0451x611,"8923 Cheryl Prairie Suite 670, East Christopher, CO 74336",Boothton,New Jersey,10/3/2022
CUST4918,Maria,Baker,charlesfigueroa@yahoo.com,001-487-897-2823x79863,"57486 Alexis Lodge Apt. 816, West Shawnborough, IL 93145",East Jamie,Kentucky,6/11/2022
CUST4919,Sabrina,Sims,dmorgan@yahoo.com,7210802932,"4866 Lewis Trace, Diazton, OH 40527",Burnsberg,North Dakota,6/21/2023
CUST4920,Lisa,Smith,robinsonjustin@graham.com,339.459.7038x3920,"9589 Joseph Gardens, Michaeltown, PA 03424",New Christopherfort,North Dakota,6/17/2023
CUST4921,Peter,Russell,coxteresa@walker.com,(437)736-8357x8869,"61112 Allen Knoll Suite 146, West Jessicaton, FL 77709",North Ericmouth,Louisiana,11/12/2023
CUST4922,Matthew,Hendrix,lynntaylor@yahoo.com,001-164-494-0168x13097,"16601 Johnson Terrace Apt. 463, Simpsonburgh, NY 49206",Stonehaven,Wyoming,12/14/2024
CUST4923,Veronica,Smith,jillwilliams@gmail.com,613-589-9755,"1790 Andrew Extension Suite 339, Timothyshire, WV 15326",Jessicachester,Massachusetts,8/22/2022
CUST4924,Erica,Adams,xjohnson@gmail.com,475-463-1120x77168,"7003 Andrew Lane Suite 076, North Aaron, VT 87158",Mccartyville,Alabama,1/3/2024
CUST4925,Maria,Harris,leederek@gmail.com,663-724-4843,"USCGC Reed, FPO AE 65972",Matthewstad,Kansas,9/14/2023
CUST4926,Brandon,Lane,maysheather@yahoo.com,3213383019,"22123 Jenkins Forest, New Tylerport, KY 70700",Potterview,Arizona,10/6/2023
CUST4927,John,Sanchez,csolis@yahoo.com,097-683-2736x58838,"170 Dyer Plains Apt. 869, Crystalfort, PA 80113",Tinafurt,Montana,6/10/2023
CUST4928,John,Fox,jeffreysanders@gmail.com,289.148.5879x09515,"PSC 5412, Box 9068, APO AE 51396",Chavezshire,Texas,3/8/2024
CUST4929,Allison,Kelly,charlesyork@hart.com,(477)831-5805x199,"09921 Kristina Wall Suite 321, Gregoryville, AK 82266",Christopherland,California,1/20/2023
CUST4930,Rachel,Payne,karina37@hotmail.com,(528)918-0739,"712 Bethany Islands, Juanville, CT 26485",Matabury,Michigan,12/9/2022
CUST4931,Jason,Mills,meredithyoung@gray.info,3930999256,"USCGC Decker, FPO AE 28350",Lake Lauraview,Alaska,7/28/2022
CUST4932,Jacqueline,Bautista,shanemiller@taylor-castillo.com,452-111-2117x9847,"661 Bishop Ridge, Jenniferburgh, SC 94149",Port Kathy,Hawaii,8/29/2022
CUST4933,Robert,Bryant,gregory99@wise-butler.com,597-436-0050,"4405 Johnny Courts, West Edwardton, HI 60019",Susanfurt,Michigan,11/24/2024
CUST4934,Carla,Jensen,brooke68@woods.com,001-323-150-6142x937,"005 Elizabeth Ville, North Derek, NJ 69524",Lake Sherichester,Kansas,3/9/2025
CUST4935,Zachary,Michael,qking@morrow.com,(677)223-9446,"2625 Murray Row Suite 316, North Tammy, NM 02718",North Krista,California,5/25/2024
CUST4936,Stacy,Daniels,xhahn@kane.biz,(164)237-8354,"752 David Mill Apt. 420, North Haleyberg, MA 50627",East Kelly,Idaho,11/4/2023
CUST4937,Kevin,Riley,colemanantonio@yahoo.com,(986)136-3186x11768,"1867 Manning Points, Levymouth, WI 82301",Port Thomas,New Hampshire,9/18/2024
CUST4938,Aaron,Santos,thomasnunez@gmail.com,+1-619-549-0402x811,"01015 Jones Crossroad Apt. 847, Kennedyberg, MS 90298",East Debra,Montana,5/11/2024
CUST4939,Daniel,Hawkins,harrismichael@castillo-hernandez.biz,001-977-238-9625x945,"9858 James Via, Lake Chloestad, NH 95179",West Evan,Maryland,7/31/2024
CUST4940,Kari,Smith,matthewmorgan@yahoo.com,7752757863,"Unit 4226 Box 0345, DPO AP 03546",Lake Aliciaside,New Mexico,2/1/2025
CUST4941,Joseph,Sweeney,brandonhenderson@hotmail.com,140-681-9772x8144,"USS Lin, FPO AA 96834",Hardinton,Florida,9/19/2022
CUST4942,Eric,Warner,mwalker@hotmail.com,5384772008,"86885 Susan Ways, Lake Allison, CO 98394",Johnsonstad,Maine,12/7/2022
CUST4943,Yesenia,Aguilar,xpeck@yahoo.com,7023603435,"99876 Rivas Forest Suite 425, Markstad, TX 99889",Turnerside,Kentucky,7/15/2023
CUST4944,Rebecca,Brown,cochranjose@yahoo.com,825-396-5172,"0973 Erin Corners, Port Johnstad, HI 83949",Nicoleborough,Delaware,8/5/2024
CUST4945,James,Kaiser,josephkathy@morgan.biz,144-946-6018x3298,"342 Michael Fort Suite 263, Rubioport, OR 72226",Ashleeton,Ohio,12/2/2023
CUST4946,Samantha,Campbell,mullinstodd@chapman.org,813-351-8011x0266,"1955 Levy Walk Suite 242, Lake Christopherfurt, NC 67102",Kimberlyland,Washington,10/5/2023
CUST4947,Jackson,Morrow,curtismary@gmail.com,744.253.3384,"679 Amanda Stream, Lake Toddburgh, PA 49511",Patriciaport,Missouri,4/2/2023
CUST4948,Sherri,Allison,billy15@gmail.com,189-974-1964x556,"0479 Munoz Summit Apt. 829, West Heather, IA 39263",South Christopher,Mississippi,8/2/2022
CUST4949,Gary,Watson,michealboyd@yahoo.com,001-227-317-5186,"71449 Kevin Vista, West Laurenborough, CA 56103",North April,Nevada,8/21/2023
CUST4950,Candace,Powell,robert07@gmail.com,8376745217,"656 Rogers Ranch, Hartfurt, WY 06522",Rodriguezton,Florida,3/22/2025
CUST4951,Nicholas,Lara,ljones@white.com,846-984-7294,"USNV Bruce, FPO AE 63356",South Tracyland,Mississippi,5/15/2024
CUST4952,Stacey,Wells,reedlacey@allen.info,754.415.7316,"0295 Jeffrey Inlet, Ramirezstad, LA 56844",New Christinafort,Missouri,1/14/2024
CUST4953,Matthew,Goodman,tsullivan@reyes.com,357.219.2251,"8752 Steven Fort, Armstronghaven, CA 36510",East Melissa,Texas,2/25/2025
CUST4954,Robin,Mahoney,tyler17@yahoo.com,081-509-2758x8858,"PSC 4453, Box 5637, APO AP 09452",Thorntonfurt,Idaho,10/4/2023
CUST4955,Michael,Bauer,kimberlyblack@murphy-webster.com,8649096103,"USCGC King, FPO AA 01025",Michaelfurt,California,3/7/2024
CUST4956,Angela,Wright,johnwright@hotmail.com,419.983.8239,"41630 Elizabeth Landing, East Nicoleport, SC 94527",New Daniel,New Mexico,1/6/2025
CUST4957,Michael,Reynolds,christopher25@ortiz.net,820.298.2013,"026 Rose Loop Apt. 016, Howellton, AL 73866",Dakotachester,Arizona,5/20/2024
CUST4958,Jesse,Miller,alexander29@gmail.com,597-732-1897x77502,"764 Brittany Route, Simmonsville, TN 48987",Port Davidland,South Dakota,3/20/2024
CUST4959,Maureen,Weaver,christine65@nguyen.com,6234206586,"220 Moore Run, Jenkinsport, ND 71956",Port Theresaport,Delaware,1/31/2024
CUST4960,Amanda,Ramirez,marcfisher@gmail.com,(170)916-2827x6980,"2295 Smith Hollow Apt. 307, West Mary, WA 32176",Rodriguezfort,Colorado,11/6/2024
CUST4961,Jennifer,Cobb,nicole77@sandoval-everett.biz,5551190189,"86964 Martinez Plaza Suite 768, Sharonstad, CT 16894",East Travisview,New Jersey,8/13/2023
CUST4962,Julie,Walters,baguilar@gmail.com,937.560.3150,"22599 Fleming Cape, Port Craig, NJ 06529",Salazarville,Nevada,1/2/2024
CUST4963,Steven,Combs,adamcoleman@french.net,178-927-2946x61408,"04152 Michael Lake, East Pamelafort, NV 42357",Port Candace,Ohio,11/27/2024
CUST4964,Jeffrey,Miles,weaverjulia@baker.com,001-542-247-6581,"5895 Leonard Road, Lake Kristin, AK 16978",Jonesmouth,Ohio,9/16/2024
CUST4965,Roberto,Moore,louisroberts@cobb.com,046.040.1814x3696,"4099 Fox Unions Suite 185, Nathanbury, WY 52191",Barbaraview,Tennessee,12/29/2023
CUST4966,Joshua,Lester,emily61@hotmail.com,(431)762-1802x973,"368 Green Crossroad, New Travis, IL 30347",Steinshire,Pennsylvania,3/3/2024
CUST4967,Timothy,Ward,fjohnston@perkins-malone.biz,551.226.7233x6782,"23653 Lewis Ports, Loriport, AK 02858",New Brentmouth,Rhode Island,9/29/2023
CUST4968,Lauren,Burnett,kristinalopez@hotmail.com,(897)633-0587x258,"5466 Jeremy Views, South Cynthiahaven, LA 10199",Port Jennifertown,Arizona,7/8/2022
CUST4969,Glen,Smith,kathleen66@cole-simmons.com,001-271-786-7850x35758,"51219 Ronald Mount Apt. 803, Hendersonhaven, WV 96390",Rodriguezmouth,Arizona,10/28/2023
CUST4970,Brian,Gray,acook@curtis.com,(880)887-6209x948,"8533 Lee Cliffs Suite 707, Cookchester, FL 81397",Arthurshire,Mississippi,5/22/2024
CUST4971,Robin,Coleman,lindseystephens@hotmail.com,439-704-7886x27477,"99156 West Freeway Apt. 162, Andrewton, WI 91987",Flemingburgh,Delaware,8/3/2023
CUST4972,Brent,Sparks,jharris@cannon.biz,001-730-088-3265x44135,"10569 Evans Dale, Port Johnshire, DC 35175",North Roseton,Oklahoma,5/28/2022
CUST4973,Jonathan,Sanders,leerebekah@hotmail.com,-4012,"13653 Michael Port, West Maryton, DC 04250",Lake Robert,Nevada,6/5/2023
CUST4974,Jason,Barnes,bakerkyle@yahoo.com,127.811.3836x75545,"38653 Stephanie Haven, South Deanna, MT 51787",Aaronbury,Minnesota,6/13/2024
CUST4975,Daniel,Herrera,tlewis@yahoo.com,-6682,"76760 Brittany Lodge, Johnsonview, WV 21267",Greenville,Pennsylvania,10/16/2022
CUST4976,John,Sullivan,eric92@king.com,954.839.8759x5594,"38829 Lozano Glen Suite 380, Port Katherine, NY 17973",West Charlesport,Montana,12/30/2024
CUST4977,Samantha,Buck,brittanyfreeman@yahoo.com,001-252-186-0589,"8660 Amy Walks, Meyerston, VT 39823",Adamsfurt,Utah,9/16/2022
CUST4978,Gabriela,Nelson,susanchavez@mccullough-velez.biz,274-211-0184,"507 Moreno Station, Stevenshire, FL 36819",Seanport,Utah,8/25/2022
CUST4979,Joseph,Murphy,nunezchristina@tucker.com,(201)852-0000x75282,"8471 Jennifer Pine Suite 067, New Tammyton, CO 12970",Juanport,Wyoming,6/23/2024
CUST4980,Donna,Pugh,osmith@morgan.com,-5332,"78334 Thompson Hills Apt. 011, Port Patricia, NC 26900",West Katiebury,Kansas,6/10/2024
CUST4981,Yvette,Bullock,xjones@horton.com,+1-442-431-6866x88321,"4249 Butler Curve Suite 528, Jonesshire, MN 88268",New Edwardborough,New York,7/25/2023
CUST4982,Meghan,Jackson,timothymckee@rice.biz,-7126,"36915 Nicholas Causeway, Port Mollyhaven, VT 43524",North Taramouth,Hawaii,10/14/2024
CUST4983,Jason,Young,laurentaylor@alexander.biz,(328)607-3805x22898,"92752 Mary Springs, Lake Hollychester, MD 55327",Erinfurt,Iowa,9/30/2024
CUST4984,Michele,Carroll,rtucker@miller.com,+1-290-328-5229x196,"1764 Andrew Row, Evanmouth, RI 21057",Jonathanland,Tennessee,7/19/2024
CUST4985,Angela,Miller,bautistaelaine@hotmail.com,(442)977-6130x593,"03042 Bruce River Apt. 451, New Ryan, MN 67327",Lake Nicholas,Ohio,8/31/2024
CUST4986,Jean,Lawrence,colonlisa@yahoo.com,607-194-1405x30051,"653 Jose Lock, Smithbury, MD 08051",Hollandburgh,Michigan,7/26/2024
CUST4987,Jason,Singh,alfred69@bishop.com,558.868.1103,"89802 David Causeway, Juliaborough, OR 33128",Ambershire,New York,8/19/2024
CUST4988,Mary,Thomas,zhouse@rowland-woods.com,+1-201-203-8054x534,"1842 Gerald Ridges Suite 147, Chandlerfort, CO 38001",Hooverburgh,Illinois,12/25/2024
CUST4989,Larry,Glass,reynoldsjeffrey@yahoo.com,+1-709-046-9096x745,"113 Monica Stravenue, Haleshire, AL 44711",Rachelshire,Mississippi,8/4/2022
CUST4990,Michael,Johnson,benjaminadams@berg.com,(485)834-6706,"3926 Anne Falls Apt. 626, East Leslieton, OK 45378",New Bonnie,Minnesota,5/3/2024
CUST4991,Timothy,Schultz,phillipyoung@gmail.com,(709)460-3363x61215,"918 Smith Heights, West Evanberg, FL 80531",Caseland,New Mexico,11/13/2022
CUST4992,Rita,Rodriguez,ortizjeremiah@yahoo.com,870-455-8204x792,"8506 Buckley Stream Suite 693, West Adrianton, WA 32639",East Joel,Rhode Island,6/10/2022
CUST4993,Henry,Olson,michaelmitchell@gmail.com,9717500107,"78995 Laura Shore Suite 182, Robertsfurt, NM 93845",Port Elizabethhaven,Connecticut,4/25/2024
CUST4994,Dennis,Williams,kathysmith@johnson.com,901.945.8073x110,"113 Melanie Glens, Shafferborough, IA 90353",Kimberlyshire,Colorado,10/21/2022
CUST4995,Katrina,Cox,nathansmith@gmail.com,350-175-1558x153,"66028 Cooke Fall Apt. 959, North Annaside, WV 20951",North Matthewmouth,Delaware,1/26/2025
CUST4996,Suzanne,Miller,ricardo54@garcia-solis.com,904-555-0310x39460,"14852 Smith Lock, Williamsmouth, PA 50506",Port Teresafurt,Texas,3/3/2024
CUST4997,Jerry,Wilson,aliciaburns@smith.com,042.280.3890x91589,"3114 Mark Burgs, East Laurentown, TX 88684",Markberg,West Virginia,5/31/2023
CUST4998,Dylan,Kelley,scott39@hotmail.com,991-305-9306,"46711 Taylor Land, North Brianshire, OK 61270",Mackenzieport,Rhode Island,10/17/2023
CUST4999,Maria,Delacruz,iodom@miller.info,(801)206-4439,"00684 Michele Square, North Christina, GA 15846",Christopherborough,Rhode Island,6/20/2022
CUST5000,David,Thomas,devans@robertson.org,+1-464-448-0476x21003,"38267 Wilson Trafficway, Michelemouth, VA 58249",Raymouth,Tennessee,8/27/2022
